id,field_61,field_61_raw,field_67,field_67_raw,field_62,field_62_raw,field_149_raw,field_149,field_150_raw,field_150,field_63_raw,field_63,field_66,field_66_raw,field_68_raw,field_68,field_69,field_69_raw,field_70,field_70_raw,field_145_raw,field_145,field_146_raw,field_146,field_147_raw,field_147,field_148_raw,field_148,field_64,field_64_raw,field_151,field_151_raw,field_152,field_152_raw,field_139_raw,field_139,field_137_raw,field_137,field_138,field_138_raw,field_153_raw,field_153,field_154,field_154_raw,field_155,field_155_raw,field_156,field_156_raw,field_157_raw,field_157,field_158,field_158_raw,field_159_raw,field_159,field_160_raw,field_160,field_161_raw,field_161,field_162,field_162_raw,field_173,field_173_raw,field_175,field_175_raw
695287b2afc3e1940b044c92,"<span class=""692e7261392bfc02f0730548"" data-kn=""connection-value"">FMA 蝎式软壳快拔旦夹套5.56/7.62\9mm旦匣包 军迷射击MOLLE包-淘宝网</span>","[{'id': '692e7261392bfc02f0730548', 'identifier': 'FMA 蝎式软壳快拔旦夹套5.56/7.62\\9mm旦匣包 军迷射击MOLLE包-淘宝网'}]",Active,Active,Black / Small,Black / Small,,,,,,,Yes,True,,,12/29/2025 08:52,"{'date': '12/29/2025', 'date_formatted': '12/29/2025', 'hours': '08', 'minutes': '52', 'am_pm': 'AM', 'unix_timestamp': 1766998320000, 'iso_timestamp': '2025-12-29T08:52:00.000Z', 'timestamp': '12/29/2025 08:52 am', 'time': 532, 'time_formatted': '08:52', 'proper_unix_timestamp': 1767016320000, 'proper_iso_timestamp': '2025-12-29T13:52:00.000Z'}",12/29/2025 08:52,"{'date': '12/29/2025', 'date_formatted': '12/29/2025', 'hours': '08', 'minutes': '52', 'am_pm': 'AM', 'unix_timestamp': 1766998320000, 'iso_timestamp': '2025-12-29T08:52:00.000Z', 'timestamp': '12/29/2025 08:52 am', 'time': 532, 'time_formatted': '08:52', 'proper_unix_timestamp': 1767016320000, 'proper_iso_timestamp': '2025-12-29T13:52:00.000Z'}",,,,,,,,,28,28,$30.00,30,No,False,,,,,17.99,17.99,,,28.70,28.7,11.90,11.9,No,False,,,Yes,True,,,,,,,$30.00,30,$11.02,11.02,No,False
695287b197f46fbba4135ed2,"<span class=""692e7261392bfc02f0730548"" data-kn=""connection-value"">FMA 蝎式软壳快拔旦夹套5.56/7.62\9mm旦匣包 军迷射击MOLLE包-淘宝网</span>","[{'id': '692e7261392bfc02f0730548', 'identifier': 'FMA 蝎式软壳快拔旦夹套5.56/7.62\\9mm旦匣包 军迷射击MOLLE包-淘宝网'}]",Active,Active,Black / Large,Black / Large,,,,,,,Yes,True,,,12/29/2025 08:52,"{'date': '12/29/2025', 'date_formatted': '12/29/2025', 'hours': '08', 'minutes': '52', 'am_pm': 'AM', 'unix_timestamp': 1766998320000, 'iso_timestamp': '2025-12-29T08:52:00.000Z', 'timestamp': '12/29/2025 08:52 am', 'time': 532, 'time_formatted': '08:52', 'proper_unix_timestamp': 1767016320000, 'proper_iso_timestamp': '2025-12-29T13:52:00.000Z'}",12/29/2025 08:52,"{'date': '12/29/2025', 'date_formatted': '12/29/2025', 'hours': '08', 'minutes': '52', 'am_pm': 'AM', 'unix_timestamp': 1766998320000, 'iso_timestamp': '2025-12-29T08:52:00.000Z', 'timestamp': '12/29/2025 08:52 am', 'time': 532, 'time_formatted': '08:52', 'proper_unix_timestamp': 1767016320000, 'proper_iso_timestamp': '2025-12-29T13:52:00.000Z'}",,,,,,,,,31,31,$30.00,30,No,False,,,,,18.99,18.99,,,29.00,29,12.20,12.2,No,False,,,Yes,True,,,,,,,$30.00,30,$11.59,11.59,No,False
695287b197f46fbba4135772,"<span class=""692e7261392bfc02f0730548"" data-kn=""connection-value"">FMA 蝎式软壳快拔旦夹套5.56/7.62\9mm旦匣包 军迷射击MOLLE包-淘宝网</span>","[{'id': '692e7261392bfc02f0730548', 'identifier': 'FMA 蝎式软壳快拔旦夹套5.56/7.62\\9mm旦匣包 军迷射击MOLLE包-淘宝网'}]",Active,Active,Tan / Short,Tan / Short,,,,,,,Yes,True,,,12/29/2025 08:52,"{'date': '12/29/2025', 'date_formatted': '12/29/2025', 'hours': '08', 'minutes': '52', 'am_pm': 'AM', 'unix_timestamp': 1766998320000, 'iso_timestamp': '2025-12-29T08:52:00.000Z', 'timestamp': '12/29/2025 08:52 am', 'time': 532, 'time_formatted': '08:52', 'proper_unix_timestamp': 1767016320000, 'proper_iso_timestamp': '2025-12-29T13:52:00.000Z'}",12/29/2025 08:52,"{'date': '12/29/2025', 'date_formatted': '12/29/2025', 'hours': '08', 'minutes': '52', 'am_pm': 'AM', 'unix_timestamp': 1766998320000, 'iso_timestamp': '2025-12-29T08:52:00.000Z', 'timestamp': '12/29/2025 08:52 am', 'time': 532, 'time_formatted': '08:52', 'proper_unix_timestamp': 1767016320000, 'proper_iso_timestamp': '2025-12-29T13:52:00.000Z'}",,,,,,,,,28,28,$30.00,30,No,False,,,,,17.99,17.99,,,28.70,28.7,11.90,11.9,No,False,,,Yes,True,,,,,,,$30.00,30,$11.02,11.02,No,False
695287b0c05a2a4a981695fa,"<span class=""692e7261392bfc02f0730548"" data-kn=""connection-value"">FMA 蝎式软壳快拔旦夹套5.56/7.62\9mm旦匣包 军迷射击MOLLE包-淘宝网</span>","[{'id': '692e7261392bfc02f0730548', 'identifier': 'FMA 蝎式软壳快拔旦夹套5.56/7.62\\9mm旦匣包 军迷射击MOLLE包-淘宝网'}]",Active,Active,Tan / Small,Tan / Small,,,,,,,Yes,True,,,12/29/2025 08:52,"{'date': '12/29/2025', 'date_formatted': '12/29/2025', 'hours': '08', 'minutes': '52', 'am_pm': 'AM', 'unix_timestamp': 1766998320000, 'iso_timestamp': '2025-12-29T08:52:00.000Z', 'timestamp': '12/29/2025 08:52 am', 'time': 532, 'time_formatted': '08:52', 'proper_unix_timestamp': 1767016320000, 'proper_iso_timestamp': '2025-12-29T13:52:00.000Z'}",12/29/2025 08:52,"{'date': '12/29/2025', 'date_formatted': '12/29/2025', 'hours': '08', 'minutes': '52', 'am_pm': 'AM', 'unix_timestamp': 1766998320000, 'iso_timestamp': '2025-12-29T08:52:00.000Z', 'timestamp': '12/29/2025 08:52 am', 'time': 532, 'time_formatted': '08:52', 'proper_unix_timestamp': 1767016320000, 'proper_iso_timestamp': '2025-12-29T13:52:00.000Z'}",,,,,,,,,28,28,$30.00,30,No,False,,,,,17.99,17.99,,,28.70,28.7,11.90,11.9,No,False,,,Yes,True,,,,,,,$30.00,30,$11.02,11.02,No,False
695287b0afc3e1940b043df8,"<span class=""692e7261392bfc02f0730548"" data-kn=""connection-value"">FMA 蝎式软壳快拔旦夹套5.56/7.62\9mm旦匣包 军迷射击MOLLE包-淘宝网</span>","[{'id': '692e7261392bfc02f0730548', 'identifier': 'FMA 蝎式软壳快拔旦夹套5.56/7.62\\9mm旦匣包 军迷射击MOLLE包-淘宝网'}]",Active,Active,Tan / Large,Tan / Large,,,,,,,Yes,True,,,12/29/2025 08:52,"{'date': '12/29/2025', 'date_formatted': '12/29/2025', 'hours': '08', 'minutes': '52', 'am_pm': 'AM', 'unix_timestamp': 1766998320000, 'iso_timestamp': '2025-12-29T08:52:00.000Z', 'timestamp': '12/29/2025 08:52 am', 'time': 532, 'time_formatted': '08:52', 'proper_unix_timestamp': 1767016320000, 'proper_iso_timestamp': '2025-12-29T13:52:00.000Z'}",12/29/2025 08:52,"{'date': '12/29/2025', 'date_formatted': '12/29/2025', 'hours': '08', 'minutes': '52', 'am_pm': 'AM', 'unix_timestamp': 1766998320000, 'iso_timestamp': '2025-12-29T08:52:00.000Z', 'timestamp': '12/29/2025 08:52 am', 'time': 532, 'time_formatted': '08:52', 'proper_unix_timestamp': 1767016320000, 'proper_iso_timestamp': '2025-12-29T13:52:00.000Z'}",,,,,,,,,31,31,$30.00,30,No,False,,,,,18.99,18.99,,,29.00,29,12.20,12.2,No,False,,,Yes,True,,,,,,,$30.00,30,$11.59,11.59,No,False
695287afc05a2a4a98167dd7,"<span class=""692e7261392bfc02f0730548"" data-kn=""connection-value"">FMA 蝎式软壳快拔旦夹套5.56/7.62\9mm旦匣包 军迷射击MOLLE包-淘宝网</span>","[{'id': '692e7261392bfc02f0730548', 'identifier': 'FMA 蝎式软壳快拔旦夹套5.56/7.62\\9mm旦匣包 军迷射击MOLLE包-淘宝网'}]",Active,Active,OD Green / Short,OD Green / Short,,,,,,,Yes,True,,,12/29/2025 08:52,"{'date': '12/29/2025', 'date_formatted': '12/29/2025', 'hours': '08', 'minutes': '52', 'am_pm': 'AM', 'unix_timestamp': 1766998320000, 'iso_timestamp': '2025-12-29T08:52:00.000Z', 'timestamp': '12/29/2025 08:52 am', 'time': 532, 'time_formatted': '08:52', 'proper_unix_timestamp': 1767016320000, 'proper_iso_timestamp': '2025-12-29T13:52:00.000Z'}",12/29/2025 08:52,"{'date': '12/29/2025', 'date_formatted': '12/29/2025', 'hours': '08', 'minutes': '52', 'am_pm': 'AM', 'unix_timestamp': 1766998320000, 'iso_timestamp': '2025-12-29T08:52:00.000Z', 'timestamp': '12/29/2025 08:52 am', 'time': 532, 'time_formatted': '08:52', 'proper_unix_timestamp': 1767016320000, 'proper_iso_timestamp': '2025-12-29T13:52:00.000Z'}",,,,,,,,,28,28,$30.00,30,No,False,,,,,17.99,17.99,,,28.70,28.7,11.90,11.9,No,False,,,Yes,True,,,,,,,$30.00,30,$11.02,11.02,No,False
695287af6619955c1479ec76,"<span class=""692e7261392bfc02f0730548"" data-kn=""connection-value"">FMA 蝎式软壳快拔旦夹套5.56/7.62\9mm旦匣包 军迷射击MOLLE包-淘宝网</span>","[{'id': '692e7261392bfc02f0730548', 'identifier': 'FMA 蝎式软壳快拔旦夹套5.56/7.62\\9mm旦匣包 军迷射击MOLLE包-淘宝网'}]",Active,Active,OD Green / Small,OD Green / Small,,,,,,,Yes,True,,,12/29/2025 08:52,"{'date': '12/29/2025', 'date_formatted': '12/29/2025', 'hours': '08', 'minutes': '52', 'am_pm': 'AM', 'unix_timestamp': 1766998320000, 'iso_timestamp': '2025-12-29T08:52:00.000Z', 'timestamp': '12/29/2025 08:52 am', 'time': 532, 'time_formatted': '08:52', 'proper_unix_timestamp': 1767016320000, 'proper_iso_timestamp': '2025-12-29T13:52:00.000Z'}",12/29/2025 08:52,"{'date': '12/29/2025', 'date_formatted': '12/29/2025', 'hours': '08', 'minutes': '52', 'am_pm': 'AM', 'unix_timestamp': 1766998320000, 'iso_timestamp': '2025-12-29T08:52:00.000Z', 'timestamp': '12/29/2025 08:52 am', 'time': 532, 'time_formatted': '08:52', 'proper_unix_timestamp': 1767016320000, 'proper_iso_timestamp': '2025-12-29T13:52:00.000Z'}",,,,,,,,,28,28,$30.00,30,No,False,,,,,17.99,17.99,,,28.70,28.7,11.90,11.9,No,False,,,Yes,True,,,,,,,$30.00,30,$11.02,11.02,No,False
695287ae8e2a1900c610e3b1,"<span class=""692e7261392bfc02f0730548"" data-kn=""connection-value"">FMA 蝎式软壳快拔旦夹套5.56/7.62\9mm旦匣包 军迷射击MOLLE包-淘宝网</span>","[{'id': '692e7261392bfc02f0730548', 'identifier': 'FMA 蝎式软壳快拔旦夹套5.56/7.62\\9mm旦匣包 军迷射击MOLLE包-淘宝网'}]",Active,Active,OD Green / Large,OD Green / Large,,,,,,,Yes,True,,,12/29/2025 08:52,"{'date': '12/29/2025', 'date_formatted': '12/29/2025', 'hours': '08', 'minutes': '52', 'am_pm': 'AM', 'unix_timestamp': 1766998320000, 'iso_timestamp': '2025-12-29T08:52:00.000Z', 'timestamp': '12/29/2025 08:52 am', 'time': 532, 'time_formatted': '08:52', 'proper_unix_timestamp': 1767016320000, 'proper_iso_timestamp': '2025-12-29T13:52:00.000Z'}",12/29/2025 08:52,"{'date': '12/29/2025', 'date_formatted': '12/29/2025', 'hours': '08', 'minutes': '52', 'am_pm': 'AM', 'unix_timestamp': 1766998320000, 'iso_timestamp': '2025-12-29T08:52:00.000Z', 'timestamp': '12/29/2025 08:52 am', 'time': 532, 'time_formatted': '08:52', 'proper_unix_timestamp': 1767016320000, 'proper_iso_timestamp': '2025-12-29T13:52:00.000Z'}",,,,,,,,,31,31,$30.00,30,No,False,,,,,18.99,18.99,,,29.00,29,12.20,12.2,No,False,,,Yes,True,,,,,,,$30.00,30,$11.59,11.59,No,False
695287acc05a2a4a9815fd65,"<span class=""692e725c7e25f4f438f430e8"" data-kn=""connection-value"">七彩喷火夜光消荧光玩具喷火战术夜光激发装置软弹感应器影视装备-淘宝网</span>","[{'id': '692e725c7e25f4f438f430e8', 'identifier': '七彩喷火夜光消荧光玩具喷火战术夜光激发装置软弹感应器影视装备-淘宝网'}]",Active,Active,7-Color Luminous Suppressor - FDE,7-Color Luminous Suppressor - FDE,,,,,,,Yes,True,,,12/29/2025 08:52,"{'date': '12/29/2025', 'date_formatted': '12/29/2025', 'hours': '08', 'minutes': '52', 'am_pm': 'AM', 'unix_timestamp': 1766998320000, 'iso_timestamp': '2025-12-29T08:52:00.000Z', 'timestamp': '12/29/2025 08:52 am', 'time': 532, 'time_formatted': '08:52', 'proper_unix_timestamp': 1767016320000, 'proper_iso_timestamp': '2025-12-29T13:52:00.000Z'}",12/29/2025 08:52,"{'date': '12/29/2025', 'date_formatted': '12/29/2025', 'hours': '08', 'minutes': '52', 'am_pm': 'AM', 'unix_timestamp': 1766998320000, 'iso_timestamp': '2025-12-29T08:52:00.000Z', 'timestamp': '12/29/2025 08:52 am', 'time': 532, 'time_formatted': '08:52', 'proper_unix_timestamp': 1767016320000, 'proper_iso_timestamp': '2025-12-29T13:52:00.000Z'}",,,,,,,,,185,185,$30.00,30,No,False,,,,,67.99,67.99,,,29.90,29.9,13.20,13.2,No,False,,,Yes,True,,,,,,,$30.00,30,$40.85,40.85,No,False
695287aacbcea56d5337ccf4,"<span class=""692e725c7e25f4f438f430e8"" data-kn=""connection-value"">七彩喷火夜光消荧光玩具喷火战术夜光激发装置软弹感应器影视装备-淘宝网</span>","[{'id': '692e725c7e25f4f438f430e8', 'identifier': '七彩喷火夜光消荧光玩具喷火战术夜光激发装置软弹感应器影视装备-淘宝网'}]",Active,Active,7-Color Luminous Suppressor - Black,7-Color Luminous Suppressor - Black,,,,,,,Yes,True,,,12/29/2025 08:52,"{'date': '12/29/2025', 'date_formatted': '12/29/2025', 'hours': '08', 'minutes': '52', 'am_pm': 'AM', 'unix_timestamp': 1766998320000, 'iso_timestamp': '2025-12-29T08:52:00.000Z', 'timestamp': '12/29/2025 08:52 am', 'time': 532, 'time_formatted': '08:52', 'proper_unix_timestamp': 1767016320000, 'proper_iso_timestamp': '2025-12-29T13:52:00.000Z'}",12/29/2025 08:52,"{'date': '12/29/2025', 'date_formatted': '12/29/2025', 'hours': '08', 'minutes': '52', 'am_pm': 'AM', 'unix_timestamp': 1766998320000, 'iso_timestamp': '2025-12-29T08:52:00.000Z', 'timestamp': '12/29/2025 08:52 am', 'time': 532, 'time_formatted': '08:52', 'proper_unix_timestamp': 1767016320000, 'proper_iso_timestamp': '2025-12-29T13:52:00.000Z'}",,,,,,,,,185,185,$30.00,30,No,False,,,,,67.99,67.99,,,29.90,29.9,13.20,13.2,No,False,,,Yes,True,,,,,,,$30.00,30,$40.85,40.85,No,False
695287a785ede69a6f35ac19,"<span class=""692e72567a558fba7c850e06"" data-kn=""connection-value"">NGD北境防务 ""FPS""运动相机战术连接臂-淘宝网</span>","[{'id': '692e72567a558fba7c850e06', 'identifier': 'NGD北境防务 ""FPS""运动相机战术连接臂-淘宝网'}]",Active,Active,"Specifications: Compatible with DJI, Insta360, and other universal adapter interfaces","Specifications: Compatible with DJI, Insta360, and other universal adapter interfaces",,,,,,,Yes,True,,,12/29/2025 08:52,"{'date': '12/29/2025', 'date_formatted': '12/29/2025', 'hours': '08', 'minutes': '52', 'am_pm': 'AM', 'unix_timestamp': 1766998320000, 'iso_timestamp': '2025-12-29T08:52:00.000Z', 'timestamp': '12/29/2025 08:52 am', 'time': 532, 'time_formatted': '08:52', 'proper_unix_timestamp': 1767016320000, 'proper_iso_timestamp': '2025-12-29T13:52:00.000Z'}",12/29/2025 08:52,"{'date': '12/29/2025', 'date_formatted': '12/29/2025', 'hours': '08', 'minutes': '52', 'am_pm': 'AM', 'unix_timestamp': 1766998320000, 'iso_timestamp': '2025-12-29T08:52:00.000Z', 'timestamp': '12/29/2025 08:52 am', 'time': 532, 'time_formatted': '08:52', 'proper_unix_timestamp': 1767016320000, 'proper_iso_timestamp': '2025-12-29T13:52:00.000Z'}",,,,,,,,,158,158,$30.00,30,No,False,,,,,59.99,59.99,,,30.50,30.5,13.80,13.8,No,False,,,Yes,True,,,,,,,$30.00,30,$35.72,35.72,No,False
695287a5cbcea56d5337af65,"<span class=""692e72567a558fba7c850e06"" data-kn=""connection-value"">NGD北境防务 ""FPS""运动相机战术连接臂-淘宝网</span>","[{'id': '692e72567a558fba7c850e06', 'identifier': 'NGD北境防务 ""FPS""运动相机战术连接臂-淘宝网'}]",Active,Active,FDE NGD FPS,FDE NGD FPS,,,,,,,Yes,True,,,12/29/2025 08:52,"{'date': '12/29/2025', 'date_formatted': '12/29/2025', 'hours': '08', 'minutes': '52', 'am_pm': 'AM', 'unix_timestamp': 1766998320000, 'iso_timestamp': '2025-12-29T08:52:00.000Z', 'timestamp': '12/29/2025 08:52 am', 'time': 532, 'time_formatted': '08:52', 'proper_unix_timestamp': 1767016320000, 'proper_iso_timestamp': '2025-12-29T13:52:00.000Z'}",12/29/2025 08:52,"{'date': '12/29/2025', 'date_formatted': '12/29/2025', 'hours': '08', 'minutes': '52', 'am_pm': 'AM', 'unix_timestamp': 1766998320000, 'iso_timestamp': '2025-12-29T08:52:00.000Z', 'timestamp': '12/29/2025 08:52 am', 'time': 532, 'time_formatted': '08:52', 'proper_unix_timestamp': 1767016320000, 'proper_iso_timestamp': '2025-12-29T13:52:00.000Z'}",,,,,,,,,158,158,$30.00,30,No,False,,,,,59.99,59.99,,,30.50,30.5,13.80,13.8,No,False,,,Yes,True,,,,,,,$30.00,30,$35.72,35.72,No,False
695287a4bdf137d1ac13f495,"<span class=""692e72567a558fba7c850e06"" data-kn=""connection-value"">NGD北境防务 ""FPS""运动相机战术连接臂-淘宝网</span>","[{'id': '692e72567a558fba7c850e06', 'identifier': 'NGD北境防务 ""FPS""运动相机战术连接臂-淘宝网'}]",Active,Active,Black NGD FPS,Black NGD FPS,,,,,,,Yes,True,,,12/29/2025 08:52,"{'date': '12/29/2025', 'date_formatted': '12/29/2025', 'hours': '08', 'minutes': '52', 'am_pm': 'AM', 'unix_timestamp': 1766998320000, 'iso_timestamp': '2025-12-29T08:52:00.000Z', 'timestamp': '12/29/2025 08:52 am', 'time': 532, 'time_formatted': '08:52', 'proper_unix_timestamp': 1767016320000, 'proper_iso_timestamp': '2025-12-29T13:52:00.000Z'}",12/29/2025 08:52,"{'date': '12/29/2025', 'date_formatted': '12/29/2025', 'hours': '08', 'minutes': '52', 'am_pm': 'AM', 'unix_timestamp': 1766998320000, 'iso_timestamp': '2025-12-29T08:52:00.000Z', 'timestamp': '12/29/2025 08:52 am', 'time': 532, 'time_formatted': '08:52', 'proper_unix_timestamp': 1767016320000, 'proper_iso_timestamp': '2025-12-29T13:52:00.000Z'}",,,,,,,,,158,158,$30.00,30,No,False,,,,,59.99,59.99,,,30.50,30.5,13.80,13.8,No,False,,,Yes,True,,,,,,,$30.00,30,$35.72,35.72,No,False
695287a3ed3dc8f8ad4cb964,"<span class=""692e724ea67c9b901d556a91"" data-kn=""connection-value"">WST风镜防雾器电动除雾TYPE-C充电风速可调搭配头盔使用战术配件-淘宝网</span>","[{'id': '692e724ea67c9b901d556a91', 'identifier': 'WST风镜防雾器电动除雾TYPE-C充电风速可调搭配头盔使用战术配件-淘宝网'}]",Active,Active,OD Green Goggle Set (1 Lens),OD Green Goggle Set (1 Lens),,,,,,,Yes,True,,,12/29/2025 08:52,"{'date': '12/29/2025', 'date_formatted': '12/29/2025', 'hours': '08', 'minutes': '52', 'am_pm': 'AM', 'unix_timestamp': 1766998320000, 'iso_timestamp': '2025-12-29T08:52:00.000Z', 'timestamp': '12/29/2025 08:52 am', 'time': 532, 'time_formatted': '08:52', 'proper_unix_timestamp': 1767016320000, 'proper_iso_timestamp': '2025-12-29T13:52:00.000Z'}",12/29/2025 08:52,"{'date': '12/29/2025', 'date_formatted': '12/29/2025', 'hours': '08', 'minutes': '52', 'am_pm': 'AM', 'unix_timestamp': 1766998320000, 'iso_timestamp': '2025-12-29T08:52:00.000Z', 'timestamp': '12/29/2025 08:52 am', 'time': 532, 'time_formatted': '08:52', 'proper_unix_timestamp': 1767016320000, 'proper_iso_timestamp': '2025-12-29T13:52:00.000Z'}",,,,,,,,,58,58,$30.00,30,No,False,,,,,27.99,27.99,,,30.30,30.3,13.60,13.6,No,False,,,Yes,True,,,,,,,$30.00,30,$16.72,16.72,No,False
695287a2c05a2a4a981507c1,"<span class=""692e724ea67c9b901d556a91"" data-kn=""connection-value"">WST风镜防雾器电动除雾TYPE-C充电风速可调搭配头盔使用战术配件-淘宝网</span>","[{'id': '692e724ea67c9b901d556a91', 'identifier': 'WST风镜防雾器电动除雾TYPE-C充电风速可调搭配头盔使用战术配件-淘宝网'}]",Active,Active,Tan Goggle Set (1 Lens),Tan Goggle Set (1 Lens),,,,,,,Yes,True,,,12/29/2025 08:52,"{'date': '12/29/2025', 'date_formatted': '12/29/2025', 'hours': '08', 'minutes': '52', 'am_pm': 'AM', 'unix_timestamp': 1766998320000, 'iso_timestamp': '2025-12-29T08:52:00.000Z', 'timestamp': '12/29/2025 08:52 am', 'time': 532, 'time_formatted': '08:52', 'proper_unix_timestamp': 1767016320000, 'proper_iso_timestamp': '2025-12-29T13:52:00.000Z'}",12/29/2025 08:52,"{'date': '12/29/2025', 'date_formatted': '12/29/2025', 'hours': '08', 'minutes': '52', 'am_pm': 'AM', 'unix_timestamp': 1766998320000, 'iso_timestamp': '2025-12-29T08:52:00.000Z', 'timestamp': '12/29/2025 08:52 am', 'time': 532, 'time_formatted': '08:52', 'proper_unix_timestamp': 1767016320000, 'proper_iso_timestamp': '2025-12-29T13:52:00.000Z'}",,,,,,,,,58,58,$30.00,30,No,False,,,,,27.99,27.99,,,30.30,30.3,13.60,13.6,No,False,,,Yes,True,,,,,,,$30.00,30,$16.72,16.72,No,False
695287a1a8262a7b901515fc,"<span class=""692e724ea67c9b901d556a91"" data-kn=""connection-value"">WST风镜防雾器电动除雾TYPE-C充电风速可调搭配头盔使用战术配件-淘宝网</span>","[{'id': '692e724ea67c9b901d556a91', 'identifier': 'WST风镜防雾器电动除雾TYPE-C充电风速可调搭配头盔使用战术配件-淘宝网'}]",Active,Active,Black Goggle Set (1 Lens),Black Goggle Set (1 Lens),,,,,,,Yes,True,,,12/29/2025 08:52,"{'date': '12/29/2025', 'date_formatted': '12/29/2025', 'hours': '08', 'minutes': '52', 'am_pm': 'AM', 'unix_timestamp': 1766998320000, 'iso_timestamp': '2025-12-29T08:52:00.000Z', 'timestamp': '12/29/2025 08:52 am', 'time': 532, 'time_formatted': '08:52', 'proper_unix_timestamp': 1767016320000, 'proper_iso_timestamp': '2025-12-29T13:52:00.000Z'}",12/29/2025 08:52,"{'date': '12/29/2025', 'date_formatted': '12/29/2025', 'hours': '08', 'minutes': '52', 'am_pm': 'AM', 'unix_timestamp': 1766998320000, 'iso_timestamp': '2025-12-29T08:52:00.000Z', 'timestamp': '12/29/2025 08:52 am', 'time': 532, 'time_formatted': '08:52', 'proper_unix_timestamp': 1767016320000, 'proper_iso_timestamp': '2025-12-29T13:52:00.000Z'}",,,,,,,,,58,58,$30.00,30,No,False,,,,,27.99,27.99,,,30.30,30.3,13.60,13.6,No,False,,,Yes,True,,,,,,,$30.00,30,$16.72,16.72,No,False
695287a1987975e07e456dbb,"<span class=""692e724ea67c9b901d556a91"" data-kn=""connection-value"">WST风镜防雾器电动除雾TYPE-C充电风速可调搭配头盔使用战术配件-淘宝网</span>","[{'id': '692e724ea67c9b901d556a91', 'identifier': 'WST风镜防雾器电动除雾TYPE-C充电风速可调搭配头盔使用战术配件-淘宝网'}]",Active,Active,OD Green Goggle Set (3 Lenses),OD Green Goggle Set (3 Lenses),,,,,,,Yes,True,,,12/29/2025 08:52,"{'date': '12/29/2025', 'date_formatted': '12/29/2025', 'hours': '08', 'minutes': '52', 'am_pm': 'AM', 'unix_timestamp': 1766998320000, 'iso_timestamp': '2025-12-29T08:52:00.000Z', 'timestamp': '12/29/2025 08:52 am', 'time': 532, 'time_formatted': '08:52', 'proper_unix_timestamp': 1767016320000, 'proper_iso_timestamp': '2025-12-29T13:52:00.000Z'}",12/29/2025 08:52,"{'date': '12/29/2025', 'date_formatted': '12/29/2025', 'hours': '08', 'minutes': '52', 'am_pm': 'AM', 'unix_timestamp': 1766998320000, 'iso_timestamp': '2025-12-29T08:52:00.000Z', 'timestamp': '12/29/2025 08:52 am', 'time': 532, 'time_formatted': '08:52', 'proper_unix_timestamp': 1767016320000, 'proper_iso_timestamp': '2025-12-29T13:52:00.000Z'}",,,,,,,,,85,85,$30.00,30,No,False,,,,,35.99,35.99,,,29.30,29.3,12.50,12.5,No,False,,,Yes,True,,,,,,,$30.00,30,$21.85,21.85,No,False
695287a0c05a2a4a9814c49d,"<span class=""692e724ea67c9b901d556a91"" data-kn=""connection-value"">WST风镜防雾器电动除雾TYPE-C充电风速可调搭配头盔使用战术配件-淘宝网</span>","[{'id': '692e724ea67c9b901d556a91', 'identifier': 'WST风镜防雾器电动除雾TYPE-C充电风速可调搭配头盔使用战术配件-淘宝网'}]",Active,Active,Tan Goggle Set (3 Lenses),Tan Goggle Set (3 Lenses),,,,,,,Yes,True,,,12/29/2025 08:52,"{'date': '12/29/2025', 'date_formatted': '12/29/2025', 'hours': '08', 'minutes': '52', 'am_pm': 'AM', 'unix_timestamp': 1766998320000, 'iso_timestamp': '2025-12-29T08:52:00.000Z', 'timestamp': '12/29/2025 08:52 am', 'time': 532, 'time_formatted': '08:52', 'proper_unix_timestamp': 1767016320000, 'proper_iso_timestamp': '2025-12-29T13:52:00.000Z'}",12/29/2025 08:52,"{'date': '12/29/2025', 'date_formatted': '12/29/2025', 'hours': '08', 'minutes': '52', 'am_pm': 'AM', 'unix_timestamp': 1766998320000, 'iso_timestamp': '2025-12-29T08:52:00.000Z', 'timestamp': '12/29/2025 08:52 am', 'time': 532, 'time_formatted': '08:52', 'proper_unix_timestamp': 1767016320000, 'proper_iso_timestamp': '2025-12-29T13:52:00.000Z'}",,,,,,,,,85,85,$30.00,30,No,False,,,,,35.99,35.99,,,29.30,29.3,12.50,12.5,No,False,,,Yes,True,,,,,,,$30.00,30,$21.85,21.85,No,False
6952879fd046b207b9a49fb8,"<span class=""692e724ea67c9b901d556a91"" data-kn=""connection-value"">WST风镜防雾器电动除雾TYPE-C充电风速可调搭配头盔使用战术配件-淘宝网</span>","[{'id': '692e724ea67c9b901d556a91', 'identifier': 'WST风镜防雾器电动除雾TYPE-C充电风速可调搭配头盔使用战术配件-淘宝网'}]",Active,Active,Black Goggle Set (3 Lenses),Black Goggle Set (3 Lenses),,,,,,,Yes,True,,,12/29/2025 08:52,"{'date': '12/29/2025', 'date_formatted': '12/29/2025', 'hours': '08', 'minutes': '52', 'am_pm': 'AM', 'unix_timestamp': 1766998320000, 'iso_timestamp': '2025-12-29T08:52:00.000Z', 'timestamp': '12/29/2025 08:52 am', 'time': 532, 'time_formatted': '08:52', 'proper_unix_timestamp': 1767016320000, 'proper_iso_timestamp': '2025-12-29T13:52:00.000Z'}",12/29/2025 08:52,"{'date': '12/29/2025', 'date_formatted': '12/29/2025', 'hours': '08', 'minutes': '52', 'am_pm': 'AM', 'unix_timestamp': 1766998320000, 'iso_timestamp': '2025-12-29T08:52:00.000Z', 'timestamp': '12/29/2025 08:52 am', 'time': 532, 'time_formatted': '08:52', 'proper_unix_timestamp': 1767016320000, 'proper_iso_timestamp': '2025-12-29T13:52:00.000Z'}",,,,,,,,,85,85,$30.00,30,No,False,,,,,35.99,35.99,,,29.30,29.3,12.50,12.5,No,False,,,Yes,True,,,,,,,$30.00,30,$21.85,21.85,No,False
6952879f29de0f71daa2dfc2,"<span class=""692e724ea67c9b901d556a91"" data-kn=""connection-value"">WST风镜防雾器电动除雾TYPE-C充电风速可调搭配头盔使用战术配件-淘宝网</span>","[{'id': '692e724ea67c9b901d556a91', 'identifier': 'WST风镜防雾器电动除雾TYPE-C充电风速可调搭配头盔使用战术配件-淘宝网'}]",Active,Active,Black (Anti-Fog),Black (Anti-Fog),,,,,,,Yes,True,,,12/29/2025 08:52,"{'date': '12/29/2025', 'date_formatted': '12/29/2025', 'hours': '08', 'minutes': '52', 'am_pm': 'AM', 'unix_timestamp': 1766998320000, 'iso_timestamp': '2025-12-29T08:52:00.000Z', 'timestamp': '12/29/2025 08:52 am', 'time': 532, 'time_formatted': '08:52', 'proper_unix_timestamp': 1767016320000, 'proper_iso_timestamp': '2025-12-29T13:52:00.000Z'}",12/29/2025 08:52,"{'date': '12/29/2025', 'date_formatted': '12/29/2025', 'hours': '08', 'minutes': '52', 'am_pm': 'AM', 'unix_timestamp': 1766998320000, 'iso_timestamp': '2025-12-29T08:52:00.000Z', 'timestamp': '12/29/2025 08:52 am', 'time': 532, 'time_formatted': '08:52', 'proper_unix_timestamp': 1767016320000, 'proper_iso_timestamp': '2025-12-29T13:52:00.000Z'}",,,,,,,,,115,115,$30.00,30,No,False,,,,,45.99,45.99,,,30.10,30.1,13.40,13.4,No,False,,,Yes,True,,,,,,,$30.00,30,$27.55,27.55,No,False
6952879eafc3e1940b037e2a,"<span class=""692e7249bbb1193449c6c364"" data-kn=""connection-value"">金属增高支架镜桥GBRS Hydra九头蛇UNITY EXPS底座T1 T2 H1 2红点-淘宝网</span>","[{'id': '692e7249bbb1193449c6c364', 'identifier': '金属增高支架镜桥GBRS Hydra九头蛇UNITY EXPS底座T1 T2 H1 2红点-淘宝网'}]",Active,Active,Tan - UNITY EXPS,Tan - UNITY EXPS,,,,,,,Yes,True,,,12/29/2025 08:52,"{'date': '12/29/2025', 'date_formatted': '12/29/2025', 'hours': '08', 'minutes': '52', 'am_pm': 'AM', 'unix_timestamp': 1766998320000, 'iso_timestamp': '2025-12-29T08:52:00.000Z', 'timestamp': '12/29/2025 08:52 am', 'time': 532, 'time_formatted': '08:52', 'proper_unix_timestamp': 1767016320000, 'proper_iso_timestamp': '2025-12-29T13:52:00.000Z'}",12/29/2025 08:52,"{'date': '12/29/2025', 'date_formatted': '12/29/2025', 'hours': '08', 'minutes': '52', 'am_pm': 'AM', 'unix_timestamp': 1766998320000, 'iso_timestamp': '2025-12-29T08:52:00.000Z', 'timestamp': '12/29/2025 08:52 am', 'time': 532, 'time_formatted': '08:52', 'proper_unix_timestamp': 1767016320000, 'proper_iso_timestamp': '2025-12-29T13:52:00.000Z'}",,,,,,,,,38,38,$30.00,30,No,False,,,,,21.99,21.99,,,31.20,31.2,14.70,14.7,No,False,,,Yes,True,,,,,,,$30.00,30,$12.92,12.92,No,False
6952879dafc3e1940b035a7c,"<span class=""692e7249bbb1193449c6c364"" data-kn=""connection-value"">金属增高支架镜桥GBRS Hydra九头蛇UNITY EXPS底座T1 T2 H1 2红点-淘宝网</span>","[{'id': '692e7249bbb1193449c6c364', 'identifier': '金属增高支架镜桥GBRS Hydra九头蛇UNITY EXPS底座T1 T2 H1 2红点-淘宝网'}]",Active,Active,Tan Low Profile - UNITY FAST,Tan Low Profile - UNITY FAST,,,,,,,Yes,True,,,12/29/2025 08:52,"{'date': '12/29/2025', 'date_formatted': '12/29/2025', 'hours': '08', 'minutes': '52', 'am_pm': 'AM', 'unix_timestamp': 1766998320000, 'iso_timestamp': '2025-12-29T08:52:00.000Z', 'timestamp': '12/29/2025 08:52 am', 'time': 532, 'time_formatted': '08:52', 'proper_unix_timestamp': 1767016320000, 'proper_iso_timestamp': '2025-12-29T13:52:00.000Z'}",12/29/2025 08:52,"{'date': '12/29/2025', 'date_formatted': '12/29/2025', 'hours': '08', 'minutes': '52', 'am_pm': 'AM', 'unix_timestamp': 1766998320000, 'iso_timestamp': '2025-12-29T08:52:00.000Z', 'timestamp': '12/29/2025 08:52 am', 'time': 532, 'time_formatted': '08:52', 'proper_unix_timestamp': 1767016320000, 'proper_iso_timestamp': '2025-12-29T13:52:00.000Z'}",,,,,,,,,68,68,$30.00,30,No,False,,,,,30.99,30.99,,,29.90,29.9,13.20,13.2,No,False,,,Yes,True,,,,,,,$30.00,30,$18.62,18.62,No,False
6952879c29de0f71daa29d33,"<span class=""692e7249bbb1193449c6c364"" data-kn=""connection-value"">金属增高支架镜桥GBRS Hydra九头蛇UNITY EXPS底座T1 T2 H1 2红点-淘宝网</span>","[{'id': '692e7249bbb1193449c6c364', 'identifier': '金属增高支架镜桥GBRS Hydra九头蛇UNITY EXPS底座T1 T2 H1 2红点-淘宝网'}]",Active,Active,Black Low Profile - UNITY FAST,Black Low Profile - UNITY FAST,,,,,,,Yes,True,,,12/29/2025 08:52,"{'date': '12/29/2025', 'date_formatted': '12/29/2025', 'hours': '08', 'minutes': '52', 'am_pm': 'AM', 'unix_timestamp': 1766998320000, 'iso_timestamp': '2025-12-29T08:52:00.000Z', 'timestamp': '12/29/2025 08:52 am', 'time': 532, 'time_formatted': '08:52', 'proper_unix_timestamp': 1767016320000, 'proper_iso_timestamp': '2025-12-29T13:52:00.000Z'}",12/29/2025 08:52,"{'date': '12/29/2025', 'date_formatted': '12/29/2025', 'hours': '08', 'minutes': '52', 'am_pm': 'AM', 'unix_timestamp': 1766998320000, 'iso_timestamp': '2025-12-29T08:52:00.000Z', 'timestamp': '12/29/2025 08:52 am', 'time': 532, 'time_formatted': '08:52', 'proper_unix_timestamp': 1767016320000, 'proper_iso_timestamp': '2025-12-29T13:52:00.000Z'}",,,,,,,,,68,68,$30.00,30,No,False,,,,,30.99,30.99,,,29.90,29.9,13.20,13.2,No,False,,,Yes,True,,,,,,,$30.00,30,$18.62,18.62,No,False
6952879c29256c1eb748d9a8,"<span class=""692e7249bbb1193449c6c364"" data-kn=""connection-value"">金属增高支架镜桥GBRS Hydra九头蛇UNITY EXPS底座T1 T2 H1 2红点-淘宝网</span>","[{'id': '692e7249bbb1193449c6c364', 'identifier': '金属增高支架镜桥GBRS Hydra九头蛇UNITY EXPS底座T1 T2 H1 2红点-淘宝网'}]",Active,Active,Tan High Profile - UNITY FAST,Tan High Profile - UNITY FAST,,,,,,,Yes,True,,,12/29/2025 08:52,"{'date': '12/29/2025', 'date_formatted': '12/29/2025', 'hours': '08', 'minutes': '52', 'am_pm': 'AM', 'unix_timestamp': 1766998320000, 'iso_timestamp': '2025-12-29T08:52:00.000Z', 'timestamp': '12/29/2025 08:52 am', 'time': 532, 'time_formatted': '08:52', 'proper_unix_timestamp': 1767016320000, 'proper_iso_timestamp': '2025-12-29T13:52:00.000Z'}",12/29/2025 08:52,"{'date': '12/29/2025', 'date_formatted': '12/29/2025', 'hours': '08', 'minutes': '52', 'am_pm': 'AM', 'unix_timestamp': 1766998320000, 'iso_timestamp': '2025-12-29T08:52:00.000Z', 'timestamp': '12/29/2025 08:52 am', 'time': 532, 'time_formatted': '08:52', 'proper_unix_timestamp': 1767016320000, 'proper_iso_timestamp': '2025-12-29T13:52:00.000Z'}",,,,,,,,,68,68,$30.00,30,No,False,,,,,30.99,30.99,,,29.90,29.9,13.20,13.2,No,False,,,Yes,True,,,,,,,$30.00,30,$18.62,18.62,No,False
6952879b29256c1eb748d920,"<span class=""692e7249bbb1193449c6c364"" data-kn=""connection-value"">金属增高支架镜桥GBRS Hydra九头蛇UNITY EXPS底座T1 T2 H1 2红点-淘宝网</span>","[{'id': '692e7249bbb1193449c6c364', 'identifier': '金属增高支架镜桥GBRS Hydra九头蛇UNITY EXPS底座T1 T2 H1 2红点-淘宝网'}]",Active,Active,Black High Profile - UNITY FAST,Black High Profile - UNITY FAST,,,,,,,Yes,True,,,12/29/2025 08:52,"{'date': '12/29/2025', 'date_formatted': '12/29/2025', 'hours': '08', 'minutes': '52', 'am_pm': 'AM', 'unix_timestamp': 1766998320000, 'iso_timestamp': '2025-12-29T08:52:00.000Z', 'timestamp': '12/29/2025 08:52 am', 'time': 532, 'time_formatted': '08:52', 'proper_unix_timestamp': 1767016320000, 'proper_iso_timestamp': '2025-12-29T13:52:00.000Z'}",12/29/2025 08:52,"{'date': '12/29/2025', 'date_formatted': '12/29/2025', 'hours': '08', 'minutes': '52', 'am_pm': 'AM', 'unix_timestamp': 1766998320000, 'iso_timestamp': '2025-12-29T08:52:00.000Z', 'timestamp': '12/29/2025 08:52 am', 'time': 532, 'time_formatted': '08:52', 'proper_unix_timestamp': 1767016320000, 'proper_iso_timestamp': '2025-12-29T13:52:00.000Z'}",,,,,,,,,68,68,$30.00,30,No,False,,,,,30.99,30.99,,,29.90,29.9,13.20,13.2,No,False,,,Yes,True,,,,,,,$30.00,30,$18.62,18.62,No,False
6952879a987975e07e45463d,"<span class=""692e7249bbb1193449c6c364"" data-kn=""connection-value"">金属增高支架镜桥GBRS Hydra九头蛇UNITY EXPS底座T1 T2 H1 2红点-淘宝网</span>","[{'id': '692e7249bbb1193449c6c364', 'identifier': '金属增高支架镜桥GBRS Hydra九头蛇UNITY EXPS底座T1 T2 H1 2红点-淘宝网'}]",Active,Active,FDE High Profile - GBRS Hydra Mount,FDE High Profile - GBRS Hydra Mount,,,,,,,Yes,True,,,12/29/2025 08:52,"{'date': '12/29/2025', 'date_formatted': '12/29/2025', 'hours': '08', 'minutes': '52', 'am_pm': 'AM', 'unix_timestamp': 1766998320000, 'iso_timestamp': '2025-12-29T08:52:00.000Z', 'timestamp': '12/29/2025 08:52 am', 'time': 532, 'time_formatted': '08:52', 'proper_unix_timestamp': 1767016320000, 'proper_iso_timestamp': '2025-12-29T13:52:00.000Z'}",12/29/2025 08:52,"{'date': '12/29/2025', 'date_formatted': '12/29/2025', 'hours': '08', 'minutes': '52', 'am_pm': 'AM', 'unix_timestamp': 1766998320000, 'iso_timestamp': '2025-12-29T08:52:00.000Z', 'timestamp': '12/29/2025 08:52 am', 'time': 532, 'time_formatted': '08:52', 'proper_unix_timestamp': 1767016320000, 'proper_iso_timestamp': '2025-12-29T13:52:00.000Z'}",,,,,,,,,128,128,$30.00,30,No,False,,,,,49.99,49.99,,,29.90,29.9,13.30,13.3,No,False,,,Yes,True,,,,,,,$30.00,30,$30.02,30.02,No,False
695287983d269fea15a82382,"<span class=""692e7249bbb1193449c6c364"" data-kn=""connection-value"">金属增高支架镜桥GBRS Hydra九头蛇UNITY EXPS底座T1 T2 H1 2红点-淘宝网</span>","[{'id': '692e7249bbb1193449c6c364', 'identifier': '金属增高支架镜桥GBRS Hydra九头蛇UNITY EXPS底座T1 T2 H1 2红点-淘宝网'}]",Active,Active,Black High Profile - GBRS Hydra Mount,Black High Profile - GBRS Hydra Mount,,,,,,,Yes,True,,,12/29/2025 08:52,"{'date': '12/29/2025', 'date_formatted': '12/29/2025', 'hours': '08', 'minutes': '52', 'am_pm': 'AM', 'unix_timestamp': 1766998320000, 'iso_timestamp': '2025-12-29T08:52:00.000Z', 'timestamp': '12/29/2025 08:52 am', 'time': 532, 'time_formatted': '08:52', 'proper_unix_timestamp': 1767016320000, 'proper_iso_timestamp': '2025-12-29T13:52:00.000Z'}",12/29/2025 08:52,"{'date': '12/29/2025', 'date_formatted': '12/29/2025', 'hours': '08', 'minutes': '52', 'am_pm': 'AM', 'unix_timestamp': 1766998320000, 'iso_timestamp': '2025-12-29T08:52:00.000Z', 'timestamp': '12/29/2025 08:52 am', 'time': 532, 'time_formatted': '08:52', 'proper_unix_timestamp': 1767016320000, 'proper_iso_timestamp': '2025-12-29T13:52:00.000Z'}",,,,,,,,,128,128,$30.00,30,No,False,,,,,49.99,49.99,,,29.90,29.9,13.30,13.3,No,False,,,Yes,True,,,,,,,$30.00,30,$30.02,30.02,No,False
695287978e2a1900c60f75fc,"<span class=""692e7249bbb1193449c6c364"" data-kn=""connection-value"">金属增高支架镜桥GBRS Hydra九头蛇UNITY EXPS底座T1 T2 H1 2红点-淘宝网</span>","[{'id': '692e7249bbb1193449c6c364', 'identifier': '金属增高支架镜桥GBRS Hydra九头蛇UNITY EXPS底座T1 T2 H1 2红点-淘宝网'}]",Active,Active,Tan Low Profile - GBRS Hydra Mount,Tan Low Profile - GBRS Hydra Mount,,,,,,,Yes,True,,,12/29/2025 08:52,"{'date': '12/29/2025', 'date_formatted': '12/29/2025', 'hours': '08', 'minutes': '52', 'am_pm': 'AM', 'unix_timestamp': 1766998320000, 'iso_timestamp': '2025-12-29T08:52:00.000Z', 'timestamp': '12/29/2025 08:52 am', 'time': 532, 'time_formatted': '08:52', 'proper_unix_timestamp': 1767016320000, 'proper_iso_timestamp': '2025-12-29T13:52:00.000Z'}",12/29/2025 08:52,"{'date': '12/29/2025', 'date_formatted': '12/29/2025', 'hours': '08', 'minutes': '52', 'am_pm': 'AM', 'unix_timestamp': 1766998320000, 'iso_timestamp': '2025-12-29T08:52:00.000Z', 'timestamp': '12/29/2025 08:52 am', 'time': 532, 'time_formatted': '08:52', 'proper_unix_timestamp': 1767016320000, 'proper_iso_timestamp': '2025-12-29T13:52:00.000Z'}",,,,,,,,,128,128,$30.00,30,No,False,,,,,49.99,49.99,,,29.90,29.9,13.30,13.3,No,False,,,Yes,True,,,,,,,$30.00,30,$30.02,30.02,No,False
69528797a8262a7b901448f6,"<span class=""692e7249bbb1193449c6c364"" data-kn=""connection-value"">金属增高支架镜桥GBRS Hydra九头蛇UNITY EXPS底座T1 T2 H1 2红点-淘宝网</span>","[{'id': '692e7249bbb1193449c6c364', 'identifier': '金属增高支架镜桥GBRS Hydra九头蛇UNITY EXPS底座T1 T2 H1 2红点-淘宝网'}]",Active,Active,Black Low Profile - GBRS Hydra Mount,Black Low Profile - GBRS Hydra Mount,,,,,,,Yes,True,,,12/29/2025 08:52,"{'date': '12/29/2025', 'date_formatted': '12/29/2025', 'hours': '08', 'minutes': '52', 'am_pm': 'AM', 'unix_timestamp': 1766998320000, 'iso_timestamp': '2025-12-29T08:52:00.000Z', 'timestamp': '12/29/2025 08:52 am', 'time': 532, 'time_formatted': '08:52', 'proper_unix_timestamp': 1767016320000, 'proper_iso_timestamp': '2025-12-29T13:52:00.000Z'}",12/29/2025 08:52,"{'date': '12/29/2025', 'date_formatted': '12/29/2025', 'hours': '08', 'minutes': '52', 'am_pm': 'AM', 'unix_timestamp': 1766998320000, 'iso_timestamp': '2025-12-29T08:52:00.000Z', 'timestamp': '12/29/2025 08:52 am', 'time': 532, 'time_formatted': '08:52', 'proper_unix_timestamp': 1767016320000, 'proper_iso_timestamp': '2025-12-29T13:52:00.000Z'}",,,,,,,,,128,128,$30.00,30,No,False,,,,,49.99,49.99,,,29.90,29.9,13.30,13.3,No,False,,,Yes,True,,,,,,,$30.00,30,$30.02,30.02,No,False
695287968e2a1900c60f5993,"<span class=""692e7244206a9763480dd922"" data-kn=""connection-value"">【MST2011底盖/井合集】CNC金属护边铝合金底盖底座配件-淘宝网</span>","[{'id': '692e7244206a9763480dd922', 'identifier': '【MST2011底盖/井合集】CNC金属护边铝合金底盖底座配件-淘宝网'}]",Active,Active,MST2011 Mount - Silver,MST2011 Mount - Silver,,,,,,,Yes,True,,,12/29/2025 08:52,"{'date': '12/29/2025', 'date_formatted': '12/29/2025', 'hours': '08', 'minutes': '52', 'am_pm': 'AM', 'unix_timestamp': 1766998320000, 'iso_timestamp': '2025-12-29T08:52:00.000Z', 'timestamp': '12/29/2025 08:52 am', 'time': 532, 'time_formatted': '08:52', 'proper_unix_timestamp': 1767016320000, 'proper_iso_timestamp': '2025-12-29T13:52:00.000Z'}",12/29/2025 08:52,"{'date': '12/29/2025', 'date_formatted': '12/29/2025', 'hours': '08', 'minutes': '52', 'am_pm': 'AM', 'unix_timestamp': 1766998320000, 'iso_timestamp': '2025-12-29T08:52:00.000Z', 'timestamp': '12/29/2025 08:52 am', 'time': 532, 'time_formatted': '08:52', 'proper_unix_timestamp': 1767016320000, 'proper_iso_timestamp': '2025-12-29T13:52:00.000Z'}",,,,,,,,,84,84,$30.00,30,No,False,,,,,35.99,35.99,,,29.80,29.8,13.10,13.1,No,False,,,Yes,True,,,,,,,$30.00,30,$21.66,21.66,No,False
6952879584e64148489f4c27,"<span class=""692e7244206a9763480dd922"" data-kn=""connection-value"">【MST2011底盖/井合集】CNC金属护边铝合金底盖底座配件-淘宝网</span>","[{'id': '692e7244206a9763480dd922', 'identifier': '【MST2011底盖/井合集】CNC金属护边铝合金底盖底座配件-淘宝网'}]",Active,Active,MST2011 Mount - Gold,MST2011 Mount - Gold,,,,,,,Yes,True,,,12/29/2025 08:52,"{'date': '12/29/2025', 'date_formatted': '12/29/2025', 'hours': '08', 'minutes': '52', 'am_pm': 'AM', 'unix_timestamp': 1766998320000, 'iso_timestamp': '2025-12-29T08:52:00.000Z', 'timestamp': '12/29/2025 08:52 am', 'time': 532, 'time_formatted': '08:52', 'proper_unix_timestamp': 1767016320000, 'proper_iso_timestamp': '2025-12-29T13:52:00.000Z'}",12/29/2025 08:52,"{'date': '12/29/2025', 'date_formatted': '12/29/2025', 'hours': '08', 'minutes': '52', 'am_pm': 'AM', 'unix_timestamp': 1766998320000, 'iso_timestamp': '2025-12-29T08:52:00.000Z', 'timestamp': '12/29/2025 08:52 am', 'time': 532, 'time_formatted': '08:52', 'proper_unix_timestamp': 1767016320000, 'proper_iso_timestamp': '2025-12-29T13:52:00.000Z'}",,,,,,,,,84,84,$30.00,30,No,False,,,,,35.99,35.99,,,29.80,29.8,13.10,13.1,No,False,,,Yes,True,,,,,,,$30.00,30,$21.66,21.66,No,False
69528794b073c2091ef374f4,"<span class=""692e7244206a9763480dd922"" data-kn=""connection-value"">【MST2011底盖/井合集】CNC金属护边铝合金底盖底座配件-淘宝网</span>","[{'id': '692e7244206a9763480dd922', 'identifier': '【MST2011底盖/井合集】CNC金属护边铝合金底盖底座配件-淘宝网'}]",Active,Active,MST2011 Mount (Engraved) - Silver,MST2011 Mount (Engraved) - Silver,,,,,,,Yes,True,,,12/29/2025 08:52,"{'date': '12/29/2025', 'date_formatted': '12/29/2025', 'hours': '08', 'minutes': '52', 'am_pm': 'AM', 'unix_timestamp': 1766998320000, 'iso_timestamp': '2025-12-29T08:52:00.000Z', 'timestamp': '12/29/2025 08:52 am', 'time': 532, 'time_formatted': '08:52', 'proper_unix_timestamp': 1767016320000, 'proper_iso_timestamp': '2025-12-29T13:52:00.000Z'}",12/29/2025 08:52,"{'date': '12/29/2025', 'date_formatted': '12/29/2025', 'hours': '08', 'minutes': '52', 'am_pm': 'AM', 'unix_timestamp': 1766998320000, 'iso_timestamp': '2025-12-29T08:52:00.000Z', 'timestamp': '12/29/2025 08:52 am', 'time': 532, 'time_formatted': '08:52', 'proper_unix_timestamp': 1767016320000, 'proper_iso_timestamp': '2025-12-29T13:52:00.000Z'}",,,,,,,,,84,84,$30.00,30,No,False,,,,,35.99,35.99,,,29.80,29.8,13.10,13.1,No,False,,,Yes,True,,,,,,,$30.00,30,$21.66,21.66,No,False
69528794702b6fdd6269debd,"<span class=""692e7244206a9763480dd922"" data-kn=""connection-value"">【MST2011底盖/井合集】CNC金属护边铝合金底盖底座配件-淘宝网</span>","[{'id': '692e7244206a9763480dd922', 'identifier': '【MST2011底盖/井合集】CNC金属护边铝合金底盖底座配件-淘宝网'}]",Active,Active,MST2011 Mount (Engraved) - Black,MST2011 Mount (Engraved) - Black,,,,,,,Yes,True,,,12/29/2025 08:52,"{'date': '12/29/2025', 'date_formatted': '12/29/2025', 'hours': '08', 'minutes': '52', 'am_pm': 'AM', 'unix_timestamp': 1766998320000, 'iso_timestamp': '2025-12-29T08:52:00.000Z', 'timestamp': '12/29/2025 08:52 am', 'time': 532, 'time_formatted': '08:52', 'proper_unix_timestamp': 1767016320000, 'proper_iso_timestamp': '2025-12-29T13:52:00.000Z'}",12/29/2025 08:52,"{'date': '12/29/2025', 'date_formatted': '12/29/2025', 'hours': '08', 'minutes': '52', 'am_pm': 'AM', 'unix_timestamp': 1766998320000, 'iso_timestamp': '2025-12-29T08:52:00.000Z', 'timestamp': '12/29/2025 08:52 am', 'time': 532, 'time_formatted': '08:52', 'proper_unix_timestamp': 1767016320000, 'proper_iso_timestamp': '2025-12-29T13:52:00.000Z'}",,,,,,,,,84,84,$30.00,30,No,False,,,,,35.99,35.99,,,29.80,29.8,13.10,13.1,No,False,,,Yes,True,,,,,,,$30.00,30,$21.66,21.66,No,False
6952879229256c1eb747e154,"<span class=""692e7244206a9763480dd922"" data-kn=""connection-value"">【MST2011底盖/井合集】CNC金属护边铝合金底盖底座配件-淘宝网</span>","[{'id': '692e7244206a9763480dd922', 'identifier': '【MST2011底盖/井合集】CNC金属护边铝合金底盖底座配件-淘宝网'}]",Active,Active,MST2011 Mount (Engraved) - Grey,MST2011 Mount (Engraved) - Grey,,,,,,,Yes,True,,,12/29/2025 08:52,"{'date': '12/29/2025', 'date_formatted': '12/29/2025', 'hours': '08', 'minutes': '52', 'am_pm': 'AM', 'unix_timestamp': 1766998320000, 'iso_timestamp': '2025-12-29T08:52:00.000Z', 'timestamp': '12/29/2025 08:52 am', 'time': 532, 'time_formatted': '08:52', 'proper_unix_timestamp': 1767016320000, 'proper_iso_timestamp': '2025-12-29T13:52:00.000Z'}",12/29/2025 08:52,"{'date': '12/29/2025', 'date_formatted': '12/29/2025', 'hours': '08', 'minutes': '52', 'am_pm': 'AM', 'unix_timestamp': 1766998320000, 'iso_timestamp': '2025-12-29T08:52:00.000Z', 'timestamp': '12/29/2025 08:52 am', 'time': 532, 'time_formatted': '08:52', 'proper_unix_timestamp': 1767016320000, 'proper_iso_timestamp': '2025-12-29T13:52:00.000Z'}",,,,,,,,,84,84,$30.00,30,No,False,,,,,35.99,35.99,,,29.80,29.8,13.10,13.1,No,False,,,Yes,True,,,,,,,$30.00,30,$21.66,21.66,No,False
6952866f08c488cc5723c1d7,"<span class=""692e72c77a558fba7c8cb9e2"" data-kn=""connection-value"">TC战术耳机转接器民用PTT按键发射对讲机建伍接口支持Z-Tactical-淘宝网</span>","[{'id': '692e72c77a558fba7c8cb9e2', 'identifier': 'TC战术耳机转接器民用PTT按键发射对讲机建伍接口支持Z-Tactical-淘宝网'}]",Active,Active,Midland MIL Dual Plug - Z-Tactical Compatible Only,Midland MIL Dual Plug - Z-Tactical Compatible Only,,,,,,,Yes,True,,,12/29/2025 08:47,"{'date': '12/29/2025', 'date_formatted': '12/29/2025', 'hours': '08', 'minutes': '47', 'am_pm': 'AM', 'unix_timestamp': 1766998020000, 'iso_timestamp': '2025-12-29T08:47:00.000Z', 'timestamp': '12/29/2025 08:47 am', 'time': 527, 'time_formatted': '08:47', 'proper_unix_timestamp': 1767016020000, 'proper_iso_timestamp': '2025-12-29T13:47:00.000Z'}",12/29/2025 08:47,"{'date': '12/29/2025', 'date_formatted': '12/29/2025', 'hours': '08', 'minutes': '47', 'am_pm': 'AM', 'unix_timestamp': 1766998020000, 'iso_timestamp': '2025-12-29T08:47:00.000Z', 'timestamp': '12/29/2025 08:47 am', 'time': 527, 'time_formatted': '08:47', 'proper_unix_timestamp': 1767016020000, 'proper_iso_timestamp': '2025-12-29T13:47:00.000Z'}",,,,,,,,,50,49.9,$30.00,30,No,False,,,,,24.99,24.99,,,29.30,29.3,12.50,12.5,No,False,,,Yes,True,,,,,,,$30.00,30,$15.18,15.18,No,False
6952866e29de0f71da93448a,"<span class=""692e72c77a558fba7c8cb9e2"" data-kn=""connection-value"">TC战术耳机转接器民用PTT按键发射对讲机建伍接口支持Z-Tactical-淘宝网</span>","[{'id': '692e72c77a558fba7c8cb9e2', 'identifier': 'TC战术耳机转接器民用PTT按键发射对讲机建伍接口支持Z-Tactical-淘宝网'}]",Active,Active,Icom IC Dual Plug - Z-Tactical Compatible Only,Icom IC Dual Plug - Z-Tactical Compatible Only,,,,,,,Yes,True,,,12/29/2025 08:47,"{'date': '12/29/2025', 'date_formatted': '12/29/2025', 'hours': '08', 'minutes': '47', 'am_pm': 'AM', 'unix_timestamp': 1766998020000, 'iso_timestamp': '2025-12-29T08:47:00.000Z', 'timestamp': '12/29/2025 08:47 am', 'time': 527, 'time_formatted': '08:47', 'proper_unix_timestamp': 1767016020000, 'proper_iso_timestamp': '2025-12-29T13:47:00.000Z'}",12/29/2025 08:47,"{'date': '12/29/2025', 'date_formatted': '12/29/2025', 'hours': '08', 'minutes': '47', 'am_pm': 'AM', 'unix_timestamp': 1766998020000, 'iso_timestamp': '2025-12-29T08:47:00.000Z', 'timestamp': '12/29/2025 08:47 am', 'time': 527, 'time_formatted': '08:47', 'proper_unix_timestamp': 1767016020000, 'proper_iso_timestamp': '2025-12-29T13:47:00.000Z'}",,,,,,,,,88,88,$30.00,30,No,False,,,,,36.99,36.99,,,29.40,29.4,12.70,12.7,No,False,,,Yes,True,,,,,,,$30.00,30,$22.42,22.42,No,False
6952866e5ba6f17f2040cdfe,"<span class=""692e72c77a558fba7c8cb9e2"" data-kn=""connection-value"">TC战术耳机转接器民用PTT按键发射对讲机建伍接口支持Z-Tactical-淘宝网</span>","[{'id': '692e72c77a558fba7c8cb9e2', 'identifier': 'TC战术耳机转接器民用PTT按键发射对讲机建伍接口支持Z-Tactical-淘宝网'}]",Active,Active,Yaesu YA Single Plug - Z-Tactical Compatible Only,Yaesu YA Single Plug - Z-Tactical Compatible Only,,,,,,,Yes,True,,,12/29/2025 08:47,"{'date': '12/29/2025', 'date_formatted': '12/29/2025', 'hours': '08', 'minutes': '47', 'am_pm': 'AM', 'unix_timestamp': 1766998020000, 'iso_timestamp': '2025-12-29T08:47:00.000Z', 'timestamp': '12/29/2025 08:47 am', 'time': 527, 'time_formatted': '08:47', 'proper_unix_timestamp': 1767016020000, 'proper_iso_timestamp': '2025-12-29T13:47:00.000Z'}",12/29/2025 08:47,"{'date': '12/29/2025', 'date_formatted': '12/29/2025', 'hours': '08', 'minutes': '47', 'am_pm': 'AM', 'unix_timestamp': 1766998020000, 'iso_timestamp': '2025-12-29T08:47:00.000Z', 'timestamp': '12/29/2025 08:47 am', 'time': 527, 'time_formatted': '08:47', 'proper_unix_timestamp': 1767016020000, 'proper_iso_timestamp': '2025-12-29T13:47:00.000Z'}",,,,,,,,,88,88,$30.00,30,No,False,,,,,36.99,36.99,,,29.40,29.4,12.70,12.7,No,False,,,Yes,True,,,,,,,$30.00,30,$22.42,22.42,No,False
6952866d29de0f71da933af7,"<span class=""692e72c77a558fba7c8cb9e2"" data-kn=""connection-value"">TC战术耳机转接器民用PTT按键发射对讲机建伍接口支持Z-Tactical-淘宝网</span>","[{'id': '692e72c77a558fba7c8cb9e2', 'identifier': 'TC战术耳机转接器民用PTT按键发射对讲机建伍接口支持Z-Tactical-淘宝网'}]",Active,Active,Motorola M2 Dual Plug - Z-Tactical Compatible Only,Motorola M2 Dual Plug - Z-Tactical Compatible Only,,,,,,,Yes,True,,,12/29/2025 08:47,"{'date': '12/29/2025', 'date_formatted': '12/29/2025', 'hours': '08', 'minutes': '47', 'am_pm': 'AM', 'unix_timestamp': 1766998020000, 'iso_timestamp': '2025-12-29T08:47:00.000Z', 'timestamp': '12/29/2025 08:47 am', 'time': 527, 'time_formatted': '08:47', 'proper_unix_timestamp': 1767016020000, 'proper_iso_timestamp': '2025-12-29T13:47:00.000Z'}",12/29/2025 08:47,"{'date': '12/29/2025', 'date_formatted': '12/29/2025', 'hours': '08', 'minutes': '47', 'am_pm': 'AM', 'unix_timestamp': 1766998020000, 'iso_timestamp': '2025-12-29T08:47:00.000Z', 'timestamp': '12/29/2025 08:47 am', 'time': 527, 'time_formatted': '08:47', 'proper_unix_timestamp': 1767016020000, 'proper_iso_timestamp': '2025-12-29T13:47:00.000Z'}",,,,,,,,,50,49.9,$30.00,30,No,False,,,,,24.99,24.99,,,29.30,29.3,12.50,12.5,No,False,,,Yes,True,,,,,,,$30.00,30,$15.18,15.18,No,False
6952866dbdf137d1acfec4fb,"<span class=""692e72c77a558fba7c8cb9e2"" data-kn=""connection-value"">TC战术耳机转接器民用PTT按键发射对讲机建伍接口支持Z-Tactical-淘宝网</span>","[{'id': '692e72c77a558fba7c8cb9e2', 'identifier': 'TC战术耳机转接器民用PTT按键发射对讲机建伍接口支持Z-Tactical-淘宝网'}]",Active,Active,Motorola M1 Single Plug - Z-Tactical Compatible Only,Motorola M1 Single Plug - Z-Tactical Compatible Only,,,,,,,Yes,True,,,12/29/2025 08:47,"{'date': '12/29/2025', 'date_formatted': '12/29/2025', 'hours': '08', 'minutes': '47', 'am_pm': 'AM', 'unix_timestamp': 1766998020000, 'iso_timestamp': '2025-12-29T08:47:00.000Z', 'timestamp': '12/29/2025 08:47 am', 'time': 527, 'time_formatted': '08:47', 'proper_unix_timestamp': 1767016020000, 'proper_iso_timestamp': '2025-12-29T13:47:00.000Z'}",12/29/2025 08:47,"{'date': '12/29/2025', 'date_formatted': '12/29/2025', 'hours': '08', 'minutes': '47', 'am_pm': 'AM', 'unix_timestamp': 1766998020000, 'iso_timestamp': '2025-12-29T08:47:00.000Z', 'timestamp': '12/29/2025 08:47 am', 'time': 527, 'time_formatted': '08:47', 'proper_unix_timestamp': 1767016020000, 'proper_iso_timestamp': '2025-12-29T13:47:00.000Z'}",,,,,,,,,88,88,$30.00,30,No,False,,,,,36.99,36.99,,,29.40,29.4,12.70,12.7,No,False,,,Yes,True,,,,,,,$30.00,30,$22.42,22.42,No,False
6952866c08c488cc57239fa0,"<span class=""692e72c77a558fba7c8cb9e2"" data-kn=""connection-value"">TC战术耳机转接器民用PTT按键发射对讲机建伍接口支持Z-Tactical-淘宝网</span>","[{'id': '692e72c77a558fba7c8cb9e2', 'identifier': 'TC战术耳机转接器民用PTT按键发射对讲机建伍接口支持Z-Tactical-淘宝网'}]",Active,Active,"Kenwood Connector, compatible only with Z-Tactical","Kenwood Connector, compatible only with Z-Tactical",,,,,,,Yes,True,,,12/29/2025 08:47,"{'date': '12/29/2025', 'date_formatted': '12/29/2025', 'hours': '08', 'minutes': '47', 'am_pm': 'AM', 'unix_timestamp': 1766998020000, 'iso_timestamp': '2025-12-29T08:47:00.000Z', 'timestamp': '12/29/2025 08:47 am', 'time': 527, 'time_formatted': '08:47', 'proper_unix_timestamp': 1767016020000, 'proper_iso_timestamp': '2025-12-29T13:47:00.000Z'}",12/29/2025 08:47,"{'date': '12/29/2025', 'date_formatted': '12/29/2025', 'hours': '08', 'minutes': '47', 'am_pm': 'AM', 'unix_timestamp': 1766998020000, 'iso_timestamp': '2025-12-29T08:47:00.000Z', 'timestamp': '12/29/2025 08:47 am', 'time': 527, 'time_formatted': '08:47', 'proper_unix_timestamp': 1767016020000, 'proper_iso_timestamp': '2025-12-29T13:47:00.000Z'}",Color,Color,建伍KEN头 仅支持Z-Tactical,建伍KEN头 仅支持Z-Tactical,,,,,50,49.9,$30.00,30,No,False,,,,,24.99,24.99,,,29.30,29.3,12.50,12.5,No,False,,,Yes,True,,,,,,,$30.00,30,$15.18,15.18,No,False
6952866b84e641484890164e,"<span class=""692e72c445a61c7d1f30fb6b"" data-kn=""connection-value"">Artex户外浪人战术腰带套装多功能组合巡逻腰封可拆卸调节腰带-淘宝网</span>","[{'id': '692e72c445a61c7d1f30fb6b', 'identifier': 'Artex户外浪人战术腰带套装多功能组合巡逻腰封可拆卸调节腰带-淘宝网'}]",Active,Active,One Size / Full MC Camo Set (85-125cm),One Size / Full MC Camo Set (85-125cm),,,,,,,Yes,True,,,12/29/2025 08:47,"{'date': '12/29/2025', 'date_formatted': '12/29/2025', 'hours': '08', 'minutes': '47', 'am_pm': 'AM', 'unix_timestamp': 1766998020000, 'iso_timestamp': '2025-12-29T08:47:00.000Z', 'timestamp': '12/29/2025 08:47 am', 'time': 527, 'time_formatted': '08:47', 'proper_unix_timestamp': 1767016020000, 'proper_iso_timestamp': '2025-12-29T13:47:00.000Z'}",12/29/2025 08:47,"{'date': '12/29/2025', 'date_formatted': '12/29/2025', 'hours': '08', 'minutes': '47', 'am_pm': 'AM', 'unix_timestamp': 1766998020000, 'iso_timestamp': '2025-12-29T08:47:00.000Z', 'timestamp': '12/29/2025 08:47 am', 'time': 527, 'time_formatted': '08:47', 'proper_unix_timestamp': 1767016020000, 'proper_iso_timestamp': '2025-12-29T13:47:00.000Z'}",,,,,,,,,233,233,$30.00,30,No,False,,,,,82.99,82.99,,,29.80,29.8,13.10,13.1,No,False,,,Yes,True,,,,,,,$30.00,30,$49.97,49.97,No,False
6952866bb073c2091ee7250c,"<span class=""692e72c445a61c7d1f30fb6b"" data-kn=""connection-value"">Artex户外浪人战术腰带套装多功能组合巡逻腰封可拆卸调节腰带-淘宝网</span>","[{'id': '692e72c445a61c7d1f30fb6b', 'identifier': 'Artex户外浪人战术腰带套装多功能组合巡逻腰封可拆卸调节腰带-淘宝网'}]",Active,Active,One Size / Full Khaki Set (85-125cm),One Size / Full Khaki Set (85-125cm),,,,,,,Yes,True,,,12/29/2025 08:47,"{'date': '12/29/2025', 'date_formatted': '12/29/2025', 'hours': '08', 'minutes': '47', 'am_pm': 'AM', 'unix_timestamp': 1766998020000, 'iso_timestamp': '2025-12-29T08:47:00.000Z', 'timestamp': '12/29/2025 08:47 am', 'time': 527, 'time_formatted': '08:47', 'proper_unix_timestamp': 1767016020000, 'proper_iso_timestamp': '2025-12-29T13:47:00.000Z'}",12/29/2025 08:47,"{'date': '12/29/2025', 'date_formatted': '12/29/2025', 'hours': '08', 'minutes': '47', 'am_pm': 'AM', 'unix_timestamp': 1766998020000, 'iso_timestamp': '2025-12-29T08:47:00.000Z', 'timestamp': '12/29/2025 08:47 am', 'time': 527, 'time_formatted': '08:47', 'proper_unix_timestamp': 1767016020000, 'proper_iso_timestamp': '2025-12-29T13:47:00.000Z'}",,,,,,,,,233,233,$30.00,30,No,False,,,,,82.99,82.99,,,29.80,29.8,13.10,13.1,No,False,,,Yes,True,,,,,,,$30.00,30,$49.97,49.97,No,False
6952866ae53b0fa5d80dc264,"<span class=""692e72c445a61c7d1f30fb6b"" data-kn=""connection-value"">Artex户外浪人战术腰带套装多功能组合巡逻腰封可拆卸调节腰带-淘宝网</span>","[{'id': '692e72c445a61c7d1f30fb6b', 'identifier': 'Artex户外浪人战术腰带套装多功能组合巡逻腰封可拆卸调节腰带-淘宝网'}]",Active,Active,One Size / Full OD Green Set (85-125cm),One Size / Full OD Green Set (85-125cm),,,,,,,Yes,True,,,12/29/2025 08:47,"{'date': '12/29/2025', 'date_formatted': '12/29/2025', 'hours': '08', 'minutes': '47', 'am_pm': 'AM', 'unix_timestamp': 1766998020000, 'iso_timestamp': '2025-12-29T08:47:00.000Z', 'timestamp': '12/29/2025 08:47 am', 'time': 527, 'time_formatted': '08:47', 'proper_unix_timestamp': 1767016020000, 'proper_iso_timestamp': '2025-12-29T13:47:00.000Z'}",12/29/2025 08:47,"{'date': '12/29/2025', 'date_formatted': '12/29/2025', 'hours': '08', 'minutes': '47', 'am_pm': 'AM', 'unix_timestamp': 1766998020000, 'iso_timestamp': '2025-12-29T08:47:00.000Z', 'timestamp': '12/29/2025 08:47 am', 'time': 527, 'time_formatted': '08:47', 'proper_unix_timestamp': 1767016020000, 'proper_iso_timestamp': '2025-12-29T13:47:00.000Z'}",,,,,,,,,233,233,$30.00,30,No,False,,,,,82.99,82.99,,,29.80,29.8,13.10,13.1,No,False,,,Yes,True,,,,,,,$30.00,30,$49.97,49.97,No,False
6952866a97f46fbba4fdc9d8,"<span class=""692e72c445a61c7d1f30fb6b"" data-kn=""connection-value"">Artex户外浪人战术腰带套装多功能组合巡逻腰封可拆卸调节腰带-淘宝网</span>","[{'id': '692e72c445a61c7d1f30fb6b', 'identifier': 'Artex户外浪人战术腰带套装多功能组合巡逻腰封可拆卸调节腰带-淘宝网'}]",Active,Active,One Size / Full Black Set (85-125cm),One Size / Full Black Set (85-125cm),,,,,,,Yes,True,,,12/29/2025 08:47,"{'date': '12/29/2025', 'date_formatted': '12/29/2025', 'hours': '08', 'minutes': '47', 'am_pm': 'AM', 'unix_timestamp': 1766998020000, 'iso_timestamp': '2025-12-29T08:47:00.000Z', 'timestamp': '12/29/2025 08:47 am', 'time': 527, 'time_formatted': '08:47', 'proper_unix_timestamp': 1767016020000, 'proper_iso_timestamp': '2025-12-29T13:47:00.000Z'}",12/29/2025 08:47,"{'date': '12/29/2025', 'date_formatted': '12/29/2025', 'hours': '08', 'minutes': '47', 'am_pm': 'AM', 'unix_timestamp': 1766998020000, 'iso_timestamp': '2025-12-29T08:47:00.000Z', 'timestamp': '12/29/2025 08:47 am', 'time': 527, 'time_formatted': '08:47', 'proper_unix_timestamp': 1767016020000, 'proper_iso_timestamp': '2025-12-29T13:47:00.000Z'}",,,,,,,,,233,233,$30.00,30,No,False,,,,,82.99,82.99,,,29.80,29.8,13.10,13.1,No,False,,,Yes,True,,,,,,,$30.00,30,$49.97,49.97,No,False
69528669c05a2a4a98054633,"<span class=""692e72bc206a97634815fc25"" data-kn=""connection-value"">WoSporT K系列头盔电池迷彩副包 兼容盔布PVS-31电池配件配重副包-淘宝网</span>","[{'id': '692e72bc206a97634815fc25', 'identifier': 'WoSporT K系列头盔电池迷彩副包 兼容盔布PVS-31电池配件配重副包-淘宝网'}]",Active,Active,CP Camo,CP Camo,,,,,,,Yes,True,,,12/29/2025 08:47,"{'date': '12/29/2025', 'date_formatted': '12/29/2025', 'hours': '08', 'minutes': '47', 'am_pm': 'AM', 'unix_timestamp': 1766998020000, 'iso_timestamp': '2025-12-29T08:47:00.000Z', 'timestamp': '12/29/2025 08:47 am', 'time': 527, 'time_formatted': '08:47', 'proper_unix_timestamp': 1767016020000, 'proper_iso_timestamp': '2025-12-29T13:47:00.000Z'}",12/29/2025 08:47,"{'date': '12/29/2025', 'date_formatted': '12/29/2025', 'hours': '08', 'minutes': '47', 'am_pm': 'AM', 'unix_timestamp': 1766998020000, 'iso_timestamp': '2025-12-29T08:47:00.000Z', 'timestamp': '12/29/2025 08:47 am', 'time': 527, 'time_formatted': '08:47', 'proper_unix_timestamp': 1767016020000, 'proper_iso_timestamp': '2025-12-29T13:47:00.000Z'}",Color,Color,CP Camo,CP Camo,,,,,16,16,$30.00,30,No,False,,,,,14.99,14.99,,,31.70,31.7,15.20,15.2,No,False,,,Yes,True,,,,,,,$30.00,30,$8.74,8.74,No,False
69528667a7ebcd0a81e49a57,"<span class=""692e72b8206a976348158436"" data-kn=""connection-value"">战术背心通用型MOLLE系统手机导航面板包胸口PDA包户外多功能胸包-淘宝网</span>","[{'id': '692e72b8206a976348158436', 'identifier': '战术背心通用型MOLLE系统手机导航面板包胸口PDA包户外多功能胸包-淘宝网'}]",Active,Active,Cordura Coyote Brown CB,Cordura Coyote Brown CB,,,,,,,Yes,True,,,12/29/2025 08:47,"{'date': '12/29/2025', 'date_formatted': '12/29/2025', 'hours': '08', 'minutes': '47', 'am_pm': 'AM', 'unix_timestamp': 1766998020000, 'iso_timestamp': '2025-12-29T08:47:00.000Z', 'timestamp': '12/29/2025 08:47 am', 'time': 527, 'time_formatted': '08:47', 'proper_unix_timestamp': 1767016020000, 'proper_iso_timestamp': '2025-12-29T13:47:00.000Z'}",12/29/2025 08:47,"{'date': '12/29/2025', 'date_formatted': '12/29/2025', 'hours': '08', 'minutes': '47', 'am_pm': 'AM', 'unix_timestamp': 1766998020000, 'iso_timestamp': '2025-12-29T08:47:00.000Z', 'timestamp': '12/29/2025 08:47 am', 'time': 527, 'time_formatted': '08:47', 'proper_unix_timestamp': 1767016020000, 'proper_iso_timestamp': '2025-12-29T13:47:00.000Z'}",,,,,,,,,53,53,$30.00,30,No,False,,,,,25.99,25.99,,,29.30,29.3,12.60,12.6,No,False,,,Yes,True,,,,,,,$30.00,30,$15.77,15.77,No,False
69528666ecc8b5f8b4230632,"<span class=""692e72b8206a976348158436"" data-kn=""connection-value"">战术背心通用型MOLLE系统手机导航面板包胸口PDA包户外多功能胸包-淘宝网</span>","[{'id': '692e72b8206a976348158436', 'identifier': '战术背心通用型MOLLE系统手机导航面板包胸口PDA包户外多功能胸包-淘宝网'}]",Active,Active,Cordura Ranger Green RG,Cordura Ranger Green RG,,,,,,,Yes,True,,,12/29/2025 08:47,"{'date': '12/29/2025', 'date_formatted': '12/29/2025', 'hours': '08', 'minutes': '47', 'am_pm': 'AM', 'unix_timestamp': 1766998020000, 'iso_timestamp': '2025-12-29T08:47:00.000Z', 'timestamp': '12/29/2025 08:47 am', 'time': 527, 'time_formatted': '08:47', 'proper_unix_timestamp': 1767016020000, 'proper_iso_timestamp': '2025-12-29T13:47:00.000Z'}",12/29/2025 08:47,"{'date': '12/29/2025', 'date_formatted': '12/29/2025', 'hours': '08', 'minutes': '47', 'am_pm': 'AM', 'unix_timestamp': 1766998020000, 'iso_timestamp': '2025-12-29T08:47:00.000Z', 'timestamp': '12/29/2025 08:47 am', 'time': 527, 'time_formatted': '08:47', 'proper_unix_timestamp': 1767016020000, 'proper_iso_timestamp': '2025-12-29T13:47:00.000Z'}",,,,,,,,,53,53,$30.00,30,No,False,,,,,25.99,25.99,,,29.30,29.3,12.60,12.6,No,False,,,Yes,True,,,,,,,$30.00,30,$15.77,15.77,No,False
6952866697f46fbba4fda789,"<span class=""692e72b8206a976348158436"" data-kn=""connection-value"">战术背心通用型MOLLE系统手机导航面板包胸口PDA包户外多功能胸包-淘宝网</span>","[{'id': '692e72b8206a976348158436', 'identifier': '战术背心通用型MOLLE系统手机导航面板包胸口PDA包户外多功能胸包-淘宝网'}]",Active,Active,Cordura Wolf Grey WG,Cordura Wolf Grey WG,,,,,,,Yes,True,,,12/29/2025 08:47,"{'date': '12/29/2025', 'date_formatted': '12/29/2025', 'hours': '08', 'minutes': '47', 'am_pm': 'AM', 'unix_timestamp': 1766998020000, 'iso_timestamp': '2025-12-29T08:47:00.000Z', 'timestamp': '12/29/2025 08:47 am', 'time': 527, 'time_formatted': '08:47', 'proper_unix_timestamp': 1767016020000, 'proper_iso_timestamp': '2025-12-29T13:47:00.000Z'}",12/29/2025 08:47,"{'date': '12/29/2025', 'date_formatted': '12/29/2025', 'hours': '08', 'minutes': '47', 'am_pm': 'AM', 'unix_timestamp': 1766998020000, 'iso_timestamp': '2025-12-29T08:47:00.000Z', 'timestamp': '12/29/2025 08:47 am', 'time': 527, 'time_formatted': '08:47', 'proper_unix_timestamp': 1767016020000, 'proper_iso_timestamp': '2025-12-29T13:47:00.000Z'}",,,,,,,,,53,53,$30.00,30,No,False,,,,,25.99,25.99,,,29.30,29.3,12.60,12.6,No,False,,,Yes,True,,,,,,,$30.00,30,$15.77,15.77,No,False
69528665c05a2a4a9804fdd3,"<span class=""692e72b8206a976348158436"" data-kn=""connection-value"">战术背心通用型MOLLE系统手机导航面板包胸口PDA包户外多功能胸包-淘宝网</span>","[{'id': '692e72b8206a976348158436', 'identifier': '战术背心通用型MOLLE系统手机导航面板包胸口PDA包户外多功能胸包-淘宝网'}]",Active,Active,Cordura Black BK,Cordura Black BK,,,,,,,Yes,True,,,12/29/2025 08:47,"{'date': '12/29/2025', 'date_formatted': '12/29/2025', 'hours': '08', 'minutes': '47', 'am_pm': 'AM', 'unix_timestamp': 1766998020000, 'iso_timestamp': '2025-12-29T08:47:00.000Z', 'timestamp': '12/29/2025 08:47 am', 'time': 527, 'time_formatted': '08:47', 'proper_unix_timestamp': 1767016020000, 'proper_iso_timestamp': '2025-12-29T13:47:00.000Z'}",12/29/2025 08:47,"{'date': '12/29/2025', 'date_formatted': '12/29/2025', 'hours': '08', 'minutes': '47', 'am_pm': 'AM', 'unix_timestamp': 1766998020000, 'iso_timestamp': '2025-12-29T08:47:00.000Z', 'timestamp': '12/29/2025 08:47 am', 'time': 527, 'time_formatted': '08:47', 'proper_unix_timestamp': 1767016020000, 'proper_iso_timestamp': '2025-12-29T13:47:00.000Z'}",,,,,,,,,53,53,$30.00,30,No,False,,,,,25.99,25.99,,,29.30,29.3,12.60,12.6,No,False,,,Yes,True,,,,,,,$30.00,30,$15.77,15.77,No,False
69528665987975e07e340799,"<span class=""692e72b8206a976348158436"" data-kn=""connection-value"">战术背心通用型MOLLE系统手机导航面板包胸口PDA包户外多功能胸包-淘宝网</span>","[{'id': '692e72b8206a976348158436', 'identifier': '战术背心通用型MOLLE系统手机导航面板包胸口PDA包户外多功能胸包-淘宝网'}]",Active,Active,Cordura Night Camo BCP,Cordura Night Camo BCP,,,,,,,Yes,True,,,12/29/2025 08:47,"{'date': '12/29/2025', 'date_formatted': '12/29/2025', 'hours': '08', 'minutes': '47', 'am_pm': 'AM', 'unix_timestamp': 1766998020000, 'iso_timestamp': '2025-12-29T08:47:00.000Z', 'timestamp': '12/29/2025 08:47 am', 'time': 527, 'time_formatted': '08:47', 'proper_unix_timestamp': 1767016020000, 'proper_iso_timestamp': '2025-12-29T13:47:00.000Z'}",12/29/2025 08:47,"{'date': '12/29/2025', 'date_formatted': '12/29/2025', 'hours': '08', 'minutes': '47', 'am_pm': 'AM', 'unix_timestamp': 1766998020000, 'iso_timestamp': '2025-12-29T08:47:00.000Z', 'timestamp': '12/29/2025 08:47 am', 'time': 527, 'time_formatted': '08:47', 'proper_unix_timestamp': 1767016020000, 'proper_iso_timestamp': '2025-12-29T13:47:00.000Z'}",,,,,,,,,63,63,$30.00,30,No,False,,,,,28.99,28.99,,,29.00,29,12.30,12.3,No,False,,,Yes,True,,,,,,,$30.00,30,$17.67,17.67,No,False
69528664c05a2a4a9804fc88,"<span class=""692e72b8206a976348158436"" data-kn=""connection-value"">战术背心通用型MOLLE系统手机导航面板包胸口PDA包户外多功能胸包-淘宝网</span>","[{'id': '692e72b8206a976348158436', 'identifier': '战术背心通用型MOLLE系统手机导航面板包胸口PDA包户外多功能胸包-淘宝网'}]",Active,Active,Cordura MC Camo CP Camo,Cordura MC Camo CP Camo,,,,,,,Yes,True,,,12/29/2025 08:47,"{'date': '12/29/2025', 'date_formatted': '12/29/2025', 'hours': '08', 'minutes': '47', 'am_pm': 'AM', 'unix_timestamp': 1766998020000, 'iso_timestamp': '2025-12-29T08:47:00.000Z', 'timestamp': '12/29/2025 08:47 am', 'time': 527, 'time_formatted': '08:47', 'proper_unix_timestamp': 1767016020000, 'proper_iso_timestamp': '2025-12-29T13:47:00.000Z'}",12/29/2025 08:47,"{'date': '12/29/2025', 'date_formatted': '12/29/2025', 'hours': '08', 'minutes': '47', 'am_pm': 'AM', 'unix_timestamp': 1766998020000, 'iso_timestamp': '2025-12-29T08:47:00.000Z', 'timestamp': '12/29/2025 08:47 am', 'time': 527, 'time_formatted': '08:47', 'proper_unix_timestamp': 1767016020000, 'proper_iso_timestamp': '2025-12-29T13:47:00.000Z'}",,,,,,,,,63,63,$30.00,30,No,False,,,,,28.99,28.99,,,29.00,29,12.30,12.3,No,False,,,Yes,True,,,,,,,$30.00,30,$17.67,17.67,No,False
6952866356fd408acc4c6f38,"<span class=""692e72afbbb1193449cedef4"" data-kn=""connection-value"">陌歌 户外M67手雷烟雾模型挂件 可拉环可拆卸 COS装扮 仿真道具-淘宝网</span>","[{'id': '692e72afbbb1193449cedef4', 'identifier': '陌歌 户外M67手雷烟雾模型挂件 可拉环可拆卸 COS装扮 仿真道具-淘宝网'}]",Active,Active,"For sets or models, please contact customer service or visit the store.","For sets or models, please contact customer service or visit the store.",,,,,,,Yes,True,,,12/29/2025 08:47,"{'date': '12/29/2025', 'date_formatted': '12/29/2025', 'hours': '08', 'minutes': '47', 'am_pm': 'AM', 'unix_timestamp': 1766998020000, 'iso_timestamp': '2025-12-29T08:47:00.000Z', 'timestamp': '12/29/2025 08:47 am', 'time': 527, 'time_formatted': '08:47', 'proper_unix_timestamp': 1767016020000, 'proper_iso_timestamp': '2025-12-29T13:47:00.000Z'}",12/29/2025 08:47,"{'date': '12/29/2025', 'date_formatted': '12/29/2025', 'hours': '08', 'minutes': '47', 'am_pm': 'AM', 'unix_timestamp': 1766998020000, 'iso_timestamp': '2025-12-29T08:47:00.000Z', 'timestamp': '12/29/2025 08:47 am', 'time': 527, 'time_formatted': '08:47', 'proper_unix_timestamp': 1767016020000, 'proper_iso_timestamp': '2025-12-29T13:47:00.000Z'}",,,,,,,,,25,25,$30.00,30,No,False,,,,,16.99,16.99,,,28.50,28.5,11.70,11.7,No,False,,,Yes,True,,,,,,,$30.00,30,$10.45,10.45,No,False
6952866204510621d173184b,"<span class=""692e72afbbb1193449cedef4"" data-kn=""connection-value"">陌歌 户外M67手雷烟雾模型挂件 可拉环可拆卸 COS装扮 仿真道具-淘宝网</span>","[{'id': '692e72afbbb1193449cedef4', 'identifier': '陌歌 户外M67手雷烟雾模型挂件 可拉环可拆卸 COS装扮 仿真道具-淘宝网'}]",Active,Active,Smoke Grenade Single Pendant [Tan],Smoke Grenade Single Pendant [Tan],,,,,,,Yes,True,,,12/29/2025 08:47,"{'date': '12/29/2025', 'date_formatted': '12/29/2025', 'hours': '08', 'minutes': '47', 'am_pm': 'AM', 'unix_timestamp': 1766998020000, 'iso_timestamp': '2025-12-29T08:47:00.000Z', 'timestamp': '12/29/2025 08:47 am', 'time': 527, 'time_formatted': '08:47', 'proper_unix_timestamp': 1767016020000, 'proper_iso_timestamp': '2025-12-29T13:47:00.000Z'}",12/29/2025 08:47,"{'date': '12/29/2025', 'date_formatted': '12/29/2025', 'hours': '08', 'minutes': '47', 'am_pm': 'AM', 'unix_timestamp': 1766998020000, 'iso_timestamp': '2025-12-29T08:47:00.000Z', 'timestamp': '12/29/2025 08:47 am', 'time': 527, 'time_formatted': '08:47', 'proper_unix_timestamp': 1767016020000, 'proper_iso_timestamp': '2025-12-29T13:47:00.000Z'}",,,,,,,,,54,54,$30.00,30,No,False,,,,,26.99,26.99,,,30.90,30.9,14.30,14.3,No,False,,,Yes,True,,,,,,,$30.00,30,$15.96,15.96,No,False
6952866256fd408acc4c6524,"<span class=""692e72afbbb1193449cedef4"" data-kn=""connection-value"">陌歌 户外M67手雷烟雾模型挂件 可拉环可拆卸 COS装扮 仿真道具-淘宝网</span>","[{'id': '692e72afbbb1193449cedef4', 'identifier': '陌歌 户外M67手雷烟雾模型挂件 可拉环可拆卸 COS装扮 仿真道具-淘宝网'}]",Active,Active,Smoke Grenade Single Pendant [Black],Smoke Grenade Single Pendant [Black],,,,,,,Yes,True,,,12/29/2025 08:47,"{'date': '12/29/2025', 'date_formatted': '12/29/2025', 'hours': '08', 'minutes': '47', 'am_pm': 'AM', 'unix_timestamp': 1766998020000, 'iso_timestamp': '2025-12-29T08:47:00.000Z', 'timestamp': '12/29/2025 08:47 am', 'time': 527, 'time_formatted': '08:47', 'proper_unix_timestamp': 1767016020000, 'proper_iso_timestamp': '2025-12-29T13:47:00.000Z'}",12/29/2025 08:47,"{'date': '12/29/2025', 'date_formatted': '12/29/2025', 'hours': '08', 'minutes': '47', 'am_pm': 'AM', 'unix_timestamp': 1766998020000, 'iso_timestamp': '2025-12-29T08:47:00.000Z', 'timestamp': '12/29/2025 08:47 am', 'time': 527, 'time_formatted': '08:47', 'proper_unix_timestamp': 1767016020000, 'proper_iso_timestamp': '2025-12-29T13:47:00.000Z'}",,,,,,,,,25,25,$30.00,30,No,False,,,,,16.99,16.99,,,28.50,28.5,11.70,11.7,No,False,,,Yes,True,,,,,,,$30.00,30,$10.45,10.45,No,False
69528661b073c2091ee6e3ba,"<span class=""692e72afbbb1193449cedef4"" data-kn=""connection-value"">陌歌 户外M67手雷烟雾模型挂件 可拉环可拆卸 COS装扮 仿真道具-淘宝网</span>","[{'id': '692e72afbbb1193449cedef4', 'identifier': '陌歌 户外M67手雷烟雾模型挂件 可拉环可拆卸 COS装扮 仿真道具-淘宝网'}]",Active,Active,Grenade Single Pendant [Tan],Grenade Single Pendant [Tan],,,,,,,Yes,True,,,12/29/2025 08:47,"{'date': '12/29/2025', 'date_formatted': '12/29/2025', 'hours': '08', 'minutes': '47', 'am_pm': 'AM', 'unix_timestamp': 1766998020000, 'iso_timestamp': '2025-12-29T08:47:00.000Z', 'timestamp': '12/29/2025 08:47 am', 'time': 527, 'time_formatted': '08:47', 'proper_unix_timestamp': 1767016020000, 'proper_iso_timestamp': '2025-12-29T13:47:00.000Z'}",12/29/2025 08:47,"{'date': '12/29/2025', 'date_formatted': '12/29/2025', 'hours': '08', 'minutes': '47', 'am_pm': 'AM', 'unix_timestamp': 1766998020000, 'iso_timestamp': '2025-12-29T08:47:00.000Z', 'timestamp': '12/29/2025 08:47 am', 'time': 527, 'time_formatted': '08:47', 'proper_unix_timestamp': 1767016020000, 'proper_iso_timestamp': '2025-12-29T13:47:00.000Z'}",,,,,,,,,25,25,$30.00,30,No,False,,,,,16.99,16.99,,,28.50,28.5,11.70,11.7,No,False,,,Yes,True,,,,,,,$30.00,30,$10.45,10.45,No,False
69528661dc3aa591e5caf86b,"<span class=""692e72afbbb1193449cedef4"" data-kn=""connection-value"">陌歌 户外M67手雷烟雾模型挂件 可拉环可拆卸 COS装扮 仿真道具-淘宝网</span>","[{'id': '692e72afbbb1193449cedef4', 'identifier': '陌歌 户外M67手雷烟雾模型挂件 可拉环可拆卸 COS装扮 仿真道具-淘宝网'}]",Active,Active,Grenade Single Pendant [Black],Grenade Single Pendant [Black],,,,,,,Yes,True,,,12/29/2025 08:47,"{'date': '12/29/2025', 'date_formatted': '12/29/2025', 'hours': '08', 'minutes': '47', 'am_pm': 'AM', 'unix_timestamp': 1766998020000, 'iso_timestamp': '2025-12-29T08:47:00.000Z', 'timestamp': '12/29/2025 08:47 am', 'time': 527, 'time_formatted': '08:47', 'proper_unix_timestamp': 1767016020000, 'proper_iso_timestamp': '2025-12-29T13:47:00.000Z'}",12/29/2025 08:47,"{'date': '12/29/2025', 'date_formatted': '12/29/2025', 'hours': '08', 'minutes': '47', 'am_pm': 'AM', 'unix_timestamp': 1766998020000, 'iso_timestamp': '2025-12-29T08:47:00.000Z', 'timestamp': '12/29/2025 08:47 am', 'time': 527, 'time_formatted': '08:47', 'proper_unix_timestamp': 1767016020000, 'proper_iso_timestamp': '2025-12-29T13:47:00.000Z'}",,,,,,,,,25,25,$30.00,30,No,False,,,,,16.99,16.99,,,28.50,28.5,11.70,11.7,No,False,,,Yes,True,,,,,,,$30.00,30,$10.45,10.45,No,False
69528660ecc8b5f8b4229968,"<span class=""692e729c206a976348137ca8"" data-kn=""connection-value"">KUBLAI库拜来P1N23456789/ZY通用进出气阀扳手钥匙拆装工具不锈钢-淘宝网</span>","[{'id': '692e729c206a976348137ca8', 'identifier': 'KUBLAI库拜来P1N23456789/ZY通用进出气阀扳手钥匙拆装工具不锈钢-淘宝网'}]",Active,Active,Wrench + 2 Sets O-rings,Wrench + 2 Sets O-rings,,,,,,,Yes,True,,,12/29/2025 08:47,"{'date': '12/29/2025', 'date_formatted': '12/29/2025', 'hours': '08', 'minutes': '47', 'am_pm': 'AM', 'unix_timestamp': 1766998020000, 'iso_timestamp': '2025-12-29T08:47:00.000Z', 'timestamp': '12/29/2025 08:47 am', 'time': 527, 'time_formatted': '08:47', 'proper_unix_timestamp': 1767016020000, 'proper_iso_timestamp': '2025-12-29T13:47:00.000Z'}",12/29/2025 08:47,"{'date': '12/29/2025', 'date_formatted': '12/29/2025', 'hours': '08', 'minutes': '47', 'am_pm': 'AM', 'unix_timestamp': 1766998020000, 'iso_timestamp': '2025-12-29T08:47:00.000Z', 'timestamp': '12/29/2025 08:47 am', 'time': 527, 'time_formatted': '08:47', 'proper_unix_timestamp': 1767016020000, 'proper_iso_timestamp': '2025-12-29T13:47:00.000Z'}",Color,Color,扳手+O圈2套,扳手+O圈2套,,,,,800,800,$30.00,30,No,False,,,,,262.99,262.99,,,30.00,30,13.40,13.4,No,False,,,Yes,True,,,,,,,$30.00,30,$157.70,157.7,No,False
69528660ecc8b5f8b4228b70,"<span class=""692e72997e25f4f438f8018f"" data-kn=""connection-value"">俄罗斯小绿人搭配防尘防雾战术防风骑行军迷户外头套卡其色绿色-淘宝网</span>","[{'id': '692e72997e25f4f438f8018f', 'identifier': '俄罗斯小绿人搭配防尘防雾战术防风骑行军迷户外头套卡其色绿色-淘宝网'}]",Active,Active,Tan,Tan,,,,,,,Yes,True,,,12/29/2025 08:47,"{'date': '12/29/2025', 'date_formatted': '12/29/2025', 'hours': '08', 'minutes': '47', 'am_pm': 'AM', 'unix_timestamp': 1766998020000, 'iso_timestamp': '2025-12-29T08:47:00.000Z', 'timestamp': '12/29/2025 08:47 am', 'time': 527, 'time_formatted': '08:47', 'proper_unix_timestamp': 1767016020000, 'proper_iso_timestamp': '2025-12-29T13:47:00.000Z'}",12/29/2025 08:47,"{'date': '12/29/2025', 'date_formatted': '12/29/2025', 'hours': '08', 'minutes': '47', 'am_pm': 'AM', 'unix_timestamp': 1766998020000, 'iso_timestamp': '2025-12-29T08:47:00.000Z', 'timestamp': '12/29/2025 08:47 am', 'time': 527, 'time_formatted': '08:47', 'proper_unix_timestamp': 1767016020000, 'proper_iso_timestamp': '2025-12-29T13:47:00.000Z'}",,,,,,,,,1000,1000,$30.00,30,No,False,,,,,325.99,325.99,,,30.00,30,13.30,13.3,No,False,,,Yes,True,,,,,,,$30.00,30,$195.70,195.7,No,False
6952865f6619955c14647a5f,"<span class=""692e72b3ca52923e5b367f41"" data-kn=""connection-value"">战术头盔夜视仪翻斗车支架加装运动相机连接支架头盔配件-淘宝网</span>","[{'id': '692e72b3ca52923e5b367f41', 'identifier': '战术头盔夜视仪翻斗车支架加装运动相机连接支架头盔配件-淘宝网'}]",Active,Active,Black,Black,,,,,,,Yes,True,,,12/29/2025 08:47,"{'date': '12/29/2025', 'date_formatted': '12/29/2025', 'hours': '08', 'minutes': '47', 'am_pm': 'AM', 'unix_timestamp': 1766998020000, 'iso_timestamp': '2025-12-29T08:47:00.000Z', 'timestamp': '12/29/2025 08:47 am', 'time': 527, 'time_formatted': '08:47', 'proper_unix_timestamp': 1767016020000, 'proper_iso_timestamp': '2025-12-29T13:47:00.000Z'}",12/29/2025 08:47,"{'date': '12/29/2025', 'date_formatted': '12/29/2025', 'hours': '08', 'minutes': '47', 'am_pm': 'AM', 'unix_timestamp': 1766998020000, 'iso_timestamp': '2025-12-29T08:47:00.000Z', 'timestamp': '12/29/2025 08:47 am', 'time': 527, 'time_formatted': '08:47', 'proper_unix_timestamp': 1767016020000, 'proper_iso_timestamp': '2025-12-29T13:47:00.000Z'}",,,,,,,,,23,23,$30.00,30,No,False,,,,,16.99,16.99,,,30.70,30.7,14.10,14.1,No,False,,,Yes,True,,,,,,,$30.00,30,$10.07,10.07,No,False
6952865f6619955c14647620,"<span class=""692e729252032e7f96786421"" data-kn=""connection-value"">Speedqb护具套装成人滑板下场护膝护肘护掌SQB水弹酷峰CNSQB竞技-淘宝网</span>","[{'id': '692e729252032e7f96786421', 'identifier': 'Speedqb护具套装成人滑板下场护膝护肘护掌SQB水弹酷峰CNSQB竞技-淘宝网'}]",Active,Active,"Grey-Black Knee, Elbow, and Palm Pads (110-150 lbs)","Grey-Black Knee, Elbow, and Palm Pads (110-150 lbs)",,,,,,,Yes,True,,,12/29/2025 08:47,"{'date': '12/29/2025', 'date_formatted': '12/29/2025', 'hours': '08', 'minutes': '47', 'am_pm': 'AM', 'unix_timestamp': 1766998020000, 'iso_timestamp': '2025-12-29T08:47:00.000Z', 'timestamp': '12/29/2025 08:47 am', 'time': 527, 'time_formatted': '08:47', 'proper_unix_timestamp': 1767016020000, 'proper_iso_timestamp': '2025-12-29T13:47:00.000Z'}",12/29/2025 08:47,"{'date': '12/29/2025', 'date_formatted': '12/29/2025', 'hours': '08', 'minutes': '47', 'am_pm': 'AM', 'unix_timestamp': 1766998020000, 'iso_timestamp': '2025-12-29T08:47:00.000Z', 'timestamp': '12/29/2025 08:47 am', 'time': 527, 'time_formatted': '08:47', 'proper_unix_timestamp': 1767016020000, 'proper_iso_timestamp': '2025-12-29T13:47:00.000Z'}",,,,,,,,,700,700,$30.00,30,No,False,,,,,230.99,230.99,,,30.00,30,13.30,13.3,No,False,,,Yes,True,,,,,,,$30.00,30,$138.70,138.7,No,False
6952865edc3aa591e5cad836,"<span class=""692e729252032e7f96786421"" data-kn=""connection-value"">Speedqb护具套装成人滑板下场护膝护肘护掌SQB水弹酷峰CNSQB竞技-淘宝网</span>","[{'id': '692e729252032e7f96786421', 'identifier': 'Speedqb护具套装成人滑板下场护膝护肘护掌SQB水弹酷峰CNSQB竞技-淘宝网'}]",Active,Active,Unbranded Black Knee Pads (110-160 lbs),Unbranded Black Knee Pads (110-160 lbs),,,,,,,Yes,True,,,12/29/2025 08:47,"{'date': '12/29/2025', 'date_formatted': '12/29/2025', 'hours': '08', 'minutes': '47', 'am_pm': 'AM', 'unix_timestamp': 1766998020000, 'iso_timestamp': '2025-12-29T08:47:00.000Z', 'timestamp': '12/29/2025 08:47 am', 'time': 527, 'time_formatted': '08:47', 'proper_unix_timestamp': 1767016020000, 'proper_iso_timestamp': '2025-12-29T13:47:00.000Z'}",12/29/2025 08:47,"{'date': '12/29/2025', 'date_formatted': '12/29/2025', 'hours': '08', 'minutes': '47', 'am_pm': 'AM', 'unix_timestamp': 1766998020000, 'iso_timestamp': '2025-12-29T08:47:00.000Z', 'timestamp': '12/29/2025 08:47 am', 'time': 527, 'time_formatted': '08:47', 'proper_unix_timestamp': 1767016020000, 'proper_iso_timestamp': '2025-12-29T13:47:00.000Z'}",,,,,,,,,700,700,$30.00,30,No,False,,,,,230.99,230.99,,,30.00,30,13.30,13.3,No,False,,,Yes,True,,,,,,,$30.00,30,$138.70,138.7,No,False
6952865ccbcea56d533173a0,"<span class=""692e729252032e7f96786421"" data-kn=""connection-value"">Speedqb护具套装成人滑板下场护膝护肘护掌SQB水弹酷峰CNSQB竞技-淘宝网</span>","[{'id': '692e729252032e7f96786421', 'identifier': 'Speedqb护具套装成人滑板下场护膝护肘护掌SQB水弹酷峰CNSQB竞技-淘宝网'}]",Active,Active,Kufeng Knee Pads & Elbow Pads 150-210,Kufeng Knee Pads & Elbow Pads 150-210,,,,,,,Yes,True,,,12/29/2025 08:47,"{'date': '12/29/2025', 'date_formatted': '12/29/2025', 'hours': '08', 'minutes': '47', 'am_pm': 'AM', 'unix_timestamp': 1766998020000, 'iso_timestamp': '2025-12-29T08:47:00.000Z', 'timestamp': '12/29/2025 08:47 am', 'time': 527, 'time_formatted': '08:47', 'proper_unix_timestamp': 1767016020000, 'proper_iso_timestamp': '2025-12-29T13:47:00.000Z'}",12/29/2025 08:47,"{'date': '12/29/2025', 'date_formatted': '12/29/2025', 'hours': '08', 'minutes': '47', 'am_pm': 'AM', 'unix_timestamp': 1766998020000, 'iso_timestamp': '2025-12-29T08:47:00.000Z', 'timestamp': '12/29/2025 08:47 am', 'time': 527, 'time_formatted': '08:47', 'proper_unix_timestamp': 1767016020000, 'proper_iso_timestamp': '2025-12-29T13:47:00.000Z'}",,,,,,,,,700,700,$30.00,30,No,False,,,,,230.99,230.99,,,30.00,30,13.30,13.3,No,False,,,Yes,True,,,,,,,$30.00,30,$138.70,138.7,No,False
6952865bb073c2091ee68c79,"<span class=""692e728dfa364bcdfb6f3e62"" data-kn=""connection-value"">运动护臂蜂窝加长防撞防摔擦伤加厚防晒专业袖套手臂护具篮足排球-淘宝网</span>","[{'id': '692e728dfa364bcdfb6f3e62', 'identifier': '运动护臂蜂窝加长防撞防摔擦伤加厚防晒专业袖套手臂护具篮足排球-淘宝网'}]",Active,Active,"L Adult (105.5-125 kg) / 1 pc Honeycomb Extended Sports Arm Sleeve, White","L Adult (105.5-125 kg) / 1 pc Honeycomb Extended Sports Arm Sleeve, White",,,,,,,Yes,True,,,12/29/2025 08:47,"{'date': '12/29/2025', 'date_formatted': '12/29/2025', 'hours': '08', 'minutes': '47', 'am_pm': 'AM', 'unix_timestamp': 1766998020000, 'iso_timestamp': '2025-12-29T08:47:00.000Z', 'timestamp': '12/29/2025 08:47 am', 'time': 527, 'time_formatted': '08:47', 'proper_unix_timestamp': 1767016020000, 'proper_iso_timestamp': '2025-12-29T13:47:00.000Z'}",12/29/2025 08:47,"{'date': '12/29/2025', 'date_formatted': '12/29/2025', 'hours': '08', 'minutes': '47', 'am_pm': 'AM', 'unix_timestamp': 1766998020000, 'iso_timestamp': '2025-12-29T08:47:00.000Z', 'timestamp': '12/29/2025 08:47 am', 'time': 527, 'time_formatted': '08:47', 'proper_unix_timestamp': 1767016020000, 'proper_iso_timestamp': '2025-12-29T13:47:00.000Z'}",Color,Color,L 211-250斤（成人）,L 211-250斤（成人）,Size,Size,1只 蜂窝 加长 运动 护臂白,1只 蜂窝 加长 运动 护臂白,27,26.6,$30.00,30,No,False,,,,,17.99,17.99,,,30.20,30.2,13.60,13.6,No,False,,,Yes,True,,,,,,,$30.00,30,$10.75,10.75,No,False
6952865a84e64148488fd7f9,"<span class=""692e728dfa364bcdfb6f3e62"" data-kn=""connection-value"">运动护臂蜂窝加长防撞防摔擦伤加厚防晒专业袖套手臂护具篮足排球-淘宝网</span>","[{'id': '692e728dfa364bcdfb6f3e62', 'identifier': '运动护臂蜂窝加长防撞防摔擦伤加厚防晒专业袖套手臂护具篮足排球-淘宝网'}]",Active,Active,"L Adult (105.5-125 kg) / 1 pc Honeycomb Extended Sports Arm Sleeve, Black","L Adult (105.5-125 kg) / 1 pc Honeycomb Extended Sports Arm Sleeve, Black",,,,,,,Yes,True,,,12/29/2025 08:47,"{'date': '12/29/2025', 'date_formatted': '12/29/2025', 'hours': '08', 'minutes': '47', 'am_pm': 'AM', 'unix_timestamp': 1766998020000, 'iso_timestamp': '2025-12-29T08:47:00.000Z', 'timestamp': '12/29/2025 08:47 am', 'time': 527, 'time_formatted': '08:47', 'proper_unix_timestamp': 1767016020000, 'proper_iso_timestamp': '2025-12-29T13:47:00.000Z'}",12/29/2025 08:47,"{'date': '12/29/2025', 'date_formatted': '12/29/2025', 'hours': '08', 'minutes': '47', 'am_pm': 'AM', 'unix_timestamp': 1766998020000, 'iso_timestamp': '2025-12-29T08:47:00.000Z', 'timestamp': '12/29/2025 08:47 am', 'time': 527, 'time_formatted': '08:47', 'proper_unix_timestamp': 1767016020000, 'proper_iso_timestamp': '2025-12-29T13:47:00.000Z'}",Color,Color,L 211-250斤（成人）,L 211-250斤（成人）,Size,Size,1只 蜂窝 加长 运动 护臂黑,1只 蜂窝 加长 运动 护臂黑,27,26.6,$30.00,30,No,False,,,,,17.99,17.99,,,30.20,30.2,13.60,13.6,No,False,,,Yes,True,,,,,,,$30.00,30,$10.75,10.75,No,False
6952865ac05a2a4a98046804,"<span class=""692e728dfa364bcdfb6f3e62"" data-kn=""connection-value"">运动护臂蜂窝加长防撞防摔擦伤加厚防晒专业袖套手臂护具篮足排球-淘宝网</span>","[{'id': '692e728dfa364bcdfb6f3e62', 'identifier': '运动护臂蜂窝加长防撞防摔擦伤加厚防晒专业袖套手臂护具篮足排球-淘宝网'}]",Active,Active,"M Adult (85.5-105 kg) / 2 pcs Honeycomb Extended Sports Arm Sleeve, White","M Adult (85.5-105 kg) / 2 pcs Honeycomb Extended Sports Arm Sleeve, White",,,,,,,Yes,True,,,12/29/2025 08:47,"{'date': '12/29/2025', 'date_formatted': '12/29/2025', 'hours': '08', 'minutes': '47', 'am_pm': 'AM', 'unix_timestamp': 1766998020000, 'iso_timestamp': '2025-12-29T08:47:00.000Z', 'timestamp': '12/29/2025 08:47 am', 'time': 527, 'time_formatted': '08:47', 'proper_unix_timestamp': 1767016020000, 'proper_iso_timestamp': '2025-12-29T13:47:00.000Z'}",12/29/2025 08:47,"{'date': '12/29/2025', 'date_formatted': '12/29/2025', 'hours': '08', 'minutes': '47', 'am_pm': 'AM', 'unix_timestamp': 1766998020000, 'iso_timestamp': '2025-12-29T08:47:00.000Z', 'timestamp': '12/29/2025 08:47 am', 'time': 527, 'time_formatted': '08:47', 'proper_unix_timestamp': 1767016020000, 'proper_iso_timestamp': '2025-12-29T13:47:00.000Z'}",Color,Color,M 171-210斤（成人）,M 171-210斤（成人）,Size,Size,2个蜂窝 加长 运动护臂白,2个蜂窝 加长 运动护臂白,27,26.6,$30.00,30,No,False,,,,,17.99,17.99,,,30.20,30.2,13.60,13.6,No,False,,,Yes,True,,,,,,,$30.00,30,$10.75,10.75,No,False
69528659c05a2a4a98046781,"<span class=""692e728dfa364bcdfb6f3e62"" data-kn=""connection-value"">运动护臂蜂窝加长防撞防摔擦伤加厚防晒专业袖套手臂护具篮足排球-淘宝网</span>","[{'id': '692e728dfa364bcdfb6f3e62', 'identifier': '运动护臂蜂窝加长防撞防摔擦伤加厚防晒专业袖套手臂护具篮足排球-淘宝网'}]",Active,Active,"Size M (Adult, 188-231 lbs) / 2 Honeycomb Extended Sports Arm Sleeves, Black","Size M (Adult, 188-231 lbs) / 2 Honeycomb Extended Sports Arm Sleeves, Black",,,,,,,Yes,True,,,12/29/2025 08:47,"{'date': '12/29/2025', 'date_formatted': '12/29/2025', 'hours': '08', 'minutes': '47', 'am_pm': 'AM', 'unix_timestamp': 1766998020000, 'iso_timestamp': '2025-12-29T08:47:00.000Z', 'timestamp': '12/29/2025 08:47 am', 'time': 527, 'time_formatted': '08:47', 'proper_unix_timestamp': 1767016020000, 'proper_iso_timestamp': '2025-12-29T13:47:00.000Z'}",12/29/2025 08:47,"{'date': '12/29/2025', 'date_formatted': '12/29/2025', 'hours': '08', 'minutes': '47', 'am_pm': 'AM', 'unix_timestamp': 1766998020000, 'iso_timestamp': '2025-12-29T08:47:00.000Z', 'timestamp': '12/29/2025 08:47 am', 'time': 527, 'time_formatted': '08:47', 'proper_unix_timestamp': 1767016020000, 'proper_iso_timestamp': '2025-12-29T13:47:00.000Z'}",Color,Color,M 171-210斤（成人）,M 171-210斤（成人）,Size,Size,2个蜂窝 加长 运动护臂黑,2个蜂窝 加长 运动护臂黑,27,26.6,$30.00,30,No,False,,,,,17.99,17.99,,,30.20,30.2,13.60,13.6,No,False,,,Yes,True,,,,,,,$30.00,30,$10.75,10.75,No,False
69528659a7ebcd0a81e3c3a5,"<span class=""692e728dfa364bcdfb6f3e62"" data-kn=""connection-value"">运动护臂蜂窝加长防撞防摔擦伤加厚防晒专业袖套手臂护具篮足排球-淘宝网</span>","[{'id': '692e728dfa364bcdfb6f3e62', 'identifier': '运动护臂蜂窝加长防撞防摔擦伤加厚防晒专业袖套手臂护具篮足排球-淘宝网'}]",Active,Active,"Size S (Adult, 166-187 lbs) / 2 Honeycomb Extended Sports Arm Sleeves, White","Size S (Adult, 166-187 lbs) / 2 Honeycomb Extended Sports Arm Sleeves, White",,,,,,,Yes,True,,,12/29/2025 08:47,"{'date': '12/29/2025', 'date_formatted': '12/29/2025', 'hours': '08', 'minutes': '47', 'am_pm': 'AM', 'unix_timestamp': 1766998020000, 'iso_timestamp': '2025-12-29T08:47:00.000Z', 'timestamp': '12/29/2025 08:47 am', 'time': 527, 'time_formatted': '08:47', 'proper_unix_timestamp': 1767016020000, 'proper_iso_timestamp': '2025-12-29T13:47:00.000Z'}",12/29/2025 08:47,"{'date': '12/29/2025', 'date_formatted': '12/29/2025', 'hours': '08', 'minutes': '47', 'am_pm': 'AM', 'unix_timestamp': 1766998020000, 'iso_timestamp': '2025-12-29T08:47:00.000Z', 'timestamp': '12/29/2025 08:47 am', 'time': 527, 'time_formatted': '08:47', 'proper_unix_timestamp': 1767016020000, 'proper_iso_timestamp': '2025-12-29T13:47:00.000Z'}",Color,Color,S 151-170斤（成人）,S 151-170斤（成人）,Size,Size,2个蜂窝 加长 运动护臂白,2个蜂窝 加长 运动护臂白,27,26.6,$30.00,30,No,False,,,,,17.99,17.99,,,30.20,30.2,13.60,13.6,No,False,,,Yes,True,,,,,,,$30.00,30,$10.75,10.75,No,False
69528658d046b207b9969a5f,"<span class=""692e728dfa364bcdfb6f3e62"" data-kn=""connection-value"">运动护臂蜂窝加长防撞防摔擦伤加厚防晒专业袖套手臂护具篮足排球-淘宝网</span>","[{'id': '692e728dfa364bcdfb6f3e62', 'identifier': '运动护臂蜂窝加长防撞防摔擦伤加厚防晒专业袖套手臂护具篮足排球-淘宝网'}]",Active,Active,"Size S (Adult, 166-187 lbs) / 2 Honeycomb Extended Sports Arm Sleeves, Black","Size S (Adult, 166-187 lbs) / 2 Honeycomb Extended Sports Arm Sleeves, Black",,,,,,,Yes,True,,,12/29/2025 08:47,"{'date': '12/29/2025', 'date_formatted': '12/29/2025', 'hours': '08', 'minutes': '47', 'am_pm': 'AM', 'unix_timestamp': 1766998020000, 'iso_timestamp': '2025-12-29T08:47:00.000Z', 'timestamp': '12/29/2025 08:47 am', 'time': 527, 'time_formatted': '08:47', 'proper_unix_timestamp': 1767016020000, 'proper_iso_timestamp': '2025-12-29T13:47:00.000Z'}",12/29/2025 08:47,"{'date': '12/29/2025', 'date_formatted': '12/29/2025', 'hours': '08', 'minutes': '47', 'am_pm': 'AM', 'unix_timestamp': 1766998020000, 'iso_timestamp': '2025-12-29T08:47:00.000Z', 'timestamp': '12/29/2025 08:47 am', 'time': 527, 'time_formatted': '08:47', 'proper_unix_timestamp': 1767016020000, 'proper_iso_timestamp': '2025-12-29T13:47:00.000Z'}",Color,Color,S 151-170斤（成人）,S 151-170斤（成人）,Size,Size,2个蜂窝 加长 运动护臂黑,2个蜂窝 加长 运动护臂黑,27,26.6,$30.00,30,No,False,,,,,17.99,17.99,,,30.20,30.2,13.60,13.6,No,False,,,Yes,True,,,,,,,$30.00,30,$10.75,10.75,No,False
6952865897f46fbba4fd5490,"<span class=""692e728dfa364bcdfb6f3e62"" data-kn=""connection-value"">运动护臂蜂窝加长防撞防摔擦伤加厚防晒专业袖套手臂护具篮足排球-淘宝网</span>","[{'id': '692e728dfa364bcdfb6f3e62', 'identifier': '运动护臂蜂窝加长防撞防摔擦伤加厚防晒专业袖套手臂护具篮足排球-淘宝网'}]",Active,Active,"Size XS (Adult, 133-165 lbs) / 1 Honeycomb Extended Sports Arm Sleeve, White","Size XS (Adult, 133-165 lbs) / 1 Honeycomb Extended Sports Arm Sleeve, White",,,,,,,Yes,True,,,12/29/2025 08:47,"{'date': '12/29/2025', 'date_formatted': '12/29/2025', 'hours': '08', 'minutes': '47', 'am_pm': 'AM', 'unix_timestamp': 1766998020000, 'iso_timestamp': '2025-12-29T08:47:00.000Z', 'timestamp': '12/29/2025 08:47 am', 'time': 527, 'time_formatted': '08:47', 'proper_unix_timestamp': 1767016020000, 'proper_iso_timestamp': '2025-12-29T13:47:00.000Z'}",12/29/2025 08:47,"{'date': '12/29/2025', 'date_formatted': '12/29/2025', 'hours': '08', 'minutes': '47', 'am_pm': 'AM', 'unix_timestamp': 1766998020000, 'iso_timestamp': '2025-12-29T08:47:00.000Z', 'timestamp': '12/29/2025 08:47 am', 'time': 527, 'time_formatted': '08:47', 'proper_unix_timestamp': 1767016020000, 'proper_iso_timestamp': '2025-12-29T13:47:00.000Z'}",Color,Color,XS 121-150斤（成人）,XS 121-150斤（成人）,Size,Size,1只 蜂窝 加长 运动 护臂白,1只 蜂窝 加长 运动 护臂白,27,26.6,$30.00,30,No,False,,,,,17.99,17.99,,,30.20,30.2,13.60,13.6,No,False,,,Yes,True,,,,,,,$30.00,30,$10.75,10.75,No,False
69528657d08204d0eb7754e8,"<span class=""692e728dfa364bcdfb6f3e62"" data-kn=""connection-value"">运动护臂蜂窝加长防撞防摔擦伤加厚防晒专业袖套手臂护具篮足排球-淘宝网</span>","[{'id': '692e728dfa364bcdfb6f3e62', 'identifier': '运动护臂蜂窝加长防撞防摔擦伤加厚防晒专业袖套手臂护具篮足排球-淘宝网'}]",Active,Active,"Size XS (Adult, 133-165 lbs) / 2 Honeycomb Extended Sports Arm Sleeves, Black","Size XS (Adult, 133-165 lbs) / 2 Honeycomb Extended Sports Arm Sleeves, Black",,,,,,,Yes,True,,,12/29/2025 08:47,"{'date': '12/29/2025', 'date_formatted': '12/29/2025', 'hours': '08', 'minutes': '47', 'am_pm': 'AM', 'unix_timestamp': 1766998020000, 'iso_timestamp': '2025-12-29T08:47:00.000Z', 'timestamp': '12/29/2025 08:47 am', 'time': 527, 'time_formatted': '08:47', 'proper_unix_timestamp': 1767016020000, 'proper_iso_timestamp': '2025-12-29T13:47:00.000Z'}",12/29/2025 08:47,"{'date': '12/29/2025', 'date_formatted': '12/29/2025', 'hours': '08', 'minutes': '47', 'am_pm': 'AM', 'unix_timestamp': 1766998020000, 'iso_timestamp': '2025-12-29T08:47:00.000Z', 'timestamp': '12/29/2025 08:47 am', 'time': 527, 'time_formatted': '08:47', 'proper_unix_timestamp': 1767016020000, 'proper_iso_timestamp': '2025-12-29T13:47:00.000Z'}",Color,Color,XS 121-150斤（成人）,XS 121-150斤（成人）,Size,Size,2个蜂窝 加长 运动护臂黑,2个蜂窝 加长 运动护臂黑,27,26.6,$30.00,30,No,False,,,,,17.99,17.99,,,30.20,30.2,13.60,13.6,No,False,,,Yes,True,,,,,,,$30.00,30,$10.75,10.75,No,False
695286572d75d83ba63a5f80,"<span class=""692e728dfa364bcdfb6f3e62"" data-kn=""connection-value"">运动护臂蜂窝加长防撞防摔擦伤加厚防晒专业袖套手臂护具篮足排球-淘宝网</span>","[{'id': '692e728dfa364bcdfb6f3e62', 'identifier': '运动护臂蜂窝加长防撞防摔擦伤加厚防晒专业袖套手臂护具篮足排球-淘宝网'}]",Active,Active,"Size XXS (Adult, 99-132 lbs) / 2 Honeycomb Extended Sports Arm Sleeves, White","Size XXS (Adult, 99-132 lbs) / 2 Honeycomb Extended Sports Arm Sleeves, White",,,,,,,Yes,True,,,12/29/2025 08:47,"{'date': '12/29/2025', 'date_formatted': '12/29/2025', 'hours': '08', 'minutes': '47', 'am_pm': 'AM', 'unix_timestamp': 1766998020000, 'iso_timestamp': '2025-12-29T08:47:00.000Z', 'timestamp': '12/29/2025 08:47 am', 'time': 527, 'time_formatted': '08:47', 'proper_unix_timestamp': 1767016020000, 'proper_iso_timestamp': '2025-12-29T13:47:00.000Z'}",12/29/2025 08:47,"{'date': '12/29/2025', 'date_formatted': '12/29/2025', 'hours': '08', 'minutes': '47', 'am_pm': 'AM', 'unix_timestamp': 1766998020000, 'iso_timestamp': '2025-12-29T08:47:00.000Z', 'timestamp': '12/29/2025 08:47 am', 'time': 527, 'time_formatted': '08:47', 'proper_unix_timestamp': 1767016020000, 'proper_iso_timestamp': '2025-12-29T13:47:00.000Z'}",Color,Color,XXS 90-120斤（成人）,XXS 90-120斤（成人）,Size,Size,2个蜂窝 加长 运动护臂白,2个蜂窝 加长 运动护臂白,27,26.6,$30.00,30,No,False,,,,,17.99,17.99,,,30.20,30.2,13.60,13.6,No,False,,,Yes,True,,,,,,,$30.00,30,$10.75,10.75,No,False
6952865629de0f71da9125ef,"<span class=""692e72857e25f4f438f73968"" data-kn=""connection-value"">战术激光灯PEQ15红绿镭射指示器沃德森M300/M600手电双控鼠尾套装-淘宝网</span>","[{'id': '692e72857e25f4f438f73968', 'identifier': '战术激光灯PEQ15红绿镭射指示器沃德森M300/M600手电双控鼠尾套装-淘宝网'}]",Active,Active,Tan - Full Function Red Laser + M300A + Constant On Dual Control Pressure Switch Included Battery + Charger,Tan - Full Function Red Laser + M300A + Constant On Dual Control Pressure Switch Included Battery + Charger,,,,,,,Yes,True,,,12/29/2025 08:47,"{'date': '12/29/2025', 'date_formatted': '12/29/2025', 'hours': '08', 'minutes': '47', 'am_pm': 'AM', 'unix_timestamp': 1766998020000, 'iso_timestamp': '2025-12-29T08:47:00.000Z', 'timestamp': '12/29/2025 08:47 am', 'time': 527, 'time_formatted': '08:47', 'proper_unix_timestamp': 1767016020000, 'proper_iso_timestamp': '2025-12-29T13:47:00.000Z'}",12/29/2025 08:47,"{'date': '12/29/2025', 'date_formatted': '12/29/2025', 'hours': '08', 'minutes': '47', 'am_pm': 'AM', 'unix_timestamp': 1766998020000, 'iso_timestamp': '2025-12-29T08:47:00.000Z', 'timestamp': '12/29/2025 08:47 am', 'time': 527, 'time_formatted': '08:47', 'proper_unix_timestamp': 1767016020000, 'proper_iso_timestamp': '2025-12-29T13:47:00.000Z'}",,,,,,,,,1000,1000,$30.00,30,No,False,,,,,325.99,325.99,,,30.00,30,13.30,13.3,No,False,,,Yes,True,,,,,,,$30.00,30,$195.70,195.7,No,False
6952865604510621d1726d4c,"<span class=""692e72857e25f4f438f73968"" data-kn=""connection-value"">战术激光灯PEQ15红绿镭射指示器沃德森M300/M600手电双控鼠尾套装-淘宝网</span>","[{'id': '692e72857e25f4f438f73968', 'identifier': '战术激光灯PEQ15红绿镭射指示器沃德森M300/M600手电双控鼠尾套装-淘宝网'}]",Active,Active,Black - Full Function Red Laser + M300A + Constant On Dual Control Pressure Switch Included Battery + Charger,Black - Full Function Red Laser + M300A + Constant On Dual Control Pressure Switch Included Battery + Charger,,,,,,,Yes,True,,,12/29/2025 08:47,"{'date': '12/29/2025', 'date_formatted': '12/29/2025', 'hours': '08', 'minutes': '47', 'am_pm': 'AM', 'unix_timestamp': 1766998020000, 'iso_timestamp': '2025-12-29T08:47:00.000Z', 'timestamp': '12/29/2025 08:47 am', 'time': 527, 'time_formatted': '08:47', 'proper_unix_timestamp': 1767016020000, 'proper_iso_timestamp': '2025-12-29T13:47:00.000Z'}",12/29/2025 08:47,"{'date': '12/29/2025', 'date_formatted': '12/29/2025', 'hours': '08', 'minutes': '47', 'am_pm': 'AM', 'unix_timestamp': 1766998020000, 'iso_timestamp': '2025-12-29T08:47:00.000Z', 'timestamp': '12/29/2025 08:47 am', 'time': 527, 'time_formatted': '08:47', 'proper_unix_timestamp': 1767016020000, 'proper_iso_timestamp': '2025-12-29T13:47:00.000Z'}",,,,,,,,,1000,1000,$30.00,30,No,False,,,,,325.99,325.99,,,30.00,30,13.30,13.3,No,False,,,Yes,True,,,,,,,$30.00,30,$195.70,195.7,No,False
695286555ba6f17f2040a533,"<span class=""692e72857e25f4f438f73968"" data-kn=""connection-value"">战术激光灯PEQ15红绿镭射指示器沃德森M300/M600手电双控鼠尾套装-淘宝网</span>","[{'id': '692e72857e25f4f438f73968', 'identifier': '战术激光灯PEQ15红绿镭射指示器沃德森M300/M600手电双控鼠尾套装-淘宝网'}]",Active,Active,Tan - Full Function Green Laser + M600C + Pressure Switch Included Battery + Charger,Tan - Full Function Green Laser + M600C + Pressure Switch Included Battery + Charger,,,,,,,Yes,True,,,12/29/2025 08:47,"{'date': '12/29/2025', 'date_formatted': '12/29/2025', 'hours': '08', 'minutes': '47', 'am_pm': 'AM', 'unix_timestamp': 1766998020000, 'iso_timestamp': '2025-12-29T08:47:00.000Z', 'timestamp': '12/29/2025 08:47 am', 'time': 527, 'time_formatted': '08:47', 'proper_unix_timestamp': 1767016020000, 'proper_iso_timestamp': '2025-12-29T13:47:00.000Z'}",12/29/2025 08:47,"{'date': '12/29/2025', 'date_formatted': '12/29/2025', 'hours': '08', 'minutes': '47', 'am_pm': 'AM', 'unix_timestamp': 1766998020000, 'iso_timestamp': '2025-12-29T08:47:00.000Z', 'timestamp': '12/29/2025 08:47 am', 'time': 527, 'time_formatted': '08:47', 'proper_unix_timestamp': 1767016020000, 'proper_iso_timestamp': '2025-12-29T13:47:00.000Z'}",,,,,,,,,1000,1000,$30.00,30,No,False,,,,,325.99,325.99,,,30.00,30,13.30,13.3,No,False,,,Yes,True,,,,,,,$30.00,30,$195.70,195.7,No,False
69528655b073c2091ee5f95a,"<span class=""692e72857e25f4f438f73968"" data-kn=""connection-value"">战术激光灯PEQ15红绿镭射指示器沃德森M300/M600手电双控鼠尾套装-淘宝网</span>","[{'id': '692e72857e25f4f438f73968', 'identifier': '战术激光灯PEQ15红绿镭射指示器沃德森M300/M600手电双控鼠尾套装-淘宝网'}]",Active,Active,Black - Full Function Green Laser + M300A + Pressure Switch Included Battery + Charger,Black - Full Function Green Laser + M300A + Pressure Switch Included Battery + Charger,,,,,,,Yes,True,,,12/29/2025 08:47,"{'date': '12/29/2025', 'date_formatted': '12/29/2025', 'hours': '08', 'minutes': '47', 'am_pm': 'AM', 'unix_timestamp': 1766998020000, 'iso_timestamp': '2025-12-29T08:47:00.000Z', 'timestamp': '12/29/2025 08:47 am', 'time': 527, 'time_formatted': '08:47', 'proper_unix_timestamp': 1767016020000, 'proper_iso_timestamp': '2025-12-29T13:47:00.000Z'}",12/29/2025 08:47,"{'date': '12/29/2025', 'date_formatted': '12/29/2025', 'hours': '08', 'minutes': '47', 'am_pm': 'AM', 'unix_timestamp': 1766998020000, 'iso_timestamp': '2025-12-29T08:47:00.000Z', 'timestamp': '12/29/2025 08:47 am', 'time': 527, 'time_formatted': '08:47', 'proper_unix_timestamp': 1767016020000, 'proper_iso_timestamp': '2025-12-29T13:47:00.000Z'}",,,,,,,,,1000,1000,$30.00,30,No,False,,,,,325.99,325.99,,,30.00,30,13.30,13.3,No,False,,,Yes,True,,,,,,,$30.00,30,$195.70,195.7,No,False
695286547c1031906b4dcb8b,"<span class=""692e72857e25f4f438f73968"" data-kn=""connection-value"">战术激光灯PEQ15红绿镭射指示器沃德森M300/M600手电双控鼠尾套装-淘宝网</span>","[{'id': '692e72857e25f4f438f73968', 'identifier': '战术激光灯PEQ15红绿镭射指示器沃德森M300/M600手电双控鼠尾套装-淘宝网'}]",Active,Active,Tan - Full Function Red Laser + M600C + Pressure Switch Included Battery + Charger,Tan - Full Function Red Laser + M600C + Pressure Switch Included Battery + Charger,,,,,,,Yes,True,,,12/29/2025 08:47,"{'date': '12/29/2025', 'date_formatted': '12/29/2025', 'hours': '08', 'minutes': '47', 'am_pm': 'AM', 'unix_timestamp': 1766998020000, 'iso_timestamp': '2025-12-29T08:47:00.000Z', 'timestamp': '12/29/2025 08:47 am', 'time': 527, 'time_formatted': '08:47', 'proper_unix_timestamp': 1767016020000, 'proper_iso_timestamp': '2025-12-29T13:47:00.000Z'}",12/29/2025 08:47,"{'date': '12/29/2025', 'date_formatted': '12/29/2025', 'hours': '08', 'minutes': '47', 'am_pm': 'AM', 'unix_timestamp': 1766998020000, 'iso_timestamp': '2025-12-29T08:47:00.000Z', 'timestamp': '12/29/2025 08:47 am', 'time': 527, 'time_formatted': '08:47', 'proper_unix_timestamp': 1767016020000, 'proper_iso_timestamp': '2025-12-29T13:47:00.000Z'}",,,,,,,,,1000,1000,$30.00,30,No,False,,,,,325.99,325.99,,,30.00,30,13.30,13.3,No,False,,,Yes,True,,,,,,,$30.00,30,$195.70,195.7,No,False
69528654ecc8b5f8b4213d26,"<span class=""692e72857e25f4f438f73968"" data-kn=""connection-value"">战术激光灯PEQ15红绿镭射指示器沃德森M300/M600手电双控鼠尾套装-淘宝网</span>","[{'id': '692e72857e25f4f438f73968', 'identifier': '战术激光灯PEQ15红绿镭射指示器沃德森M300/M600手电双控鼠尾套装-淘宝网'}]",Active,Active,Black - Full Function Red Laser + M600C + Pressure Switch Included Battery + Charger,Black - Full Function Red Laser + M600C + Pressure Switch Included Battery + Charger,,,,,,,Yes,True,,,12/29/2025 08:47,"{'date': '12/29/2025', 'date_formatted': '12/29/2025', 'hours': '08', 'minutes': '47', 'am_pm': 'AM', 'unix_timestamp': 1766998020000, 'iso_timestamp': '2025-12-29T08:47:00.000Z', 'timestamp': '12/29/2025 08:47 am', 'time': 527, 'time_formatted': '08:47', 'proper_unix_timestamp': 1767016020000, 'proper_iso_timestamp': '2025-12-29T13:47:00.000Z'}",12/29/2025 08:47,"{'date': '12/29/2025', 'date_formatted': '12/29/2025', 'hours': '08', 'minutes': '47', 'am_pm': 'AM', 'unix_timestamp': 1766998020000, 'iso_timestamp': '2025-12-29T08:47:00.000Z', 'timestamp': '12/29/2025 08:47 am', 'time': 527, 'time_formatted': '08:47', 'proper_unix_timestamp': 1767016020000, 'proper_iso_timestamp': '2025-12-29T13:47:00.000Z'}",,,,,,,,,1000,1000,$30.00,30,No,False,,,,,325.99,325.99,,,30.00,30,13.30,13.3,No,False,,,Yes,True,,,,,,,$30.00,30,$195.70,195.7,No,False
695286537c1031906b4db1f2,"<span class=""692e72857e25f4f438f73968"" data-kn=""connection-value"">战术激光灯PEQ15红绿镭射指示器沃德森M300/M600手电双控鼠尾套装-淘宝网</span>","[{'id': '692e72857e25f4f438f73968', 'identifier': '战术激光灯PEQ15红绿镭射指示器沃德森M300/M600手电双控鼠尾套装-淘宝网'}]",Active,Active,Black - Full Function Red Laser + M300A + Pressure Switch Included Battery + Charger,Black - Full Function Red Laser + M300A + Pressure Switch Included Battery + Charger,,,,,,,Yes,True,,,12/29/2025 08:46,"{'date': '12/29/2025', 'date_formatted': '12/29/2025', 'hours': '08', 'minutes': '46', 'am_pm': 'AM', 'unix_timestamp': 1766997960000, 'iso_timestamp': '2025-12-29T08:46:00.000Z', 'timestamp': '12/29/2025 08:46 am', 'time': 526, 'time_formatted': '08:46', 'proper_unix_timestamp': 1767015960000, 'proper_iso_timestamp': '2025-12-29T13:46:00.000Z'}",12/29/2025 08:46,"{'date': '12/29/2025', 'date_formatted': '12/29/2025', 'hours': '08', 'minutes': '46', 'am_pm': 'AM', 'unix_timestamp': 1766997960000, 'iso_timestamp': '2025-12-29T08:46:00.000Z', 'timestamp': '12/29/2025 08:46 am', 'time': 526, 'time_formatted': '08:46', 'proper_unix_timestamp': 1767015960000, 'proper_iso_timestamp': '2025-12-29T13:46:00.000Z'}",,,,,,,,,1000,1000,$30.00,30,No,False,,,,,325.99,325.99,,,30.00,30,13.30,13.3,No,False,,,Yes,True,,,,,,,$30.00,30,$195.70,195.7,No,False
69528653ecc8b5f8b42115a2,"<span class=""692e728045a61c7d1f2dfbee"" data-kn=""connection-value"">户外多功能腋下通用尼龙战术配件背带快拆肩带挂绳单点式斜跨挂带-淘宝网</span>","[{'id': '692e728045a61c7d1f2dfbee', 'identifier': '户外多功能腋下通用尼龙战术配件背带快拆肩带挂绳单点式斜跨挂带-淘宝网'}]",Active,Active,One Size Fits All / Ruin Green Camo + Shoulder Straps,One Size Fits All / Ruin Green Camo + Shoulder Straps,,,,,,,Yes,True,,,12/29/2025 08:46,"{'date': '12/29/2025', 'date_formatted': '12/29/2025', 'hours': '08', 'minutes': '46', 'am_pm': 'AM', 'unix_timestamp': 1766997960000, 'iso_timestamp': '2025-12-29T08:46:00.000Z', 'timestamp': '12/29/2025 08:46 am', 'time': 526, 'time_formatted': '08:46', 'proper_unix_timestamp': 1767015960000, 'proper_iso_timestamp': '2025-12-29T13:46:00.000Z'}",12/29/2025 08:46,"{'date': '12/29/2025', 'date_formatted': '12/29/2025', 'hours': '08', 'minutes': '46', 'am_pm': 'AM', 'unix_timestamp': 1766997960000, 'iso_timestamp': '2025-12-29T08:46:00.000Z', 'timestamp': '12/29/2025 08:46 am', 'time': 526, 'time_formatted': '08:46', 'proper_unix_timestamp': 1767015960000, 'proper_iso_timestamp': '2025-12-29T13:46:00.000Z'}",,,,,,,,,16,15.99,$30.00,30,No,False,,,,,14.99,14.99,,,31.70,31.7,15.20,15.2,No,False,,,Yes,True,,,,,,,$30.00,30,$8.74,8.74,No,False
69528652ecc8b5f8b4210787,"<span class=""692e728045a61c7d1f2dfbee"" data-kn=""connection-value"">户外多功能腋下通用尼龙战术配件背带快拆肩带挂绳单点式斜跨挂带-淘宝网</span>","[{'id': '692e728045a61c7d1f2dfbee', 'identifier': '户外多功能腋下通用尼龙战术配件背带快拆肩带挂绳单点式斜跨挂带-淘宝网'}]",Active,Active,One Size Fits All / CP Camo + Shoulder Straps,One Size Fits All / CP Camo + Shoulder Straps,,,,,,,Yes,True,,,12/29/2025 08:46,"{'date': '12/29/2025', 'date_formatted': '12/29/2025', 'hours': '08', 'minutes': '46', 'am_pm': 'AM', 'unix_timestamp': 1766997960000, 'iso_timestamp': '2025-12-29T08:46:00.000Z', 'timestamp': '12/29/2025 08:46 am', 'time': 526, 'time_formatted': '08:46', 'proper_unix_timestamp': 1767015960000, 'proper_iso_timestamp': '2025-12-29T13:46:00.000Z'}",12/29/2025 08:46,"{'date': '12/29/2025', 'date_formatted': '12/29/2025', 'hours': '08', 'minutes': '46', 'am_pm': 'AM', 'unix_timestamp': 1766997960000, 'iso_timestamp': '2025-12-29T08:46:00.000Z', 'timestamp': '12/29/2025 08:46 am', 'time': 526, 'time_formatted': '08:46', 'proper_unix_timestamp': 1767015960000, 'proper_iso_timestamp': '2025-12-29T13:46:00.000Z'}",,,,,,,,,16,15.99,$30.00,30,No,False,,,,,14.99,14.99,,,31.70,31.7,15.20,15.2,No,False,,,Yes,True,,,,,,,$30.00,30,$8.74,8.74,No,False
69528652c05a2a4a980451ff,"<span class=""692e728045a61c7d1f2dfbee"" data-kn=""connection-value"">户外多功能腋下通用尼龙战术配件背带快拆肩带挂绳单点式斜跨挂带-淘宝网</span>","[{'id': '692e728045a61c7d1f2dfbee', 'identifier': '户外多功能腋下通用尼龙战术配件背带快拆肩带挂绳单点式斜跨挂带-淘宝网'}]",Active,Active,One Size Fits All / Khaki + Shoulder Straps,One Size Fits All / Khaki + Shoulder Straps,,,,,,,Yes,True,,,12/29/2025 08:46,"{'date': '12/29/2025', 'date_formatted': '12/29/2025', 'hours': '08', 'minutes': '46', 'am_pm': 'AM', 'unix_timestamp': 1766997960000, 'iso_timestamp': '2025-12-29T08:46:00.000Z', 'timestamp': '12/29/2025 08:46 am', 'time': 526, 'time_formatted': '08:46', 'proper_unix_timestamp': 1767015960000, 'proper_iso_timestamp': '2025-12-29T13:46:00.000Z'}",12/29/2025 08:46,"{'date': '12/29/2025', 'date_formatted': '12/29/2025', 'hours': '08', 'minutes': '46', 'am_pm': 'AM', 'unix_timestamp': 1766997960000, 'iso_timestamp': '2025-12-29T08:46:00.000Z', 'timestamp': '12/29/2025 08:46 am', 'time': 526, 'time_formatted': '08:46', 'proper_unix_timestamp': 1767015960000, 'proper_iso_timestamp': '2025-12-29T13:46:00.000Z'}",,,,,,,,,16,15.99,$30.00,30,No,False,,,,,14.99,14.99,,,31.70,31.7,15.20,15.2,No,False,,,Yes,True,,,,,,,$30.00,30,$8.74,8.74,No,False
69528651afc3e1940bf5e2ca,"<span class=""692e728045a61c7d1f2dfbee"" data-kn=""connection-value"">户外多功能腋下通用尼龙战术配件背带快拆肩带挂绳单点式斜跨挂带-淘宝网</span>","[{'id': '692e728045a61c7d1f2dfbee', 'identifier': '户外多功能腋下通用尼龙战术配件背带快拆肩带挂绳单点式斜跨挂带-淘宝网'}]",Active,Active,One Size Fits All / Army Green + Shoulder Straps,One Size Fits All / Army Green + Shoulder Straps,,,,,,,Yes,True,,,12/29/2025 08:46,"{'date': '12/29/2025', 'date_formatted': '12/29/2025', 'hours': '08', 'minutes': '46', 'am_pm': 'AM', 'unix_timestamp': 1766997960000, 'iso_timestamp': '2025-12-29T08:46:00.000Z', 'timestamp': '12/29/2025 08:46 am', 'time': 526, 'time_formatted': '08:46', 'proper_unix_timestamp': 1767015960000, 'proper_iso_timestamp': '2025-12-29T13:46:00.000Z'}",12/29/2025 08:46,"{'date': '12/29/2025', 'date_formatted': '12/29/2025', 'hours': '08', 'minutes': '46', 'am_pm': 'AM', 'unix_timestamp': 1766997960000, 'iso_timestamp': '2025-12-29T08:46:00.000Z', 'timestamp': '12/29/2025 08:46 am', 'time': 526, 'time_formatted': '08:46', 'proper_unix_timestamp': 1767015960000, 'proper_iso_timestamp': '2025-12-29T13:46:00.000Z'}",,,,,,,,,16,15.99,$30.00,30,No,False,,,,,14.99,14.99,,,31.70,31.7,15.20,15.2,No,False,,,Yes,True,,,,,,,$30.00,30,$8.74,8.74,No,False
69528651987975e07e33345d,"<span class=""692e728045a61c7d1f2dfbee"" data-kn=""connection-value"">户外多功能腋下通用尼龙战术配件背带快拆肩带挂绳单点式斜跨挂带-淘宝网</span>","[{'id': '692e728045a61c7d1f2dfbee', 'identifier': '户外多功能腋下通用尼龙战术配件背带快拆肩带挂绳单点式斜跨挂带-淘宝网'}]",Active,Active,One Size Fits All / Black + Shoulder Straps,One Size Fits All / Black + Shoulder Straps,,,,,,,Yes,True,,,12/29/2025 08:46,"{'date': '12/29/2025', 'date_formatted': '12/29/2025', 'hours': '08', 'minutes': '46', 'am_pm': 'AM', 'unix_timestamp': 1766997960000, 'iso_timestamp': '2025-12-29T08:46:00.000Z', 'timestamp': '12/29/2025 08:46 am', 'time': 526, 'time_formatted': '08:46', 'proper_unix_timestamp': 1767015960000, 'proper_iso_timestamp': '2025-12-29T13:46:00.000Z'}",12/29/2025 08:46,"{'date': '12/29/2025', 'date_formatted': '12/29/2025', 'hours': '08', 'minutes': '46', 'am_pm': 'AM', 'unix_timestamp': 1766997960000, 'iso_timestamp': '2025-12-29T08:46:00.000Z', 'timestamp': '12/29/2025 08:46 am', 'time': 526, 'time_formatted': '08:46', 'proper_unix_timestamp': 1767015960000, 'proper_iso_timestamp': '2025-12-29T13:46:00.000Z'}",,,,,,,,,16,15.99,$30.00,30,No,False,,,,,14.99,14.99,,,31.70,31.7,15.20,15.2,No,False,,,Yes,True,,,,,,,$30.00,30,$8.74,8.74,No,False
6952865097f46fbba4fcfcfb,"<span class=""692e728045a61c7d1f2dfbee"" data-kn=""connection-value"">户外多功能腋下通用尼龙战术配件背带快拆肩带挂绳单点式斜跨挂带-淘宝网</span>","[{'id': '692e728045a61c7d1f2dfbee', 'identifier': '户外多功能腋下通用尼龙战术配件背带快拆肩带挂绳单点式斜跨挂带-淘宝网'}]",Active,Active,One Size Fits All / Ruin Camo,One Size Fits All / Ruin Camo,,,,,,,Yes,True,,,12/29/2025 08:46,"{'date': '12/29/2025', 'date_formatted': '12/29/2025', 'hours': '08', 'minutes': '46', 'am_pm': 'AM', 'unix_timestamp': 1766997960000, 'iso_timestamp': '2025-12-29T08:46:00.000Z', 'timestamp': '12/29/2025 08:46 am', 'time': 526, 'time_formatted': '08:46', 'proper_unix_timestamp': 1767015960000, 'proper_iso_timestamp': '2025-12-29T13:46:00.000Z'}",12/29/2025 08:46,"{'date': '12/29/2025', 'date_formatted': '12/29/2025', 'hours': '08', 'minutes': '46', 'am_pm': 'AM', 'unix_timestamp': 1766997960000, 'iso_timestamp': '2025-12-29T08:46:00.000Z', 'timestamp': '12/29/2025 08:46 am', 'time': 526, 'time_formatted': '08:46', 'proper_unix_timestamp': 1767015960000, 'proper_iso_timestamp': '2025-12-29T13:46:00.000Z'}",,,,,,,,,16,15.99,$30.00,30,No,False,,,,,14.99,14.99,,,31.70,31.7,15.20,15.2,No,False,,,Yes,True,,,,,,,$30.00,30,$8.74,8.74,No,False
695286507c1031906b4d842b,"<span class=""692e728045a61c7d1f2dfbee"" data-kn=""connection-value"">户外多功能腋下通用尼龙战术配件背带快拆肩带挂绳单点式斜跨挂带-淘宝网</span>","[{'id': '692e728045a61c7d1f2dfbee', 'identifier': '户外多功能腋下通用尼龙战术配件背带快拆肩带挂绳单点式斜跨挂带-淘宝网'}]",Active,Active,One Size Fits All / CP Camo,One Size Fits All / CP Camo,,,,,,,Yes,True,,,12/29/2025 08:46,"{'date': '12/29/2025', 'date_formatted': '12/29/2025', 'hours': '08', 'minutes': '46', 'am_pm': 'AM', 'unix_timestamp': 1766997960000, 'iso_timestamp': '2025-12-29T08:46:00.000Z', 'timestamp': '12/29/2025 08:46 am', 'time': 526, 'time_formatted': '08:46', 'proper_unix_timestamp': 1767015960000, 'proper_iso_timestamp': '2025-12-29T13:46:00.000Z'}",12/29/2025 08:46,"{'date': '12/29/2025', 'date_formatted': '12/29/2025', 'hours': '08', 'minutes': '46', 'am_pm': 'AM', 'unix_timestamp': 1766997960000, 'iso_timestamp': '2025-12-29T08:46:00.000Z', 'timestamp': '12/29/2025 08:46 am', 'time': 526, 'time_formatted': '08:46', 'proper_unix_timestamp': 1767015960000, 'proper_iso_timestamp': '2025-12-29T13:46:00.000Z'}",,,,,,,,,16,15.99,$30.00,30,No,False,,,,,14.99,14.99,,,31.70,31.7,15.20,15.2,No,False,,,Yes,True,,,,,,,$30.00,30,$8.74,8.74,No,False
6952864fed3dc8f8ad39f4db,"<span class=""692e728045a61c7d1f2dfbee"" data-kn=""connection-value"">户外多功能腋下通用尼龙战术配件背带快拆肩带挂绳单点式斜跨挂带-淘宝网</span>","[{'id': '692e728045a61c7d1f2dfbee', 'identifier': '户外多功能腋下通用尼龙战术配件背带快拆肩带挂绳单点式斜跨挂带-淘宝网'}]",Active,Active,One Size Fits All / Khaki,One Size Fits All / Khaki,,,,,,,Yes,True,,,12/29/2025 08:46,"{'date': '12/29/2025', 'date_formatted': '12/29/2025', 'hours': '08', 'minutes': '46', 'am_pm': 'AM', 'unix_timestamp': 1766997960000, 'iso_timestamp': '2025-12-29T08:46:00.000Z', 'timestamp': '12/29/2025 08:46 am', 'time': 526, 'time_formatted': '08:46', 'proper_unix_timestamp': 1767015960000, 'proper_iso_timestamp': '2025-12-29T13:46:00.000Z'}",12/29/2025 08:46,"{'date': '12/29/2025', 'date_formatted': '12/29/2025', 'hours': '08', 'minutes': '46', 'am_pm': 'AM', 'unix_timestamp': 1766997960000, 'iso_timestamp': '2025-12-29T08:46:00.000Z', 'timestamp': '12/29/2025 08:46 am', 'time': 526, 'time_formatted': '08:46', 'proper_unix_timestamp': 1767015960000, 'proper_iso_timestamp': '2025-12-29T13:46:00.000Z'}",,,,,,,,,16,15.99,$30.00,30,No,False,,,,,14.99,14.99,,,31.70,31.7,15.20,15.2,No,False,,,Yes,True,,,,,,,$30.00,30,$8.74,8.74,No,False
6952864fd046b207b995a64f,"<span class=""692e728045a61c7d1f2dfbee"" data-kn=""connection-value"">户外多功能腋下通用尼龙战术配件背带快拆肩带挂绳单点式斜跨挂带-淘宝网</span>","[{'id': '692e728045a61c7d1f2dfbee', 'identifier': '户外多功能腋下通用尼龙战术配件背带快拆肩带挂绳单点式斜跨挂带-淘宝网'}]",Active,Active,One Size Fits All / Army Green,One Size Fits All / Army Green,,,,,,,Yes,True,,,12/29/2025 08:46,"{'date': '12/29/2025', 'date_formatted': '12/29/2025', 'hours': '08', 'minutes': '46', 'am_pm': 'AM', 'unix_timestamp': 1766997960000, 'iso_timestamp': '2025-12-29T08:46:00.000Z', 'timestamp': '12/29/2025 08:46 am', 'time': 526, 'time_formatted': '08:46', 'proper_unix_timestamp': 1767015960000, 'proper_iso_timestamp': '2025-12-29T13:46:00.000Z'}",12/29/2025 08:46,"{'date': '12/29/2025', 'date_formatted': '12/29/2025', 'hours': '08', 'minutes': '46', 'am_pm': 'AM', 'unix_timestamp': 1766997960000, 'iso_timestamp': '2025-12-29T08:46:00.000Z', 'timestamp': '12/29/2025 08:46 am', 'time': 526, 'time_formatted': '08:46', 'proper_unix_timestamp': 1767015960000, 'proper_iso_timestamp': '2025-12-29T13:46:00.000Z'}",,,,,,,,,16,15.99,$30.00,30,No,False,,,,,14.99,14.99,,,31.70,31.7,15.20,15.2,No,False,,,Yes,True,,,,,,,$30.00,30,$8.74,8.74,No,False
6952864e8e2a1900c603ed2f,"<span class=""692e728045a61c7d1f2dfbee"" data-kn=""connection-value"">户外多功能腋下通用尼龙战术配件背带快拆肩带挂绳单点式斜跨挂带-淘宝网</span>","[{'id': '692e728045a61c7d1f2dfbee', 'identifier': '户外多功能腋下通用尼龙战术配件背带快拆肩带挂绳单点式斜跨挂带-淘宝网'}]",Active,Active,One Size Fits All / Black,One Size Fits All / Black,,,,,,,Yes,True,,,12/29/2025 08:46,"{'date': '12/29/2025', 'date_formatted': '12/29/2025', 'hours': '08', 'minutes': '46', 'am_pm': 'AM', 'unix_timestamp': 1766997960000, 'iso_timestamp': '2025-12-29T08:46:00.000Z', 'timestamp': '12/29/2025 08:46 am', 'time': 526, 'time_formatted': '08:46', 'proper_unix_timestamp': 1767015960000, 'proper_iso_timestamp': '2025-12-29T13:46:00.000Z'}",12/29/2025 08:46,"{'date': '12/29/2025', 'date_formatted': '12/29/2025', 'hours': '08', 'minutes': '46', 'am_pm': 'AM', 'unix_timestamp': 1766997960000, 'iso_timestamp': '2025-12-29T08:46:00.000Z', 'timestamp': '12/29/2025 08:46 am', 'time': 526, 'time_formatted': '08:46', 'proper_unix_timestamp': 1767015960000, 'proper_iso_timestamp': '2025-12-29T13:46:00.000Z'}",,,,,,,,,16,15.99,$30.00,30,No,False,,,,,14.99,14.99,,,31.70,31.7,15.20,15.2,No,False,,,Yes,True,,,,,,,$30.00,30,$8.74,8.74,No,False
6952864e3d269fea159e6ed9,"<span class=""692e727df419468df1dc7eaa"" data-kn=""connection-value"">MAG内置弹夹袋快拔固定板工具附件包战术背心5.56/7.62硬质内衬板-淘宝网</span>","[{'id': '692e727df419468df1dc7eaa', 'identifier': 'MAG内置弹夹袋快拔固定板工具附件包战术背心5.56/7.62硬质内衬板-淘宝网'}]",Active,Active,Black BK (Standard Model),Black BK (Standard Model),,,,,,,Yes,True,,,12/29/2025 08:46,"{'date': '12/29/2025', 'date_formatted': '12/29/2025', 'hours': '08', 'minutes': '46', 'am_pm': 'AM', 'unix_timestamp': 1766997960000, 'iso_timestamp': '2025-12-29T08:46:00.000Z', 'timestamp': '12/29/2025 08:46 am', 'time': 526, 'time_formatted': '08:46', 'proper_unix_timestamp': 1767015960000, 'proper_iso_timestamp': '2025-12-29T13:46:00.000Z'}",12/29/2025 08:46,"{'date': '12/29/2025', 'date_formatted': '12/29/2025', 'hours': '08', 'minutes': '46', 'am_pm': 'AM', 'unix_timestamp': 1766997960000, 'iso_timestamp': '2025-12-29T08:46:00.000Z', 'timestamp': '12/29/2025 08:46 am', 'time': 526, 'time_formatted': '08:46', 'proper_unix_timestamp': 1767015960000, 'proper_iso_timestamp': '2025-12-29T13:46:00.000Z'}",,,,,,,,,100,100,$30.00,30,No,False,,,,,40.99,40.99,,,29.70,29.7,13.00,13,No,False,,,Yes,True,,,,,,,$30.00,30,$24.70,24.7,No,False
6952864dd046b207b9958a1d,"<span class=""692e7275fa364bcdfb6d8da6"" data-kn=""connection-value"">ARSON MACHINE电筒PEQ鼠尾开关金属卡槽导轨固定器线夹铝制导线-淘宝网</span>","[{'id': '692e7275fa364bcdfb6d8da6', 'identifier': 'ARSON MACHINE电筒PEQ鼠尾开关金属卡槽导轨固定器线夹铝制导线-淘宝网'}]",Active,Active,20MM Rail Cable Management [Blue x3],20MM Rail Cable Management [Blue x3],,,,,,,Yes,True,,,12/29/2025 08:46,"{'date': '12/29/2025', 'date_formatted': '12/29/2025', 'hours': '08', 'minutes': '46', 'am_pm': 'AM', 'unix_timestamp': 1766997960000, 'iso_timestamp': '2025-12-29T08:46:00.000Z', 'timestamp': '12/29/2025 08:46 am', 'time': 526, 'time_formatted': '08:46', 'proper_unix_timestamp': 1767015960000, 'proper_iso_timestamp': '2025-12-29T13:46:00.000Z'}",12/29/2025 08:46,"{'date': '12/29/2025', 'date_formatted': '12/29/2025', 'hours': '08', 'minutes': '46', 'am_pm': 'AM', 'unix_timestamp': 1766997960000, 'iso_timestamp': '2025-12-29T08:46:00.000Z', 'timestamp': '12/29/2025 08:46 am', 'time': 526, 'time_formatted': '08:46', 'proper_unix_timestamp': 1767015960000, 'proper_iso_timestamp': '2025-12-29T13:46:00.000Z'}",,,,,,,,,600,600,$30.00,30,No,False,,,,,198.99,198.99,,,29.80,29.8,13.20,13.2,No,False,,,Yes,True,,,,,,,$30.00,30,$119.70,119.7,No,False
6952864d7c1031906b4d3fd7,"<span class=""692e7275fa364bcdfb6d8da6"" data-kn=""connection-value"">ARSON MACHINE电筒PEQ鼠尾开关金属卡槽导轨固定器线夹铝制导线-淘宝网</span>","[{'id': '692e7275fa364bcdfb6d8da6', 'identifier': 'ARSON MACHINE电筒PEQ鼠尾开关金属卡槽导轨固定器线夹铝制导线-淘宝网'}]",Active,Active,20MM Rail Cable Management [Red x3],20MM Rail Cable Management [Red x3],,,,,,,Yes,True,,,12/29/2025 08:46,"{'date': '12/29/2025', 'date_formatted': '12/29/2025', 'hours': '08', 'minutes': '46', 'am_pm': 'AM', 'unix_timestamp': 1766997960000, 'iso_timestamp': '2025-12-29T08:46:00.000Z', 'timestamp': '12/29/2025 08:46 am', 'time': 526, 'time_formatted': '08:46', 'proper_unix_timestamp': 1767015960000, 'proper_iso_timestamp': '2025-12-29T13:46:00.000Z'}",12/29/2025 08:46,"{'date': '12/29/2025', 'date_formatted': '12/29/2025', 'hours': '08', 'minutes': '46', 'am_pm': 'AM', 'unix_timestamp': 1766997960000, 'iso_timestamp': '2025-12-29T08:46:00.000Z', 'timestamp': '12/29/2025 08:46 am', 'time': 526, 'time_formatted': '08:46', 'proper_unix_timestamp': 1767015960000, 'proper_iso_timestamp': '2025-12-29T13:46:00.000Z'}",,,,,,,,,600,600,$30.00,30,No,False,,,,,198.99,198.99,,,29.80,29.8,13.20,13.2,No,False,,,Yes,True,,,,,,,$30.00,30,$119.70,119.7,No,False
6952864cdc3aa591e5c9c1bf,"<span class=""692e7275fa364bcdfb6d8da6"" data-kn=""connection-value"">ARSON MACHINE电筒PEQ鼠尾开关金属卡槽导轨固定器线夹铝制导线-淘宝网</span>","[{'id': '692e7275fa364bcdfb6d8da6', 'identifier': 'ARSON MACHINE电筒PEQ鼠尾开关金属卡槽导轨固定器线夹铝制导线-淘宝网'}]",Active,Active,20MM Rail Cable Management [Black x3],20MM Rail Cable Management [Black x3],,,,,,,Yes,True,,,12/29/2025 08:46,"{'date': '12/29/2025', 'date_formatted': '12/29/2025', 'hours': '08', 'minutes': '46', 'am_pm': 'AM', 'unix_timestamp': 1766997960000, 'iso_timestamp': '2025-12-29T08:46:00.000Z', 'timestamp': '12/29/2025 08:46 am', 'time': 526, 'time_formatted': '08:46', 'proper_unix_timestamp': 1767015960000, 'proper_iso_timestamp': '2025-12-29T13:46:00.000Z'}",12/29/2025 08:46,"{'date': '12/29/2025', 'date_formatted': '12/29/2025', 'hours': '08', 'minutes': '46', 'am_pm': 'AM', 'unix_timestamp': 1766997960000, 'iso_timestamp': '2025-12-29T08:46:00.000Z', 'timestamp': '12/29/2025 08:46 am', 'time': 526, 'time_formatted': '08:46', 'proper_unix_timestamp': 1767015960000, 'proper_iso_timestamp': '2025-12-29T13:46:00.000Z'}",,,,,,,,,600,600,$30.00,30,No,False,,,,,198.99,198.99,,,29.80,29.8,13.20,13.2,No,False,,,Yes,True,,,,,,,$30.00,30,$119.70,119.7,No,False
6952864c56fd408acc4c0d0e,"<span class=""692e7275fa364bcdfb6d8da6"" data-kn=""connection-value"">ARSON MACHINE电筒PEQ鼠尾开关金属卡槽导轨固定器线夹铝制导线-淘宝网</span>","[{'id': '692e7275fa364bcdfb6d8da6', 'identifier': 'ARSON MACHINE电筒PEQ鼠尾开关金属卡槽导轨固定器线夹铝制导线-淘宝网'}]",Active,Active,20MM Rail Cable Management [Blue x1],20MM Rail Cable Management [Blue x1],,,,,,,Yes,True,,,12/29/2025 08:46,"{'date': '12/29/2025', 'date_formatted': '12/29/2025', 'hours': '08', 'minutes': '46', 'am_pm': 'AM', 'unix_timestamp': 1766997960000, 'iso_timestamp': '2025-12-29T08:46:00.000Z', 'timestamp': '12/29/2025 08:46 am', 'time': 526, 'time_formatted': '08:46', 'proper_unix_timestamp': 1767015960000, 'proper_iso_timestamp': '2025-12-29T13:46:00.000Z'}",12/29/2025 08:46,"{'date': '12/29/2025', 'date_formatted': '12/29/2025', 'hours': '08', 'minutes': '46', 'am_pm': 'AM', 'unix_timestamp': 1766997960000, 'iso_timestamp': '2025-12-29T08:46:00.000Z', 'timestamp': '12/29/2025 08:46 am', 'time': 526, 'time_formatted': '08:46', 'proper_unix_timestamp': 1767015960000, 'proper_iso_timestamp': '2025-12-29T13:46:00.000Z'}",,,,,,,,,600,600,$30.00,30,No,False,,,,,198.99,198.99,,,29.80,29.8,13.20,13.2,No,False,,,Yes,True,,,,,,,$30.00,30,$119.70,119.7,No,False
6952864b7c1031906b4d1c00,"<span class=""692e7275fa364bcdfb6d8da6"" data-kn=""connection-value"">ARSON MACHINE电筒PEQ鼠尾开关金属卡槽导轨固定器线夹铝制导线-淘宝网</span>","[{'id': '692e7275fa364bcdfb6d8da6', 'identifier': 'ARSON MACHINE电筒PEQ鼠尾开关金属卡槽导轨固定器线夹铝制导线-淘宝网'}]",Active,Active,20MM Rail Cable Management [Tan x1],20MM Rail Cable Management [Tan x1],,,,,,,Yes,True,,,12/29/2025 08:46,"{'date': '12/29/2025', 'date_formatted': '12/29/2025', 'hours': '08', 'minutes': '46', 'am_pm': 'AM', 'unix_timestamp': 1766997960000, 'iso_timestamp': '2025-12-29T08:46:00.000Z', 'timestamp': '12/29/2025 08:46 am', 'time': 526, 'time_formatted': '08:46', 'proper_unix_timestamp': 1767015960000, 'proper_iso_timestamp': '2025-12-29T13:46:00.000Z'}",12/29/2025 08:46,"{'date': '12/29/2025', 'date_formatted': '12/29/2025', 'hours': '08', 'minutes': '46', 'am_pm': 'AM', 'unix_timestamp': 1766997960000, 'iso_timestamp': '2025-12-29T08:46:00.000Z', 'timestamp': '12/29/2025 08:46 am', 'time': 526, 'time_formatted': '08:46', 'proper_unix_timestamp': 1767015960000, 'proper_iso_timestamp': '2025-12-29T13:46:00.000Z'}",,,,,,,,,600,600,$30.00,30,No,False,,,,,198.99,198.99,,,29.80,29.8,13.20,13.2,No,False,,,Yes,True,,,,,,,$30.00,30,$119.70,119.7,No,False
6952864be53b0fa5d80bcb2e,"<span class=""692e7275fa364bcdfb6d8da6"" data-kn=""connection-value"">ARSON MACHINE电筒PEQ鼠尾开关金属卡槽导轨固定器线夹铝制导线-淘宝网</span>","[{'id': '692e7275fa364bcdfb6d8da6', 'identifier': 'ARSON MACHINE电筒PEQ鼠尾开关金属卡槽导轨固定器线夹铝制导线-淘宝网'}]",Active,Active,20MM Rail Cable Management [Green x3],20MM Rail Cable Management [Green x3],,,,,,,Yes,True,,,12/29/2025 08:46,"{'date': '12/29/2025', 'date_formatted': '12/29/2025', 'hours': '08', 'minutes': '46', 'am_pm': 'AM', 'unix_timestamp': 1766997960000, 'iso_timestamp': '2025-12-29T08:46:00.000Z', 'timestamp': '12/29/2025 08:46 am', 'time': 526, 'time_formatted': '08:46', 'proper_unix_timestamp': 1767015960000, 'proper_iso_timestamp': '2025-12-29T13:46:00.000Z'}",12/29/2025 08:46,"{'date': '12/29/2025', 'date_formatted': '12/29/2025', 'hours': '08', 'minutes': '46', 'am_pm': 'AM', 'unix_timestamp': 1766997960000, 'iso_timestamp': '2025-12-29T08:46:00.000Z', 'timestamp': '12/29/2025 08:46 am', 'time': 526, 'time_formatted': '08:46', 'proper_unix_timestamp': 1767015960000, 'proper_iso_timestamp': '2025-12-29T13:46:00.000Z'}",,,,,,,,,600,600,$30.00,30,No,False,,,,,198.99,198.99,,,29.80,29.8,13.20,13.2,No,False,,,Yes,True,,,,,,,$30.00,30,$119.70,119.7,No,False
6952864aecc8b5f8b4204f73,"<span class=""692e726618f8102e61ac21b2"" data-kn=""connection-value"">蝮蛇2011 hi capa快速拉柄模型G17 TTiG34蛋夹底盖握把井制退器-淘宝网</span>","[{'id': '692e726618f8102e61ac21b2', 'identifier': '蝮蛇2011 hi capa快速拉柄模型G17 TTiG34蛋夹底盖握把井制退器-淘宝网'}]",Active,Active,Golden Grip / Blackhawk 2011 Viper (AQK Spring-Powered Model Compatible),Golden Grip / Blackhawk 2011 Viper (AQK Spring-Powered Model Compatible),,,,,,,Yes,True,,,12/29/2025 08:46,"{'date': '12/29/2025', 'date_formatted': '12/29/2025', 'hours': '08', 'minutes': '46', 'am_pm': 'AM', 'unix_timestamp': 1766997960000, 'iso_timestamp': '2025-12-29T08:46:00.000Z', 'timestamp': '12/29/2025 08:46 am', 'time': 526, 'time_formatted': '08:46', 'proper_unix_timestamp': 1767015960000, 'proper_iso_timestamp': '2025-12-29T13:46:00.000Z'}",12/29/2025 08:46,"{'date': '12/29/2025', 'date_formatted': '12/29/2025', 'hours': '08', 'minutes': '46', 'am_pm': 'AM', 'unix_timestamp': 1766997960000, 'iso_timestamp': '2025-12-29T08:46:00.000Z', 'timestamp': '12/29/2025 08:46 am', 'time': 526, 'time_formatted': '08:46', 'proper_unix_timestamp': 1767015960000, 'proper_iso_timestamp': '2025-12-29T13:46:00.000Z'}",Color,Color,金柄,金柄,Size,Size,黑鹰2011蝮蛇(AQK手拉款模型通用),黑鹰2011蝮蛇(AQK手拉款模型通用),37,36.88,$30.00,30,No,False,,,,,20.99,20.99,,,29.50,29.5,12.70,12.7,No,False,,,Yes,True,,,,,,,$30.00,30,$12.71,12.71,No,False
69528649c05a2a4a9803de29,"<span class=""692e726618f8102e61ac21b2"" data-kn=""connection-value"">蝮蛇2011 hi capa快速拉柄模型G17 TTiG34蛋夹底盖握把井制退器-淘宝网</span>","[{'id': '692e726618f8102e61ac21b2', 'identifier': '蝮蛇2011 hi capa快速拉柄模型G17 TTiG34蛋夹底盖握把井制退器-淘宝网'}]",Active,Active,Gold Handle / Blue Whale WK Viper 2011,Gold Handle / Blue Whale WK Viper 2011,,,,,,,Yes,True,,,12/29/2025 08:46,"{'date': '12/29/2025', 'date_formatted': '12/29/2025', 'hours': '08', 'minutes': '46', 'am_pm': 'AM', 'unix_timestamp': 1766997960000, 'iso_timestamp': '2025-12-29T08:46:00.000Z', 'timestamp': '12/29/2025 08:46 am', 'time': 526, 'time_formatted': '08:46', 'proper_unix_timestamp': 1767015960000, 'proper_iso_timestamp': '2025-12-29T13:46:00.000Z'}",12/29/2025 08:46,"{'date': '12/29/2025', 'date_formatted': '12/29/2025', 'hours': '08', 'minutes': '46', 'am_pm': 'AM', 'unix_timestamp': 1766997960000, 'iso_timestamp': '2025-12-29T08:46:00.000Z', 'timestamp': '12/29/2025 08:46 am', 'time': 526, 'time_formatted': '08:46', 'proper_unix_timestamp': 1767015960000, 'proper_iso_timestamp': '2025-12-29T13:46:00.000Z'}",Color,Color,金柄,金柄,Size,Size,蓝鲸WK蝮蛇2011,蓝鲸WK蝮蛇2011,37,36.88,$30.00,30,No,False,,,,,20.99,20.99,,,29.50,29.5,12.70,12.7,No,False,,,Yes,True,,,,,,,$30.00,30,$12.71,12.71,No,False
6952864904510621d171d0b7,"<span class=""692e726618f8102e61ac21b2"" data-kn=""connection-value"">蝮蛇2011 hi capa快速拉柄模型G17 TTiG34蛋夹底盖握把井制退器-淘宝网</span>","[{'id': '692e726618f8102e61ac21b2', 'identifier': '蝮蛇2011 hi capa快速拉柄模型G17 TTiG34蛋夹底盖握把井制退器-淘宝网'}]",Active,Active,Gold Handle / Lucifer 2011,Gold Handle / Lucifer 2011,,,,,,,Yes,True,,,12/29/2025 08:46,"{'date': '12/29/2025', 'date_formatted': '12/29/2025', 'hours': '08', 'minutes': '46', 'am_pm': 'AM', 'unix_timestamp': 1766997960000, 'iso_timestamp': '2025-12-29T08:46:00.000Z', 'timestamp': '12/29/2025 08:46 am', 'time': 526, 'time_formatted': '08:46', 'proper_unix_timestamp': 1767015960000, 'proper_iso_timestamp': '2025-12-29T13:46:00.000Z'}",12/29/2025 08:46,"{'date': '12/29/2025', 'date_formatted': '12/29/2025', 'hours': '08', 'minutes': '46', 'am_pm': 'AM', 'unix_timestamp': 1766997960000, 'iso_timestamp': '2025-12-29T08:46:00.000Z', 'timestamp': '12/29/2025 08:46 am', 'time': 526, 'time_formatted': '08:46', 'proper_unix_timestamp': 1767015960000, 'proper_iso_timestamp': '2025-12-29T13:46:00.000Z'}",Color,Color,金柄,金柄,Size,Size,路西法2011,路西法2011,37,36.88,$30.00,30,No,False,,,,,20.99,20.99,,,29.50,29.5,12.70,12.7,No,False,,,Yes,True,,,,,,,$30.00,30,$12.71,12.71,No,False
6952864929256c1eb73aecbc,"<span class=""692e726618f8102e61ac21b2"" data-kn=""connection-value"">蝮蛇2011 hi capa快速拉柄模型G17 TTiG34蛋夹底盖握把井制退器-淘宝网</span>","[{'id': '692e726618f8102e61ac21b2', 'identifier': '蝮蛇2011 hi capa快速拉柄模型G17 TTiG34蛋夹底盖握把井制退器-淘宝网'}]",Active,Active,Gold Handle / JMT Viper 2011,Gold Handle / JMT Viper 2011,,,,,,,Yes,True,,,12/29/2025 08:46,"{'date': '12/29/2025', 'date_formatted': '12/29/2025', 'hours': '08', 'minutes': '46', 'am_pm': 'AM', 'unix_timestamp': 1766997960000, 'iso_timestamp': '2025-12-29T08:46:00.000Z', 'timestamp': '12/29/2025 08:46 am', 'time': 526, 'time_formatted': '08:46', 'proper_unix_timestamp': 1767015960000, 'proper_iso_timestamp': '2025-12-29T13:46:00.000Z'}",12/29/2025 08:46,"{'date': '12/29/2025', 'date_formatted': '12/29/2025', 'hours': '08', 'minutes': '46', 'am_pm': 'AM', 'unix_timestamp': 1766997960000, 'iso_timestamp': '2025-12-29T08:46:00.000Z', 'timestamp': '12/29/2025 08:46 am', 'time': 526, 'time_formatted': '08:46', 'proper_unix_timestamp': 1767015960000, 'proper_iso_timestamp': '2025-12-29T13:46:00.000Z'}",Color,Color,金柄,金柄,Size,Size,JMT蝮蛇2011,JMT蝮蛇2011,37,36.88,$30.00,30,No,False,,,,,20.99,20.99,,,29.50,29.5,12.70,12.7,No,False,,,Yes,True,,,,,,,$30.00,30,$12.71,12.71,No,False
6952864808c488cc57215f1d,"<span class=""692e726618f8102e61ac21b2"" data-kn=""connection-value"">蝮蛇2011 hi capa快速拉柄模型G17 TTiG34蛋夹底盖握把井制退器-淘宝网</span>","[{'id': '692e726618f8102e61ac21b2', 'identifier': '蝮蛇2011 hi capa快速拉柄模型G17 TTiG34蛋夹底盖握把井制退器-淘宝网'}]",Active,Active,Gold Handle / Tomato Viper 2011,Gold Handle / Tomato Viper 2011,,,,,,,Yes,True,,,12/29/2025 08:46,"{'date': '12/29/2025', 'date_formatted': '12/29/2025', 'hours': '08', 'minutes': '46', 'am_pm': 'AM', 'unix_timestamp': 1766997960000, 'iso_timestamp': '2025-12-29T08:46:00.000Z', 'timestamp': '12/29/2025 08:46 am', 'time': 526, 'time_formatted': '08:46', 'proper_unix_timestamp': 1767015960000, 'proper_iso_timestamp': '2025-12-29T13:46:00.000Z'}",12/29/2025 08:46,"{'date': '12/29/2025', 'date_formatted': '12/29/2025', 'hours': '08', 'minutes': '46', 'am_pm': 'AM', 'unix_timestamp': 1766997960000, 'iso_timestamp': '2025-12-29T08:46:00.000Z', 'timestamp': '12/29/2025 08:46 am', 'time': 526, 'time_formatted': '08:46', 'proper_unix_timestamp': 1767015960000, 'proper_iso_timestamp': '2025-12-29T13:46:00.000Z'}",Color,Color,金柄,金柄,Size,Size,番茄蝮蛇2011,番茄蝮蛇2011,100,100,$30.00,30,No,False,,,,,40.99,40.99,,,29.70,29.7,13.00,13,No,False,,,Yes,True,,,,,,,$30.00,30,$24.70,24.7,No,False
6952864884e64148488f32f5,"<span class=""692e726618f8102e61ac21b2"" data-kn=""connection-value"">蝮蛇2011 hi capa快速拉柄模型G17 TTiG34蛋夹底盖握把井制退器-淘宝网</span>","[{'id': '692e726618f8102e61ac21b2', 'identifier': '蝮蛇2011 hi capa快速拉柄模型G17 TTiG34蛋夹底盖握把井制退器-淘宝网'}]",Active,Active,Gold Handle / Japan Marui hi–capa,Gold Handle / Japan Marui hi–capa,,,,,,,Yes,True,,,12/29/2025 08:46,"{'date': '12/29/2025', 'date_formatted': '12/29/2025', 'hours': '08', 'minutes': '46', 'am_pm': 'AM', 'unix_timestamp': 1766997960000, 'iso_timestamp': '2025-12-29T08:46:00.000Z', 'timestamp': '12/29/2025 08:46 am', 'time': 526, 'time_formatted': '08:46', 'proper_unix_timestamp': 1767015960000, 'proper_iso_timestamp': '2025-12-29T13:46:00.000Z'}",12/29/2025 08:46,"{'date': '12/29/2025', 'date_formatted': '12/29/2025', 'hours': '08', 'minutes': '46', 'am_pm': 'AM', 'unix_timestamp': 1766997960000, 'iso_timestamp': '2025-12-29T08:46:00.000Z', 'timestamp': '12/29/2025 08:46 am', 'time': 526, 'time_formatted': '08:46', 'proper_unix_timestamp': 1767015960000, 'proper_iso_timestamp': '2025-12-29T13:46:00.000Z'}",Color,Color,金柄,金柄,Size,Size,Japan Marui hi–capa,Japan Marui hi–capa,37,36.88,$30.00,30,No,False,,,,,20.99,20.99,,,29.50,29.5,12.70,12.7,No,False,,,Yes,True,,,,,,,$30.00,30,$12.71,12.71,No,False
69528647afc3e1940bf564bd,"<span class=""692e726618f8102e61ac21b2"" data-kn=""connection-value"">蝮蛇2011 hi capa快速拉柄模型G17 TTiG34蛋夹底盖握把井制退器-淘宝网</span>","[{'id': '692e726618f8102e61ac21b2', 'identifier': '蝮蛇2011 hi capa快速拉柄模型G17 TTiG34蛋夹底盖握把井制退器-淘宝网'}]",Active,Active,Red Handle / Black Hawk 2011 Viper (AQK Manual Slide Model Compatible),Red Handle / Black Hawk 2011 Viper (AQK Manual Slide Model Compatible),,,,,,,Yes,True,,,12/29/2025 08:46,"{'date': '12/29/2025', 'date_formatted': '12/29/2025', 'hours': '08', 'minutes': '46', 'am_pm': 'AM', 'unix_timestamp': 1766997960000, 'iso_timestamp': '2025-12-29T08:46:00.000Z', 'timestamp': '12/29/2025 08:46 am', 'time': 526, 'time_formatted': '08:46', 'proper_unix_timestamp': 1767015960000, 'proper_iso_timestamp': '2025-12-29T13:46:00.000Z'}",12/29/2025 08:46,"{'date': '12/29/2025', 'date_formatted': '12/29/2025', 'hours': '08', 'minutes': '46', 'am_pm': 'AM', 'unix_timestamp': 1766997960000, 'iso_timestamp': '2025-12-29T08:46:00.000Z', 'timestamp': '12/29/2025 08:46 am', 'time': 526, 'time_formatted': '08:46', 'proper_unix_timestamp': 1767015960000, 'proper_iso_timestamp': '2025-12-29T13:46:00.000Z'}",Color,Color,红柄,红柄,Size,Size,黑鹰2011蝮蛇(AQK手拉款模型通用),黑鹰2011蝮蛇(AQK手拉款模型通用),37,36.88,$30.00,30,No,False,,,,,20.99,20.99,,,29.50,29.5,12.70,12.7,No,False,,,Yes,True,,,,,,,$30.00,30,$12.71,12.71,No,False
69528647ed3dc8f8ad391495,"<span class=""692e726618f8102e61ac21b2"" data-kn=""connection-value"">蝮蛇2011 hi capa快速拉柄模型G17 TTiG34蛋夹底盖握把井制退器-淘宝网</span>","[{'id': '692e726618f8102e61ac21b2', 'identifier': '蝮蛇2011 hi capa快速拉柄模型G17 TTiG34蛋夹底盖握把井制退器-淘宝网'}]",Active,Active,Red Handle / Blue Whale WK Viper 2011,Red Handle / Blue Whale WK Viper 2011,,,,,,,Yes,True,,,12/29/2025 08:46,"{'date': '12/29/2025', 'date_formatted': '12/29/2025', 'hours': '08', 'minutes': '46', 'am_pm': 'AM', 'unix_timestamp': 1766997960000, 'iso_timestamp': '2025-12-29T08:46:00.000Z', 'timestamp': '12/29/2025 08:46 am', 'time': 526, 'time_formatted': '08:46', 'proper_unix_timestamp': 1767015960000, 'proper_iso_timestamp': '2025-12-29T13:46:00.000Z'}",12/29/2025 08:46,"{'date': '12/29/2025', 'date_formatted': '12/29/2025', 'hours': '08', 'minutes': '46', 'am_pm': 'AM', 'unix_timestamp': 1766997960000, 'iso_timestamp': '2025-12-29T08:46:00.000Z', 'timestamp': '12/29/2025 08:46 am', 'time': 526, 'time_formatted': '08:46', 'proper_unix_timestamp': 1767015960000, 'proper_iso_timestamp': '2025-12-29T13:46:00.000Z'}",Color,Color,红柄,红柄,Size,Size,蓝鲸WK蝮蛇2011,蓝鲸WK蝮蛇2011,37,36.88,$30.00,30,No,False,,,,,20.99,20.99,,,29.50,29.5,12.70,12.7,No,False,,,Yes,True,,,,,,,$30.00,30,$12.71,12.71,No,False
695286463d269fea159e3459,"<span class=""692e726618f8102e61ac21b2"" data-kn=""connection-value"">蝮蛇2011 hi capa快速拉柄模型G17 TTiG34蛋夹底盖握把井制退器-淘宝网</span>","[{'id': '692e726618f8102e61ac21b2', 'identifier': '蝮蛇2011 hi capa快速拉柄模型G17 TTiG34蛋夹底盖握把井制退器-淘宝网'}]",Active,Active,Red Handle / Lucifer 2011,Red Handle / Lucifer 2011,,,,,,,Yes,True,,,12/29/2025 08:46,"{'date': '12/29/2025', 'date_formatted': '12/29/2025', 'hours': '08', 'minutes': '46', 'am_pm': 'AM', 'unix_timestamp': 1766997960000, 'iso_timestamp': '2025-12-29T08:46:00.000Z', 'timestamp': '12/29/2025 08:46 am', 'time': 526, 'time_formatted': '08:46', 'proper_unix_timestamp': 1767015960000, 'proper_iso_timestamp': '2025-12-29T13:46:00.000Z'}",12/29/2025 08:46,"{'date': '12/29/2025', 'date_formatted': '12/29/2025', 'hours': '08', 'minutes': '46', 'am_pm': 'AM', 'unix_timestamp': 1766997960000, 'iso_timestamp': '2025-12-29T08:46:00.000Z', 'timestamp': '12/29/2025 08:46 am', 'time': 526, 'time_formatted': '08:46', 'proper_unix_timestamp': 1767015960000, 'proper_iso_timestamp': '2025-12-29T13:46:00.000Z'}",Color,Color,红柄,红柄,Size,Size,路西法2011,路西法2011,37,36.88,$30.00,30,No,False,,,,,20.99,20.99,,,29.50,29.5,12.70,12.7,No,False,,,Yes,True,,,,,,,$30.00,30,$12.71,12.71,No,False
695286466619955c146296f4,"<span class=""692e726618f8102e61ac21b2"" data-kn=""connection-value"">蝮蛇2011 hi capa快速拉柄模型G17 TTiG34蛋夹底盖握把井制退器-淘宝网</span>","[{'id': '692e726618f8102e61ac21b2', 'identifier': '蝮蛇2011 hi capa快速拉柄模型G17 TTiG34蛋夹底盖握把井制退器-淘宝网'}]",Active,Active,Red Handle / JMT Viper 2011,Red Handle / JMT Viper 2011,,,,,,,Yes,True,,,12/29/2025 08:46,"{'date': '12/29/2025', 'date_formatted': '12/29/2025', 'hours': '08', 'minutes': '46', 'am_pm': 'AM', 'unix_timestamp': 1766997960000, 'iso_timestamp': '2025-12-29T08:46:00.000Z', 'timestamp': '12/29/2025 08:46 am', 'time': 526, 'time_formatted': '08:46', 'proper_unix_timestamp': 1767015960000, 'proper_iso_timestamp': '2025-12-29T13:46:00.000Z'}",12/29/2025 08:46,"{'date': '12/29/2025', 'date_formatted': '12/29/2025', 'hours': '08', 'minutes': '46', 'am_pm': 'AM', 'unix_timestamp': 1766997960000, 'iso_timestamp': '2025-12-29T08:46:00.000Z', 'timestamp': '12/29/2025 08:46 am', 'time': 526, 'time_formatted': '08:46', 'proper_unix_timestamp': 1767015960000, 'proper_iso_timestamp': '2025-12-29T13:46:00.000Z'}",Color,Color,红柄,红柄,Size,Size,JMT蝮蛇2011,JMT蝮蛇2011,100,100,$30.00,30,No,False,,,,,40.99,40.99,,,29.70,29.7,13.00,13,No,False,,,Yes,True,,,,,,,$30.00,30,$24.70,24.7,No,False
6952864508c488cc57211347,"<span class=""692e726618f8102e61ac21b2"" data-kn=""connection-value"">蝮蛇2011 hi capa快速拉柄模型G17 TTiG34蛋夹底盖握把井制退器-淘宝网</span>","[{'id': '692e726618f8102e61ac21b2', 'identifier': '蝮蛇2011 hi capa快速拉柄模型G17 TTiG34蛋夹底盖握把井制退器-淘宝网'}]",Active,Active,Red Handle / Tomato Viper 2011,Red Handle / Tomato Viper 2011,,,,,,,Yes,True,,,12/29/2025 08:46,"{'date': '12/29/2025', 'date_formatted': '12/29/2025', 'hours': '08', 'minutes': '46', 'am_pm': 'AM', 'unix_timestamp': 1766997960000, 'iso_timestamp': '2025-12-29T08:46:00.000Z', 'timestamp': '12/29/2025 08:46 am', 'time': 526, 'time_formatted': '08:46', 'proper_unix_timestamp': 1767015960000, 'proper_iso_timestamp': '2025-12-29T13:46:00.000Z'}",12/29/2025 08:46,"{'date': '12/29/2025', 'date_formatted': '12/29/2025', 'hours': '08', 'minutes': '46', 'am_pm': 'AM', 'unix_timestamp': 1766997960000, 'iso_timestamp': '2025-12-29T08:46:00.000Z', 'timestamp': '12/29/2025 08:46 am', 'time': 526, 'time_formatted': '08:46', 'proper_unix_timestamp': 1767015960000, 'proper_iso_timestamp': '2025-12-29T13:46:00.000Z'}",Color,Color,红柄,红柄,Size,Size,番茄蝮蛇2011,番茄蝮蛇2011,37,36.88,$30.00,30,No,False,,,,,20.99,20.99,,,29.50,29.5,12.70,12.7,No,False,,,Yes,True,,,,,,,$30.00,30,$12.71,12.71,No,False
6952864508c488cc5721091b,"<span class=""692e726618f8102e61ac21b2"" data-kn=""connection-value"">蝮蛇2011 hi capa快速拉柄模型G17 TTiG34蛋夹底盖握把井制退器-淘宝网</span>","[{'id': '692e726618f8102e61ac21b2', 'identifier': '蝮蛇2011 hi capa快速拉柄模型G17 TTiG34蛋夹底盖握把井制退器-淘宝网'}]",Active,Active,Red Handle / Japan Marui hi–capa,Red Handle / Japan Marui hi–capa,,,,,,,Yes,True,,,12/29/2025 08:46,"{'date': '12/29/2025', 'date_formatted': '12/29/2025', 'hours': '08', 'minutes': '46', 'am_pm': 'AM', 'unix_timestamp': 1766997960000, 'iso_timestamp': '2025-12-29T08:46:00.000Z', 'timestamp': '12/29/2025 08:46 am', 'time': 526, 'time_formatted': '08:46', 'proper_unix_timestamp': 1767015960000, 'proper_iso_timestamp': '2025-12-29T13:46:00.000Z'}",12/29/2025 08:46,"{'date': '12/29/2025', 'date_formatted': '12/29/2025', 'hours': '08', 'minutes': '46', 'am_pm': 'AM', 'unix_timestamp': 1766997960000, 'iso_timestamp': '2025-12-29T08:46:00.000Z', 'timestamp': '12/29/2025 08:46 am', 'time': 526, 'time_formatted': '08:46', 'proper_unix_timestamp': 1767015960000, 'proper_iso_timestamp': '2025-12-29T13:46:00.000Z'}",Color,Color,红柄,红柄,Size,Size,Japan Marui hi–capa,Japan Marui hi–capa,37,36.88,$30.00,30,No,False,,,,,20.99,20.99,,,29.50,29.5,12.70,12.7,No,False,,,Yes,True,,,,,,,$30.00,30,$12.71,12.71,No,False
6952864429256c1eb73aaee7,"<span class=""692e726618f8102e61ac21b2"" data-kn=""connection-value"">蝮蛇2011 hi capa快速拉柄模型G17 TTiG34蛋夹底盖握把井制退器-淘宝网</span>","[{'id': '692e726618f8102e61ac21b2', 'identifier': '蝮蛇2011 hi capa快速拉柄模型G17 TTiG34蛋夹底盖握把井制退器-淘宝网'}]",Active,Active,Titanium Grey Handle / Black Hawk 2011 Viper (AQK Manual Slide Model Compatible),Titanium Grey Handle / Black Hawk 2011 Viper (AQK Manual Slide Model Compatible),,,,,,,Yes,True,,,12/29/2025 08:46,"{'date': '12/29/2025', 'date_formatted': '12/29/2025', 'hours': '08', 'minutes': '46', 'am_pm': 'AM', 'unix_timestamp': 1766997960000, 'iso_timestamp': '2025-12-29T08:46:00.000Z', 'timestamp': '12/29/2025 08:46 am', 'time': 526, 'time_formatted': '08:46', 'proper_unix_timestamp': 1767015960000, 'proper_iso_timestamp': '2025-12-29T13:46:00.000Z'}",12/29/2025 08:46,"{'date': '12/29/2025', 'date_formatted': '12/29/2025', 'hours': '08', 'minutes': '46', 'am_pm': 'AM', 'unix_timestamp': 1766997960000, 'iso_timestamp': '2025-12-29T08:46:00.000Z', 'timestamp': '12/29/2025 08:46 am', 'time': 526, 'time_formatted': '08:46', 'proper_unix_timestamp': 1767015960000, 'proper_iso_timestamp': '2025-12-29T13:46:00.000Z'}",Color,Color,钛灰柄,钛灰柄,Size,Size,黑鹰2011蝮蛇(AQK手拉款模型通用),黑鹰2011蝮蛇(AQK手拉款模型通用),37,36.88,$30.00,30,No,False,,,,,20.99,20.99,,,29.50,29.5,12.70,12.7,No,False,,,Yes,True,,,,,,,$30.00,30,$12.71,12.71,No,False
69528644a8262a7b9004b7c4,"<span class=""692e726618f8102e61ac21b2"" data-kn=""connection-value"">蝮蛇2011 hi capa快速拉柄模型G17 TTiG34蛋夹底盖握把井制退器-淘宝网</span>","[{'id': '692e726618f8102e61ac21b2', 'identifier': '蝮蛇2011 hi capa快速拉柄模型G17 TTiG34蛋夹底盖握把井制退器-淘宝网'}]",Active,Active,Titanium Grey Handle / Blue Whale WK Viper 2011,Titanium Grey Handle / Blue Whale WK Viper 2011,,,,,,,Yes,True,,,12/29/2025 08:46,"{'date': '12/29/2025', 'date_formatted': '12/29/2025', 'hours': '08', 'minutes': '46', 'am_pm': 'AM', 'unix_timestamp': 1766997960000, 'iso_timestamp': '2025-12-29T08:46:00.000Z', 'timestamp': '12/29/2025 08:46 am', 'time': 526, 'time_formatted': '08:46', 'proper_unix_timestamp': 1767015960000, 'proper_iso_timestamp': '2025-12-29T13:46:00.000Z'}",12/29/2025 08:46,"{'date': '12/29/2025', 'date_formatted': '12/29/2025', 'hours': '08', 'minutes': '46', 'am_pm': 'AM', 'unix_timestamp': 1766997960000, 'iso_timestamp': '2025-12-29T08:46:00.000Z', 'timestamp': '12/29/2025 08:46 am', 'time': 526, 'time_formatted': '08:46', 'proper_unix_timestamp': 1767015960000, 'proper_iso_timestamp': '2025-12-29T13:46:00.000Z'}",Color,Color,钛灰柄,钛灰柄,Size,Size,蓝鲸WK蝮蛇2011,蓝鲸WK蝮蛇2011,37,36.88,$30.00,30,No,False,,,,,20.99,20.99,,,29.50,29.5,12.70,12.7,No,False,,,Yes,True,,,,,,,$30.00,30,$12.71,12.71,No,False
69528641cbcea56d5331120d,"<span class=""692e726618f8102e61ac21b2"" data-kn=""connection-value"">蝮蛇2011 hi capa快速拉柄模型G17 TTiG34蛋夹底盖握把井制退器-淘宝网</span>","[{'id': '692e726618f8102e61ac21b2', 'identifier': '蝮蛇2011 hi capa快速拉柄模型G17 TTiG34蛋夹底盖握把井制退器-淘宝网'}]",Active,Active,Titanium Grey Handle / Lucifer 2011,Titanium Grey Handle / Lucifer 2011,,,,,,,Yes,True,,,12/29/2025 08:46,"{'date': '12/29/2025', 'date_formatted': '12/29/2025', 'hours': '08', 'minutes': '46', 'am_pm': 'AM', 'unix_timestamp': 1766997960000, 'iso_timestamp': '2025-12-29T08:46:00.000Z', 'timestamp': '12/29/2025 08:46 am', 'time': 526, 'time_formatted': '08:46', 'proper_unix_timestamp': 1767015960000, 'proper_iso_timestamp': '2025-12-29T13:46:00.000Z'}",12/29/2025 08:46,"{'date': '12/29/2025', 'date_formatted': '12/29/2025', 'hours': '08', 'minutes': '46', 'am_pm': 'AM', 'unix_timestamp': 1766997960000, 'iso_timestamp': '2025-12-29T08:46:00.000Z', 'timestamp': '12/29/2025 08:46 am', 'time': 526, 'time_formatted': '08:46', 'proper_unix_timestamp': 1767015960000, 'proper_iso_timestamp': '2025-12-29T13:46:00.000Z'}",Color,Color,钛灰柄,钛灰柄,Size,Size,路西法2011,路西法2011,37,36.88,$30.00,30,No,False,,,,,20.99,20.99,,,29.50,29.5,12.70,12.7,No,False,,,Yes,True,,,,,,,$30.00,30,$12.71,12.71,No,False
69528640afc3e1940bf540bd,"<span class=""692e726618f8102e61ac21b2"" data-kn=""connection-value"">蝮蛇2011 hi capa快速拉柄模型G17 TTiG34蛋夹底盖握把井制退器-淘宝网</span>","[{'id': '692e726618f8102e61ac21b2', 'identifier': '蝮蛇2011 hi capa快速拉柄模型G17 TTiG34蛋夹底盖握把井制退器-淘宝网'}]",Active,Active,Titanium Grey Handle / JMT Viper 2011,Titanium Grey Handle / JMT Viper 2011,,,,,,,Yes,True,,,12/29/2025 08:46,"{'date': '12/29/2025', 'date_formatted': '12/29/2025', 'hours': '08', 'minutes': '46', 'am_pm': 'AM', 'unix_timestamp': 1766997960000, 'iso_timestamp': '2025-12-29T08:46:00.000Z', 'timestamp': '12/29/2025 08:46 am', 'time': 526, 'time_formatted': '08:46', 'proper_unix_timestamp': 1767015960000, 'proper_iso_timestamp': '2025-12-29T13:46:00.000Z'}",12/29/2025 08:46,"{'date': '12/29/2025', 'date_formatted': '12/29/2025', 'hours': '08', 'minutes': '46', 'am_pm': 'AM', 'unix_timestamp': 1766997960000, 'iso_timestamp': '2025-12-29T08:46:00.000Z', 'timestamp': '12/29/2025 08:46 am', 'time': 526, 'time_formatted': '08:46', 'proper_unix_timestamp': 1767015960000, 'proper_iso_timestamp': '2025-12-29T13:46:00.000Z'}",Color,Color,钛灰柄,钛灰柄,Size,Size,JMT蝮蛇2011,JMT蝮蛇2011,37,36.88,$30.00,30,No,False,,,,,20.99,20.99,,,29.50,29.5,12.70,12.7,No,False,,,Yes,True,,,,,,,$30.00,30,$12.71,12.71,No,False
6952863fed3dc8f8ad382822,"<span class=""692e726618f8102e61ac21b2"" data-kn=""connection-value"">蝮蛇2011 hi capa快速拉柄模型G17 TTiG34蛋夹底盖握把井制退器-淘宝网</span>","[{'id': '692e726618f8102e61ac21b2', 'identifier': '蝮蛇2011 hi capa快速拉柄模型G17 TTiG34蛋夹底盖握把井制退器-淘宝网'}]",Active,Active,Titanium Grey Handle / Tomato Viper 2011,Titanium Grey Handle / Tomato Viper 2011,,,,,,,Yes,True,,,12/29/2025 08:46,"{'date': '12/29/2025', 'date_formatted': '12/29/2025', 'hours': '08', 'minutes': '46', 'am_pm': 'AM', 'unix_timestamp': 1766997960000, 'iso_timestamp': '2025-12-29T08:46:00.000Z', 'timestamp': '12/29/2025 08:46 am', 'time': 526, 'time_formatted': '08:46', 'proper_unix_timestamp': 1767015960000, 'proper_iso_timestamp': '2025-12-29T13:46:00.000Z'}",12/29/2025 08:46,"{'date': '12/29/2025', 'date_formatted': '12/29/2025', 'hours': '08', 'minutes': '46', 'am_pm': 'AM', 'unix_timestamp': 1766997960000, 'iso_timestamp': '2025-12-29T08:46:00.000Z', 'timestamp': '12/29/2025 08:46 am', 'time': 526, 'time_formatted': '08:46', 'proper_unix_timestamp': 1767015960000, 'proper_iso_timestamp': '2025-12-29T13:46:00.000Z'}",Color,Color,钛灰柄,钛灰柄,Size,Size,番茄蝮蛇2011,番茄蝮蛇2011,37,36.88,$30.00,30,No,False,,,,,20.99,20.99,,,29.50,29.5,12.70,12.7,No,False,,,Yes,True,,,,,,,$30.00,30,$12.71,12.71,No,False
6952863f702b6fdd6260175e,"<span class=""692e726618f8102e61ac21b2"" data-kn=""connection-value"">蝮蛇2011 hi capa快速拉柄模型G17 TTiG34蛋夹底盖握把井制退器-淘宝网</span>","[{'id': '692e726618f8102e61ac21b2', 'identifier': '蝮蛇2011 hi capa快速拉柄模型G17 TTiG34蛋夹底盖握把井制退器-淘宝网'}]",Active,Active,Titanium Grey Handle / Japan Marui hi–capa,Titanium Grey Handle / Japan Marui hi–capa,,,,,,,Yes,True,,,12/29/2025 08:46,"{'date': '12/29/2025', 'date_formatted': '12/29/2025', 'hours': '08', 'minutes': '46', 'am_pm': 'AM', 'unix_timestamp': 1766997960000, 'iso_timestamp': '2025-12-29T08:46:00.000Z', 'timestamp': '12/29/2025 08:46 am', 'time': 526, 'time_formatted': '08:46', 'proper_unix_timestamp': 1767015960000, 'proper_iso_timestamp': '2025-12-29T13:46:00.000Z'}",12/29/2025 08:46,"{'date': '12/29/2025', 'date_formatted': '12/29/2025', 'hours': '08', 'minutes': '46', 'am_pm': 'AM', 'unix_timestamp': 1766997960000, 'iso_timestamp': '2025-12-29T08:46:00.000Z', 'timestamp': '12/29/2025 08:46 am', 'time': 526, 'time_formatted': '08:46', 'proper_unix_timestamp': 1767015960000, 'proper_iso_timestamp': '2025-12-29T13:46:00.000Z'}",Color,Color,钛灰柄,钛灰柄,Size,Size,Japan Marui hi–capa,Japan Marui hi–capa,100,100,$30.00,30,No,False,,,,,40.99,40.99,,,29.70,29.7,13.00,13,No,False,,,Yes,True,,,,,,,$30.00,30,$24.70,24.7,No,False
6952863e7c1031906b4c136f,"<span class=""692e726618f8102e61ac21b2"" data-kn=""connection-value"">蝮蛇2011 hi capa快速拉柄模型G17 TTiG34蛋夹底盖握把井制退器-淘宝网</span>","[{'id': '692e726618f8102e61ac21b2', 'identifier': '蝮蛇2011 hi capa快速拉柄模型G17 TTiG34蛋夹底盖握把井制退器-淘宝网'}]",Active,Active,Black Handle / Black Hawk 2011 Viper (AQK Manual Slide Model Compatible),Black Handle / Black Hawk 2011 Viper (AQK Manual Slide Model Compatible),,,,,,,Yes,True,,,12/29/2025 08:46,"{'date': '12/29/2025', 'date_formatted': '12/29/2025', 'hours': '08', 'minutes': '46', 'am_pm': 'AM', 'unix_timestamp': 1766997960000, 'iso_timestamp': '2025-12-29T08:46:00.000Z', 'timestamp': '12/29/2025 08:46 am', 'time': 526, 'time_formatted': '08:46', 'proper_unix_timestamp': 1767015960000, 'proper_iso_timestamp': '2025-12-29T13:46:00.000Z'}",12/29/2025 08:46,"{'date': '12/29/2025', 'date_formatted': '12/29/2025', 'hours': '08', 'minutes': '46', 'am_pm': 'AM', 'unix_timestamp': 1766997960000, 'iso_timestamp': '2025-12-29T08:46:00.000Z', 'timestamp': '12/29/2025 08:46 am', 'time': 526, 'time_formatted': '08:46', 'proper_unix_timestamp': 1767015960000, 'proper_iso_timestamp': '2025-12-29T13:46:00.000Z'}",Color,Color,黑柄,黑柄,Size,Size,黑鹰2011蝮蛇(AQK手拉款模型通用),黑鹰2011蝮蛇(AQK手拉款模型通用),37,36.88,$30.00,30,No,False,,,,,20.99,20.99,,,29.50,29.5,12.70,12.7,No,False,,,Yes,True,,,,,,,$30.00,30,$12.71,12.71,No,False
6952863eecc8b5f8b41f0587,"<span class=""692e726618f8102e61ac21b2"" data-kn=""connection-value"">蝮蛇2011 hi capa快速拉柄模型G17 TTiG34蛋夹底盖握把井制退器-淘宝网</span>","[{'id': '692e726618f8102e61ac21b2', 'identifier': '蝮蛇2011 hi capa快速拉柄模型G17 TTiG34蛋夹底盖握把井制退器-淘宝网'}]",Active,Active,Black Handle / Blue Whale WK Viper 2011,Black Handle / Blue Whale WK Viper 2011,,,,,,,Yes,True,,,12/29/2025 08:46,"{'date': '12/29/2025', 'date_formatted': '12/29/2025', 'hours': '08', 'minutes': '46', 'am_pm': 'AM', 'unix_timestamp': 1766997960000, 'iso_timestamp': '2025-12-29T08:46:00.000Z', 'timestamp': '12/29/2025 08:46 am', 'time': 526, 'time_formatted': '08:46', 'proper_unix_timestamp': 1767015960000, 'proper_iso_timestamp': '2025-12-29T13:46:00.000Z'}",12/29/2025 08:46,"{'date': '12/29/2025', 'date_formatted': '12/29/2025', 'hours': '08', 'minutes': '46', 'am_pm': 'AM', 'unix_timestamp': 1766997960000, 'iso_timestamp': '2025-12-29T08:46:00.000Z', 'timestamp': '12/29/2025 08:46 am', 'time': 526, 'time_formatted': '08:46', 'proper_unix_timestamp': 1767015960000, 'proper_iso_timestamp': '2025-12-29T13:46:00.000Z'}",Color,Color,黑柄,黑柄,Size,Size,蓝鲸WK蝮蛇2011,蓝鲸WK蝮蛇2011,37,36.88,$30.00,30,No,False,,,,,20.99,20.99,,,29.50,29.5,12.70,12.7,No,False,,,Yes,True,,,,,,,$30.00,30,$12.71,12.71,No,False
6952863ded3dc8f8ad37f393,"<span class=""692e726618f8102e61ac21b2"" data-kn=""connection-value"">蝮蛇2011 hi capa快速拉柄模型G17 TTiG34蛋夹底盖握把井制退器-淘宝网</span>","[{'id': '692e726618f8102e61ac21b2', 'identifier': '蝮蛇2011 hi capa快速拉柄模型G17 TTiG34蛋夹底盖握把井制退器-淘宝网'}]",Active,Active,Black Handle / Lucifer 2011,Black Handle / Lucifer 2011,,,,,,,Yes,True,,,12/29/2025 08:46,"{'date': '12/29/2025', 'date_formatted': '12/29/2025', 'hours': '08', 'minutes': '46', 'am_pm': 'AM', 'unix_timestamp': 1766997960000, 'iso_timestamp': '2025-12-29T08:46:00.000Z', 'timestamp': '12/29/2025 08:46 am', 'time': 526, 'time_formatted': '08:46', 'proper_unix_timestamp': 1767015960000, 'proper_iso_timestamp': '2025-12-29T13:46:00.000Z'}",12/29/2025 08:46,"{'date': '12/29/2025', 'date_formatted': '12/29/2025', 'hours': '08', 'minutes': '46', 'am_pm': 'AM', 'unix_timestamp': 1766997960000, 'iso_timestamp': '2025-12-29T08:46:00.000Z', 'timestamp': '12/29/2025 08:46 am', 'time': 526, 'time_formatted': '08:46', 'proper_unix_timestamp': 1767015960000, 'proper_iso_timestamp': '2025-12-29T13:46:00.000Z'}",Color,Color,黑柄,黑柄,Size,Size,路西法2011,路西法2011,37,36.88,$30.00,30,No,False,,,,,20.99,20.99,,,29.50,29.5,12.70,12.7,No,False,,,Yes,True,,,,,,,$30.00,30,$12.71,12.71,No,False
6952863d702b6fdd625fdd50,"<span class=""692e726618f8102e61ac21b2"" data-kn=""connection-value"">蝮蛇2011 hi capa快速拉柄模型G17 TTiG34蛋夹底盖握把井制退器-淘宝网</span>","[{'id': '692e726618f8102e61ac21b2', 'identifier': '蝮蛇2011 hi capa快速拉柄模型G17 TTiG34蛋夹底盖握把井制退器-淘宝网'}]",Active,Active,Black Handle / JMT Viper 2011,Black Handle / JMT Viper 2011,,,,,,,Yes,True,,,12/29/2025 08:46,"{'date': '12/29/2025', 'date_formatted': '12/29/2025', 'hours': '08', 'minutes': '46', 'am_pm': 'AM', 'unix_timestamp': 1766997960000, 'iso_timestamp': '2025-12-29T08:46:00.000Z', 'timestamp': '12/29/2025 08:46 am', 'time': 526, 'time_formatted': '08:46', 'proper_unix_timestamp': 1767015960000, 'proper_iso_timestamp': '2025-12-29T13:46:00.000Z'}",12/29/2025 08:46,"{'date': '12/29/2025', 'date_formatted': '12/29/2025', 'hours': '08', 'minutes': '46', 'am_pm': 'AM', 'unix_timestamp': 1766997960000, 'iso_timestamp': '2025-12-29T08:46:00.000Z', 'timestamp': '12/29/2025 08:46 am', 'time': 526, 'time_formatted': '08:46', 'proper_unix_timestamp': 1767015960000, 'proper_iso_timestamp': '2025-12-29T13:46:00.000Z'}",Color,Color,黑柄,黑柄,Size,Size,JMT蝮蛇2011,JMT蝮蛇2011,37,36.88,$30.00,30,No,False,,,,,20.99,20.99,,,29.50,29.5,12.70,12.7,No,False,,,Yes,True,,,,,,,$30.00,30,$12.71,12.71,No,False
6952863d7c1031906b4bd4e5,"<span class=""692e726618f8102e61ac21b2"" data-kn=""connection-value"">蝮蛇2011 hi capa快速拉柄模型G17 TTiG34蛋夹底盖握把井制退器-淘宝网</span>","[{'id': '692e726618f8102e61ac21b2', 'identifier': '蝮蛇2011 hi capa快速拉柄模型G17 TTiG34蛋夹底盖握把井制退器-淘宝网'}]",Active,Active,Black Handle / Tomato Viper 2011,Black Handle / Tomato Viper 2011,,,,,,,Yes,True,,,12/29/2025 08:46,"{'date': '12/29/2025', 'date_formatted': '12/29/2025', 'hours': '08', 'minutes': '46', 'am_pm': 'AM', 'unix_timestamp': 1766997960000, 'iso_timestamp': '2025-12-29T08:46:00.000Z', 'timestamp': '12/29/2025 08:46 am', 'time': 526, 'time_formatted': '08:46', 'proper_unix_timestamp': 1767015960000, 'proper_iso_timestamp': '2025-12-29T13:46:00.000Z'}",12/29/2025 08:46,"{'date': '12/29/2025', 'date_formatted': '12/29/2025', 'hours': '08', 'minutes': '46', 'am_pm': 'AM', 'unix_timestamp': 1766997960000, 'iso_timestamp': '2025-12-29T08:46:00.000Z', 'timestamp': '12/29/2025 08:46 am', 'time': 526, 'time_formatted': '08:46', 'proper_unix_timestamp': 1767015960000, 'proper_iso_timestamp': '2025-12-29T13:46:00.000Z'}",Color,Color,黑柄,黑柄,Size,Size,番茄蝮蛇2011,番茄蝮蛇2011,37,36.88,$30.00,30,No,False,,,,,20.99,20.99,,,29.50,29.5,12.70,12.7,No,False,,,Yes,True,,,,,,,$30.00,30,$12.71,12.71,No,False
6952863ce53b0fa5d80b88f1,"<span class=""692e726618f8102e61ac21b2"" data-kn=""connection-value"">蝮蛇2011 hi capa快速拉柄模型G17 TTiG34蛋夹底盖握把井制退器-淘宝网</span>","[{'id': '692e726618f8102e61ac21b2', 'identifier': '蝮蛇2011 hi capa快速拉柄模型G17 TTiG34蛋夹底盖握把井制退器-淘宝网'}]",Active,Active,Black Grip / Japan Marui Hi-Capa,Black Grip / Japan Marui Hi-Capa,,,,,,,Yes,True,,,12/29/2025 08:46,"{'date': '12/29/2025', 'date_formatted': '12/29/2025', 'hours': '08', 'minutes': '46', 'am_pm': 'AM', 'unix_timestamp': 1766997960000, 'iso_timestamp': '2025-12-29T08:46:00.000Z', 'timestamp': '12/29/2025 08:46 am', 'time': 526, 'time_formatted': '08:46', 'proper_unix_timestamp': 1767015960000, 'proper_iso_timestamp': '2025-12-29T13:46:00.000Z'}",12/29/2025 08:46,"{'date': '12/29/2025', 'date_formatted': '12/29/2025', 'hours': '08', 'minutes': '46', 'am_pm': 'AM', 'unix_timestamp': 1766997960000, 'iso_timestamp': '2025-12-29T08:46:00.000Z', 'timestamp': '12/29/2025 08:46 am', 'time': 526, 'time_formatted': '08:46', 'proper_unix_timestamp': 1767015960000, 'proper_iso_timestamp': '2025-12-29T13:46:00.000Z'}",Color,Color,黑柄,黑柄,Size,Size,Japan Marui hi–capa,Japan Marui hi–capa,37,36.88,$30.00,30,No,False,,,,,20.99,20.99,,,29.50,29.5,12.70,12.7,No,False,,,Yes,True,,,,,,,$30.00,30,$12.71,12.71,No,False
6952863cd046b207b994e3fb,"<span class=""692e726618f8102e61ac21b2"" data-kn=""connection-value"">蝮蛇2011 hi capa快速拉柄模型G17 TTiG34蛋夹底盖握把井制退器-淘宝网</span>","[{'id': '692e726618f8102e61ac21b2', 'identifier': '蝮蛇2011 hi capa快速拉柄模型G17 TTiG34蛋夹底盖握把井制退器-淘宝网'}]",Active,Active,Silver Grip / 2011 Viper (Compatible with AQK Manual Pull Models),Silver Grip / 2011 Viper (Compatible with AQK Manual Pull Models),,,,,,,Yes,True,,,12/29/2025 08:46,"{'date': '12/29/2025', 'date_formatted': '12/29/2025', 'hours': '08', 'minutes': '46', 'am_pm': 'AM', 'unix_timestamp': 1766997960000, 'iso_timestamp': '2025-12-29T08:46:00.000Z', 'timestamp': '12/29/2025 08:46 am', 'time': 526, 'time_formatted': '08:46', 'proper_unix_timestamp': 1767015960000, 'proper_iso_timestamp': '2025-12-29T13:46:00.000Z'}",12/29/2025 08:46,"{'date': '12/29/2025', 'date_formatted': '12/29/2025', 'hours': '08', 'minutes': '46', 'am_pm': 'AM', 'unix_timestamp': 1766997960000, 'iso_timestamp': '2025-12-29T08:46:00.000Z', 'timestamp': '12/29/2025 08:46 am', 'time': 526, 'time_formatted': '08:46', 'proper_unix_timestamp': 1767015960000, 'proper_iso_timestamp': '2025-12-29T13:46:00.000Z'}",Color,Color,银柄,银柄,Size,Size,黑鹰2011蝮蛇(AQK手拉款模型通用),黑鹰2011蝮蛇(AQK手拉款模型通用),37,36.88,$30.00,30,No,False,,,,,20.99,20.99,,,29.50,29.5,12.70,12.7,No,False,,,Yes,True,,,,,,,$30.00,30,$12.71,12.71,No,False
6952863bd046b207b994d789,"<span class=""692e726618f8102e61ac21b2"" data-kn=""connection-value"">蝮蛇2011 hi capa快速拉柄模型G17 TTiG34蛋夹底盖握把井制退器-淘宝网</span>","[{'id': '692e726618f8102e61ac21b2', 'identifier': '蝮蛇2011 hi capa快速拉柄模型G17 TTiG34蛋夹底盖握把井制退器-淘宝网'}]",Active,Active,Silver Grip / WK Viper 2011,Silver Grip / WK Viper 2011,,,,,,,Yes,True,,,12/29/2025 08:46,"{'date': '12/29/2025', 'date_formatted': '12/29/2025', 'hours': '08', 'minutes': '46', 'am_pm': 'AM', 'unix_timestamp': 1766997960000, 'iso_timestamp': '2025-12-29T08:46:00.000Z', 'timestamp': '12/29/2025 08:46 am', 'time': 526, 'time_formatted': '08:46', 'proper_unix_timestamp': 1767015960000, 'proper_iso_timestamp': '2025-12-29T13:46:00.000Z'}",12/29/2025 08:46,"{'date': '12/29/2025', 'date_formatted': '12/29/2025', 'hours': '08', 'minutes': '46', 'am_pm': 'AM', 'unix_timestamp': 1766997960000, 'iso_timestamp': '2025-12-29T08:46:00.000Z', 'timestamp': '12/29/2025 08:46 am', 'time': 526, 'time_formatted': '08:46', 'proper_unix_timestamp': 1767015960000, 'proper_iso_timestamp': '2025-12-29T13:46:00.000Z'}",Color,Color,银柄,银柄,Size,Size,蓝鲸WK蝮蛇2011,蓝鲸WK蝮蛇2011,100,100,$30.00,30,No,False,,,,,40.99,40.99,,,29.70,29.7,13.00,13,No,False,,,Yes,True,,,,,,,$30.00,30,$24.70,24.7,No,False
6952863a6619955c1461ec47,"<span class=""692e726618f8102e61ac21b2"" data-kn=""connection-value"">蝮蛇2011 hi capa快速拉柄模型G17 TTiG34蛋夹底盖握把井制退器-淘宝网</span>","[{'id': '692e726618f8102e61ac21b2', 'identifier': '蝮蛇2011 hi capa快速拉柄模型G17 TTiG34蛋夹底盖握把井制退器-淘宝网'}]",Active,Active,Silver Grip / Lucifer 2011,Silver Grip / Lucifer 2011,,,,,,,Yes,True,,,12/29/2025 08:46,"{'date': '12/29/2025', 'date_formatted': '12/29/2025', 'hours': '08', 'minutes': '46', 'am_pm': 'AM', 'unix_timestamp': 1766997960000, 'iso_timestamp': '2025-12-29T08:46:00.000Z', 'timestamp': '12/29/2025 08:46 am', 'time': 526, 'time_formatted': '08:46', 'proper_unix_timestamp': 1767015960000, 'proper_iso_timestamp': '2025-12-29T13:46:00.000Z'}",12/29/2025 08:46,"{'date': '12/29/2025', 'date_formatted': '12/29/2025', 'hours': '08', 'minutes': '46', 'am_pm': 'AM', 'unix_timestamp': 1766997960000, 'iso_timestamp': '2025-12-29T08:46:00.000Z', 'timestamp': '12/29/2025 08:46 am', 'time': 526, 'time_formatted': '08:46', 'proper_unix_timestamp': 1767015960000, 'proper_iso_timestamp': '2025-12-29T13:46:00.000Z'}",Color,Color,银柄,银柄,Size,Size,路西法2011,路西法2011,37,36.88,$30.00,30,No,False,,,,,20.99,20.99,,,29.50,29.5,12.70,12.7,No,False,,,Yes,True,,,,,,,$30.00,30,$12.71,12.71,No,False
6952863a03c3b396102d1e96,"<span class=""692e726618f8102e61ac21b2"" data-kn=""connection-value"">蝮蛇2011 hi capa快速拉柄模型G17 TTiG34蛋夹底盖握把井制退器-淘宝网</span>","[{'id': '692e726618f8102e61ac21b2', 'identifier': '蝮蛇2011 hi capa快速拉柄模型G17 TTiG34蛋夹底盖握把井制退器-淘宝网'}]",Active,Active,Silver Grip / JMT Viper 2011,Silver Grip / JMT Viper 2011,,,,,,,Yes,True,,,12/29/2025 08:46,"{'date': '12/29/2025', 'date_formatted': '12/29/2025', 'hours': '08', 'minutes': '46', 'am_pm': 'AM', 'unix_timestamp': 1766997960000, 'iso_timestamp': '2025-12-29T08:46:00.000Z', 'timestamp': '12/29/2025 08:46 am', 'time': 526, 'time_formatted': '08:46', 'proper_unix_timestamp': 1767015960000, 'proper_iso_timestamp': '2025-12-29T13:46:00.000Z'}",12/29/2025 08:46,"{'date': '12/29/2025', 'date_formatted': '12/29/2025', 'hours': '08', 'minutes': '46', 'am_pm': 'AM', 'unix_timestamp': 1766997960000, 'iso_timestamp': '2025-12-29T08:46:00.000Z', 'timestamp': '12/29/2025 08:46 am', 'time': 526, 'time_formatted': '08:46', 'proper_unix_timestamp': 1767015960000, 'proper_iso_timestamp': '2025-12-29T13:46:00.000Z'}",Color,Color,银柄,银柄,Size,Size,JMT蝮蛇2011,JMT蝮蛇2011,37,36.88,$30.00,30,No,False,,,,,20.99,20.99,,,29.50,29.5,12.70,12.7,No,False,,,Yes,True,,,,,,,$30.00,30,$12.71,12.71,No,False
6952863ab9bcbad3ee37a275,"<span class=""692e726618f8102e61ac21b2"" data-kn=""connection-value"">蝮蛇2011 hi capa快速拉柄模型G17 TTiG34蛋夹底盖握把井制退器-淘宝网</span>","[{'id': '692e726618f8102e61ac21b2', 'identifier': '蝮蛇2011 hi capa快速拉柄模型G17 TTiG34蛋夹底盖握把井制退器-淘宝网'}]",Active,Active,Silver Grip / Viper 2011,Silver Grip / Viper 2011,,,,,,,Yes,True,,,12/29/2025 08:46,"{'date': '12/29/2025', 'date_formatted': '12/29/2025', 'hours': '08', 'minutes': '46', 'am_pm': 'AM', 'unix_timestamp': 1766997960000, 'iso_timestamp': '2025-12-29T08:46:00.000Z', 'timestamp': '12/29/2025 08:46 am', 'time': 526, 'time_formatted': '08:46', 'proper_unix_timestamp': 1767015960000, 'proper_iso_timestamp': '2025-12-29T13:46:00.000Z'}",12/29/2025 08:46,"{'date': '12/29/2025', 'date_formatted': '12/29/2025', 'hours': '08', 'minutes': '46', 'am_pm': 'AM', 'unix_timestamp': 1766997960000, 'iso_timestamp': '2025-12-29T08:46:00.000Z', 'timestamp': '12/29/2025 08:46 am', 'time': 526, 'time_formatted': '08:46', 'proper_unix_timestamp': 1767015960000, 'proper_iso_timestamp': '2025-12-29T13:46:00.000Z'}",Color,Color,银柄,银柄,Size,Size,番茄蝮蛇2011,番茄蝮蛇2011,37,36.88,$30.00,30,No,False,,,,,20.99,20.99,,,29.50,29.5,12.70,12.7,No,False,,,Yes,True,,,,,,,$30.00,30,$12.71,12.71,No,False
69528639c05a2a4a98035a74,"<span class=""692e726618f8102e61ac21b2"" data-kn=""connection-value"">蝮蛇2011 hi capa快速拉柄模型G17 TTiG34蛋夹底盖握把井制退器-淘宝网</span>","[{'id': '692e726618f8102e61ac21b2', 'identifier': '蝮蛇2011 hi capa快速拉柄模型G17 TTiG34蛋夹底盖握把井制退器-淘宝网'}]",Active,Active,Silver Grip / Japan Marui Hi-Capa,Silver Grip / Japan Marui Hi-Capa,,,,,,,Yes,True,,,12/29/2025 08:46,"{'date': '12/29/2025', 'date_formatted': '12/29/2025', 'hours': '08', 'minutes': '46', 'am_pm': 'AM', 'unix_timestamp': 1766997960000, 'iso_timestamp': '2025-12-29T08:46:00.000Z', 'timestamp': '12/29/2025 08:46 am', 'time': 526, 'time_formatted': '08:46', 'proper_unix_timestamp': 1767015960000, 'proper_iso_timestamp': '2025-12-29T13:46:00.000Z'}",12/29/2025 08:46,"{'date': '12/29/2025', 'date_formatted': '12/29/2025', 'hours': '08', 'minutes': '46', 'am_pm': 'AM', 'unix_timestamp': 1766997960000, 'iso_timestamp': '2025-12-29T08:46:00.000Z', 'timestamp': '12/29/2025 08:46 am', 'time': 526, 'time_formatted': '08:46', 'proper_unix_timestamp': 1767015960000, 'proper_iso_timestamp': '2025-12-29T13:46:00.000Z'}",Color,Color,银柄,银柄,Size,Size,Japan Marui hi–capa,Japan Marui hi–capa,100,100,$30.00,30,No,False,,,,,40.99,40.99,,,29.70,29.7,13.00,13,No,False,,,Yes,True,,,,,,,$30.00,30,$24.70,24.7,No,False
69528638bdf137d1acfc063c,"<span class=""692e7261392bfc02f0730548"" data-kn=""connection-value"">FMA 蝎式软壳快拔旦夹套5.56/7.62\9mm旦匣包 军迷射击MOLLE包-淘宝网</span>","[{'id': '692e7261392bfc02f0730548', 'identifier': 'FMA 蝎式软壳快拔旦夹套5.56/7.62\\9mm旦匣包 军迷射击MOLLE包-淘宝网'}]",Active,Active,Parallel Clip - Universal One Size Fits All / Short,Parallel Clip - Universal One Size Fits All / Short,,,,,,,Yes,True,,,12/29/2025 08:46,"{'date': '12/29/2025', 'date_formatted': '12/29/2025', 'hours': '08', 'minutes': '46', 'am_pm': 'AM', 'unix_timestamp': 1766997960000, 'iso_timestamp': '2025-12-29T08:46:00.000Z', 'timestamp': '12/29/2025 08:46 am', 'time': 526, 'time_formatted': '08:46', 'proper_unix_timestamp': 1767015960000, 'proper_iso_timestamp': '2025-12-29T13:46:00.000Z'}",12/29/2025 08:46,"{'date': '12/29/2025', 'date_formatted': '12/29/2025', 'hours': '08', 'minutes': '46', 'am_pm': 'AM', 'unix_timestamp': 1766997960000, 'iso_timestamp': '2025-12-29T08:46:00.000Z', 'timestamp': '12/29/2025 08:46 am', 'time': 526, 'time_formatted': '08:46', 'proper_unix_timestamp': 1767015960000, 'proper_iso_timestamp': '2025-12-29T13:46:00.000Z'}",,,,,,,,,6,6,$30.00,30,No,False,,,,,10.99,10.99,,,27.80,27.8,10.80,10.8,No,False,,,Yes,True,,,,,,,$30.00,30,$6.84,6.84,No,False
695286386619955c1461b0a4,"<span class=""692e7261392bfc02f0730548"" data-kn=""connection-value"">FMA 蝎式软壳快拔旦夹套5.56/7.62\9mm旦匣包 军迷射击MOLLE包-淘宝网</span>","[{'id': '692e7261392bfc02f0730548', 'identifier': 'FMA 蝎式软壳快拔旦夹套5.56/7.62\\9mm旦匣包 军迷射击MOLLE包-淘宝网'}]",Active,Active,Parallel Clip - Universal One Size Fits All / Small,Parallel Clip - Universal One Size Fits All / Small,,,,,,,Yes,True,,,12/29/2025 08:46,"{'date': '12/29/2025', 'date_formatted': '12/29/2025', 'hours': '08', 'minutes': '46', 'am_pm': 'AM', 'unix_timestamp': 1766997960000, 'iso_timestamp': '2025-12-29T08:46:00.000Z', 'timestamp': '12/29/2025 08:46 am', 'time': 526, 'time_formatted': '08:46', 'proper_unix_timestamp': 1767015960000, 'proper_iso_timestamp': '2025-12-29T13:46:00.000Z'}",12/29/2025 08:46,"{'date': '12/29/2025', 'date_formatted': '12/29/2025', 'hours': '08', 'minutes': '46', 'am_pm': 'AM', 'unix_timestamp': 1766997960000, 'iso_timestamp': '2025-12-29T08:46:00.000Z', 'timestamp': '12/29/2025 08:46 am', 'time': 526, 'time_formatted': '08:46', 'proper_unix_timestamp': 1767015960000, 'proper_iso_timestamp': '2025-12-29T13:46:00.000Z'}",,,,,,,,,6,6,$30.00,30,No,False,,,,,10.99,10.99,,,27.80,27.8,10.80,10.8,No,False,,,Yes,True,,,,,,,$30.00,30,$6.84,6.84,No,False
69528638d08204d0eb7533a6,"<span class=""692e7261392bfc02f0730548"" data-kn=""connection-value"">FMA 蝎式软壳快拔旦夹套5.56/7.62\9mm旦匣包 军迷射击MOLLE包-淘宝网</span>","[{'id': '692e7261392bfc02f0730548', 'identifier': 'FMA 蝎式软壳快拔旦夹套5.56/7.62\\9mm旦匣包 军迷射击MOLLE包-淘宝网'}]",Active,Active,Black-OD Green / Short,Black-OD Green / Short,,,,,,,Yes,True,,,12/29/2025 08:46,"{'date': '12/29/2025', 'date_formatted': '12/29/2025', 'hours': '08', 'minutes': '46', 'am_pm': 'AM', 'unix_timestamp': 1766997960000, 'iso_timestamp': '2025-12-29T08:46:00.000Z', 'timestamp': '12/29/2025 08:46 am', 'time': 526, 'time_formatted': '08:46', 'proper_unix_timestamp': 1767015960000, 'proper_iso_timestamp': '2025-12-29T13:46:00.000Z'}",12/29/2025 08:46,"{'date': '12/29/2025', 'date_formatted': '12/29/2025', 'hours': '08', 'minutes': '46', 'am_pm': 'AM', 'unix_timestamp': 1766997960000, 'iso_timestamp': '2025-12-29T08:46:00.000Z', 'timestamp': '12/29/2025 08:46 am', 'time': 526, 'time_formatted': '08:46', 'proper_unix_timestamp': 1767015960000, 'proper_iso_timestamp': '2025-12-29T13:46:00.000Z'}",,,,,,,,,28,28,$30.00,30,No,False,,,,,17.99,17.99,,,28.70,28.7,11.90,11.9,No,False,,,Yes,True,,,,,,,$30.00,30,$11.02,11.02,No,False
69528637b9bcbad3ee37902a,"<span class=""692e7261392bfc02f0730548"" data-kn=""connection-value"">FMA 蝎式软壳快拔旦夹套5.56/7.62\9mm旦匣包 军迷射击MOLLE包-淘宝网</span>","[{'id': '692e7261392bfc02f0730548', 'identifier': 'FMA 蝎式软壳快拔旦夹套5.56/7.62\\9mm旦匣包 军迷射击MOLLE包-淘宝网'}]",Active,Active,Black-OD Green / Small,Black-OD Green / Small,,,,,,,Yes,True,,,12/29/2025 08:46,"{'date': '12/29/2025', 'date_formatted': '12/29/2025', 'hours': '08', 'minutes': '46', 'am_pm': 'AM', 'unix_timestamp': 1766997960000, 'iso_timestamp': '2025-12-29T08:46:00.000Z', 'timestamp': '12/29/2025 08:46 am', 'time': 526, 'time_formatted': '08:46', 'proper_unix_timestamp': 1767015960000, 'proper_iso_timestamp': '2025-12-29T13:46:00.000Z'}",12/29/2025 08:46,"{'date': '12/29/2025', 'date_formatted': '12/29/2025', 'hours': '08', 'minutes': '46', 'am_pm': 'AM', 'unix_timestamp': 1766997960000, 'iso_timestamp': '2025-12-29T08:46:00.000Z', 'timestamp': '12/29/2025 08:46 am', 'time': 526, 'time_formatted': '08:46', 'proper_unix_timestamp': 1767015960000, 'proper_iso_timestamp': '2025-12-29T13:46:00.000Z'}",,,,,,,,,28,28,$30.00,30,No,False,,,,,17.99,17.99,,,28.70,28.7,11.90,11.9,No,False,,,Yes,True,,,,,,,$30.00,30,$11.02,11.02,No,False
69528637ecc8b5f8b41e8e19,"<span class=""692e7261392bfc02f0730548"" data-kn=""connection-value"">FMA 蝎式软壳快拔旦夹套5.56/7.62\9mm旦匣包 军迷射击MOLLE包-淘宝网</span>","[{'id': '692e7261392bfc02f0730548', 'identifier': 'FMA 蝎式软壳快拔旦夹套5.56/7.62\\9mm旦匣包 军迷射击MOLLE包-淘宝网'}]",Active,Active,Black-OD Green / Large,Black-OD Green / Large,,,,,,,Yes,True,,,12/29/2025 08:46,"{'date': '12/29/2025', 'date_formatted': '12/29/2025', 'hours': '08', 'minutes': '46', 'am_pm': 'AM', 'unix_timestamp': 1766997960000, 'iso_timestamp': '2025-12-29T08:46:00.000Z', 'timestamp': '12/29/2025 08:46 am', 'time': 526, 'time_formatted': '08:46', 'proper_unix_timestamp': 1767015960000, 'proper_iso_timestamp': '2025-12-29T13:46:00.000Z'}",12/29/2025 08:46,"{'date': '12/29/2025', 'date_formatted': '12/29/2025', 'hours': '08', 'minutes': '46', 'am_pm': 'AM', 'unix_timestamp': 1766997960000, 'iso_timestamp': '2025-12-29T08:46:00.000Z', 'timestamp': '12/29/2025 08:46 am', 'time': 526, 'time_formatted': '08:46', 'proper_unix_timestamp': 1767015960000, 'proper_iso_timestamp': '2025-12-29T13:46:00.000Z'}",,,,,,,,,31,31,$30.00,30,No,False,,,,,18.99,18.99,,,29.00,29,12.20,12.2,No,False,,,Yes,True,,,,,,,$30.00,30,$11.59,11.59,No,False
695286367c1031906b4b21b4,"<span class=""692e7261392bfc02f0730548"" data-kn=""connection-value"">FMA 蝎式软壳快拔旦夹套5.56/7.62\9mm旦匣包 军迷射击MOLLE包-淘宝网</span>","[{'id': '692e7261392bfc02f0730548', 'identifier': 'FMA 蝎式软壳快拔旦夹套5.56/7.62\\9mm旦匣包 军迷射击MOLLE包-淘宝网'}]",Active,Active,Black-Red / Short,Black-Red / Short,,,,,,,Yes,True,,,12/29/2025 08:46,"{'date': '12/29/2025', 'date_formatted': '12/29/2025', 'hours': '08', 'minutes': '46', 'am_pm': 'AM', 'unix_timestamp': 1766997960000, 'iso_timestamp': '2025-12-29T08:46:00.000Z', 'timestamp': '12/29/2025 08:46 am', 'time': 526, 'time_formatted': '08:46', 'proper_unix_timestamp': 1767015960000, 'proper_iso_timestamp': '2025-12-29T13:46:00.000Z'}",12/29/2025 08:46,"{'date': '12/29/2025', 'date_formatted': '12/29/2025', 'hours': '08', 'minutes': '46', 'am_pm': 'AM', 'unix_timestamp': 1766997960000, 'iso_timestamp': '2025-12-29T08:46:00.000Z', 'timestamp': '12/29/2025 08:46 am', 'time': 526, 'time_formatted': '08:46', 'proper_unix_timestamp': 1767015960000, 'proper_iso_timestamp': '2025-12-29T13:46:00.000Z'}",,,,,,,,,28,28,$30.00,30,No,False,,,,,17.99,17.99,,,28.70,28.7,11.90,11.9,No,False,,,Yes,True,,,,,,,$30.00,30,$11.02,11.02,No,False
6952863684e64148488ec48b,"<span class=""692e7261392bfc02f0730548"" data-kn=""connection-value"">FMA 蝎式软壳快拔旦夹套5.56/7.62\9mm旦匣包 军迷射击MOLLE包-淘宝网</span>","[{'id': '692e7261392bfc02f0730548', 'identifier': 'FMA 蝎式软壳快拔旦夹套5.56/7.62\\9mm旦匣包 军迷射击MOLLE包-淘宝网'}]",Active,Active,Black-Red / Small,Black-Red / Small,,,,,,,Yes,True,,,12/29/2025 08:46,"{'date': '12/29/2025', 'date_formatted': '12/29/2025', 'hours': '08', 'minutes': '46', 'am_pm': 'AM', 'unix_timestamp': 1766997960000, 'iso_timestamp': '2025-12-29T08:46:00.000Z', 'timestamp': '12/29/2025 08:46 am', 'time': 526, 'time_formatted': '08:46', 'proper_unix_timestamp': 1767015960000, 'proper_iso_timestamp': '2025-12-29T13:46:00.000Z'}",12/29/2025 08:46,"{'date': '12/29/2025', 'date_formatted': '12/29/2025', 'hours': '08', 'minutes': '46', 'am_pm': 'AM', 'unix_timestamp': 1766997960000, 'iso_timestamp': '2025-12-29T08:46:00.000Z', 'timestamp': '12/29/2025 08:46 am', 'time': 526, 'time_formatted': '08:46', 'proper_unix_timestamp': 1767015960000, 'proper_iso_timestamp': '2025-12-29T13:46:00.000Z'}",,,,,,,,,28,28,$30.00,30,No,False,,,,,17.99,17.99,,,28.70,28.7,11.90,11.9,No,False,,,Yes,True,,,,,,,$30.00,30,$11.02,11.02,No,False
69528635afc3e1940bf4fedc,"<span class=""692e7261392bfc02f0730548"" data-kn=""connection-value"">FMA 蝎式软壳快拔旦夹套5.56/7.62\9mm旦匣包 军迷射击MOLLE包-淘宝网</span>","[{'id': '692e7261392bfc02f0730548', 'identifier': 'FMA 蝎式软壳快拔旦夹套5.56/7.62\\9mm旦匣包 军迷射击MOLLE包-淘宝网'}]",Active,Active,Black-Red / Large,Black-Red / Large,,,,,,,Yes,True,,,12/29/2025 08:46,"{'date': '12/29/2025', 'date_formatted': '12/29/2025', 'hours': '08', 'minutes': '46', 'am_pm': 'AM', 'unix_timestamp': 1766997960000, 'iso_timestamp': '2025-12-29T08:46:00.000Z', 'timestamp': '12/29/2025 08:46 am', 'time': 526, 'time_formatted': '08:46', 'proper_unix_timestamp': 1767015960000, 'proper_iso_timestamp': '2025-12-29T13:46:00.000Z'}",12/29/2025 08:46,"{'date': '12/29/2025', 'date_formatted': '12/29/2025', 'hours': '08', 'minutes': '46', 'am_pm': 'AM', 'unix_timestamp': 1766997960000, 'iso_timestamp': '2025-12-29T08:46:00.000Z', 'timestamp': '12/29/2025 08:46 am', 'time': 526, 'time_formatted': '08:46', 'proper_unix_timestamp': 1767015960000, 'proper_iso_timestamp': '2025-12-29T13:46:00.000Z'}",,,,,,,,,31,31,$30.00,30,No,False,,,,,18.99,18.99,,,29.00,29,12.20,12.2,No,False,,,Yes,True,,,,,,,$30.00,30,$11.59,11.59,No,False
6952863308c488cc571fe608,"<span class=""692e7261392bfc02f0730548"" data-kn=""connection-value"">FMA 蝎式软壳快拔旦夹套5.56/7.62\9mm旦匣包 军迷射击MOLLE包-淘宝网</span>","[{'id': '692e7261392bfc02f0730548', 'identifier': 'FMA 蝎式软壳快拔旦夹套5.56/7.62\\9mm旦匣包 军迷射击MOLLE包-淘宝网'}]",Active,Active,Black-Mud / Short,Black-Mud / Short,,,,,,,Yes,True,,,12/29/2025 08:46,"{'date': '12/29/2025', 'date_formatted': '12/29/2025', 'hours': '08', 'minutes': '46', 'am_pm': 'AM', 'unix_timestamp': 1766997960000, 'iso_timestamp': '2025-12-29T08:46:00.000Z', 'timestamp': '12/29/2025 08:46 am', 'time': 526, 'time_formatted': '08:46', 'proper_unix_timestamp': 1767015960000, 'proper_iso_timestamp': '2025-12-29T13:46:00.000Z'}",12/29/2025 08:46,"{'date': '12/29/2025', 'date_formatted': '12/29/2025', 'hours': '08', 'minutes': '46', 'am_pm': 'AM', 'unix_timestamp': 1766997960000, 'iso_timestamp': '2025-12-29T08:46:00.000Z', 'timestamp': '12/29/2025 08:46 am', 'time': 526, 'time_formatted': '08:46', 'proper_unix_timestamp': 1767015960000, 'proper_iso_timestamp': '2025-12-29T13:46:00.000Z'}",,,,,,,,,28,28,$30.00,30,No,False,,,,,17.99,17.99,,,28.70,28.7,11.90,11.9,No,False,,,Yes,True,,,,,,,$30.00,30,$11.02,11.02,No,False
69528633a8262a7b90039f56,"<span class=""692e7261392bfc02f0730548"" data-kn=""connection-value"">FMA 蝎式软壳快拔旦夹套5.56/7.62\9mm旦匣包 军迷射击MOLLE包-淘宝网</span>","[{'id': '692e7261392bfc02f0730548', 'identifier': 'FMA 蝎式软壳快拔旦夹套5.56/7.62\\9mm旦匣包 军迷射击MOLLE包-淘宝网'}]",Active,Active,Black-Mud / Small,Black-Mud / Small,,,,,,,Yes,True,,,12/29/2025 08:46,"{'date': '12/29/2025', 'date_formatted': '12/29/2025', 'hours': '08', 'minutes': '46', 'am_pm': 'AM', 'unix_timestamp': 1766997960000, 'iso_timestamp': '2025-12-29T08:46:00.000Z', 'timestamp': '12/29/2025 08:46 am', 'time': 526, 'time_formatted': '08:46', 'proper_unix_timestamp': 1767015960000, 'proper_iso_timestamp': '2025-12-29T13:46:00.000Z'}",12/29/2025 08:46,"{'date': '12/29/2025', 'date_formatted': '12/29/2025', 'hours': '08', 'minutes': '46', 'am_pm': 'AM', 'unix_timestamp': 1766997960000, 'iso_timestamp': '2025-12-29T08:46:00.000Z', 'timestamp': '12/29/2025 08:46 am', 'time': 526, 'time_formatted': '08:46', 'proper_unix_timestamp': 1767015960000, 'proper_iso_timestamp': '2025-12-29T13:46:00.000Z'}",,,,,,,,,28,28,$30.00,30,No,False,,,,,17.99,17.99,,,28.70,28.7,11.90,11.9,No,False,,,Yes,True,,,,,,,$30.00,30,$11.02,11.02,No,False
69528632d046b207b9941e2a,"<span class=""692e7261392bfc02f0730548"" data-kn=""connection-value"">FMA 蝎式软壳快拔旦夹套5.56/7.62\9mm旦匣包 军迷射击MOLLE包-淘宝网</span>","[{'id': '692e7261392bfc02f0730548', 'identifier': 'FMA 蝎式软壳快拔旦夹套5.56/7.62\\9mm旦匣包 军迷射击MOLLE包-淘宝网'}]",Active,Active,Black-Mud / Large,Black-Mud / Large,,,,,,,Yes,True,,,12/29/2025 08:46,"{'date': '12/29/2025', 'date_formatted': '12/29/2025', 'hours': '08', 'minutes': '46', 'am_pm': 'AM', 'unix_timestamp': 1766997960000, 'iso_timestamp': '2025-12-29T08:46:00.000Z', 'timestamp': '12/29/2025 08:46 am', 'time': 526, 'time_formatted': '08:46', 'proper_unix_timestamp': 1767015960000, 'proper_iso_timestamp': '2025-12-29T13:46:00.000Z'}",12/29/2025 08:46,"{'date': '12/29/2025', 'date_formatted': '12/29/2025', 'hours': '08', 'minutes': '46', 'am_pm': 'AM', 'unix_timestamp': 1766997960000, 'iso_timestamp': '2025-12-29T08:46:00.000Z', 'timestamp': '12/29/2025 08:46 am', 'time': 526, 'time_formatted': '08:46', 'proper_unix_timestamp': 1767015960000, 'proper_iso_timestamp': '2025-12-29T13:46:00.000Z'}",,,,,,,,,31,31,$30.00,30,No,False,,,,,18.99,18.99,,,29.00,29,12.20,12.2,No,False,,,Yes,True,,,,,,,$30.00,30,$11.59,11.59,No,False
6952863297ed5880132ee384,"<span class=""692e7261392bfc02f0730548"" data-kn=""connection-value"">FMA 蝎式软壳快拔旦夹套5.56/7.62\9mm旦匣包 军迷射击MOLLE包-淘宝网</span>","[{'id': '692e7261392bfc02f0730548', 'identifier': 'FMA 蝎式软壳快拔旦夹套5.56/7.62\\9mm旦匣包 军迷射击MOLLE包-淘宝网'}]",Active,Active,Ranger Green / Short,Ranger Green / Short,,,,,,,Yes,True,,,12/29/2025 08:46,"{'date': '12/29/2025', 'date_formatted': '12/29/2025', 'hours': '08', 'minutes': '46', 'am_pm': 'AM', 'unix_timestamp': 1766997960000, 'iso_timestamp': '2025-12-29T08:46:00.000Z', 'timestamp': '12/29/2025 08:46 am', 'time': 526, 'time_formatted': '08:46', 'proper_unix_timestamp': 1767015960000, 'proper_iso_timestamp': '2025-12-29T13:46:00.000Z'}",12/29/2025 08:46,"{'date': '12/29/2025', 'date_formatted': '12/29/2025', 'hours': '08', 'minutes': '46', 'am_pm': 'AM', 'unix_timestamp': 1766997960000, 'iso_timestamp': '2025-12-29T08:46:00.000Z', 'timestamp': '12/29/2025 08:46 am', 'time': 526, 'time_formatted': '08:46', 'proper_unix_timestamp': 1767015960000, 'proper_iso_timestamp': '2025-12-29T13:46:00.000Z'}",,,,,,,,,28,28,$30.00,30,No,False,,,,,17.99,17.99,,,28.70,28.7,11.90,11.9,No,False,,,Yes,True,,,,,,,$30.00,30,$11.02,11.02,No,False
695286304f094e7e879a1a74,"<span class=""692e7261392bfc02f0730548"" data-kn=""connection-value"">FMA 蝎式软壳快拔旦夹套5.56/7.62\9mm旦匣包 军迷射击MOLLE包-淘宝网</span>","[{'id': '692e7261392bfc02f0730548', 'identifier': 'FMA 蝎式软壳快拔旦夹套5.56/7.62\\9mm旦匣包 军迷射击MOLLE包-淘宝网'}]",Active,Active,Ranger Green / Small,Ranger Green / Small,,,,,,,Yes,True,,,12/29/2025 08:46,"{'date': '12/29/2025', 'date_formatted': '12/29/2025', 'hours': '08', 'minutes': '46', 'am_pm': 'AM', 'unix_timestamp': 1766997960000, 'iso_timestamp': '2025-12-29T08:46:00.000Z', 'timestamp': '12/29/2025 08:46 am', 'time': 526, 'time_formatted': '08:46', 'proper_unix_timestamp': 1767015960000, 'proper_iso_timestamp': '2025-12-29T13:46:00.000Z'}",12/29/2025 08:46,"{'date': '12/29/2025', 'date_formatted': '12/29/2025', 'hours': '08', 'minutes': '46', 'am_pm': 'AM', 'unix_timestamp': 1766997960000, 'iso_timestamp': '2025-12-29T08:46:00.000Z', 'timestamp': '12/29/2025 08:46 am', 'time': 526, 'time_formatted': '08:46', 'proper_unix_timestamp': 1767015960000, 'proper_iso_timestamp': '2025-12-29T13:46:00.000Z'}",,,,,,,,,28,28,$30.00,30,No,False,,,,,17.99,17.99,,,28.70,28.7,11.90,11.9,No,False,,,Yes,True,,,,,,,$30.00,30,$11.02,11.02,No,False
6952862f7c1031906b4a99fd,"<span class=""692e7261392bfc02f0730548"" data-kn=""connection-value"">FMA 蝎式软壳快拔旦夹套5.56/7.62\9mm旦匣包 军迷射击MOLLE包-淘宝网</span>","[{'id': '692e7261392bfc02f0730548', 'identifier': 'FMA 蝎式软壳快拔旦夹套5.56/7.62\\9mm旦匣包 军迷射击MOLLE包-淘宝网'}]",Active,Active,Ranger Green / Large,Ranger Green / Large,,,,,,,Yes,True,,,12/29/2025 08:46,"{'date': '12/29/2025', 'date_formatted': '12/29/2025', 'hours': '08', 'minutes': '46', 'am_pm': 'AM', 'unix_timestamp': 1766997960000, 'iso_timestamp': '2025-12-29T08:46:00.000Z', 'timestamp': '12/29/2025 08:46 am', 'time': 526, 'time_formatted': '08:46', 'proper_unix_timestamp': 1767015960000, 'proper_iso_timestamp': '2025-12-29T13:46:00.000Z'}",12/29/2025 08:46,"{'date': '12/29/2025', 'date_formatted': '12/29/2025', 'hours': '08', 'minutes': '46', 'am_pm': 'AM', 'unix_timestamp': 1766997960000, 'iso_timestamp': '2025-12-29T08:46:00.000Z', 'timestamp': '12/29/2025 08:46 am', 'time': 526, 'time_formatted': '08:46', 'proper_unix_timestamp': 1767015960000, 'proper_iso_timestamp': '2025-12-29T13:46:00.000Z'}",,,,,,,,,31,31,$30.00,30,No,False,,,,,18.99,18.99,,,29.00,29,12.20,12.2,No,False,,,Yes,True,,,,,,,$30.00,30,$11.59,11.59,No,False
6952862e702b6fdd625f4860,"<span class=""692e7261392bfc02f0730548"" data-kn=""connection-value"">FMA 蝎式软壳快拔旦夹套5.56/7.62\9mm旦匣包 军迷射击MOLLE包-淘宝网</span>","[{'id': '692e7261392bfc02f0730548', 'identifier': 'FMA 蝎式软壳快拔旦夹套5.56/7.62\\9mm旦匣包 军迷射击MOLLE包-淘宝网'}]",Active,Active,Black / Short,Black / Short,,,,,,,Yes,True,,,12/29/2025 08:46,"{'date': '12/29/2025', 'date_formatted': '12/29/2025', 'hours': '08', 'minutes': '46', 'am_pm': 'AM', 'unix_timestamp': 1766997960000, 'iso_timestamp': '2025-12-29T08:46:00.000Z', 'timestamp': '12/29/2025 08:46 am', 'time': 526, 'time_formatted': '08:46', 'proper_unix_timestamp': 1767015960000, 'proper_iso_timestamp': '2025-12-29T13:46:00.000Z'}",12/29/2025 08:46,"{'date': '12/29/2025', 'date_formatted': '12/29/2025', 'hours': '08', 'minutes': '46', 'am_pm': 'AM', 'unix_timestamp': 1766997960000, 'iso_timestamp': '2025-12-29T08:46:00.000Z', 'timestamp': '12/29/2025 08:46 am', 'time': 526, 'time_formatted': '08:46', 'proper_unix_timestamp': 1767015960000, 'proper_iso_timestamp': '2025-12-29T13:46:00.000Z'}",,,,,,,,,28,28,$30.00,30,No,False,,,,,17.99,17.99,,,28.70,28.7,11.90,11.9,No,False,,,Yes,True,,,,,,,$30.00,30,$11.02,11.02,No,False
6952862e7c1031906b4a8997,"<span class=""692e7261392bfc02f0730548"" data-kn=""connection-value"">FMA 蝎式软壳快拔旦夹套5.56/7.62\9mm旦匣包 军迷射击MOLLE包-淘宝网</span>","[{'id': '692e7261392bfc02f0730548', 'identifier': 'FMA 蝎式软壳快拔旦夹套5.56/7.62\\9mm旦匣包 军迷射击MOLLE包-淘宝网'}]",Active,Active,BK黑色 / 小款,BK黑色 / 小款,,,,,,,Yes,True,,,12/29/2025 08:46,"{'date': '12/29/2025', 'date_formatted': '12/29/2025', 'hours': '08', 'minutes': '46', 'am_pm': 'AM', 'unix_timestamp': 1766997960000, 'iso_timestamp': '2025-12-29T08:46:00.000Z', 'timestamp': '12/29/2025 08:46 am', 'time': 526, 'time_formatted': '08:46', 'proper_unix_timestamp': 1767015960000, 'proper_iso_timestamp': '2025-12-29T13:46:00.000Z'}",12/29/2025 08:46,"{'date': '12/29/2025', 'date_formatted': '12/29/2025', 'hours': '08', 'minutes': '46', 'am_pm': 'AM', 'unix_timestamp': 1766997960000, 'iso_timestamp': '2025-12-29T08:46:00.000Z', 'timestamp': '12/29/2025 08:46 am', 'time': 526, 'time_formatted': '08:46', 'proper_unix_timestamp': 1767015960000, 'proper_iso_timestamp': '2025-12-29T13:46:00.000Z'}",,,,,,,,,28,28,$30.00,30,No,False,,,,,17.99,17.99,,,28.70,28.7,11.90,11.9,No,False,,,Yes,True,,,,,,,$30.00,30,$11.02,11.02,No,False
6952862d04510621d1706d35,"<span class=""692e7261392bfc02f0730548"" data-kn=""connection-value"">FMA 蝎式软壳快拔旦夹套5.56/7.62\9mm旦匣包 军迷射击MOLLE包-淘宝网</span>","[{'id': '692e7261392bfc02f0730548', 'identifier': 'FMA 蝎式软壳快拔旦夹套5.56/7.62\\9mm旦匣包 军迷射击MOLLE包-淘宝网'}]",Active,Active,BK黑色 / 大款,BK黑色 / 大款,,,,,,,Yes,True,,,12/29/2025 08:46,"{'date': '12/29/2025', 'date_formatted': '12/29/2025', 'hours': '08', 'minutes': '46', 'am_pm': 'AM', 'unix_timestamp': 1766997960000, 'iso_timestamp': '2025-12-29T08:46:00.000Z', 'timestamp': '12/29/2025 08:46 am', 'time': 526, 'time_formatted': '08:46', 'proper_unix_timestamp': 1767015960000, 'proper_iso_timestamp': '2025-12-29T13:46:00.000Z'}",12/29/2025 08:46,"{'date': '12/29/2025', 'date_formatted': '12/29/2025', 'hours': '08', 'minutes': '46', 'am_pm': 'AM', 'unix_timestamp': 1766997960000, 'iso_timestamp': '2025-12-29T08:46:00.000Z', 'timestamp': '12/29/2025 08:46 am', 'time': 526, 'time_formatted': '08:46', 'proper_unix_timestamp': 1767015960000, 'proper_iso_timestamp': '2025-12-29T13:46:00.000Z'}",,,,,,,,,31,31,$30.00,30,No,False,,,,,18.99,18.99,,,29.00,29,12.20,12.2,No,False,,,Yes,True,,,,,,,$30.00,30,$11.59,11.59,No,False
6952862b08c488cc571f626b,"<span class=""692e7261392bfc02f0730548"" data-kn=""connection-value"">FMA 蝎式软壳快拔旦夹套5.56/7.62\9mm旦匣包 军迷射击MOLLE包-淘宝网</span>","[{'id': '692e7261392bfc02f0730548', 'identifier': 'FMA 蝎式软壳快拔旦夹套5.56/7.62\\9mm旦匣包 军迷射击MOLLE包-淘宝网'}]",Active,Active,DE泥色 / 短款,DE泥色 / 短款,,,,,,,Yes,True,,,12/29/2025 08:46,"{'date': '12/29/2025', 'date_formatted': '12/29/2025', 'hours': '08', 'minutes': '46', 'am_pm': 'AM', 'unix_timestamp': 1766997960000, 'iso_timestamp': '2025-12-29T08:46:00.000Z', 'timestamp': '12/29/2025 08:46 am', 'time': 526, 'time_formatted': '08:46', 'proper_unix_timestamp': 1767015960000, 'proper_iso_timestamp': '2025-12-29T13:46:00.000Z'}",12/29/2025 08:46,"{'date': '12/29/2025', 'date_formatted': '12/29/2025', 'hours': '08', 'minutes': '46', 'am_pm': 'AM', 'unix_timestamp': 1766997960000, 'iso_timestamp': '2025-12-29T08:46:00.000Z', 'timestamp': '12/29/2025 08:46 am', 'time': 526, 'time_formatted': '08:46', 'proper_unix_timestamp': 1767015960000, 'proper_iso_timestamp': '2025-12-29T13:46:00.000Z'}",,,,,,,,,28,28,$30.00,30,No,False,,,,,17.99,17.99,,,28.70,28.7,11.90,11.9,No,False,,,Yes,True,,,,,,,$30.00,30,$11.02,11.02,No,False
6952862aa7ebcd0a81e1b327,"<span class=""692e7261392bfc02f0730548"" data-kn=""connection-value"">FMA 蝎式软壳快拔旦夹套5.56/7.62\9mm旦匣包 军迷射击MOLLE包-淘宝网</span>","[{'id': '692e7261392bfc02f0730548', 'identifier': 'FMA 蝎式软壳快拔旦夹套5.56/7.62\\9mm旦匣包 军迷射击MOLLE包-淘宝网'}]",Active,Active,DE泥色 / 小款,DE泥色 / 小款,,,,,,,Yes,True,,,12/29/2025 08:46,"{'date': '12/29/2025', 'date_formatted': '12/29/2025', 'hours': '08', 'minutes': '46', 'am_pm': 'AM', 'unix_timestamp': 1766997960000, 'iso_timestamp': '2025-12-29T08:46:00.000Z', 'timestamp': '12/29/2025 08:46 am', 'time': 526, 'time_formatted': '08:46', 'proper_unix_timestamp': 1767015960000, 'proper_iso_timestamp': '2025-12-29T13:46:00.000Z'}",12/29/2025 08:46,"{'date': '12/29/2025', 'date_formatted': '12/29/2025', 'hours': '08', 'minutes': '46', 'am_pm': 'AM', 'unix_timestamp': 1766997960000, 'iso_timestamp': '2025-12-29T08:46:00.000Z', 'timestamp': '12/29/2025 08:46 am', 'time': 526, 'time_formatted': '08:46', 'proper_unix_timestamp': 1767015960000, 'proper_iso_timestamp': '2025-12-29T13:46:00.000Z'}",,,,,,,,,28,28,$30.00,30,No,False,,,,,17.99,17.99,,,28.70,28.7,11.90,11.9,No,False,,,Yes,True,,,,,,,$30.00,30,$11.02,11.02,No,False
6952862abdf137d1acfb056a,"<span class=""692e7261392bfc02f0730548"" data-kn=""connection-value"">FMA 蝎式软壳快拔旦夹套5.56/7.62\9mm旦匣包 军迷射击MOLLE包-淘宝网</span>","[{'id': '692e7261392bfc02f0730548', 'identifier': 'FMA 蝎式软壳快拔旦夹套5.56/7.62\\9mm旦匣包 军迷射击MOLLE包-淘宝网'}]",Active,Active,DE泥色 / 大款,DE泥色 / 大款,,,,,,,Yes,True,,,12/29/2025 08:46,"{'date': '12/29/2025', 'date_formatted': '12/29/2025', 'hours': '08', 'minutes': '46', 'am_pm': 'AM', 'unix_timestamp': 1766997960000, 'iso_timestamp': '2025-12-29T08:46:00.000Z', 'timestamp': '12/29/2025 08:46 am', 'time': 526, 'time_formatted': '08:46', 'proper_unix_timestamp': 1767015960000, 'proper_iso_timestamp': '2025-12-29T13:46:00.000Z'}",12/29/2025 08:46,"{'date': '12/29/2025', 'date_formatted': '12/29/2025', 'hours': '08', 'minutes': '46', 'am_pm': 'AM', 'unix_timestamp': 1766997960000, 'iso_timestamp': '2025-12-29T08:46:00.000Z', 'timestamp': '12/29/2025 08:46 am', 'time': 526, 'time_formatted': '08:46', 'proper_unix_timestamp': 1767015960000, 'proper_iso_timestamp': '2025-12-29T13:46:00.000Z'}",,,,,,,,,31,31,$30.00,30,No,False,,,,,18.99,18.99,,,29.00,29,12.20,12.2,No,False,,,Yes,True,,,,,,,$30.00,30,$11.59,11.59,No,False
69528629d08204d0eb7465ac,"<span class=""692e7261392bfc02f0730548"" data-kn=""connection-value"">FMA 蝎式软壳快拔旦夹套5.56/7.62\9mm旦匣包 军迷射击MOLLE包-淘宝网</span>","[{'id': '692e7261392bfc02f0730548', 'identifier': 'FMA 蝎式软壳快拔旦夹套5.56/7.62\\9mm旦匣包 军迷射击MOLLE包-淘宝网'}]",Active,Active,OD军绿色 / 短款,OD军绿色 / 短款,,,,,,,Yes,True,,,12/29/2025 08:46,"{'date': '12/29/2025', 'date_formatted': '12/29/2025', 'hours': '08', 'minutes': '46', 'am_pm': 'AM', 'unix_timestamp': 1766997960000, 'iso_timestamp': '2025-12-29T08:46:00.000Z', 'timestamp': '12/29/2025 08:46 am', 'time': 526, 'time_formatted': '08:46', 'proper_unix_timestamp': 1767015960000, 'proper_iso_timestamp': '2025-12-29T13:46:00.000Z'}",12/29/2025 08:46,"{'date': '12/29/2025', 'date_formatted': '12/29/2025', 'hours': '08', 'minutes': '46', 'am_pm': 'AM', 'unix_timestamp': 1766997960000, 'iso_timestamp': '2025-12-29T08:46:00.000Z', 'timestamp': '12/29/2025 08:46 am', 'time': 526, 'time_formatted': '08:46', 'proper_unix_timestamp': 1767015960000, 'proper_iso_timestamp': '2025-12-29T13:46:00.000Z'}",,,,,,,,,28,28,$30.00,30,No,False,,,,,17.99,17.99,,,28.70,28.7,11.90,11.9,No,False,,,Yes,True,,,,,,,$30.00,30,$11.02,11.02,No,False
6952862904510621d16fe539,"<span class=""692e7261392bfc02f0730548"" data-kn=""connection-value"">FMA 蝎式软壳快拔旦夹套5.56/7.62\9mm旦匣包 军迷射击MOLLE包-淘宝网</span>","[{'id': '692e7261392bfc02f0730548', 'identifier': 'FMA 蝎式软壳快拔旦夹套5.56/7.62\\9mm旦匣包 军迷射击MOLLE包-淘宝网'}]",Active,Active,OD军绿色 / 小款,OD军绿色 / 小款,,,,,,,Yes,True,,,12/29/2025 08:46,"{'date': '12/29/2025', 'date_formatted': '12/29/2025', 'hours': '08', 'minutes': '46', 'am_pm': 'AM', 'unix_timestamp': 1766997960000, 'iso_timestamp': '2025-12-29T08:46:00.000Z', 'timestamp': '12/29/2025 08:46 am', 'time': 526, 'time_formatted': '08:46', 'proper_unix_timestamp': 1767015960000, 'proper_iso_timestamp': '2025-12-29T13:46:00.000Z'}",12/29/2025 08:46,"{'date': '12/29/2025', 'date_formatted': '12/29/2025', 'hours': '08', 'minutes': '46', 'am_pm': 'AM', 'unix_timestamp': 1766997960000, 'iso_timestamp': '2025-12-29T08:46:00.000Z', 'timestamp': '12/29/2025 08:46 am', 'time': 526, 'time_formatted': '08:46', 'proper_unix_timestamp': 1767015960000, 'proper_iso_timestamp': '2025-12-29T13:46:00.000Z'}",,,,,,,,,28,28,$30.00,30,No,False,,,,,17.99,17.99,,,28.70,28.7,11.90,11.9,No,False,,,Yes,True,,,,,,,$30.00,30,$11.02,11.02,No,False
69528628bdf137d1acfac17b,"<span class=""692e7261392bfc02f0730548"" data-kn=""connection-value"">FMA 蝎式软壳快拔旦夹套5.56/7.62\9mm旦匣包 军迷射击MOLLE包-淘宝网</span>","[{'id': '692e7261392bfc02f0730548', 'identifier': 'FMA 蝎式软壳快拔旦夹套5.56/7.62\\9mm旦匣包 军迷射击MOLLE包-淘宝网'}]",Active,Active,OD军绿色 / 大款,OD军绿色 / 大款,,,,,,,Yes,True,,,12/29/2025 08:46,"{'date': '12/29/2025', 'date_formatted': '12/29/2025', 'hours': '08', 'minutes': '46', 'am_pm': 'AM', 'unix_timestamp': 1766997960000, 'iso_timestamp': '2025-12-29T08:46:00.000Z', 'timestamp': '12/29/2025 08:46 am', 'time': 526, 'time_formatted': '08:46', 'proper_unix_timestamp': 1767015960000, 'proper_iso_timestamp': '2025-12-29T13:46:00.000Z'}",12/29/2025 08:46,"{'date': '12/29/2025', 'date_formatted': '12/29/2025', 'hours': '08', 'minutes': '46', 'am_pm': 'AM', 'unix_timestamp': 1766997960000, 'iso_timestamp': '2025-12-29T08:46:00.000Z', 'timestamp': '12/29/2025 08:46 am', 'time': 526, 'time_formatted': '08:46', 'proper_unix_timestamp': 1767015960000, 'proper_iso_timestamp': '2025-12-29T13:46:00.000Z'}",,,,,,,,,31,31,$30.00,30,No,False,,,,,18.99,18.99,,,29.00,29,12.20,12.2,No,False,,,Yes,True,,,,,,,$30.00,30,$11.59,11.59,No,False
6952862594dcab60c1a07c1e,"<span class=""692e725c7e25f4f438f430e8"" data-kn=""connection-value"">七彩喷火夜光消荧光玩具喷火战术夜光激发装置软弹感应器影视装备-淘宝网</span>","[{'id': '692e725c7e25f4f438f430e8', 'identifier': '七彩喷火夜光消荧光玩具喷火战术夜光激发装置软弹感应器影视装备-淘宝网'}]",Active,Active,Honeycomb Rainbow Tracer Suppressor,Honeycomb Rainbow Tracer Suppressor,,,,,,,Yes,True,,,12/29/2025 08:46,"{'date': '12/29/2025', 'date_formatted': '12/29/2025', 'hours': '08', 'minutes': '46', 'am_pm': 'AM', 'unix_timestamp': 1766997960000, 'iso_timestamp': '2025-12-29T08:46:00.000Z', 'timestamp': '12/29/2025 08:46 am', 'time': 526, 'time_formatted': '08:46', 'proper_unix_timestamp': 1767015960000, 'proper_iso_timestamp': '2025-12-29T13:46:00.000Z'}",12/29/2025 08:46,"{'date': '12/29/2025', 'date_formatted': '12/29/2025', 'hours': '08', 'minutes': '46', 'am_pm': 'AM', 'unix_timestamp': 1766997960000, 'iso_timestamp': '2025-12-29T08:46:00.000Z', 'timestamp': '12/29/2025 08:46 am', 'time': 526, 'time_formatted': '08:46', 'proper_unix_timestamp': 1767015960000, 'proper_iso_timestamp': '2025-12-29T13:46:00.000Z'}",Color,Color,蜂巢彩虹夜光消音,蜂巢彩虹夜光消音,,,,,225,225,$30.00,30,No,False,,,,,80.99,80.99,,,30.20,30.2,13.50,13.5,No,False,,,Yes,True,,,,,,,$30.00,30,$48.45,48.45,No,False
69528625d08204d0eb744811,"<span class=""692e725c7e25f4f438f430e8"" data-kn=""connection-value"">七彩喷火夜光消荧光玩具喷火战术夜光激发装置软弹感应器影视装备-淘宝网</span>","[{'id': '692e725c7e25f4f438f430e8', 'identifier': '七彩喷火夜光消荧光玩具喷火战术夜光激发装置软弹感应器影视装备-淘宝网'}]",Active,Active,Oppressor Rainbow Tracer Suppressor,Oppressor Rainbow Tracer Suppressor,,,,,,,Yes,True,,,12/29/2025 08:46,"{'date': '12/29/2025', 'date_formatted': '12/29/2025', 'hours': '08', 'minutes': '46', 'am_pm': 'AM', 'unix_timestamp': 1766997960000, 'iso_timestamp': '2025-12-29T08:46:00.000Z', 'timestamp': '12/29/2025 08:46 am', 'time': 526, 'time_formatted': '08:46', 'proper_unix_timestamp': 1767015960000, 'proper_iso_timestamp': '2025-12-29T13:46:00.000Z'}",12/29/2025 08:46,"{'date': '12/29/2025', 'date_formatted': '12/29/2025', 'hours': '08', 'minutes': '46', 'am_pm': 'AM', 'unix_timestamp': 1766997960000, 'iso_timestamp': '2025-12-29T08:46:00.000Z', 'timestamp': '12/29/2025 08:46 am', 'time': 526, 'time_formatted': '08:46', 'proper_unix_timestamp': 1767015960000, 'proper_iso_timestamp': '2025-12-29T13:46:00.000Z'}",Color,Color,压迫者彩虹夜光消音,压迫者彩虹夜光消音,,,,,225,225,$30.00,30,No,False,,,,,80.99,80.99,,,30.20,30.2,13.50,13.5,No,False,,,Yes,True,,,,,,,$30.00,30,$48.45,48.45,No,False
695286246deb1a793b5f394d,"<span class=""692e725c7e25f4f438f430e8"" data-kn=""connection-value"">七彩喷火夜光消荧光玩具喷火战术夜光激发装置软弹感应器影视装备-淘宝网</span>","[{'id': '692e725c7e25f4f438f430e8', 'identifier': '七彩喷火夜光消荧光玩具喷火战术夜光激发装置软弹感应器影视装备-淘宝网'}]",Active,Active,Rainbow SLR Tracer Suppressor,Rainbow SLR Tracer Suppressor,,,,,,,Yes,True,,,12/29/2025 08:46,"{'date': '12/29/2025', 'date_formatted': '12/29/2025', 'hours': '08', 'minutes': '46', 'am_pm': 'AM', 'unix_timestamp': 1766997960000, 'iso_timestamp': '2025-12-29T08:46:00.000Z', 'timestamp': '12/29/2025 08:46 am', 'time': 526, 'time_formatted': '08:46', 'proper_unix_timestamp': 1767015960000, 'proper_iso_timestamp': '2025-12-29T13:46:00.000Z'}",12/29/2025 08:46,"{'date': '12/29/2025', 'date_formatted': '12/29/2025', 'hours': '08', 'minutes': '46', 'am_pm': 'AM', 'unix_timestamp': 1766997960000, 'iso_timestamp': '2025-12-29T08:46:00.000Z', 'timestamp': '12/29/2025 08:46 am', 'time': 526, 'time_formatted': '08:46', 'proper_unix_timestamp': 1767015960000, 'proper_iso_timestamp': '2025-12-29T13:46:00.000Z'}",Color,Color,7彩slr夜光消音,7彩slr夜光消音,,,,,185,185,$30.00,30,No,False,,,,,67.99,67.99,,,29.90,29.9,13.20,13.2,No,False,,,Yes,True,,,,,,,$30.00,30,$40.85,40.85,No,False
6952862197f46fbba4fbb6d8,"<span class=""692e725c7e25f4f438f430e8"" data-kn=""connection-value"">七彩喷火夜光消荧光玩具喷火战术夜光激发装置软弹感应器影视装备-淘宝网</span>","[{'id': '692e725c7e25f4f438f430e8', 'identifier': '七彩喷火夜光消荧光玩具喷火战术夜光激发装置软弹感应器影视装备-淘宝网'}]",Active,Active,Flamethrower Pig Tracer Suppressor,Flamethrower Pig Tracer Suppressor,,,,,,,Yes,True,,,12/29/2025 08:46,"{'date': '12/29/2025', 'date_formatted': '12/29/2025', 'hours': '08', 'minutes': '46', 'am_pm': 'AM', 'unix_timestamp': 1766997960000, 'iso_timestamp': '2025-12-29T08:46:00.000Z', 'timestamp': '12/29/2025 08:46 am', 'time': 526, 'time_formatted': '08:46', 'proper_unix_timestamp': 1767015960000, 'proper_iso_timestamp': '2025-12-29T13:46:00.000Z'}",12/29/2025 08:46,"{'date': '12/29/2025', 'date_formatted': '12/29/2025', 'hours': '08', 'minutes': '46', 'am_pm': 'AM', 'unix_timestamp': 1766997960000, 'iso_timestamp': '2025-12-29T08:46:00.000Z', 'timestamp': '12/29/2025 08:46 am', 'time': 526, 'time_formatted': '08:46', 'proper_unix_timestamp': 1767015960000, 'proper_iso_timestamp': '2025-12-29T13:46:00.000Z'}",Color,Color,喷火猪夜光消音,喷火猪夜光消音,,,,,135,135,$30.00,30,No,False,,,,,51.99,51.99,,,29.70,29.7,13.00,13,No,False,,,Yes,True,,,,,,,$30.00,30,$31.35,31.35,No,False
6952861ba7ebcd0a81e0b67f,"<span class=""692e7249bbb1193449c6c364"" data-kn=""connection-value"">金属增高支架镜桥GBRS Hydra九头蛇UNITY EXPS底座T1 T2 H1 2红点-淘宝网</span>","[{'id': '692e7249bbb1193449c6c364', 'identifier': '金属增高支架镜桥GBRS Hydra九头蛇UNITY EXPS底座T1 T2 H1 2红点-淘宝网'}]",Active,Active,金棕色-UNITY EXPS,金棕色-UNITY EXPS,,,,,,,Yes,True,,,12/29/2025 08:46,"{'date': '12/29/2025', 'date_formatted': '12/29/2025', 'hours': '08', 'minutes': '46', 'am_pm': 'AM', 'unix_timestamp': 1766997960000, 'iso_timestamp': '2025-12-29T08:46:00.000Z', 'timestamp': '12/29/2025 08:46 am', 'time': 526, 'time_formatted': '08:46', 'proper_unix_timestamp': 1767015960000, 'proper_iso_timestamp': '2025-12-29T13:46:00.000Z'}",12/29/2025 08:46,"{'date': '12/29/2025', 'date_formatted': '12/29/2025', 'hours': '08', 'minutes': '46', 'am_pm': 'AM', 'unix_timestamp': 1766997960000, 'iso_timestamp': '2025-12-29T08:46:00.000Z', 'timestamp': '12/29/2025 08:46 am', 'time': 526, 'time_formatted': '08:46', 'proper_unix_timestamp': 1767015960000, 'proper_iso_timestamp': '2025-12-29T13:46:00.000Z'}",,,,,,,,,38,38,$30.00,30,No,False,,,,,21.99,21.99,,,31.20,31.2,14.70,14.7,No,False,,,Yes,True,,,,,,,$30.00,30,$12.92,12.92,No,False
6952861a04510621d16f7bcf,"<span class=""692e7249bbb1193449c6c364"" data-kn=""connection-value"">金属增高支架镜桥GBRS Hydra九头蛇UNITY EXPS底座T1 T2 H1 2红点-淘宝网</span>","[{'id': '692e7249bbb1193449c6c364', 'identifier': '金属增高支架镜桥GBRS Hydra九头蛇UNITY EXPS底座T1 T2 H1 2红点-淘宝网'}]",Active,Active,黑色-UNITY EXPS,黑色-UNITY EXPS,,,,,,,Yes,True,,,12/29/2025 08:46,"{'date': '12/29/2025', 'date_formatted': '12/29/2025', 'hours': '08', 'minutes': '46', 'am_pm': 'AM', 'unix_timestamp': 1766997960000, 'iso_timestamp': '2025-12-29T08:46:00.000Z', 'timestamp': '12/29/2025 08:46 am', 'time': 526, 'time_formatted': '08:46', 'proper_unix_timestamp': 1767015960000, 'proper_iso_timestamp': '2025-12-29T13:46:00.000Z'}",12/29/2025 08:46,"{'date': '12/29/2025', 'date_formatted': '12/29/2025', 'hours': '08', 'minutes': '46', 'am_pm': 'AM', 'unix_timestamp': 1766997960000, 'iso_timestamp': '2025-12-29T08:46:00.000Z', 'timestamp': '12/29/2025 08:46 am', 'time': 526, 'time_formatted': '08:46', 'proper_unix_timestamp': 1767015960000, 'proper_iso_timestamp': '2025-12-29T13:46:00.000Z'}",,,,,,,,,38,38,$30.00,30,No,False,,,,,21.99,21.99,,,31.20,31.2,14.70,14.7,No,False,,,Yes,True,,,,,,,$30.00,30,$12.92,12.92,No,False
6952861929256c1eb73915d6,"<span class=""692e7249bbb1193449c6c364"" data-kn=""connection-value"">金属增高支架镜桥GBRS Hydra九头蛇UNITY EXPS底座T1 T2 H1 2红点-淘宝网</span>","[{'id': '692e7249bbb1193449c6c364', 'identifier': '金属增高支架镜桥GBRS Hydra九头蛇UNITY EXPS底座T1 T2 H1 2红点-淘宝网'}]",Active,Active,金棕色矮款-UNITY FAST,金棕色矮款-UNITY FAST,,,,,,,Yes,True,,,12/29/2025 08:46,"{'date': '12/29/2025', 'date_formatted': '12/29/2025', 'hours': '08', 'minutes': '46', 'am_pm': 'AM', 'unix_timestamp': 1766997960000, 'iso_timestamp': '2025-12-29T08:46:00.000Z', 'timestamp': '12/29/2025 08:46 am', 'time': 526, 'time_formatted': '08:46', 'proper_unix_timestamp': 1767015960000, 'proper_iso_timestamp': '2025-12-29T13:46:00.000Z'}",12/29/2025 08:46,"{'date': '12/29/2025', 'date_formatted': '12/29/2025', 'hours': '08', 'minutes': '46', 'am_pm': 'AM', 'unix_timestamp': 1766997960000, 'iso_timestamp': '2025-12-29T08:46:00.000Z', 'timestamp': '12/29/2025 08:46 am', 'time': 526, 'time_formatted': '08:46', 'proper_unix_timestamp': 1767015960000, 'proper_iso_timestamp': '2025-12-29T13:46:00.000Z'}",,,,,,,,,68,68,$30.00,30,No,False,,,,,30.99,30.99,,,29.90,29.9,13.20,13.2,No,False,,,Yes,True,,,,,,,$30.00,30,$18.62,18.62,No,False
69528619987975e07e2fc8bd,"<span class=""692e7249bbb1193449c6c364"" data-kn=""connection-value"">金属增高支架镜桥GBRS Hydra九头蛇UNITY EXPS底座T1 T2 H1 2红点-淘宝网</span>","[{'id': '692e7249bbb1193449c6c364', 'identifier': '金属增高支架镜桥GBRS Hydra九头蛇UNITY EXPS底座T1 T2 H1 2红点-淘宝网'}]",Active,Active,黑色矮款-UNITY FAST,黑色矮款-UNITY FAST,,,,,,,Yes,True,,,12/29/2025 08:46,"{'date': '12/29/2025', 'date_formatted': '12/29/2025', 'hours': '08', 'minutes': '46', 'am_pm': 'AM', 'unix_timestamp': 1766997960000, 'iso_timestamp': '2025-12-29T08:46:00.000Z', 'timestamp': '12/29/2025 08:46 am', 'time': 526, 'time_formatted': '08:46', 'proper_unix_timestamp': 1767015960000, 'proper_iso_timestamp': '2025-12-29T13:46:00.000Z'}",12/29/2025 08:46,"{'date': '12/29/2025', 'date_formatted': '12/29/2025', 'hours': '08', 'minutes': '46', 'am_pm': 'AM', 'unix_timestamp': 1766997960000, 'iso_timestamp': '2025-12-29T08:46:00.000Z', 'timestamp': '12/29/2025 08:46 am', 'time': 526, 'time_formatted': '08:46', 'proper_unix_timestamp': 1767015960000, 'proper_iso_timestamp': '2025-12-29T13:46:00.000Z'}",,,,,,,,,68,68,$30.00,30,No,False,,,,,30.99,30.99,,,29.90,29.9,13.20,13.2,No,False,,,Yes,True,,,,,,,$30.00,30,$18.62,18.62,No,False
6952861808c488cc571dbed2,"<span class=""692e7249bbb1193449c6c364"" data-kn=""connection-value"">金属增高支架镜桥GBRS Hydra九头蛇UNITY EXPS底座T1 T2 H1 2红点-淘宝网</span>","[{'id': '692e7249bbb1193449c6c364', 'identifier': '金属增高支架镜桥GBRS Hydra九头蛇UNITY EXPS底座T1 T2 H1 2红点-淘宝网'}]",Active,Active,金棕色高款-UNITY FAST,金棕色高款-UNITY FAST,,,,,,,Yes,True,,,12/29/2025 08:46,"{'date': '12/29/2025', 'date_formatted': '12/29/2025', 'hours': '08', 'minutes': '46', 'am_pm': 'AM', 'unix_timestamp': 1766997960000, 'iso_timestamp': '2025-12-29T08:46:00.000Z', 'timestamp': '12/29/2025 08:46 am', 'time': 526, 'time_formatted': '08:46', 'proper_unix_timestamp': 1767015960000, 'proper_iso_timestamp': '2025-12-29T13:46:00.000Z'}",12/29/2025 08:46,"{'date': '12/29/2025', 'date_formatted': '12/29/2025', 'hours': '08', 'minutes': '46', 'am_pm': 'AM', 'unix_timestamp': 1766997960000, 'iso_timestamp': '2025-12-29T08:46:00.000Z', 'timestamp': '12/29/2025 08:46 am', 'time': 526, 'time_formatted': '08:46', 'proper_unix_timestamp': 1767015960000, 'proper_iso_timestamp': '2025-12-29T13:46:00.000Z'}",,,,,,,,,68,68,$30.00,30,No,False,,,,,30.99,30.99,,,29.90,29.9,13.20,13.2,No,False,,,Yes,True,,,,,,,$30.00,30,$18.62,18.62,No,False
69528618d08204d0eb739c51,"<span class=""692e7249bbb1193449c6c364"" data-kn=""connection-value"">金属增高支架镜桥GBRS Hydra九头蛇UNITY EXPS底座T1 T2 H1 2红点-淘宝网</span>","[{'id': '692e7249bbb1193449c6c364', 'identifier': '金属增高支架镜桥GBRS Hydra九头蛇UNITY EXPS底座T1 T2 H1 2红点-淘宝网'}]",Active,Active,黑色高款-UNITY FAST,黑色高款-UNITY FAST,,,,,,,Yes,True,,,12/29/2025 08:46,"{'date': '12/29/2025', 'date_formatted': '12/29/2025', 'hours': '08', 'minutes': '46', 'am_pm': 'AM', 'unix_timestamp': 1766997960000, 'iso_timestamp': '2025-12-29T08:46:00.000Z', 'timestamp': '12/29/2025 08:46 am', 'time': 526, 'time_formatted': '08:46', 'proper_unix_timestamp': 1767015960000, 'proper_iso_timestamp': '2025-12-29T13:46:00.000Z'}",12/29/2025 08:46,"{'date': '12/29/2025', 'date_formatted': '12/29/2025', 'hours': '08', 'minutes': '46', 'am_pm': 'AM', 'unix_timestamp': 1766997960000, 'iso_timestamp': '2025-12-29T08:46:00.000Z', 'timestamp': '12/29/2025 08:46 am', 'time': 526, 'time_formatted': '08:46', 'proper_unix_timestamp': 1767015960000, 'proper_iso_timestamp': '2025-12-29T13:46:00.000Z'}",,,,,,,,,68,68,$30.00,30,No,False,,,,,30.99,30.99,,,29.90,29.9,13.20,13.2,No,False,,,Yes,True,,,,,,,$30.00,30,$18.62,18.62,No,False
695286172d75d83ba638c59e,"<span class=""692e7249bbb1193449c6c364"" data-kn=""connection-value"">金属增高支架镜桥GBRS Hydra九头蛇UNITY EXPS底座T1 T2 H1 2红点-淘宝网</span>","[{'id': '692e7249bbb1193449c6c364', 'identifier': '金属增高支架镜桥GBRS Hydra九头蛇UNITY EXPS底座T1 T2 H1 2红点-淘宝网'}]",Active,Active,沙色高款-GBRS Hydra Mount九头蛇,沙色高款-GBRS Hydra Mount九头蛇,,,,,,,Yes,True,,,12/29/2025 08:45,"{'date': '12/29/2025', 'date_formatted': '12/29/2025', 'hours': '08', 'minutes': '45', 'am_pm': 'AM', 'unix_timestamp': 1766997900000, 'iso_timestamp': '2025-12-29T08:45:00.000Z', 'timestamp': '12/29/2025 08:45 am', 'time': 525, 'time_formatted': '08:45', 'proper_unix_timestamp': 1767015900000, 'proper_iso_timestamp': '2025-12-29T13:45:00.000Z'}",12/29/2025 08:45,"{'date': '12/29/2025', 'date_formatted': '12/29/2025', 'hours': '08', 'minutes': '45', 'am_pm': 'AM', 'unix_timestamp': 1766997900000, 'iso_timestamp': '2025-12-29T08:45:00.000Z', 'timestamp': '12/29/2025 08:45 am', 'time': 525, 'time_formatted': '08:45', 'proper_unix_timestamp': 1767015900000, 'proper_iso_timestamp': '2025-12-29T13:45:00.000Z'}",,,,,,,,,128,128,$30.00,30,No,False,,,,,49.99,49.99,,,29.90,29.9,13.30,13.3,No,False,,,Yes,True,,,,,,,$30.00,30,$30.02,30.02,No,False
69528617a7ebcd0a81e07ca4,"<span class=""692e7249bbb1193449c6c364"" data-kn=""connection-value"">金属增高支架镜桥GBRS Hydra九头蛇UNITY EXPS底座T1 T2 H1 2红点-淘宝网</span>","[{'id': '692e7249bbb1193449c6c364', 'identifier': '金属增高支架镜桥GBRS Hydra九头蛇UNITY EXPS底座T1 T2 H1 2红点-淘宝网'}]",Active,Active,黑色高款-GBRS Hydra Mount九头蛇,黑色高款-GBRS Hydra Mount九头蛇,,,,,,,Yes,True,,,12/29/2025 08:45,"{'date': '12/29/2025', 'date_formatted': '12/29/2025', 'hours': '08', 'minutes': '45', 'am_pm': 'AM', 'unix_timestamp': 1766997900000, 'iso_timestamp': '2025-12-29T08:45:00.000Z', 'timestamp': '12/29/2025 08:45 am', 'time': 525, 'time_formatted': '08:45', 'proper_unix_timestamp': 1767015900000, 'proper_iso_timestamp': '2025-12-29T13:45:00.000Z'}",12/29/2025 08:45,"{'date': '12/29/2025', 'date_formatted': '12/29/2025', 'hours': '08', 'minutes': '45', 'am_pm': 'AM', 'unix_timestamp': 1766997900000, 'iso_timestamp': '2025-12-29T08:45:00.000Z', 'timestamp': '12/29/2025 08:45 am', 'time': 525, 'time_formatted': '08:45', 'proper_unix_timestamp': 1767015900000, 'proper_iso_timestamp': '2025-12-29T13:45:00.000Z'}",,,,,,,,,128,128,$30.00,30,No,False,,,,,49.99,49.99,,,29.90,29.9,13.30,13.3,No,False,,,Yes,True,,,,,,,$30.00,30,$30.02,30.02,No,False
6952861703c3b396102c9fa9,"<span class=""692e7249bbb1193449c6c364"" data-kn=""connection-value"">金属增高支架镜桥GBRS Hydra九头蛇UNITY EXPS底座T1 T2 H1 2红点-淘宝网</span>","[{'id': '692e7249bbb1193449c6c364', 'identifier': '金属增高支架镜桥GBRS Hydra九头蛇UNITY EXPS底座T1 T2 H1 2红点-淘宝网'}]",Active,Active,金棕色矮款-GBRS Hydra Mount九头蛇,金棕色矮款-GBRS Hydra Mount九头蛇,,,,,,,Yes,True,,,12/29/2025 08:45,"{'date': '12/29/2025', 'date_formatted': '12/29/2025', 'hours': '08', 'minutes': '45', 'am_pm': 'AM', 'unix_timestamp': 1766997900000, 'iso_timestamp': '2025-12-29T08:45:00.000Z', 'timestamp': '12/29/2025 08:45 am', 'time': 525, 'time_formatted': '08:45', 'proper_unix_timestamp': 1767015900000, 'proper_iso_timestamp': '2025-12-29T13:45:00.000Z'}",12/29/2025 08:45,"{'date': '12/29/2025', 'date_formatted': '12/29/2025', 'hours': '08', 'minutes': '45', 'am_pm': 'AM', 'unix_timestamp': 1766997900000, 'iso_timestamp': '2025-12-29T08:45:00.000Z', 'timestamp': '12/29/2025 08:45 am', 'time': 525, 'time_formatted': '08:45', 'proper_unix_timestamp': 1767015900000, 'proper_iso_timestamp': '2025-12-29T13:45:00.000Z'}",,,,,,,,,128,128,$30.00,30,No,False,,,,,49.99,49.99,,,29.90,29.9,13.30,13.3,No,False,,,Yes,True,,,,,,,$30.00,30,$30.02,30.02,No,False
69528616dc3aa591e5c70862,"<span class=""692e7249bbb1193449c6c364"" data-kn=""connection-value"">金属增高支架镜桥GBRS Hydra九头蛇UNITY EXPS底座T1 T2 H1 2红点-淘宝网</span>","[{'id': '692e7249bbb1193449c6c364', 'identifier': '金属增高支架镜桥GBRS Hydra九头蛇UNITY EXPS底座T1 T2 H1 2红点-淘宝网'}]",Active,Active,黑色矮款-GBRS Hydra Mount九头蛇,黑色矮款-GBRS Hydra Mount九头蛇,,,,,,,Yes,True,,,12/29/2025 08:45,"{'date': '12/29/2025', 'date_formatted': '12/29/2025', 'hours': '08', 'minutes': '45', 'am_pm': 'AM', 'unix_timestamp': 1766997900000, 'iso_timestamp': '2025-12-29T08:45:00.000Z', 'timestamp': '12/29/2025 08:45 am', 'time': 525, 'time_formatted': '08:45', 'proper_unix_timestamp': 1767015900000, 'proper_iso_timestamp': '2025-12-29T13:45:00.000Z'}",12/29/2025 08:45,"{'date': '12/29/2025', 'date_formatted': '12/29/2025', 'hours': '08', 'minutes': '45', 'am_pm': 'AM', 'unix_timestamp': 1766997900000, 'iso_timestamp': '2025-12-29T08:45:00.000Z', 'timestamp': '12/29/2025 08:45 am', 'time': 525, 'time_formatted': '08:45', 'proper_unix_timestamp': 1767015900000, 'proper_iso_timestamp': '2025-12-29T13:45:00.000Z'}",,,,,,,,,128,128,$30.00,30,No,False,,,,,49.99,49.99,,,29.90,29.9,13.30,13.3,No,False,,,Yes,True,,,,,,,$30.00,30,$30.02,30.02,No,False
69528615702b6fdd625e5f54,"<span class=""692e7244206a9763480dd922"" data-kn=""connection-value"">【MST2011底盖/井合集】CNC金属护边铝合金底盖底座配件-淘宝网</span>","[{'id': '692e7244206a9763480dd922', 'identifier': '【MST2011底盖/井合集】CNC金属护边铝合金底盖底座配件-淘宝网'}]",Active,Active,MST2011井银色,MST2011井银色,,,,,,,Yes,True,,,12/29/2025 08:45,"{'date': '12/29/2025', 'date_formatted': '12/29/2025', 'hours': '08', 'minutes': '45', 'am_pm': 'AM', 'unix_timestamp': 1766997900000, 'iso_timestamp': '2025-12-29T08:45:00.000Z', 'timestamp': '12/29/2025 08:45 am', 'time': 525, 'time_formatted': '08:45', 'proper_unix_timestamp': 1767015900000, 'proper_iso_timestamp': '2025-12-29T13:45:00.000Z'}",12/29/2025 08:45,"{'date': '12/29/2025', 'date_formatted': '12/29/2025', 'hours': '08', 'minutes': '45', 'am_pm': 'AM', 'unix_timestamp': 1766997900000, 'iso_timestamp': '2025-12-29T08:45:00.000Z', 'timestamp': '12/29/2025 08:45 am', 'time': 525, 'time_formatted': '08:45', 'proper_unix_timestamp': 1767015900000, 'proper_iso_timestamp': '2025-12-29T13:45:00.000Z'}",,,,,,,,,84,84,$30.00,30,No,False,,,,,35.99,35.99,,,29.80,29.8,13.10,13.1,No,False,,,Yes,True,,,,,,,$30.00,30,$21.66,21.66,No,False
69528614a7ebcd0a81e0356c,"<span class=""692e7244206a9763480dd922"" data-kn=""connection-value"">【MST2011底盖/井合集】CNC金属护边铝合金底盖底座配件-淘宝网</span>","[{'id': '692e7244206a9763480dd922', 'identifier': '【MST2011底盖/井合集】CNC金属护边铝合金底盖底座配件-淘宝网'}]",Active,Active,MST2011井-金色,MST2011井-金色,,,,,,,Yes,True,,,12/29/2025 08:45,"{'date': '12/29/2025', 'date_formatted': '12/29/2025', 'hours': '08', 'minutes': '45', 'am_pm': 'AM', 'unix_timestamp': 1766997900000, 'iso_timestamp': '2025-12-29T08:45:00.000Z', 'timestamp': '12/29/2025 08:45 am', 'time': 525, 'time_formatted': '08:45', 'proper_unix_timestamp': 1767015900000, 'proper_iso_timestamp': '2025-12-29T13:45:00.000Z'}",12/29/2025 08:45,"{'date': '12/29/2025', 'date_formatted': '12/29/2025', 'hours': '08', 'minutes': '45', 'am_pm': 'AM', 'unix_timestamp': 1766997900000, 'iso_timestamp': '2025-12-29T08:45:00.000Z', 'timestamp': '12/29/2025 08:45 am', 'time': 525, 'time_formatted': '08:45', 'proper_unix_timestamp': 1767015900000, 'proper_iso_timestamp': '2025-12-29T13:45:00.000Z'}",,,,,,,,,84,84,$30.00,30,No,False,,,,,35.99,35.99,,,29.80,29.8,13.10,13.1,No,False,,,Yes,True,,,,,,,$30.00,30,$21.66,21.66,No,False
6952861429256c1eb7390d70,"<span class=""692e7244206a9763480dd922"" data-kn=""connection-value"">【MST2011底盖/井合集】CNC金属护边铝合金底盖底座配件-淘宝网</span>","[{'id': '692e7244206a9763480dd922', 'identifier': '【MST2011底盖/井合集】CNC金属护边铝合金底盖底座配件-淘宝网'}]",Active,Active,MST2011井（刻字款）-银色,MST2011井（刻字款）-银色,,,,,,,Yes,True,,,12/29/2025 08:45,"{'date': '12/29/2025', 'date_formatted': '12/29/2025', 'hours': '08', 'minutes': '45', 'am_pm': 'AM', 'unix_timestamp': 1766997900000, 'iso_timestamp': '2025-12-29T08:45:00.000Z', 'timestamp': '12/29/2025 08:45 am', 'time': 525, 'time_formatted': '08:45', 'proper_unix_timestamp': 1767015900000, 'proper_iso_timestamp': '2025-12-29T13:45:00.000Z'}",12/29/2025 08:45,"{'date': '12/29/2025', 'date_formatted': '12/29/2025', 'hours': '08', 'minutes': '45', 'am_pm': 'AM', 'unix_timestamp': 1766997900000, 'iso_timestamp': '2025-12-29T08:45:00.000Z', 'timestamp': '12/29/2025 08:45 am', 'time': 525, 'time_formatted': '08:45', 'proper_unix_timestamp': 1767015900000, 'proper_iso_timestamp': '2025-12-29T13:45:00.000Z'}",,,,,,,,,84,84,$30.00,30,No,False,,,,,35.99,35.99,,,29.80,29.8,13.10,13.1,No,False,,,Yes,True,,,,,,,$30.00,30,$21.66,21.66,No,False
69528613ed3dc8f8ad3551b7,"<span class=""692e7244206a9763480dd922"" data-kn=""connection-value"">【MST2011底盖/井合集】CNC金属护边铝合金底盖底座配件-淘宝网</span>","[{'id': '692e7244206a9763480dd922', 'identifier': '【MST2011底盖/井合集】CNC金属护边铝合金底盖底座配件-淘宝网'}]",Active,Active,MST2011井（刻字款）-黑色,MST2011井（刻字款）-黑色,,,,,,,Yes,True,,,12/29/2025 08:45,"{'date': '12/29/2025', 'date_formatted': '12/29/2025', 'hours': '08', 'minutes': '45', 'am_pm': 'AM', 'unix_timestamp': 1766997900000, 'iso_timestamp': '2025-12-29T08:45:00.000Z', 'timestamp': '12/29/2025 08:45 am', 'time': 525, 'time_formatted': '08:45', 'proper_unix_timestamp': 1767015900000, 'proper_iso_timestamp': '2025-12-29T13:45:00.000Z'}",12/29/2025 08:45,"{'date': '12/29/2025', 'date_formatted': '12/29/2025', 'hours': '08', 'minutes': '45', 'am_pm': 'AM', 'unix_timestamp': 1766997900000, 'iso_timestamp': '2025-12-29T08:45:00.000Z', 'timestamp': '12/29/2025 08:45 am', 'time': 525, 'time_formatted': '08:45', 'proper_unix_timestamp': 1767015900000, 'proper_iso_timestamp': '2025-12-29T13:45:00.000Z'}",,,,,,,,,84,84,$30.00,30,No,False,,,,,35.99,35.99,,,29.80,29.8,13.10,13.1,No,False,,,Yes,True,,,,,,,$30.00,30,$21.66,21.66,No,False
695286137c1031906b498b8c,"<span class=""692e7244206a9763480dd922"" data-kn=""connection-value"">【MST2011底盖/井合集】CNC金属护边铝合金底盖底座配件-淘宝网</span>","[{'id': '692e7244206a9763480dd922', 'identifier': '【MST2011底盖/井合集】CNC金属护边铝合金底盖底座配件-淘宝网'}]",Active,Active,MST2011井（刻字款）-灰色,MST2011井（刻字款）-灰色,,,,,,,Yes,True,,,12/29/2025 08:45,"{'date': '12/29/2025', 'date_formatted': '12/29/2025', 'hours': '08', 'minutes': '45', 'am_pm': 'AM', 'unix_timestamp': 1766997900000, 'iso_timestamp': '2025-12-29T08:45:00.000Z', 'timestamp': '12/29/2025 08:45 am', 'time': 525, 'time_formatted': '08:45', 'proper_unix_timestamp': 1767015900000, 'proper_iso_timestamp': '2025-12-29T13:45:00.000Z'}",12/29/2025 08:45,"{'date': '12/29/2025', 'date_formatted': '12/29/2025', 'hours': '08', 'minutes': '45', 'am_pm': 'AM', 'unix_timestamp': 1766997900000, 'iso_timestamp': '2025-12-29T08:45:00.000Z', 'timestamp': '12/29/2025 08:45 am', 'time': 525, 'time_formatted': '08:45', 'proper_unix_timestamp': 1767015900000, 'proper_iso_timestamp': '2025-12-29T13:45:00.000Z'}",,,,,,,,,84,84,$30.00,30,No,False,,,,,35.99,35.99,,,29.80,29.8,13.10,13.1,No,False,,,Yes,True,,,,,,,$30.00,30,$21.66,21.66,No,False
69528612dc3aa591e5c6b068,"<span class=""692e7244206a9763480dd922"" data-kn=""connection-value"">【MST2011底盖/井合集】CNC金属护边铝合金底盖底座配件-淘宝网</span>","[{'id': '692e7244206a9763480dd922', 'identifier': '【MST2011底盖/井合集】CNC金属护边铝合金底盖底座配件-淘宝网'}]",Active,Active,MST2011 Magwell (Eng,MST2011 Magwell (Eng,,,,,,,Yes,True,,,12/29/2025 08:45,"{'date': '12/29/2025', 'date_formatted': '12/29/2025', 'hours': '08', 'minutes': '45', 'am_pm': 'AM', 'unix_timestamp': 1766997900000, 'iso_timestamp': '2025-12-29T08:45:00.000Z', 'timestamp': '12/29/2025 08:45 am', 'time': 525, 'time_formatted': '08:45', 'proper_unix_timestamp': 1767015900000, 'proper_iso_timestamp': '2025-12-29T13:45:00.000Z'}",12/29/2025 08:45,"{'date': '12/29/2025', 'date_formatted': '12/29/2025', 'hours': '08', 'minutes': '45', 'am_pm': 'AM', 'unix_timestamp': 1766997900000, 'iso_timestamp': '2025-12-29T08:45:00.000Z', 'timestamp': '12/29/2025 08:45 am', 'time': 525, 'time_formatted': '08:45', 'proper_unix_timestamp': 1767015900000, 'proper_iso_timestamp': '2025-12-29T13:45:00.000Z'}",,,,,,,,,56,56,$30.00,30,No,False,,,,,26.99,26.99,,,29.50,29.5,12.70,12.7,No,False,,,Yes,True,,,,,,,$30.00,30,$16.34,16.34,No,False
69528612d08204d0eb72ebde,"<span class=""692e7244206a9763480dd922"" data-kn=""connection-value"">【MST2011底盖/井合集】CNC金属护边铝合金底盖底座配件-淘宝网</span>","[{'id': '692e7244206a9763480dd922', 'identifier': '【MST2011底盖/井合集】CNC金属护边铝合金底盖底座配件-淘宝网'}]",Active,Active,MST2011 Base Plate - Grey,MST2011 Base Plate - Grey,,,,,,,Yes,True,,,12/29/2025 08:45,"{'date': '12/29/2025', 'date_formatted': '12/29/2025', 'hours': '08', 'minutes': '45', 'am_pm': 'AM', 'unix_timestamp': 1766997900000, 'iso_timestamp': '2025-12-29T08:45:00.000Z', 'timestamp': '12/29/2025 08:45 am', 'time': 525, 'time_formatted': '08:45', 'proper_unix_timestamp': 1767015900000, 'proper_iso_timestamp': '2025-12-29T13:45:00.000Z'}",12/29/2025 08:45,"{'date': '12/29/2025', 'date_formatted': '12/29/2025', 'hours': '08', 'minutes': '45', 'am_pm': 'AM', 'unix_timestamp': 1766997900000, 'iso_timestamp': '2025-12-29T08:45:00.000Z', 'timestamp': '12/29/2025 08:45 am', 'time': 525, 'time_formatted': '08:45', 'proper_unix_timestamp': 1767015900000, 'proper_iso_timestamp': '2025-12-29T13:45:00.000Z'}",,,,,,,,,56,56,$30.00,30,No,False,,,,,26.99,26.99,,,29.50,29.5,12.70,12.7,No,False,,,Yes,True,,,,,,,$30.00,30,$16.34,16.34,No,False
69528612c05a2a4a98018726,"<span class=""692e7244206a9763480dd922"" data-kn=""connection-value"">【MST2011底盖/井合集】CNC金属护边铝合金底盖底座配件-淘宝网</span>","[{'id': '692e7244206a9763480dd922', 'identifier': '【MST2011底盖/井合集】CNC金属护边铝合金底盖底座配件-淘宝网'}]",Active,Active,MST2011 Base Plate - Red,MST2011 Base Plate - Red,,,,,,,Yes,True,,,12/29/2025 08:45,"{'date': '12/29/2025', 'date_formatted': '12/29/2025', 'hours': '08', 'minutes': '45', 'am_pm': 'AM', 'unix_timestamp': 1766997900000, 'iso_timestamp': '2025-12-29T08:45:00.000Z', 'timestamp': '12/29/2025 08:45 am', 'time': 525, 'time_formatted': '08:45', 'proper_unix_timestamp': 1767015900000, 'proper_iso_timestamp': '2025-12-29T13:45:00.000Z'}",12/29/2025 08:45,"{'date': '12/29/2025', 'date_formatted': '12/29/2025', 'hours': '08', 'minutes': '45', 'am_pm': 'AM', 'unix_timestamp': 1766997900000, 'iso_timestamp': '2025-12-29T08:45:00.000Z', 'timestamp': '12/29/2025 08:45 am', 'time': 525, 'time_formatted': '08:45', 'proper_unix_timestamp': 1767015900000, 'proper_iso_timestamp': '2025-12-29T13:45:00.000Z'}",,,,,,,,,56,56,$30.00,30,No,False,,,,,26.99,26.99,,,29.50,29.5,12.70,12.7,No,False,,,Yes,True,,,,,,,$30.00,30,$16.34,16.34,No,False
695286117c1031906b495999,"<span class=""692e7244206a9763480dd922"" data-kn=""connection-value"">【MST2011底盖/井合集】CNC金属护边铝合金底盖底座配件-淘宝网</span>","[{'id': '692e7244206a9763480dd922', 'identifier': '【MST2011底盖/井合集】CNC金属护边铝合金底盖底座配件-淘宝网'}]",Active,Active,MST2011 Base Plate - Silver,MST2011 Base Plate - Silver,,,,,,,Yes,True,,,12/29/2025 08:45,"{'date': '12/29/2025', 'date_formatted': '12/29/2025', 'hours': '08', 'minutes': '45', 'am_pm': 'AM', 'unix_timestamp': 1766997900000, 'iso_timestamp': '2025-12-29T08:45:00.000Z', 'timestamp': '12/29/2025 08:45 am', 'time': 525, 'time_formatted': '08:45', 'proper_unix_timestamp': 1767015900000, 'proper_iso_timestamp': '2025-12-29T13:45:00.000Z'}",12/29/2025 08:45,"{'date': '12/29/2025', 'date_formatted': '12/29/2025', 'hours': '08', 'minutes': '45', 'am_pm': 'AM', 'unix_timestamp': 1766997900000, 'iso_timestamp': '2025-12-29T08:45:00.000Z', 'timestamp': '12/29/2025 08:45 am', 'time': 525, 'time_formatted': '08:45', 'proper_unix_timestamp': 1767015900000, 'proper_iso_timestamp': '2025-12-29T13:45:00.000Z'}",,,,,,,,,56,56,$30.00,30,No,False,,,,,26.99,26.99,,,29.50,29.5,12.70,12.7,No,False,,,Yes,True,,,,,,,$30.00,30,$16.34,16.34,No,False
695286115ba6f17f203fc673,"<span class=""692e7244206a9763480dd922"" data-kn=""connection-value"">【MST2011底盖/井合集】CNC金属护边铝合金底盖底座配件-淘宝网</span>","[{'id': '692e7244206a9763480dd922', 'identifier': '【MST2011底盖/井合集】CNC金属护边铝合金底盖底座配件-淘宝网'}]",Active,Active,MST2011 Base Plate - Black,MST2011 Base Plate - Black,,,,,,,Yes,True,,,12/29/2025 08:45,"{'date': '12/29/2025', 'date_formatted': '12/29/2025', 'hours': '08', 'minutes': '45', 'am_pm': 'AM', 'unix_timestamp': 1766997900000, 'iso_timestamp': '2025-12-29T08:45:00.000Z', 'timestamp': '12/29/2025 08:45 am', 'time': 525, 'time_formatted': '08:45', 'proper_unix_timestamp': 1767015900000, 'proper_iso_timestamp': '2025-12-29T13:45:00.000Z'}",12/29/2025 08:45,"{'date': '12/29/2025', 'date_formatted': '12/29/2025', 'hours': '08', 'minutes': '45', 'am_pm': 'AM', 'unix_timestamp': 1766997900000, 'iso_timestamp': '2025-12-29T08:45:00.000Z', 'timestamp': '12/29/2025 08:45 am', 'time': 525, 'time_formatted': '08:45', 'proper_unix_timestamp': 1767015900000, 'proper_iso_timestamp': '2025-12-29T13:45:00.000Z'}",,,,,,,,,56,56,$30.00,30,No,False,,,,,26.99,26.99,,,29.50,29.5,12.70,12.7,No,False,,,Yes,True,,,,,,,$30.00,30,$16.34,16.34,No,False
69528610b073c2091ee3bd6c,"<span class=""692e72410bbc71420219577f"" data-kn=""connection-value"">雅科达jpc 6094 cpc AVS战术背心水壶插板内胆降温防护板通用PE板-淘宝网</span>","[{'id': '692e72410bbc71420219577f', 'identifier': '雅科达jpc 6094 cpc AVS战术背心水壶插板内胆降温防护板通用PE板-淘宝网'}]",Active,Active,OD Green - One Piece,OD Green - One Piece,,,,,,,Yes,True,,,12/29/2025 08:45,"{'date': '12/29/2025', 'date_formatted': '12/29/2025', 'hours': '08', 'minutes': '45', 'am_pm': 'AM', 'unix_timestamp': 1766997900000, 'iso_timestamp': '2025-12-29T08:45:00.000Z', 'timestamp': '12/29/2025 08:45 am', 'time': 525, 'time_formatted': '08:45', 'proper_unix_timestamp': 1767015900000, 'proper_iso_timestamp': '2025-12-29T13:45:00.000Z'}",12/29/2025 08:45,"{'date': '12/29/2025', 'date_formatted': '12/29/2025', 'hours': '08', 'minutes': '45', 'am_pm': 'AM', 'unix_timestamp': 1766997900000, 'iso_timestamp': '2025-12-29T08:45:00.000Z', 'timestamp': '12/29/2025 08:45 am', 'time': 525, 'time_formatted': '08:45', 'proper_unix_timestamp': 1767015900000, 'proper_iso_timestamp': '2025-12-29T13:45:00.000Z'}",,,,,,,,,69,69,$30.00,30,No,False,,,,,30.99,30.99,,,29.30,29.3,12.60,12.6,No,False,,,Yes,True,,,,,,,$30.00,30,$18.81,18.81,No,False
6952860f5ba6f17f203fb4cf,"<span class=""692e72410bbc71420219577f"" data-kn=""connection-value"">雅科达jpc 6094 cpc AVS战术背心水壶插板内胆降温防护板通用PE板-淘宝网</span>","[{'id': '692e72410bbc71420219577f', 'identifier': '雅科达jpc 6094 cpc AVS战术背心水壶插板内胆降温防护板通用PE板-淘宝网'}]",Active,Active,Orange - One Piece,Orange - One Piece,,,,,,,Yes,True,,,12/29/2025 08:45,"{'date': '12/29/2025', 'date_formatted': '12/29/2025', 'hours': '08', 'minutes': '45', 'am_pm': 'AM', 'unix_timestamp': 1766997900000, 'iso_timestamp': '2025-12-29T08:45:00.000Z', 'timestamp': '12/29/2025 08:45 am', 'time': 525, 'time_formatted': '08:45', 'proper_unix_timestamp': 1767015900000, 'proper_iso_timestamp': '2025-12-29T13:45:00.000Z'}",12/29/2025 08:45,"{'date': '12/29/2025', 'date_formatted': '12/29/2025', 'hours': '08', 'minutes': '45', 'am_pm': 'AM', 'unix_timestamp': 1766997900000, 'iso_timestamp': '2025-12-29T08:45:00.000Z', 'timestamp': '12/29/2025 08:45 am', 'time': 525, 'time_formatted': '08:45', 'proper_unix_timestamp': 1767015900000, 'proper_iso_timestamp': '2025-12-29T13:45:00.000Z'}",,,,,,,,,69,69,$30.00,30,No,False,,,,,30.99,30.99,,,29.30,29.3,12.60,12.6,No,False,,,Yes,True,,,,,,,$30.00,30,$18.81,18.81,No,False
6952860f08c488cc571d5cec,"<span class=""692e72410bbc71420219577f"" data-kn=""connection-value"">雅科达jpc 6094 cpc AVS战术背心水壶插板内胆降温防护板通用PE板-淘宝网</span>","[{'id': '692e72410bbc71420219577f', 'identifier': '雅科达jpc 6094 cpc AVS战术背心水壶插板内胆降温防护板通用PE板-淘宝网'}]",Active,Active,Tan - One Piece,Tan - One Piece,,,,,,,Yes,True,,,12/29/2025 08:45,"{'date': '12/29/2025', 'date_formatted': '12/29/2025', 'hours': '08', 'minutes': '45', 'am_pm': 'AM', 'unix_timestamp': 1766997900000, 'iso_timestamp': '2025-12-29T08:45:00.000Z', 'timestamp': '12/29/2025 08:45 am', 'time': 525, 'time_formatted': '08:45', 'proper_unix_timestamp': 1767015900000, 'proper_iso_timestamp': '2025-12-29T13:45:00.000Z'}",12/29/2025 08:45,"{'date': '12/29/2025', 'date_formatted': '12/29/2025', 'hours': '08', 'minutes': '45', 'am_pm': 'AM', 'unix_timestamp': 1766997900000, 'iso_timestamp': '2025-12-29T08:45:00.000Z', 'timestamp': '12/29/2025 08:45 am', 'time': 525, 'time_formatted': '08:45', 'proper_unix_timestamp': 1767015900000, 'proper_iso_timestamp': '2025-12-29T13:45:00.000Z'}",,,,,,,,,69,69,$30.00,30,No,False,,,,,30.99,30.99,,,29.30,29.3,12.60,12.6,No,False,,,Yes,True,,,,,,,$30.00,30,$18.81,18.81,No,False
6952860fd08204d0eb72e54d,"<span class=""692e72410bbc71420219577f"" data-kn=""connection-value"">雅科达jpc 6094 cpc AVS战术背心水壶插板内胆降温防护板通用PE板-淘宝网</span>","[{'id': '692e72410bbc71420219577f', 'identifier': '雅科达jpc 6094 cpc AVS战术背心水壶插板内胆降温防护板通用PE板-淘宝网'}]",Active,Active,Black - One Piece,Black - One Piece,,,,,,,Yes,True,,,12/29/2025 08:45,"{'date': '12/29/2025', 'date_formatted': '12/29/2025', 'hours': '08', 'minutes': '45', 'am_pm': 'AM', 'unix_timestamp': 1766997900000, 'iso_timestamp': '2025-12-29T08:45:00.000Z', 'timestamp': '12/29/2025 08:45 am', 'time': 525, 'time_formatted': '08:45', 'proper_unix_timestamp': 1767015900000, 'proper_iso_timestamp': '2025-12-29T13:45:00.000Z'}",12/29/2025 08:45,"{'date': '12/29/2025', 'date_formatted': '12/29/2025', 'hours': '08', 'minutes': '45', 'am_pm': 'AM', 'unix_timestamp': 1766997900000, 'iso_timestamp': '2025-12-29T08:45:00.000Z', 'timestamp': '12/29/2025 08:45 am', 'time': 525, 'time_formatted': '08:45', 'proper_unix_timestamp': 1767015900000, 'proper_iso_timestamp': '2025-12-29T13:45:00.000Z'}",,,,,,,,,69,69,$30.00,30,No,False,,,,,30.99,30.99,,,29.30,29.3,12.60,12.6,No,False,,,Yes,True,,,,,,,$30.00,30,$18.81,18.81,No,False
6952860eb073c2091ee38ba9,"<span class=""692e723e45a61c7d1f2b7a2d"" data-kn=""connection-value"">左右手转换快拔枪套 G17 G19 2011 VP9 P320带下挂万用型导轨枪套-淘宝网</span>","[{'id': '692e723e45a61c7d1f2b7a2d', 'identifier': '左右手转换快拔枪套 G17 G19 2011 VP9 P320带下挂万用型导轨枪套-淘宝网'}]",Active,Active,Leg Rig Panel,Leg Rig Panel,,,,,,,Yes,True,,,12/29/2025 08:45,"{'date': '12/29/2025', 'date_formatted': '12/29/2025', 'hours': '08', 'minutes': '45', 'am_pm': 'AM', 'unix_timestamp': 1766997900000, 'iso_timestamp': '2025-12-29T08:45:00.000Z', 'timestamp': '12/29/2025 08:45 am', 'time': 525, 'time_formatted': '08:45', 'proper_unix_timestamp': 1767015900000, 'proper_iso_timestamp': '2025-12-29T13:45:00.000Z'}",12/29/2025 08:45,"{'date': '12/29/2025', 'date_formatted': '12/29/2025', 'hours': '08', 'minutes': '45', 'am_pm': 'AM', 'unix_timestamp': 1766997900000, 'iso_timestamp': '2025-12-29T08:45:00.000Z', 'timestamp': '12/29/2025 08:45 am', 'time': 525, 'time_formatted': '08:45', 'proper_unix_timestamp': 1767015900000, 'proper_iso_timestamp': '2025-12-29T13:45:00.000Z'}",Color,Color,腿挂板,腿挂板,,,,,62,62,$30.00,30,No,False,,,,,28.99,28.99,,,29.70,29.7,13.00,13,No,False,,,Yes,True,,,,,,,$30.00,30,$17.48,17.48,No,False
6952860edc3aa591e5c674e7,"<span class=""692e723e45a61c7d1f2b7a2d"" data-kn=""connection-value"">左右手转换快拔枪套 G17 G19 2011 VP9 P320带下挂万用型导轨枪套-淘宝网</span>","[{'id': '692e723e45a61c7d1f2b7a2d', 'identifier': '左右手转换快拔枪套 G17 G19 2011 VP9 P320带下挂万用型导轨枪套-淘宝网'}]",Active,Active,Chest Rig Panel,Chest Rig Panel,,,,,,,Yes,True,,,12/29/2025 08:45,"{'date': '12/29/2025', 'date_formatted': '12/29/2025', 'hours': '08', 'minutes': '45', 'am_pm': 'AM', 'unix_timestamp': 1766997900000, 'iso_timestamp': '2025-12-29T08:45:00.000Z', 'timestamp': '12/29/2025 08:45 am', 'time': 525, 'time_formatted': '08:45', 'proper_unix_timestamp': 1767015900000, 'proper_iso_timestamp': '2025-12-29T13:45:00.000Z'}",12/29/2025 08:45,"{'date': '12/29/2025', 'date_formatted': '12/29/2025', 'hours': '08', 'minutes': '45', 'am_pm': 'AM', 'unix_timestamp': 1766997900000, 'iso_timestamp': '2025-12-29T08:45:00.000Z', 'timestamp': '12/29/2025 08:45 am', 'time': 525, 'time_formatted': '08:45', 'proper_unix_timestamp': 1767015900000, 'proper_iso_timestamp': '2025-12-29T13:45:00.000Z'}",Color,Color,胸挂板,胸挂板,,,,,25,25,$30.00,30,No,False,,,,,16.99,16.99,,,28.50,28.5,11.70,11.7,No,False,,,Yes,True,,,,,,,$30.00,30,$10.45,10.45,No,False
6952860dc05a2a4a9801254e,"<span class=""692e723e45a61c7d1f2b7a2d"" data-kn=""connection-value"">左右手转换快拔枪套 G17 G19 2011 VP9 P320带下挂万用型导轨枪套-淘宝网</span>","[{'id': '692e723e45a61c7d1f2b7a2d', 'identifier': '左右手转换快拔枪套 G17 G19 2011 VP9 P320带下挂万用型导轨枪套-淘宝网'}]",Active,Active,Belt Buckle,Belt Buckle,,,,,,,Yes,True,,,12/29/2025 08:45,"{'date': '12/29/2025', 'date_formatted': '12/29/2025', 'hours': '08', 'minutes': '45', 'am_pm': 'AM', 'unix_timestamp': 1766997900000, 'iso_timestamp': '2025-12-29T08:45:00.000Z', 'timestamp': '12/29/2025 08:45 am', 'time': 525, 'time_formatted': '08:45', 'proper_unix_timestamp': 1767015900000, 'proper_iso_timestamp': '2025-12-29T13:45:00.000Z'}",12/29/2025 08:45,"{'date': '12/29/2025', 'date_formatted': '12/29/2025', 'hours': '08', 'minutes': '45', 'am_pm': 'AM', 'unix_timestamp': 1766997900000, 'iso_timestamp': '2025-12-29T08:45:00.000Z', 'timestamp': '12/29/2025 08:45 am', 'time': 525, 'time_formatted': '08:45', 'proper_unix_timestamp': 1767015900000, 'proper_iso_timestamp': '2025-12-29T13:45:00.000Z'}",Color,Color,腰带扣,腰带扣,,,,,18,18,$30.00,30,No,False,,,,,14.99,14.99,,,29.20,29.2,12.40,12.4,No,False,,,Yes,True,,,,,,,$30.00,30,$9.12,9.12,No,False
6952860d94dcab60c19f541f,"<span class=""692e723e45a61c7d1f2b7a2d"" data-kn=""connection-value"">左右手转换快拔枪套 G17 G19 2011 VP9 P320带下挂万用型导轨枪套-淘宝网</span>","[{'id': '692e723e45a61c7d1f2b7a2d', 'identifier': '左右手转换快拔枪套 G17 G19 2011 VP9 P320带下挂万用型导轨枪套-淘宝网'}]",Active,Active,Black (Standard),Black (Standard),,,,,,,Yes,True,,,12/29/2025 08:45,"{'date': '12/29/2025', 'date_formatted': '12/29/2025', 'hours': '08', 'minutes': '45', 'am_pm': 'AM', 'unix_timestamp': 1766997900000, 'iso_timestamp': '2025-12-29T08:45:00.000Z', 'timestamp': '12/29/2025 08:45 am', 'time': 525, 'time_formatted': '08:45', 'proper_unix_timestamp': 1767015900000, 'proper_iso_timestamp': '2025-12-29T13:45:00.000Z'}",12/29/2025 08:45,"{'date': '12/29/2025', 'date_formatted': '12/29/2025', 'hours': '08', 'minutes': '45', 'am_pm': 'AM', 'unix_timestamp': 1766997900000, 'iso_timestamp': '2025-12-29T08:45:00.000Z', 'timestamp': '12/29/2025 08:45 am', 'time': 525, 'time_formatted': '08:45', 'proper_unix_timestamp': 1767015900000, 'proper_iso_timestamp': '2025-12-29T13:45:00.000Z'}",,,,,,,,,56,56,$30.00,30,No,False,,,,,26.99,26.99,,,29.50,29.5,12.70,12.7,No,False,,,Yes,True,,,,,,,$30.00,30,$16.34,16.34,No,False
6952860c84e64148488d7ab6,"<span class=""692e72387a558fba7c844bf5"" data-kn=""connection-value"">九头蛇增高支架 UNITY战术GBRS全金属底座T1 T2 H1 H2 R5镜桥创研-淘宝网</span>","[{'id': '692e72387a558fba7c844bf5', 'identifier': '九头蛇增高支架 UNITY战术GBRS全金属底座T1 T2 H1 H2 R5镜桥创研-淘宝网'}]",Active,Active,Black - SLR Riser Mount,Black - SLR Riser Mount,,,,,,,Yes,True,,,12/29/2025 08:45,"{'date': '12/29/2025', 'date_formatted': '12/29/2025', 'hours': '08', 'minutes': '45', 'am_pm': 'AM', 'unix_timestamp': 1766997900000, 'iso_timestamp': '2025-12-29T08:45:00.000Z', 'timestamp': '12/29/2025 08:45 am', 'time': 525, 'time_formatted': '08:45', 'proper_unix_timestamp': 1767015900000, 'proper_iso_timestamp': '2025-12-29T13:45:00.000Z'}",12/29/2025 08:45,"{'date': '12/29/2025', 'date_formatted': '12/29/2025', 'hours': '08', 'minutes': '45', 'am_pm': 'AM', 'unix_timestamp': 1766997900000, 'iso_timestamp': '2025-12-29T08:45:00.000Z', 'timestamp': '12/29/2025 08:45 am', 'time': 525, 'time_formatted': '08:45', 'proper_unix_timestamp': 1767015900000, 'proper_iso_timestamp': '2025-12-29T13:45:00.000Z'}",,,,,,,,,38,38,$30.00,30,No,False,,,,,21.99,21.99,,,31.20,31.2,14.70,14.7,No,False,,,Yes,True,,,,,,,$30.00,30,$12.92,12.92,No,False
6952860c29256c1eb738c4d2,"<span class=""692e72387a558fba7c844bf5"" data-kn=""connection-value"">九头蛇增高支架 UNITY战术GBRS全金属底座T1 T2 H1 H2 R5镜桥创研-淘宝网</span>","[{'id': '692e72387a558fba7c844bf5', 'identifier': '九头蛇增高支架 UNITY战术GBRS全金属底座T1 T2 H1 H2 R5镜桥创研-淘宝网'}]",Active,Active,Black - SIG Riser Mount,Black - SIG Riser Mount,,,,,,,Yes,True,,,12/29/2025 08:45,"{'date': '12/29/2025', 'date_formatted': '12/29/2025', 'hours': '08', 'minutes': '45', 'am_pm': 'AM', 'unix_timestamp': 1766997900000, 'iso_timestamp': '2025-12-29T08:45:00.000Z', 'timestamp': '12/29/2025 08:45 am', 'time': 525, 'time_formatted': '08:45', 'proper_unix_timestamp': 1767015900000, 'proper_iso_timestamp': '2025-12-29T13:45:00.000Z'}",12/29/2025 08:45,"{'date': '12/29/2025', 'date_formatted': '12/29/2025', 'hours': '08', 'minutes': '45', 'am_pm': 'AM', 'unix_timestamp': 1766997900000, 'iso_timestamp': '2025-12-29T08:45:00.000Z', 'timestamp': '12/29/2025 08:45 am', 'time': 525, 'time_formatted': '08:45', 'proper_unix_timestamp': 1767015900000, 'proper_iso_timestamp': '2025-12-29T13:45:00.000Z'}",,,,,,,,,38,38,$30.00,30,No,False,,,,,21.99,21.99,,,31.20,31.2,14.70,14.7,No,False,,,Yes,True,,,,,,,$30.00,30,$12.92,12.92,No,False
6952860b84e64148488d6d1f,"<span class=""692e72387a558fba7c844bf5"" data-kn=""connection-value"">九头蛇增高支架 UNITY战术GBRS全金属底座T1 T2 H1 H2 R5镜桥创研-淘宝网</span>","[{'id': '692e72387a558fba7c844bf5', 'identifier': '九头蛇增高支架 UNITY战术GBRS全金属底座T1 T2 H1 H2 R5镜桥创研-淘宝网'}]",Active,Active,"Blue - UNIT Exps Riser Mount, CNC High Quality","Blue - UNIT Exps Riser Mount, CNC High Quality",,,,,,,Yes,True,,,12/29/2025 08:45,"{'date': '12/29/2025', 'date_formatted': '12/29/2025', 'hours': '08', 'minutes': '45', 'am_pm': 'AM', 'unix_timestamp': 1766997900000, 'iso_timestamp': '2025-12-29T08:45:00.000Z', 'timestamp': '12/29/2025 08:45 am', 'time': 525, 'time_formatted': '08:45', 'proper_unix_timestamp': 1767015900000, 'proper_iso_timestamp': '2025-12-29T13:45:00.000Z'}",12/29/2025 08:45,"{'date': '12/29/2025', 'date_formatted': '12/29/2025', 'hours': '08', 'minutes': '45', 'am_pm': 'AM', 'unix_timestamp': 1766997900000, 'iso_timestamp': '2025-12-29T08:45:00.000Z', 'timestamp': '12/29/2025 08:45 am', 'time': 525, 'time_formatted': '08:45', 'proper_unix_timestamp': 1767015900000, 'proper_iso_timestamp': '2025-12-29T13:45:00.000Z'}",,,,,,,,,24,24,$30.00,30,No,False,,,,,16.99,16.99,,,29.60,29.6,12.90,12.9,No,False,,,Yes,True,,,,,,,$30.00,30,$10.26,10.26,No,False
6952860b5ba6f17f203f6815,"<span class=""692e72387a558fba7c844bf5"" data-kn=""connection-value"">九头蛇增高支架 UNITY战术GBRS全金属底座T1 T2 H1 H2 R5镜桥创研-淘宝网</span>","[{'id': '692e72387a558fba7c844bf5', 'identifier': '九头蛇增高支架 UNITY战术GBRS全金属底座T1 T2 H1 H2 R5镜桥创研-淘宝网'}]",Active,Active,"Pink - UNIT Exps Riser Mount, CNC High Quality","Pink - UNIT Exps Riser Mount, CNC High Quality",,,,,,,Yes,True,,,12/29/2025 08:45,"{'date': '12/29/2025', 'date_formatted': '12/29/2025', 'hours': '08', 'minutes': '45', 'am_pm': 'AM', 'unix_timestamp': 1766997900000, 'iso_timestamp': '2025-12-29T08:45:00.000Z', 'timestamp': '12/29/2025 08:45 am', 'time': 525, 'time_formatted': '08:45', 'proper_unix_timestamp': 1767015900000, 'proper_iso_timestamp': '2025-12-29T13:45:00.000Z'}",12/29/2025 08:45,"{'date': '12/29/2025', 'date_formatted': '12/29/2025', 'hours': '08', 'minutes': '45', 'am_pm': 'AM', 'unix_timestamp': 1766997900000, 'iso_timestamp': '2025-12-29T08:45:00.000Z', 'timestamp': '12/29/2025 08:45 am', 'time': 525, 'time_formatted': '08:45', 'proper_unix_timestamp': 1767015900000, 'proper_iso_timestamp': '2025-12-29T13:45:00.000Z'}",,,,,,,,,24,24,$30.00,30,No,False,,,,,16.99,16.99,,,29.60,29.6,12.90,12.9,No,False,,,Yes,True,,,,,,,$30.00,30,$10.26,10.26,No,False
6952860aecc8b5f8b41bad2d,"<span class=""692e72387a558fba7c844bf5"" data-kn=""connection-value"">九头蛇增高支架 UNITY战术GBRS全金属底座T1 T2 H1 H2 R5镜桥创研-淘宝网</span>","[{'id': '692e72387a558fba7c844bf5', 'identifier': '九头蛇增高支架 UNITY战术GBRS全金属底座T1 T2 H1 H2 R5镜桥创研-淘宝网'}]",Active,Active,Red - UNIT Exps Riser Mount,Red - UNIT Exps Riser Mount,,,,,,,Yes,True,,,12/29/2025 08:45,"{'date': '12/29/2025', 'date_formatted': '12/29/2025', 'hours': '08', 'minutes': '45', 'am_pm': 'AM', 'unix_timestamp': 1766997900000, 'iso_timestamp': '2025-12-29T08:45:00.000Z', 'timestamp': '12/29/2025 08:45 am', 'time': 525, 'time_formatted': '08:45', 'proper_unix_timestamp': 1767015900000, 'proper_iso_timestamp': '2025-12-29T13:45:00.000Z'}",12/29/2025 08:45,"{'date': '12/29/2025', 'date_formatted': '12/29/2025', 'hours': '08', 'minutes': '45', 'am_pm': 'AM', 'unix_timestamp': 1766997900000, 'iso_timestamp': '2025-12-29T08:45:00.000Z', 'timestamp': '12/29/2025 08:45 am', 'time': 525, 'time_formatted': '08:45', 'proper_unix_timestamp': 1767015900000, 'proper_iso_timestamp': '2025-12-29T13:45:00.000Z'}",,,,,,,,,20,20,$30.00,30,No,False,,,,,15.99,15.99,,,30.60,30.6,14.00,14,No,False,,,Yes,True,,,,,,,$30.00,30,$9.50,9.5,No,False
6952860adc3aa591e5c6588b,"<span class=""692e72387a558fba7c844bf5"" data-kn=""connection-value"">九头蛇增高支架 UNITY战术GBRS全金属底座T1 T2 H1 H2 R5镜桥创研-淘宝网</span>","[{'id': '692e72387a558fba7c844bf5', 'identifier': '九头蛇增高支架 UNITY战术GBRS全金属底座T1 T2 H1 H2 R5镜桥创研-淘宝网'}]",Active,Active,Brown - UNIT Exps Riser Mount CNC High Quality,Brown - UNIT Exps Riser Mount CNC High Quality,,,,,,,Yes,True,,,12/29/2025 08:45,"{'date': '12/29/2025', 'date_formatted': '12/29/2025', 'hours': '08', 'minutes': '45', 'am_pm': 'AM', 'unix_timestamp': 1766997900000, 'iso_timestamp': '2025-12-29T08:45:00.000Z', 'timestamp': '12/29/2025 08:45 am', 'time': 525, 'time_formatted': '08:45', 'proper_unix_timestamp': 1767015900000, 'proper_iso_timestamp': '2025-12-29T13:45:00.000Z'}",12/29/2025 08:45,"{'date': '12/29/2025', 'date_formatted': '12/29/2025', 'hours': '08', 'minutes': '45', 'am_pm': 'AM', 'unix_timestamp': 1766997900000, 'iso_timestamp': '2025-12-29T08:45:00.000Z', 'timestamp': '12/29/2025 08:45 am', 'time': 525, 'time_formatted': '08:45', 'proper_unix_timestamp': 1767015900000, 'proper_iso_timestamp': '2025-12-29T13:45:00.000Z'}",,,,,,,,,20,20,$30.00,30,No,False,,,,,15.99,15.99,,,30.60,30.6,14.00,14,No,False,,,Yes,True,,,,,,,$30.00,30,$9.50,9.5,No,False
69528609d046b207b993370e,"<span class=""692e72387a558fba7c844bf5"" data-kn=""connection-value"">九头蛇增高支架 UNITY战术GBRS全金属底座T1 T2 H1 H2 R5镜桥创研-淘宝网</span>","[{'id': '692e72387a558fba7c844bf5', 'identifier': '九头蛇增高支架 UNITY战术GBRS全金属底座T1 T2 H1 H2 R5镜桥创研-淘宝网'}]",Active,Active,Black - UNIT Exps Riser Mount CNC High Quality,Black - UNIT Exps Riser Mount CNC High Quality,,,,,,,Yes,True,,,12/29/2025 08:45,"{'date': '12/29/2025', 'date_formatted': '12/29/2025', 'hours': '08', 'minutes': '45', 'am_pm': 'AM', 'unix_timestamp': 1766997900000, 'iso_timestamp': '2025-12-29T08:45:00.000Z', 'timestamp': '12/29/2025 08:45 am', 'time': 525, 'time_formatted': '08:45', 'proper_unix_timestamp': 1767015900000, 'proper_iso_timestamp': '2025-12-29T13:45:00.000Z'}",12/29/2025 08:45,"{'date': '12/29/2025', 'date_formatted': '12/29/2025', 'hours': '08', 'minutes': '45', 'am_pm': 'AM', 'unix_timestamp': 1766997900000, 'iso_timestamp': '2025-12-29T08:45:00.000Z', 'timestamp': '12/29/2025 08:45 am', 'time': 525, 'time_formatted': '08:45', 'proper_unix_timestamp': 1767015900000, 'proper_iso_timestamp': '2025-12-29T13:45:00.000Z'}",,,,,,,,,20,20,$30.00,30,No,False,,,,,15.99,15.99,,,30.60,30.6,14.00,14,No,False,,,Yes,True,,,,,,,$30.00,30,$9.50,9.5,No,False
6952860908c488cc571cd7bd,"<span class=""692e72387a558fba7c844bf5"" data-kn=""connection-value"">九头蛇增高支架 UNITY战术GBRS全金属底座T1 T2 H1 H2 R5镜桥创研-淘宝网</span>","[{'id': '692e72387a558fba7c844bf5', 'identifier': '九头蛇增高支架 UNITY战术GBRS全金属底座T1 T2 H1 H2 R5镜桥创研-淘宝网'}]",Active,Active,Black - UNITY Riser Mount CNC High Quality,Black - UNITY Riser Mount CNC High Quality,,,,,,,Yes,True,,,12/29/2025 08:45,"{'date': '12/29/2025', 'date_formatted': '12/29/2025', 'hours': '08', 'minutes': '45', 'am_pm': 'AM', 'unix_timestamp': 1766997900000, 'iso_timestamp': '2025-12-29T08:45:00.000Z', 'timestamp': '12/29/2025 08:45 am', 'time': 525, 'time_formatted': '08:45', 'proper_unix_timestamp': 1767015900000, 'proper_iso_timestamp': '2025-12-29T13:45:00.000Z'}",12/29/2025 08:45,"{'date': '12/29/2025', 'date_formatted': '12/29/2025', 'hours': '08', 'minutes': '45', 'am_pm': 'AM', 'unix_timestamp': 1766997900000, 'iso_timestamp': '2025-12-29T08:45:00.000Z', 'timestamp': '12/29/2025 08:45 am', 'time': 525, 'time_formatted': '08:45', 'proper_unix_timestamp': 1767015900000, 'proper_iso_timestamp': '2025-12-29T13:45:00.000Z'}",,,,,,,,,28,28,$30.00,30,No,False,,,,,17.99,17.99,,,28.70,28.7,11.90,11.9,No,False,,,Yes,True,,,,,,,$30.00,30,$11.02,11.02,No,False
69528607cbcea56d532fc0a7,"<span class=""692e72387a558fba7c844bf5"" data-kn=""connection-value"">九头蛇增高支架 UNITY战术GBRS全金属底座T1 T2 H1 H2 R5镜桥创研-淘宝网</span>","[{'id': '692e72387a558fba7c844bf5', 'identifier': '九头蛇增高支架 UNITY战术GBRS全金属底座T1 T2 H1 H2 R5镜桥创研-淘宝网'}]",Active,Active,Brown - G33 Riser Mount CNC High Quality,Brown - G33 Riser Mount CNC High Quality,,,,,,,Yes,True,,,12/29/2025 08:45,"{'date': '12/29/2025', 'date_formatted': '12/29/2025', 'hours': '08', 'minutes': '45', 'am_pm': 'AM', 'unix_timestamp': 1766997900000, 'iso_timestamp': '2025-12-29T08:45:00.000Z', 'timestamp': '12/29/2025 08:45 am', 'time': 525, 'time_formatted': '08:45', 'proper_unix_timestamp': 1767015900000, 'proper_iso_timestamp': '2025-12-29T13:45:00.000Z'}",12/29/2025 08:45,"{'date': '12/29/2025', 'date_formatted': '12/29/2025', 'hours': '08', 'minutes': '45', 'am_pm': 'AM', 'unix_timestamp': 1766997900000, 'iso_timestamp': '2025-12-29T08:45:00.000Z', 'timestamp': '12/29/2025 08:45 am', 'time': 525, 'time_formatted': '08:45', 'proper_unix_timestamp': 1767015900000, 'proper_iso_timestamp': '2025-12-29T13:45:00.000Z'}",,,,,,,,,145,145,$30.00,30,No,False,,,,,54.99,54.99,,,29.50,29.5,12.80,12.8,No,False,,,Yes,True,,,,,,,$30.00,30,$33.25,33.25,No,False
69528605ed3dc8f8ad341ea6,"<span class=""692e72387a558fba7c844bf5"" data-kn=""connection-value"">九头蛇增高支架 UNITY战术GBRS全金属底座T1 T2 H1 H2 R5镜桥创研-淘宝网</span>","[{'id': '692e72387a558fba7c844bf5', 'identifier': '九头蛇增高支架 UNITY战术GBRS全金属底座T1 T2 H1 H2 R5镜桥创研-淘宝网'}]",Active,Active,Black - G33 Riser Mount CNC High Quality,Black - G33 Riser Mount CNC High Quality,,,,,,,Yes,True,,,12/29/2025 08:45,"{'date': '12/29/2025', 'date_formatted': '12/29/2025', 'hours': '08', 'minutes': '45', 'am_pm': 'AM', 'unix_timestamp': 1766997900000, 'iso_timestamp': '2025-12-29T08:45:00.000Z', 'timestamp': '12/29/2025 08:45 am', 'time': 525, 'time_formatted': '08:45', 'proper_unix_timestamp': 1767015900000, 'proper_iso_timestamp': '2025-12-29T13:45:00.000Z'}",12/29/2025 08:45,"{'date': '12/29/2025', 'date_formatted': '12/29/2025', 'hours': '08', 'minutes': '45', 'am_pm': 'AM', 'unix_timestamp': 1766997900000, 'iso_timestamp': '2025-12-29T08:45:00.000Z', 'timestamp': '12/29/2025 08:45 am', 'time': 525, 'time_formatted': '08:45', 'proper_unix_timestamp': 1767015900000, 'proper_iso_timestamp': '2025-12-29T13:45:00.000Z'}",,,,,,,,,145,145,$30.00,30,No,False,,,,,54.99,54.99,,,29.50,29.5,12.80,12.8,No,False,,,Yes,True,,,,,,,$30.00,30,$33.25,33.25,No,False
6952860485ede69a6f252811,"<span class=""692e72367e25f4f438f27da7"" data-kn=""connection-value"">跨境新品Clay the Claymore呆萌小方块毛绒公仔节日赠礼好物-淘宝网</span>","[{'id': '692e72367e25f4f438f27da7', 'identifier': '跨境新品Clay the Claymore呆萌小方块毛绒公仔节日赠礼好物-淘宝网'}]",Active,Active,Small Square / 20cm,Small Square / 20cm,,,,,,,Yes,True,,,12/29/2025 08:45,"{'date': '12/29/2025', 'date_formatted': '12/29/2025', 'hours': '08', 'minutes': '45', 'am_pm': 'AM', 'unix_timestamp': 1766997900000, 'iso_timestamp': '2025-12-29T08:45:00.000Z', 'timestamp': '12/29/2025 08:45 am', 'time': 525, 'time_formatted': '08:45', 'proper_unix_timestamp': 1767015900000, 'proper_iso_timestamp': '2025-12-29T13:45:00.000Z'}",12/29/2025 08:45,"{'date': '12/29/2025', 'date_formatted': '12/29/2025', 'hours': '08', 'minutes': '45', 'am_pm': 'AM', 'unix_timestamp': 1766997900000, 'iso_timestamp': '2025-12-29T08:45:00.000Z', 'timestamp': '12/29/2025 08:45 am', 'time': 525, 'time_formatted': '08:45', 'proper_unix_timestamp': 1767015900000, 'proper_iso_timestamp': '2025-12-29T13:45:00.000Z'}",,,,,,,,,24,23.8,$30.00,30,No,False,,,,,16.99,16.99,,,29.80,29.8,13.20,13.2,No,False,,,Yes,True,,,,,,,$30.00,30,$10.22,10.22,No,False
69528604ed3dc8f8ad33ea9b,"<span class=""692e72328d168de47b31cbd8"" data-kn=""connection-value"">战术多功能手雷模型装备包 手榴弹道具molle同尺寸弹力收纳附件包-淘宝网</span>","[{'id': '692e72328d168de47b31cbd8', 'identifier': '战术多功能手雷模型装备包 手榴弹道具molle同尺寸弹力收纳附件包-淘宝网'}]",Active,Active,[Cordura] Black CP Camo BCP,[Cordura] Black CP Camo BCP,,,,,,,Yes,True,,,12/29/2025 08:45,"{'date': '12/29/2025', 'date_formatted': '12/29/2025', 'hours': '08', 'minutes': '45', 'am_pm': 'AM', 'unix_timestamp': 1766997900000, 'iso_timestamp': '2025-12-29T08:45:00.000Z', 'timestamp': '12/29/2025 08:45 am', 'time': 525, 'time_formatted': '08:45', 'proper_unix_timestamp': 1767015900000, 'proper_iso_timestamp': '2025-12-29T13:45:00.000Z'}",12/29/2025 08:45,"{'date': '12/29/2025', 'date_formatted': '12/29/2025', 'hours': '08', 'minutes': '45', 'am_pm': 'AM', 'unix_timestamp': 1766997900000, 'iso_timestamp': '2025-12-29T08:45:00.000Z', 'timestamp': '12/29/2025 08:45 am', 'time': 525, 'time_formatted': '08:45', 'proper_unix_timestamp': 1767015900000, 'proper_iso_timestamp': '2025-12-29T13:45:00.000Z'}",,,,,,,,,36,36,$30.00,30,No,False,,,,,20.99,20.99,,,30.30,30.3,13.60,13.6,No,False,,,Yes,True,,,,,,,$30.00,30,$12.54,12.54,No,False
695286033d269fea159cf98b,"<span class=""692e72328d168de47b31cbd8"" data-kn=""connection-value"">战术多功能手雷模型装备包 手榴弹道具molle同尺寸弹力收纳附件包-淘宝网</span>","[{'id': '692e72328d168de47b31cbd8', 'identifier': '战术多功能手雷模型装备包 手榴弹道具molle同尺寸弹力收纳附件包-淘宝网'}]",Active,Active,[Cordura] CP Camo,[Cordura] CP Camo,,,,,,,Yes,True,,,12/29/2025 08:45,"{'date': '12/29/2025', 'date_formatted': '12/29/2025', 'hours': '08', 'minutes': '45', 'am_pm': 'AM', 'unix_timestamp': 1766997900000, 'iso_timestamp': '2025-12-29T08:45:00.000Z', 'timestamp': '12/29/2025 08:45 am', 'time': 525, 'time_formatted': '08:45', 'proper_unix_timestamp': 1767015900000, 'proper_iso_timestamp': '2025-12-29T13:45:00.000Z'}",12/29/2025 08:45,"{'date': '12/29/2025', 'date_formatted': '12/29/2025', 'hours': '08', 'minutes': '45', 'am_pm': 'AM', 'unix_timestamp': 1766997900000, 'iso_timestamp': '2025-12-29T08:45:00.000Z', 'timestamp': '12/29/2025 08:45 am', 'time': 525, 'time_formatted': '08:45', 'proper_unix_timestamp': 1767015900000, 'proper_iso_timestamp': '2025-12-29T13:45:00.000Z'}",,,,,,,,,36,36,$30.00,30,No,False,,,,,20.99,20.99,,,30.30,30.3,13.60,13.6,No,False,,,Yes,True,,,,,,,$30.00,30,$12.54,12.54,No,False
69528603e53b0fa5d80a1d28,"<span class=""692e72328d168de47b31cbd8"" data-kn=""connection-value"">战术多功能手雷模型装备包 手榴弹道具molle同尺寸弹力收纳附件包-淘宝网</span>","[{'id': '692e72328d168de47b31cbd8', 'identifier': '战术多功能手雷模型装备包 手榴弹道具molle同尺寸弹力收纳附件包-淘宝网'}]",Active,Active,[Cordura] Ranger Green RG,[Cordura] Ranger Green RG,,,,,,,Yes,True,,,12/29/2025 08:45,"{'date': '12/29/2025', 'date_formatted': '12/29/2025', 'hours': '08', 'minutes': '45', 'am_pm': 'AM', 'unix_timestamp': 1766997900000, 'iso_timestamp': '2025-12-29T08:45:00.000Z', 'timestamp': '12/29/2025 08:45 am', 'time': 525, 'time_formatted': '08:45', 'proper_unix_timestamp': 1767015900000, 'proper_iso_timestamp': '2025-12-29T13:45:00.000Z'}",12/29/2025 08:45,"{'date': '12/29/2025', 'date_formatted': '12/29/2025', 'hours': '08', 'minutes': '45', 'am_pm': 'AM', 'unix_timestamp': 1766997900000, 'iso_timestamp': '2025-12-29T08:45:00.000Z', 'timestamp': '12/29/2025 08:45 am', 'time': 525, 'time_formatted': '08:45', 'proper_unix_timestamp': 1767015900000, 'proper_iso_timestamp': '2025-12-29T13:45:00.000Z'}",,,,,,,,,32,32,$30.00,30,No,False,,,,,19.99,19.99,,,31.10,31.1,14.50,14.5,No,False,,,Yes,True,,,,,,,$30.00,30,$11.78,11.78,No,False
695286002bf521f49aed716f,"<span class=""692e72328d168de47b31cbd8"" data-kn=""connection-value"">战术多功能手雷模型装备包 手榴弹道具molle同尺寸弹力收纳附件包-淘宝网</span>","[{'id': '692e72328d168de47b31cbd8', 'identifier': '战术多功能手雷模型装备包 手榴弹道具molle同尺寸弹力收纳附件包-淘宝网'}]",Active,Active,[Cordura] Wolf Grey WG,[Cordura] Wolf Grey WG,,,,,,,Yes,True,,,12/29/2025 08:45,"{'date': '12/29/2025', 'date_formatted': '12/29/2025', 'hours': '08', 'minutes': '45', 'am_pm': 'AM', 'unix_timestamp': 1766997900000, 'iso_timestamp': '2025-12-29T08:45:00.000Z', 'timestamp': '12/29/2025 08:45 am', 'time': 525, 'time_formatted': '08:45', 'proper_unix_timestamp': 1767015900000, 'proper_iso_timestamp': '2025-12-29T13:45:00.000Z'}",12/29/2025 08:45,"{'date': '12/29/2025', 'date_formatted': '12/29/2025', 'hours': '08', 'minutes': '45', 'am_pm': 'AM', 'unix_timestamp': 1766997900000, 'iso_timestamp': '2025-12-29T08:45:00.000Z', 'timestamp': '12/29/2025 08:45 am', 'time': 525, 'time_formatted': '08:45', 'proper_unix_timestamp': 1767015900000, 'proper_iso_timestamp': '2025-12-29T13:45:00.000Z'}",,,,,,,,,32,32,$30.00,30,No,False,,,,,19.99,19.99,,,31.10,31.1,14.50,14.5,No,False,,,Yes,True,,,,,,,$30.00,30,$11.78,11.78,No,False
695285fedc3aa591e5c5b0aa,"<span class=""692e72328d168de47b31cbd8"" data-kn=""connection-value"">战术多功能手雷模型装备包 手榴弹道具molle同尺寸弹力收纳附件包-淘宝网</span>","[{'id': '692e72328d168de47b31cbd8', 'identifier': '战术多功能手雷模型装备包 手榴弹道具molle同尺寸弹力收纳附件包-淘宝网'}]",Active,Active,[Cordura] Coyote Brown CB,[Cordura] Coyote Brown CB,,,,,,,Yes,True,,,12/29/2025 08:45,"{'date': '12/29/2025', 'date_formatted': '12/29/2025', 'hours': '08', 'minutes': '45', 'am_pm': 'AM', 'unix_timestamp': 1766997900000, 'iso_timestamp': '2025-12-29T08:45:00.000Z', 'timestamp': '12/29/2025 08:45 am', 'time': 525, 'time_formatted': '08:45', 'proper_unix_timestamp': 1767015900000, 'proper_iso_timestamp': '2025-12-29T13:45:00.000Z'}",12/29/2025 08:45,"{'date': '12/29/2025', 'date_formatted': '12/29/2025', 'hours': '08', 'minutes': '45', 'am_pm': 'AM', 'unix_timestamp': 1766997900000, 'iso_timestamp': '2025-12-29T08:45:00.000Z', 'timestamp': '12/29/2025 08:45 am', 'time': 525, 'time_formatted': '08:45', 'proper_unix_timestamp': 1767015900000, 'proper_iso_timestamp': '2025-12-29T13:45:00.000Z'}",,,,,,,,,32,32,$30.00,30,No,False,,,,,19.99,19.99,,,31.10,31.1,14.50,14.5,No,False,,,Yes,True,,,,,,,$30.00,30,$11.78,11.78,No,False
695285fded3dc8f8ad3358f7,"<span class=""692e72328d168de47b31cbd8"" data-kn=""connection-value"">战术多功能手雷模型装备包 手榴弹道具molle同尺寸弹力收纳附件包-淘宝网</span>","[{'id': '692e72328d168de47b31cbd8', 'identifier': '战术多功能手雷模型装备包 手榴弹道具molle同尺寸弹力收纳附件包-淘宝网'}]",Active,Active,[Cordura] Black BK,[Cordura] Black BK,,,,,,,Yes,True,,,12/29/2025 08:45,"{'date': '12/29/2025', 'date_formatted': '12/29/2025', 'hours': '08', 'minutes': '45', 'am_pm': 'AM', 'unix_timestamp': 1766997900000, 'iso_timestamp': '2025-12-29T08:45:00.000Z', 'timestamp': '12/29/2025 08:45 am', 'time': 525, 'time_formatted': '08:45', 'proper_unix_timestamp': 1767015900000, 'proper_iso_timestamp': '2025-12-29T13:45:00.000Z'}",12/29/2025 08:45,"{'date': '12/29/2025', 'date_formatted': '12/29/2025', 'hours': '08', 'minutes': '45', 'am_pm': 'AM', 'unix_timestamp': 1766997900000, 'iso_timestamp': '2025-12-29T08:45:00.000Z', 'timestamp': '12/29/2025 08:45 am', 'time': 525, 'time_formatted': '08:45', 'proper_unix_timestamp': 1767015900000, 'proper_iso_timestamp': '2025-12-29T13:45:00.000Z'}",,,,,,,,,32,32,$30.00,30,No,False,,,,,19.99,19.99,,,31.10,31.1,14.50,14.5,No,False,,,Yes,True,,,,,,,$30.00,30,$11.78,11.78,No,False
695285fd6deb1a793b5eff0f,"<span class=""692e723006854af46491d3e4"" data-kn=""connection-value"">WOSPORT L4G24 夜视仪支架（铝合金版）-淘宝网</span>","[{'id': '692e723006854af46491d3e4', 'identifier': 'WOSPORT L4G24 夜视仪支架（铝合金版）-淘宝网'}]",Active,Active,XL / Quick-Release D-Ring Pouch,XL / Quick-Release D-Ring Pouch,,,,,,,Yes,True,,,12/29/2025 08:45,"{'date': '12/29/2025', 'date_formatted': '12/29/2025', 'hours': '08', 'minutes': '45', 'am_pm': 'AM', 'unix_timestamp': 1766997900000, 'iso_timestamp': '2025-12-29T08:45:00.000Z', 'timestamp': '12/29/2025 08:45 am', 'time': 525, 'time_formatted': '08:45', 'proper_unix_timestamp': 1767015900000, 'proper_iso_timestamp': '2025-12-29T13:45:00.000Z'}",12/29/2025 08:45,"{'date': '12/29/2025', 'date_formatted': '12/29/2025', 'hours': '08', 'minutes': '45', 'am_pm': 'AM', 'unix_timestamp': 1766997900000, 'iso_timestamp': '2025-12-29T08:45:00.000Z', 'timestamp': '12/29/2025 08:45 am', 'time': 525, 'time_formatted': '08:45', 'proper_unix_timestamp': 1767015900000, 'proper_iso_timestamp': '2025-12-29T13:45:00.000Z'}",Color,Color,XL,XL,Size,Size,快拆D夹套,快拆D夹套,48,48,$30.00,30,No,False,,,,,24.99,24.99,,,30.70,30.7,14.10,14.1,No,False,,,Yes,True,,,,,,,$30.00,30,$14.82,14.82,No,False
695285fc6deb1a793b5ef32d,"<span class=""692e723006854af46491d3e4"" data-kn=""connection-value"">WOSPORT L4G24 夜视仪支架（铝合金版）-淘宝网</span>","[{'id': '692e723006854af46491d3e4', 'identifier': 'WOSPORT L4G24 夜视仪支架（铝合金版）-淘宝网'}]",Active,Active,XL / Water Bottle Pouch,XL / Water Bottle Pouch,,,,,,,Yes,True,,,12/29/2025 08:45,"{'date': '12/29/2025', 'date_formatted': '12/29/2025', 'hours': '08', 'minutes': '45', 'am_pm': 'AM', 'unix_timestamp': 1766997900000, 'iso_timestamp': '2025-12-29T08:45:00.000Z', 'timestamp': '12/29/2025 08:45 am', 'time': 525, 'time_formatted': '08:45', 'proper_unix_timestamp': 1767015900000, 'proper_iso_timestamp': '2025-12-29T13:45:00.000Z'}",12/29/2025 08:45,"{'date': '12/29/2025', 'date_formatted': '12/29/2025', 'hours': '08', 'minutes': '45', 'am_pm': 'AM', 'unix_timestamp': 1766997900000, 'iso_timestamp': '2025-12-29T08:45:00.000Z', 'timestamp': '12/29/2025 08:45 am', 'time': 525, 'time_formatted': '08:45', 'proper_unix_timestamp': 1767015900000, 'proper_iso_timestamp': '2025-12-29T13:45:00.000Z'}",Color,Color,XL,XL,Size,Size,水壶袋,水壶袋,58,58,$30.00,30,No,False,,,,,27.99,27.99,,,30.30,30.3,13.60,13.6,No,False,,,Yes,True,,,,,,,$30.00,30,$16.72,16.72,No,False
695285fc5ba6f17f203ee28f,"<span class=""692e723006854af46491d3e4"" data-kn=""connection-value"">WOSPORT L4G24 夜视仪支架（铝合金版）-淘宝网</span>","[{'id': '692e723006854af46491d3e4', 'identifier': 'WOSPORT L4G24 夜视仪支架（铝合金版）-淘宝网'}]",Active,Active,XL / Radio Pouch,XL / Radio Pouch,,,,,,,Yes,True,,,12/29/2025 08:45,"{'date': '12/29/2025', 'date_formatted': '12/29/2025', 'hours': '08', 'minutes': '45', 'am_pm': 'AM', 'unix_timestamp': 1766997900000, 'iso_timestamp': '2025-12-29T08:45:00.000Z', 'timestamp': '12/29/2025 08:45 am', 'time': 525, 'time_formatted': '08:45', 'proper_unix_timestamp': 1767015900000, 'proper_iso_timestamp': '2025-12-29T13:45:00.000Z'}",12/29/2025 08:45,"{'date': '12/29/2025', 'date_formatted': '12/29/2025', 'hours': '08', 'minutes': '45', 'am_pm': 'AM', 'unix_timestamp': 1766997900000, 'iso_timestamp': '2025-12-29T08:45:00.000Z', 'timestamp': '12/29/2025 08:45 am', 'time': 525, 'time_formatted': '08:45', 'proper_unix_timestamp': 1767015900000, 'proper_iso_timestamp': '2025-12-29T13:45:00.000Z'}",Color,Color,XL,XL,Size,Size,对讲机套,对讲机套,45,45,$30.00,30,No,False,,,,,23.99,23.99,,,30.60,30.6,14.00,14,No,False,,,Yes,True,,,,,,,$30.00,30,$14.25,14.25,No,False
695285fb7c1031906b4809d2,"<span class=""692e723006854af46491d3e4"" data-kn=""connection-value"">WOSPORT L4G24 夜视仪支架（铝合金版）-淘宝网</span>","[{'id': '692e723006854af46491d3e4', 'identifier': 'WOSPORT L4G24 夜视仪支架（铝合金版）-淘宝网'}]",Active,Active,XL / Admin Pouch,XL / Admin Pouch,,,,,,,Yes,True,,,12/29/2025 08:45,"{'date': '12/29/2025', 'date_formatted': '12/29/2025', 'hours': '08', 'minutes': '45', 'am_pm': 'AM', 'unix_timestamp': 1766997900000, 'iso_timestamp': '2025-12-29T08:45:00.000Z', 'timestamp': '12/29/2025 08:45 am', 'time': 525, 'time_formatted': '08:45', 'proper_unix_timestamp': 1767015900000, 'proper_iso_timestamp': '2025-12-29T13:45:00.000Z'}",12/29/2025 08:45,"{'date': '12/29/2025', 'date_formatted': '12/29/2025', 'hours': '08', 'minutes': '45', 'am_pm': 'AM', 'unix_timestamp': 1766997900000, 'iso_timestamp': '2025-12-29T08:45:00.000Z', 'timestamp': '12/29/2025 08:45 am', 'time': 525, 'time_formatted': '08:45', 'proper_unix_timestamp': 1767015900000, 'proper_iso_timestamp': '2025-12-29T13:45:00.000Z'}",Color,Color,XL,XL,Size,Size,文件包,文件包,55,55,$30.00,30,No,False,,,,,26.99,26.99,,,30.20,30.2,13.50,13.5,No,False,,,Yes,True,,,,,,,$30.00,30,$16.15,16.15,No,False
695285fb5ba6f17f203ed49e,"<span class=""692e723006854af46491d3e4"" data-kn=""connection-value"">WOSPORT L4G24 夜视仪支架（铝合金版）-淘宝网</span>","[{'id': '692e723006854af46491d3e4', 'identifier': 'WOSPORT L4G24 夜视仪支架（铝合金版）-淘宝网'}]",Active,Active,XL / Quick-release Universal Pistol Holster,XL / Quick-release Universal Pistol Holster,,,,,,,Yes,True,,,12/29/2025 08:45,"{'date': '12/29/2025', 'date_formatted': '12/29/2025', 'hours': '08', 'minutes': '45', 'am_pm': 'AM', 'unix_timestamp': 1766997900000, 'iso_timestamp': '2025-12-29T08:45:00.000Z', 'timestamp': '12/29/2025 08:45 am', 'time': 525, 'time_formatted': '08:45', 'proper_unix_timestamp': 1767015900000, 'proper_iso_timestamp': '2025-12-29T13:45:00.000Z'}",12/29/2025 08:45,"{'date': '12/29/2025', 'date_formatted': '12/29/2025', 'hours': '08', 'minutes': '45', 'am_pm': 'AM', 'unix_timestamp': 1766997900000, 'iso_timestamp': '2025-12-29T08:45:00.000Z', 'timestamp': '12/29/2025 08:45 am', 'time': 525, 'time_formatted': '08:45', 'proper_unix_timestamp': 1767015900000, 'proper_iso_timestamp': '2025-12-29T13:45:00.000Z'}",,,,,,,,,58,58,$30.00,30,No,False,,,,,27.99,27.99,,,30.30,30.3,13.60,13.6,No,False,,,Yes,True,,,,,,,$30.00,30,$16.72,16.72,No,False
695285fa56fd408acc4a5033,"<span class=""692e723006854af46491d3e4"" data-kn=""connection-value"">WOSPORT L4G24 夜视仪支架（铝合金版）-淘宝网</span>","[{'id': '692e723006854af46491d3e4', 'identifier': 'WOSPORT L4G24 夜视仪支架（铝合金版）-淘宝网'}]",Active,Active,XL / Side-Opening Quick-Release Locking Pepper Spray Holster,XL / Side-Opening Quick-Release Locking Pepper Spray Holster,,,,,,,Yes,True,,,12/29/2025 08:45,"{'date': '12/29/2025', 'date_formatted': '12/29/2025', 'hours': '08', 'minutes': '45', 'am_pm': 'AM', 'unix_timestamp': 1766997900000, 'iso_timestamp': '2025-12-29T08:45:00.000Z', 'timestamp': '12/29/2025 08:45 am', 'time': 525, 'time_formatted': '08:45', 'proper_unix_timestamp': 1767015900000, 'proper_iso_timestamp': '2025-12-29T13:45:00.000Z'}",12/29/2025 08:45,"{'date': '12/29/2025', 'date_formatted': '12/29/2025', 'hours': '08', 'minutes': '45', 'am_pm': 'AM', 'unix_timestamp': 1766997900000, 'iso_timestamp': '2025-12-29T08:45:00.000Z', 'timestamp': '12/29/2025 08:45 am', 'time': 525, 'time_formatted': '08:45', 'proper_unix_timestamp': 1767015900000, 'proper_iso_timestamp': '2025-12-29T13:45:00.000Z'}",Color,Color,XL,XL,Size,Size,侧开快拆带锁喷W套,侧开快拆带锁喷W套,48,48,$30.00,30,No,False,,,,,24.99,24.99,,,30.70,30.7,14.10,14.1,No,False,,,Yes,True,,,,,,,$30.00,30,$14.82,14.82,No,False
695285fa08c488cc571bb07a,"<span class=""692e723006854af46491d3e4"" data-kn=""connection-value"">WOSPORT L4G24 夜视仪支架（铝合金版）-淘宝网</span>","[{'id': '692e723006854af46491d3e4', 'identifier': 'WOSPORT L4G24 夜视仪支架（铝合金版）-淘宝网'}]",Active,Active,XL / Side-Opening Quick-Release Locking Flashlight Holster,XL / Side-Opening Quick-Release Locking Flashlight Holster,,,,,,,Yes,True,,,12/29/2025 08:45,"{'date': '12/29/2025', 'date_formatted': '12/29/2025', 'hours': '08', 'minutes': '45', 'am_pm': 'AM', 'unix_timestamp': 1766997900000, 'iso_timestamp': '2025-12-29T08:45:00.000Z', 'timestamp': '12/29/2025 08:45 am', 'time': 525, 'time_formatted': '08:45', 'proper_unix_timestamp': 1767015900000, 'proper_iso_timestamp': '2025-12-29T13:45:00.000Z'}",12/29/2025 08:45,"{'date': '12/29/2025', 'date_formatted': '12/29/2025', 'hours': '08', 'minutes': '45', 'am_pm': 'AM', 'unix_timestamp': 1766997900000, 'iso_timestamp': '2025-12-29T08:45:00.000Z', 'timestamp': '12/29/2025 08:45 am', 'time': 525, 'time_formatted': '08:45', 'proper_unix_timestamp': 1767015900000, 'proper_iso_timestamp': '2025-12-29T13:45:00.000Z'}",Color,Color,XL,XL,Size,Size,侧开快拆带锁手电套,侧开快拆带锁手电套,48,48,$30.00,30,No,False,,,,,24.99,24.99,,,30.70,30.7,14.10,14.1,No,False,,,Yes,True,,,,,,,$30.00,30,$14.82,14.82,No,False
695285f96deb1a793b5ea9b5,"<span class=""692e723006854af46491d3e4"" data-kn=""connection-value"">WOSPORT L4G24 夜视仪支架（铝合金版）-淘宝网</span>","[{'id': '692e723006854af46491d3e4', 'identifier': 'WOSPORT L4G24 夜视仪支架（铝合金版）-淘宝网'}]",Active,Active,XL / Side-Opening Quick-Release Locking Baton Holster,XL / Side-Opening Quick-Release Locking Baton Holster,,,,,,,Yes,True,,,12/29/2025 08:45,"{'date': '12/29/2025', 'date_formatted': '12/29/2025', 'hours': '08', 'minutes': '45', 'am_pm': 'AM', 'unix_timestamp': 1766997900000, 'iso_timestamp': '2025-12-29T08:45:00.000Z', 'timestamp': '12/29/2025 08:45 am', 'time': 525, 'time_formatted': '08:45', 'proper_unix_timestamp': 1767015900000, 'proper_iso_timestamp': '2025-12-29T13:45:00.000Z'}",12/29/2025 08:45,"{'date': '12/29/2025', 'date_formatted': '12/29/2025', 'hours': '08', 'minutes': '45', 'am_pm': 'AM', 'unix_timestamp': 1766997900000, 'iso_timestamp': '2025-12-29T08:45:00.000Z', 'timestamp': '12/29/2025 08:45 am', 'time': 525, 'time_formatted': '08:45', 'proper_unix_timestamp': 1767015900000, 'proper_iso_timestamp': '2025-12-29T13:45:00.000Z'}",Color,Color,XL,XL,Size,Size,侧开快拆带锁棍套,侧开快拆带锁棍套,48,48,$30.00,30,No,False,,,,,24.99,24.99,,,30.70,30.7,14.10,14.1,No,False,,,Yes,True,,,,,,,$30.00,30,$14.82,14.82,No,False
695285f9ed3dc8f8ad330159,"<span class=""692e723006854af46491d3e4"" data-kn=""connection-value"">WOSPORT L4G24 夜视仪支架（铝合金版）-淘宝网</span>","[{'id': '692e723006854af46491d3e4', 'identifier': 'WOSPORT L4G24 夜视仪支架（铝合金版）-淘宝网'}]",Active,Active,XL / Quick-release 92/92G Double Retention Holster,XL / Quick-release 92/92G Double Retention Holster,,,,,,,Yes,True,,,12/29/2025 08:45,"{'date': '12/29/2025', 'date_formatted': '12/29/2025', 'hours': '08', 'minutes': '45', 'am_pm': 'AM', 'unix_timestamp': 1766997900000, 'iso_timestamp': '2025-12-29T08:45:00.000Z', 'timestamp': '12/29/2025 08:45 am', 'time': 525, 'time_formatted': '08:45', 'proper_unix_timestamp': 1767015900000, 'proper_iso_timestamp': '2025-12-29T13:45:00.000Z'}",12/29/2025 08:45,"{'date': '12/29/2025', 'date_formatted': '12/29/2025', 'hours': '08', 'minutes': '45', 'am_pm': 'AM', 'unix_timestamp': 1766997900000, 'iso_timestamp': '2025-12-29T08:45:00.000Z', 'timestamp': '12/29/2025 08:45 am', 'time': 525, 'time_formatted': '08:45', 'proper_unix_timestamp': 1767015900000, 'proper_iso_timestamp': '2025-12-29T13:45:00.000Z'}",,,,,,,,,65,65,$30.00,30,No,False,,,,,29.99,29.99,,,29.80,29.8,13.10,13.1,No,False,,,Yes,True,,,,,,,$30.00,30,$18.05,18.05,No,False
695285f829256c1eb737e2df,"<span class=""692e723006854af46491d3e4"" data-kn=""connection-value"">WOSPORT L4G24 夜视仪支架（铝合金版）-淘宝网</span>","[{'id': '692e723006854af46491d3e4', 'identifier': 'WOSPORT L4G24 夜视仪支架（铝合金版）-淘宝网'}]",Active,Active,XL / Outer Belt + Battle Belt + Inner Belt,XL / Outer Belt + Battle Belt + Inner Belt,,,,,,,Yes,True,,,12/29/2025 08:45,"{'date': '12/29/2025', 'date_formatted': '12/29/2025', 'hours': '08', 'minutes': '45', 'am_pm': 'AM', 'unix_timestamp': 1766997900000, 'iso_timestamp': '2025-12-29T08:45:00.000Z', 'timestamp': '12/29/2025 08:45 am', 'time': 525, 'time_formatted': '08:45', 'proper_unix_timestamp': 1767015900000, 'proper_iso_timestamp': '2025-12-29T13:45:00.000Z'}",12/29/2025 08:45,"{'date': '12/29/2025', 'date_formatted': '12/29/2025', 'hours': '08', 'minutes': '45', 'am_pm': 'AM', 'unix_timestamp': 1766997900000, 'iso_timestamp': '2025-12-29T08:45:00.000Z', 'timestamp': '12/29/2025 08:45 am', 'time': 525, 'time_formatted': '08:45', 'proper_unix_timestamp': 1767015900000, 'proper_iso_timestamp': '2025-12-29T13:45:00.000Z'}",Color,Color,XL,XL,Size,Size,外腰带+勤务腰封+内腰带,外腰带+勤务腰封+内腰带,145,145,$30.00,30,No,False,,,,,54.99,54.99,,,29.50,29.5,12.80,12.8,No,False,,,Yes,True,,,,,,,$30.00,30,$33.25,33.25,No,False
695285f8ecc8b5f8b41a40e7,"<span class=""692e723006854af46491d3e4"" data-kn=""connection-value"">WOSPORT L4G24 夜视仪支架（铝合金版）-淘宝网</span>","[{'id': '692e723006854af46491d3e4', 'identifier': 'WOSPORT L4G24 夜视仪支架（铝合金版）-淘宝网'}]",Active,Active,XL / Outer Belt + Battle Belt,XL / Outer Belt + Battle Belt,,,,,,,Yes,True,,,12/29/2025 08:45,"{'date': '12/29/2025', 'date_formatted': '12/29/2025', 'hours': '08', 'minutes': '45', 'am_pm': 'AM', 'unix_timestamp': 1766997900000, 'iso_timestamp': '2025-12-29T08:45:00.000Z', 'timestamp': '12/29/2025 08:45 am', 'time': 525, 'time_formatted': '08:45', 'proper_unix_timestamp': 1767015900000, 'proper_iso_timestamp': '2025-12-29T13:45:00.000Z'}",12/29/2025 08:45,"{'date': '12/29/2025', 'date_formatted': '12/29/2025', 'hours': '08', 'minutes': '45', 'am_pm': 'AM', 'unix_timestamp': 1766997900000, 'iso_timestamp': '2025-12-29T08:45:00.000Z', 'timestamp': '12/29/2025 08:45 am', 'time': 525, 'time_formatted': '08:45', 'proper_unix_timestamp': 1767015900000, 'proper_iso_timestamp': '2025-12-29T13:45:00.000Z'}",Color,Color,XL,XL,Size,Size,外腰带+勤务腰封,外腰带+勤务腰封,107,107,$30.00,30,No,False,,,,,42.99,42.99,,,29.50,29.5,12.70,12.7,No,False,,,Yes,True,,,,,,,$30.00,30,$26.03,26.03,No,False
695285f73d269fea159caf94,"<span class=""692e723006854af46491d3e4"" data-kn=""connection-value"">WOSPORT L4G24 夜视仪支架（铝合金版）-淘宝网</span>","[{'id': '692e723006854af46491d3e4', 'identifier': 'WOSPORT L4G24 夜视仪支架（铝合金版）-淘宝网'}]",Active,Active,XL / Battle Belt,XL / Battle Belt,,,,,,,Yes,True,,,12/29/2025 08:45,"{'date': '12/29/2025', 'date_formatted': '12/29/2025', 'hours': '08', 'minutes': '45', 'am_pm': 'AM', 'unix_timestamp': 1766997900000, 'iso_timestamp': '2025-12-29T08:45:00.000Z', 'timestamp': '12/29/2025 08:45 am', 'time': 525, 'time_formatted': '08:45', 'proper_unix_timestamp': 1767015900000, 'proper_iso_timestamp': '2025-12-29T13:45:00.000Z'}",12/29/2025 08:45,"{'date': '12/29/2025', 'date_formatted': '12/29/2025', 'hours': '08', 'minutes': '45', 'am_pm': 'AM', 'unix_timestamp': 1766997900000, 'iso_timestamp': '2025-12-29T08:45:00.000Z', 'timestamp': '12/29/2025 08:45 am', 'time': 525, 'time_formatted': '08:45', 'proper_unix_timestamp': 1767015900000, 'proper_iso_timestamp': '2025-12-29T13:45:00.000Z'}",Color,Color,XL,XL,Size,Size,勤务腰封,勤务腰封,65,65,$30.00,30,No,False,,,,,29.99,29.99,,,29.80,29.8,13.10,13.1,No,False,,,Yes,True,,,,,,,$30.00,30,$18.05,18.05,No,False
695285f7d046b207b9931802,"<span class=""692e723006854af46491d3e4"" data-kn=""connection-value"">WOSPORT L4G24 夜视仪支架（铝合金版）-淘宝网</span>","[{'id': '692e723006854af46491d3e4', 'identifier': 'WOSPORT L4G24 夜视仪支架（铝合金版）-淘宝网'}]",Active,Active,"XL / Quick-release Locking Baton, Spray, Flashlight 3-Piece Set","XL / Quick-release Locking Baton, Spray, Flashlight 3-Piece Set",,,,,,,Yes,True,,,12/29/2025 08:45,"{'date': '12/29/2025', 'date_formatted': '12/29/2025', 'hours': '08', 'minutes': '45', 'am_pm': 'AM', 'unix_timestamp': 1766997900000, 'iso_timestamp': '2025-12-29T08:45:00.000Z', 'timestamp': '12/29/2025 08:45 am', 'time': 525, 'time_formatted': '08:45', 'proper_unix_timestamp': 1767015900000, 'proper_iso_timestamp': '2025-12-29T13:45:00.000Z'}",12/29/2025 08:45,"{'date': '12/29/2025', 'date_formatted': '12/29/2025', 'hours': '08', 'minutes': '45', 'am_pm': 'AM', 'unix_timestamp': 1766997900000, 'iso_timestamp': '2025-12-29T08:45:00.000Z', 'timestamp': '12/29/2025 08:45 am', 'time': 525, 'time_formatted': '08:45', 'proper_unix_timestamp': 1767015900000, 'proper_iso_timestamp': '2025-12-29T13:45:00.000Z'}",,,,,,,,,120,120,$30.00,30,No,False,,,,,46.99,46.99,,,29.30,29.3,12.60,12.6,No,False,,,Yes,True,,,,,,,$30.00,30,$28.50,28.5,No,False
695285f629256c1eb737d032,"<span class=""692e723006854af46491d3e4"" data-kn=""connection-value"">WOSPORT L4G24 夜视仪支架（铝合金版）-淘宝网</span>","[{'id': '692e723006854af46491d3e4', 'identifier': 'WOSPORT L4G24 夜视仪支架（铝合金版）-淘宝网'}]",Active,Active,"XL / Quick-release Locking Baton, Spray, Flashlight, Pistol Holster 4-Piece Set","XL / Quick-release Locking Baton, Spray, Flashlight, Pistol Holster 4-Piece Set",,,,,,,Yes,True,,,12/29/2025 08:45,"{'date': '12/29/2025', 'date_formatted': '12/29/2025', 'hours': '08', 'minutes': '45', 'am_pm': 'AM', 'unix_timestamp': 1766997900000, 'iso_timestamp': '2025-12-29T08:45:00.000Z', 'timestamp': '12/29/2025 08:45 am', 'time': 525, 'time_formatted': '08:45', 'proper_unix_timestamp': 1767015900000, 'proper_iso_timestamp': '2025-12-29T13:45:00.000Z'}",12/29/2025 08:45,"{'date': '12/29/2025', 'date_formatted': '12/29/2025', 'hours': '08', 'minutes': '45', 'am_pm': 'AM', 'unix_timestamp': 1766997900000, 'iso_timestamp': '2025-12-29T08:45:00.000Z', 'timestamp': '12/29/2025 08:45 am', 'time': 525, 'time_formatted': '08:45', 'proper_unix_timestamp': 1767015900000, 'proper_iso_timestamp': '2025-12-29T13:45:00.000Z'}",,,,,,,,,160,160,$30.00,30,No,False,,,,,59.99,59.99,,,29.80,29.8,13.10,13.1,No,False,,,Yes,True,,,,,,,$30.00,30,$36.10,36.1,No,False
695285f6d046b207b9931010,"<span class=""692e723006854af46491d3e4"" data-kn=""connection-value"">WOSPORT L4G24 夜视仪支架（铝合金版）-淘宝网</span>","[{'id': '692e723006854af46491d3e4', 'identifier': 'WOSPORT L4G24 夜视仪支架（铝合金版）-淘宝网'}]",Active,Active,XL / Set A,XL / Set A,,,,,,,Yes,True,,,12/29/2025 08:45,"{'date': '12/29/2025', 'date_formatted': '12/29/2025', 'hours': '08', 'minutes': '45', 'am_pm': 'AM', 'unix_timestamp': 1766997900000, 'iso_timestamp': '2025-12-29T08:45:00.000Z', 'timestamp': '12/29/2025 08:45 am', 'time': 525, 'time_formatted': '08:45', 'proper_unix_timestamp': 1767015900000, 'proper_iso_timestamp': '2025-12-29T13:45:00.000Z'}",12/29/2025 08:45,"{'date': '12/29/2025', 'date_formatted': '12/29/2025', 'hours': '08', 'minutes': '45', 'am_pm': 'AM', 'unix_timestamp': 1766997900000, 'iso_timestamp': '2025-12-29T08:45:00.000Z', 'timestamp': '12/29/2025 08:45 am', 'time': 525, 'time_formatted': '08:45', 'proper_unix_timestamp': 1767015900000, 'proper_iso_timestamp': '2025-12-29T13:45:00.000Z'}",,,,,,,,,202,202,$30.00,30,No,False,,,,,72.99,72.99,,,29.60,29.6,12.90,12.9,No,False,,,Yes,True,,,,,,,$30.00,30,$44.08,44.08,No,False
695285f6f8f9ba745ba31704,"<span class=""692e723006854af46491d3e4"" data-kn=""connection-value"">WOSPORT L4G24 夜视仪支架（铝合金版）-淘宝网</span>","[{'id': '692e723006854af46491d3e4', 'identifier': 'WOSPORT L4G24 夜视仪支架（铝合金版）-淘宝网'}]",Active,Active,L / Quick-release D-Ring Pouch,L / Quick-release D-Ring Pouch,,,,,,,Yes,True,,,12/29/2025 08:45,"{'date': '12/29/2025', 'date_formatted': '12/29/2025', 'hours': '08', 'minutes': '45', 'am_pm': 'AM', 'unix_timestamp': 1766997900000, 'iso_timestamp': '2025-12-29T08:45:00.000Z', 'timestamp': '12/29/2025 08:45 am', 'time': 525, 'time_formatted': '08:45', 'proper_unix_timestamp': 1767015900000, 'proper_iso_timestamp': '2025-12-29T13:45:00.000Z'}",12/29/2025 08:45,"{'date': '12/29/2025', 'date_formatted': '12/29/2025', 'hours': '08', 'minutes': '45', 'am_pm': 'AM', 'unix_timestamp': 1766997900000, 'iso_timestamp': '2025-12-29T08:45:00.000Z', 'timestamp': '12/29/2025 08:45 am', 'time': 525, 'time_formatted': '08:45', 'proper_unix_timestamp': 1767015900000, 'proper_iso_timestamp': '2025-12-29T13:45:00.000Z'}",,,,,,,,,48,48,$30.00,30,No,False,,,,,24.99,24.99,,,30.70,30.7,14.10,14.1,No,False,,,Yes,True,,,,,,,$30.00,30,$14.82,14.82,No,False
695285f504510621d16eab9d,"<span class=""692e723006854af46491d3e4"" data-kn=""connection-value"">WOSPORT L4G24 夜视仪支架（铝合金版）-淘宝网</span>","[{'id': '692e723006854af46491d3e4', 'identifier': 'WOSPORT L4G24 夜视仪支架（铝合金版）-淘宝网'}]",Active,Active,L / Water Bottle Pouch,L / Water Bottle Pouch,,,,,,,Yes,True,,,12/29/2025 08:45,"{'date': '12/29/2025', 'date_formatted': '12/29/2025', 'hours': '08', 'minutes': '45', 'am_pm': 'AM', 'unix_timestamp': 1766997900000, 'iso_timestamp': '2025-12-29T08:45:00.000Z', 'timestamp': '12/29/2025 08:45 am', 'time': 525, 'time_formatted': '08:45', 'proper_unix_timestamp': 1767015900000, 'proper_iso_timestamp': '2025-12-29T13:45:00.000Z'}",12/29/2025 08:45,"{'date': '12/29/2025', 'date_formatted': '12/29/2025', 'hours': '08', 'minutes': '45', 'am_pm': 'AM', 'unix_timestamp': 1766997900000, 'iso_timestamp': '2025-12-29T08:45:00.000Z', 'timestamp': '12/29/2025 08:45 am', 'time': 525, 'time_formatted': '08:45', 'proper_unix_timestamp': 1767015900000, 'proper_iso_timestamp': '2025-12-29T13:45:00.000Z'}",,,,,,,,,58,58,$30.00,30,No,False,,,,,27.99,27.99,,,30.30,30.3,13.60,13.6,No,False,,,Yes,True,,,,,,,$30.00,30,$16.72,16.72,No,False
695285f594dcab60c19ea22c,"<span class=""692e723006854af46491d3e4"" data-kn=""connection-value"">WOSPORT L4G24 夜视仪支架（铝合金版）-淘宝网</span>","[{'id': '692e723006854af46491d3e4', 'identifier': 'WOSPORT L4G24 夜视仪支架（铝合金版）-淘宝网'}]",Active,Active,L / Radio Pouch,L / Radio Pouch,,,,,,,Yes,True,,,12/29/2025 08:45,"{'date': '12/29/2025', 'date_formatted': '12/29/2025', 'hours': '08', 'minutes': '45', 'am_pm': 'AM', 'unix_timestamp': 1766997900000, 'iso_timestamp': '2025-12-29T08:45:00.000Z', 'timestamp': '12/29/2025 08:45 am', 'time': 525, 'time_formatted': '08:45', 'proper_unix_timestamp': 1767015900000, 'proper_iso_timestamp': '2025-12-29T13:45:00.000Z'}",12/29/2025 08:45,"{'date': '12/29/2025', 'date_formatted': '12/29/2025', 'hours': '08', 'minutes': '45', 'am_pm': 'AM', 'unix_timestamp': 1766997900000, 'iso_timestamp': '2025-12-29T08:45:00.000Z', 'timestamp': '12/29/2025 08:45 am', 'time': 525, 'time_formatted': '08:45', 'proper_unix_timestamp': 1767015900000, 'proper_iso_timestamp': '2025-12-29T13:45:00.000Z'}",,,,,,,,,45,45,$30.00,30,No,False,,,,,23.99,23.99,,,30.60,30.6,14.00,14,No,False,,,Yes,True,,,,,,,$30.00,30,$14.25,14.25,No,False
695285f485ede69a6f246fd9,"<span class=""692e723006854af46491d3e4"" data-kn=""connection-value"">WOSPORT L4G24 夜视仪支架（铝合金版）-淘宝网</span>","[{'id': '692e723006854af46491d3e4', 'identifier': 'WOSPORT L4G24 夜视仪支架（铝合金版）-淘宝网'}]",Active,Active,L / Document Pouch,L / Document Pouch,,,,,,,Yes,True,,,12/29/2025 08:45,"{'date': '12/29/2025', 'date_formatted': '12/29/2025', 'hours': '08', 'minutes': '45', 'am_pm': 'AM', 'unix_timestamp': 1766997900000, 'iso_timestamp': '2025-12-29T08:45:00.000Z', 'timestamp': '12/29/2025 08:45 am', 'time': 525, 'time_formatted': '08:45', 'proper_unix_timestamp': 1767015900000, 'proper_iso_timestamp': '2025-12-29T13:45:00.000Z'}",12/29/2025 08:45,"{'date': '12/29/2025', 'date_formatted': '12/29/2025', 'hours': '08', 'minutes': '45', 'am_pm': 'AM', 'unix_timestamp': 1766997900000, 'iso_timestamp': '2025-12-29T08:45:00.000Z', 'timestamp': '12/29/2025 08:45 am', 'time': 525, 'time_formatted': '08:45', 'proper_unix_timestamp': 1767015900000, 'proper_iso_timestamp': '2025-12-29T13:45:00.000Z'}",,,,,,,,,55,55,$30.00,30,No,False,,,,,26.99,26.99,,,30.20,30.2,13.50,13.5,No,False,,,Yes,True,,,,,,,$30.00,30,$16.15,16.15,No,False
695285f4bdf137d1acf7bed0,"<span class=""692e723006854af46491d3e4"" data-kn=""connection-value"">WOSPORT L4G24 夜视仪支架（铝合金版）-淘宝网</span>","[{'id': '692e723006854af46491d3e4', 'identifier': 'WOSPORT L4G24 夜视仪支架（铝合金版）-淘宝网'}]",Active,Active,L / Quick-release Universal Pistol Holster,L / Quick-release Universal Pistol Holster,,,,,,,Yes,True,,,12/29/2025 08:45,"{'date': '12/29/2025', 'date_formatted': '12/29/2025', 'hours': '08', 'minutes': '45', 'am_pm': 'AM', 'unix_timestamp': 1766997900000, 'iso_timestamp': '2025-12-29T08:45:00.000Z', 'timestamp': '12/29/2025 08:45 am', 'time': 525, 'time_formatted': '08:45', 'proper_unix_timestamp': 1767015900000, 'proper_iso_timestamp': '2025-12-29T13:45:00.000Z'}",12/29/2025 08:45,"{'date': '12/29/2025', 'date_formatted': '12/29/2025', 'hours': '08', 'minutes': '45', 'am_pm': 'AM', 'unix_timestamp': 1766997900000, 'iso_timestamp': '2025-12-29T08:45:00.000Z', 'timestamp': '12/29/2025 08:45 am', 'time': 525, 'time_formatted': '08:45', 'proper_unix_timestamp': 1767015900000, 'proper_iso_timestamp': '2025-12-29T13:45:00.000Z'}",,,,,,,,,58,58,$30.00,30,No,False,,,,,27.99,27.99,,,30.30,30.3,13.60,13.6,No,False,,,Yes,True,,,,,,,$30.00,30,$16.72,16.72,No,False
695285f397f46fbba4fa8900,"<span class=""692e723006854af46491d3e4"" data-kn=""connection-value"">WOSPORT L4G24 夜视仪支架（铝合金版）-淘宝网</span>","[{'id': '692e723006854af46491d3e4', 'identifier': 'WOSPORT L4G24 夜视仪支架（铝合金版）-淘宝网'}]",Active,Active,L / Side-opening Quick-release Locking Spray Holster,L / Side-opening Quick-release Locking Spray Holster,,,,,,,Yes,True,,,12/29/2025 08:45,"{'date': '12/29/2025', 'date_formatted': '12/29/2025', 'hours': '08', 'minutes': '45', 'am_pm': 'AM', 'unix_timestamp': 1766997900000, 'iso_timestamp': '2025-12-29T08:45:00.000Z', 'timestamp': '12/29/2025 08:45 am', 'time': 525, 'time_formatted': '08:45', 'proper_unix_timestamp': 1767015900000, 'proper_iso_timestamp': '2025-12-29T13:45:00.000Z'}",12/29/2025 08:45,"{'date': '12/29/2025', 'date_formatted': '12/29/2025', 'hours': '08', 'minutes': '45', 'am_pm': 'AM', 'unix_timestamp': 1766997900000, 'iso_timestamp': '2025-12-29T08:45:00.000Z', 'timestamp': '12/29/2025 08:45 am', 'time': 525, 'time_formatted': '08:45', 'proper_unix_timestamp': 1767015900000, 'proper_iso_timestamp': '2025-12-29T13:45:00.000Z'}",,,,,,,,,48,48,$30.00,30,No,False,,,,,24.99,24.99,,,30.70,30.7,14.10,14.1,No,False,,,Yes,True,,,,,,,$30.00,30,$14.82,14.82,No,False
695285f329256c1eb73793eb,"<span class=""692e723006854af46491d3e4"" data-kn=""connection-value"">WOSPORT L4G24 夜视仪支架（铝合金版）-淘宝网</span>","[{'id': '692e723006854af46491d3e4', 'identifier': 'WOSPORT L4G24 夜视仪支架（铝合金版）-淘宝网'}]",Active,Active,L / Side-opening Quick-release Locking Flashlight Holster,L / Side-opening Quick-release Locking Flashlight Holster,,,,,,,Yes,True,,,12/29/2025 08:45,"{'date': '12/29/2025', 'date_formatted': '12/29/2025', 'hours': '08', 'minutes': '45', 'am_pm': 'AM', 'unix_timestamp': 1766997900000, 'iso_timestamp': '2025-12-29T08:45:00.000Z', 'timestamp': '12/29/2025 08:45 am', 'time': 525, 'time_formatted': '08:45', 'proper_unix_timestamp': 1767015900000, 'proper_iso_timestamp': '2025-12-29T13:45:00.000Z'}",12/29/2025 08:45,"{'date': '12/29/2025', 'date_formatted': '12/29/2025', 'hours': '08', 'minutes': '45', 'am_pm': 'AM', 'unix_timestamp': 1766997900000, 'iso_timestamp': '2025-12-29T08:45:00.000Z', 'timestamp': '12/29/2025 08:45 am', 'time': 525, 'time_formatted': '08:45', 'proper_unix_timestamp': 1767015900000, 'proper_iso_timestamp': '2025-12-29T13:45:00.000Z'}",,,,,,,,,48,48,$30.00,30,No,False,,,,,24.99,24.99,,,30.70,30.7,14.10,14.1,No,False,,,Yes,True,,,,,,,$30.00,30,$14.82,14.82,No,False
695285f294dcab60c19e96b5,"<span class=""692e723006854af46491d3e4"" data-kn=""connection-value"">WOSPORT L4G24 夜视仪支架（铝合金版）-淘宝网</span>","[{'id': '692e723006854af46491d3e4', 'identifier': 'WOSPORT L4G24 夜视仪支架（铝合金版）-淘宝网'}]",Active,Active,L / Side-opening Quick-release Locking Baton Holster,L / Side-opening Quick-release Locking Baton Holster,,,,,,,Yes,True,,,12/29/2025 08:45,"{'date': '12/29/2025', 'date_formatted': '12/29/2025', 'hours': '08', 'minutes': '45', 'am_pm': 'AM', 'unix_timestamp': 1766997900000, 'iso_timestamp': '2025-12-29T08:45:00.000Z', 'timestamp': '12/29/2025 08:45 am', 'time': 525, 'time_formatted': '08:45', 'proper_unix_timestamp': 1767015900000, 'proper_iso_timestamp': '2025-12-29T13:45:00.000Z'}",12/29/2025 08:45,"{'date': '12/29/2025', 'date_formatted': '12/29/2025', 'hours': '08', 'minutes': '45', 'am_pm': 'AM', 'unix_timestamp': 1766997900000, 'iso_timestamp': '2025-12-29T08:45:00.000Z', 'timestamp': '12/29/2025 08:45 am', 'time': 525, 'time_formatted': '08:45', 'proper_unix_timestamp': 1767015900000, 'proper_iso_timestamp': '2025-12-29T13:45:00.000Z'}",,,,,,,,,48,48,$30.00,30,No,False,,,,,24.99,24.99,,,30.70,30.7,14.10,14.1,No,False,,,Yes,True,,,,,,,$30.00,30,$14.82,14.82,No,False
695285f2a8262a7b900290e4,"<span class=""692e723006854af46491d3e4"" data-kn=""connection-value"">WOSPORT L4G24 夜视仪支架（铝合金版）-淘宝网</span>","[{'id': '692e723006854af46491d3e4', 'identifier': 'WOSPORT L4G24 夜视仪支架（铝合金版）-淘宝网'}]",Active,Active,L / Quick-release 92/92G Double Retention Holster,L / Quick-release 92/92G Double Retention Holster,,,,,,,Yes,True,,,12/29/2025 08:45,"{'date': '12/29/2025', 'date_formatted': '12/29/2025', 'hours': '08', 'minutes': '45', 'am_pm': 'AM', 'unix_timestamp': 1766997900000, 'iso_timestamp': '2025-12-29T08:45:00.000Z', 'timestamp': '12/29/2025 08:45 am', 'time': 525, 'time_formatted': '08:45', 'proper_unix_timestamp': 1767015900000, 'proper_iso_timestamp': '2025-12-29T13:45:00.000Z'}",12/29/2025 08:45,"{'date': '12/29/2025', 'date_formatted': '12/29/2025', 'hours': '08', 'minutes': '45', 'am_pm': 'AM', 'unix_timestamp': 1766997900000, 'iso_timestamp': '2025-12-29T08:45:00.000Z', 'timestamp': '12/29/2025 08:45 am', 'time': 525, 'time_formatted': '08:45', 'proper_unix_timestamp': 1767015900000, 'proper_iso_timestamp': '2025-12-29T13:45:00.000Z'}",,,,,,,,,65,65,$30.00,30,No,False,,,,,29.99,29.99,,,29.80,29.8,13.10,13.1,No,False,,,Yes,True,,,,,,,$30.00,30,$18.05,18.05,No,False
695285f284e64148488c267f,"<span class=""692e723006854af46491d3e4"" data-kn=""connection-value"">WOSPORT L4G24 夜视仪支架（铝合金版）-淘宝网</span>","[{'id': '692e723006854af46491d3e4', 'identifier': 'WOSPORT L4G24 夜视仪支架（铝合金版）-淘宝网'}]",Active,Active,L / Outer Belt + Duty Belt + Inner Belt,L / Outer Belt + Duty Belt + Inner Belt,,,,,,,Yes,True,,,12/29/2025 08:45,"{'date': '12/29/2025', 'date_formatted': '12/29/2025', 'hours': '08', 'minutes': '45', 'am_pm': 'AM', 'unix_timestamp': 1766997900000, 'iso_timestamp': '2025-12-29T08:45:00.000Z', 'timestamp': '12/29/2025 08:45 am', 'time': 525, 'time_formatted': '08:45', 'proper_unix_timestamp': 1767015900000, 'proper_iso_timestamp': '2025-12-29T13:45:00.000Z'}",12/29/2025 08:45,"{'date': '12/29/2025', 'date_formatted': '12/29/2025', 'hours': '08', 'minutes': '45', 'am_pm': 'AM', 'unix_timestamp': 1766997900000, 'iso_timestamp': '2025-12-29T08:45:00.000Z', 'timestamp': '12/29/2025 08:45 am', 'time': 525, 'time_formatted': '08:45', 'proper_unix_timestamp': 1767015900000, 'proper_iso_timestamp': '2025-12-29T13:45:00.000Z'}",,,,,,,,,145,145,$30.00,30,No,False,,,,,54.99,54.99,,,29.50,29.5,12.80,12.8,No,False,,,Yes,True,,,,,,,$30.00,30,$33.25,33.25,No,False
695285f194dcab60c19e8120,"<span class=""692e723006854af46491d3e4"" data-kn=""connection-value"">WOSPORT L4G24 夜视仪支架（铝合金版）-淘宝网</span>","[{'id': '692e723006854af46491d3e4', 'identifier': 'WOSPORT L4G24 夜视仪支架（铝合金版）-淘宝网'}]",Active,Active,L / Outer Belt + Duty Belt,L / Outer Belt + Duty Belt,,,,,,,Yes,True,,,12/29/2025 08:45,"{'date': '12/29/2025', 'date_formatted': '12/29/2025', 'hours': '08', 'minutes': '45', 'am_pm': 'AM', 'unix_timestamp': 1766997900000, 'iso_timestamp': '2025-12-29T08:45:00.000Z', 'timestamp': '12/29/2025 08:45 am', 'time': 525, 'time_formatted': '08:45', 'proper_unix_timestamp': 1767015900000, 'proper_iso_timestamp': '2025-12-29T13:45:00.000Z'}",12/29/2025 08:45,"{'date': '12/29/2025', 'date_formatted': '12/29/2025', 'hours': '08', 'minutes': '45', 'am_pm': 'AM', 'unix_timestamp': 1766997900000, 'iso_timestamp': '2025-12-29T08:45:00.000Z', 'timestamp': '12/29/2025 08:45 am', 'time': 525, 'time_formatted': '08:45', 'proper_unix_timestamp': 1767015900000, 'proper_iso_timestamp': '2025-12-29T13:45:00.000Z'}",,,,,,,,,107,107,$30.00,30,No,False,,,,,42.99,42.99,,,29.50,29.5,12.70,12.7,No,False,,,Yes,True,,,,,,,$30.00,30,$26.03,26.03,No,False
695285f108c488cc571b0759,"<span class=""692e723006854af46491d3e4"" data-kn=""connection-value"">WOSPORT L4G24 夜视仪支架（铝合金版）-淘宝网</span>","[{'id': '692e723006854af46491d3e4', 'identifier': 'WOSPORT L4G24 夜视仪支架（铝合金版）-淘宝网'}]",Active,Active,L / Duty Belt,L / Duty Belt,,,,,,,Yes,True,,,12/29/2025 08:45,"{'date': '12/29/2025', 'date_formatted': '12/29/2025', 'hours': '08', 'minutes': '45', 'am_pm': 'AM', 'unix_timestamp': 1766997900000, 'iso_timestamp': '2025-12-29T08:45:00.000Z', 'timestamp': '12/29/2025 08:45 am', 'time': 525, 'time_formatted': '08:45', 'proper_unix_timestamp': 1767015900000, 'proper_iso_timestamp': '2025-12-29T13:45:00.000Z'}",12/29/2025 08:45,"{'date': '12/29/2025', 'date_formatted': '12/29/2025', 'hours': '08', 'minutes': '45', 'am_pm': 'AM', 'unix_timestamp': 1766997900000, 'iso_timestamp': '2025-12-29T08:45:00.000Z', 'timestamp': '12/29/2025 08:45 am', 'time': 525, 'time_formatted': '08:45', 'proper_unix_timestamp': 1767015900000, 'proper_iso_timestamp': '2025-12-29T13:45:00.000Z'}",,,,,,,,,65,65,$30.00,30,No,False,,,,,29.99,29.99,,,29.80,29.8,13.10,13.1,No,False,,,Yes,True,,,,,,,$30.00,30,$18.05,18.05,No,False
695285f008c488cc571af2ba,"<span class=""692e723006854af46491d3e4"" data-kn=""connection-value"">WOSPORT L4G24 夜视仪支架（铝合金版）-淘宝网</span>","[{'id': '692e723006854af46491d3e4', 'identifier': 'WOSPORT L4G24 夜视仪支架（铝合金版）-淘宝网'}]",Active,Active,"L / Quick-release Locking Baton, Spray, Flashlight 3-Piece Set","L / Quick-release Locking Baton, Spray, Flashlight 3-Piece Set",,,,,,,Yes,True,,,12/29/2025 08:45,"{'date': '12/29/2025', 'date_formatted': '12/29/2025', 'hours': '08', 'minutes': '45', 'am_pm': 'AM', 'unix_timestamp': 1766997900000, 'iso_timestamp': '2025-12-29T08:45:00.000Z', 'timestamp': '12/29/2025 08:45 am', 'time': 525, 'time_formatted': '08:45', 'proper_unix_timestamp': 1767015900000, 'proper_iso_timestamp': '2025-12-29T13:45:00.000Z'}",12/29/2025 08:45,"{'date': '12/29/2025', 'date_formatted': '12/29/2025', 'hours': '08', 'minutes': '45', 'am_pm': 'AM', 'unix_timestamp': 1766997900000, 'iso_timestamp': '2025-12-29T08:45:00.000Z', 'timestamp': '12/29/2025 08:45 am', 'time': 525, 'time_formatted': '08:45', 'proper_unix_timestamp': 1767015900000, 'proper_iso_timestamp': '2025-12-29T13:45:00.000Z'}",,,,,,,,,120,120,$30.00,30,No,False,,,,,46.99,46.99,,,29.30,29.3,12.60,12.6,No,False,,,Yes,True,,,,,,,$30.00,30,$28.50,28.5,No,False
695285f07c1031906b474948,"<span class=""692e723006854af46491d3e4"" data-kn=""connection-value"">WOSPORT L4G24 夜视仪支架（铝合金版）-淘宝网</span>","[{'id': '692e723006854af46491d3e4', 'identifier': 'WOSPORT L4G24 夜视仪支架（铝合金版）-淘宝网'}]",Active,Active,"L / Quick-release Locking Baton, Spray, Flashlight, Pistol Holster 4-Piece Set","L / Quick-release Locking Baton, Spray, Flashlight, Pistol Holster 4-Piece Set",,,,,,,Yes,True,,,12/29/2025 08:45,"{'date': '12/29/2025', 'date_formatted': '12/29/2025', 'hours': '08', 'minutes': '45', 'am_pm': 'AM', 'unix_timestamp': 1766997900000, 'iso_timestamp': '2025-12-29T08:45:00.000Z', 'timestamp': '12/29/2025 08:45 am', 'time': 525, 'time_formatted': '08:45', 'proper_unix_timestamp': 1767015900000, 'proper_iso_timestamp': '2025-12-29T13:45:00.000Z'}",12/29/2025 08:45,"{'date': '12/29/2025', 'date_formatted': '12/29/2025', 'hours': '08', 'minutes': '45', 'am_pm': 'AM', 'unix_timestamp': 1766997900000, 'iso_timestamp': '2025-12-29T08:45:00.000Z', 'timestamp': '12/29/2025 08:45 am', 'time': 525, 'time_formatted': '08:45', 'proper_unix_timestamp': 1767015900000, 'proper_iso_timestamp': '2025-12-29T13:45:00.000Z'}",,,,,,,,,160,160,$30.00,30,No,False,,,,,59.99,59.99,,,29.80,29.8,13.10,13.1,No,False,,,Yes,True,,,,,,,$30.00,30,$36.10,36.1,No,False
695285ef97f46fbba4fa7331,"<span class=""692e723006854af46491d3e4"" data-kn=""connection-value"">WOSPORT L4G24 夜视仪支架（铝合金版）-淘宝网</span>","[{'id': '692e723006854af46491d3e4', 'identifier': 'WOSPORT L4G24 夜视仪支架（铝合金版）-淘宝网'}]",Active,Active,L / Set A,L / Set A,,,,,,,Yes,True,,,12/29/2025 08:45,"{'date': '12/29/2025', 'date_formatted': '12/29/2025', 'hours': '08', 'minutes': '45', 'am_pm': 'AM', 'unix_timestamp': 1766997900000, 'iso_timestamp': '2025-12-29T08:45:00.000Z', 'timestamp': '12/29/2025 08:45 am', 'time': 525, 'time_formatted': '08:45', 'proper_unix_timestamp': 1767015900000, 'proper_iso_timestamp': '2025-12-29T13:45:00.000Z'}",12/29/2025 08:45,"{'date': '12/29/2025', 'date_formatted': '12/29/2025', 'hours': '08', 'minutes': '45', 'am_pm': 'AM', 'unix_timestamp': 1766997900000, 'iso_timestamp': '2025-12-29T08:45:00.000Z', 'timestamp': '12/29/2025 08:45 am', 'time': 525, 'time_formatted': '08:45', 'proper_unix_timestamp': 1767015900000, 'proper_iso_timestamp': '2025-12-29T13:45:00.000Z'}",,,,,,,,,202,202,$30.00,30,No,False,,,,,72.99,72.99,,,29.60,29.6,12.90,12.9,No,False,,,Yes,True,,,,,,,$30.00,30,$44.08,44.08,No,False
695285ef08c488cc571ac4d8,"<span class=""692e723006854af46491d3e4"" data-kn=""connection-value"">WOSPORT L4G24 夜视仪支架（铝合金版）-淘宝网</span>","[{'id': '692e723006854af46491d3e4', 'identifier': 'WOSPORT L4G24 夜视仪支架（铝合金版）-淘宝网'}]",Active,Active,M / Quick-Release D-Ring Pouch,M / Quick-Release D-Ring Pouch,,,,,,,Yes,True,,,12/29/2025 08:45,"{'date': '12/29/2025', 'date_formatted': '12/29/2025', 'hours': '08', 'minutes': '45', 'am_pm': 'AM', 'unix_timestamp': 1766997900000, 'iso_timestamp': '2025-12-29T08:45:00.000Z', 'timestamp': '12/29/2025 08:45 am', 'time': 525, 'time_formatted': '08:45', 'proper_unix_timestamp': 1767015900000, 'proper_iso_timestamp': '2025-12-29T13:45:00.000Z'}",12/29/2025 08:45,"{'date': '12/29/2025', 'date_formatted': '12/29/2025', 'hours': '08', 'minutes': '45', 'am_pm': 'AM', 'unix_timestamp': 1766997900000, 'iso_timestamp': '2025-12-29T08:45:00.000Z', 'timestamp': '12/29/2025 08:45 am', 'time': 525, 'time_formatted': '08:45', 'proper_unix_timestamp': 1767015900000, 'proper_iso_timestamp': '2025-12-29T13:45:00.000Z'}",Color,Color,M,M,Size,Size,快拆D夹套,快拆D夹套,48,48,$30.00,30,No,False,,,,,24.99,24.99,,,30.70,30.7,14.10,14.1,No,False,,,Yes,True,,,,,,,$30.00,30,$14.82,14.82,No,False
695285ec08c488cc571a71d6,"<span class=""692e723006854af46491d3e4"" data-kn=""connection-value"">WOSPORT L4G24 夜视仪支架（铝合金版）-淘宝网</span>","[{'id': '692e723006854af46491d3e4', 'identifier': 'WOSPORT L4G24 夜视仪支架（铝合金版）-淘宝网'}]",Active,Active,M / Water Bottle Pouch,M / Water Bottle Pouch,,,,,,,Yes,True,,,12/29/2025 08:45,"{'date': '12/29/2025', 'date_formatted': '12/29/2025', 'hours': '08', 'minutes': '45', 'am_pm': 'AM', 'unix_timestamp': 1766997900000, 'iso_timestamp': '2025-12-29T08:45:00.000Z', 'timestamp': '12/29/2025 08:45 am', 'time': 525, 'time_formatted': '08:45', 'proper_unix_timestamp': 1767015900000, 'proper_iso_timestamp': '2025-12-29T13:45:00.000Z'}",12/29/2025 08:45,"{'date': '12/29/2025', 'date_formatted': '12/29/2025', 'hours': '08', 'minutes': '45', 'am_pm': 'AM', 'unix_timestamp': 1766997900000, 'iso_timestamp': '2025-12-29T08:45:00.000Z', 'timestamp': '12/29/2025 08:45 am', 'time': 525, 'time_formatted': '08:45', 'proper_unix_timestamp': 1767015900000, 'proper_iso_timestamp': '2025-12-29T13:45:00.000Z'}",Color,Color,M,M,Size,Size,水壶袋,水壶袋,58,58,$30.00,30,No,False,,,,,27.99,27.99,,,30.30,30.3,13.60,13.6,No,False,,,Yes,True,,,,,,,$30.00,30,$16.72,16.72,No,False
695285ecb073c2091ee2fa6f,"<span class=""692e723006854af46491d3e4"" data-kn=""connection-value"">WOSPORT L4G24 夜视仪支架（铝合金版）-淘宝网</span>","[{'id': '692e723006854af46491d3e4', 'identifier': 'WOSPORT L4G24 夜视仪支架（铝合金版）-淘宝网'}]",Active,Active,M / Radio Pouch,M / Radio Pouch,,,,,,,Yes,True,,,12/29/2025 08:45,"{'date': '12/29/2025', 'date_formatted': '12/29/2025', 'hours': '08', 'minutes': '45', 'am_pm': 'AM', 'unix_timestamp': 1766997900000, 'iso_timestamp': '2025-12-29T08:45:00.000Z', 'timestamp': '12/29/2025 08:45 am', 'time': 525, 'time_formatted': '08:45', 'proper_unix_timestamp': 1767015900000, 'proper_iso_timestamp': '2025-12-29T13:45:00.000Z'}",12/29/2025 08:45,"{'date': '12/29/2025', 'date_formatted': '12/29/2025', 'hours': '08', 'minutes': '45', 'am_pm': 'AM', 'unix_timestamp': 1766997900000, 'iso_timestamp': '2025-12-29T08:45:00.000Z', 'timestamp': '12/29/2025 08:45 am', 'time': 525, 'time_formatted': '08:45', 'proper_unix_timestamp': 1767015900000, 'proper_iso_timestamp': '2025-12-29T13:45:00.000Z'}",Color,Color,M,M,Size,Size,对讲机套,对讲机套,45,45,$30.00,30,No,False,,,,,23.99,23.99,,,30.60,30.6,14.00,14,No,False,,,Yes,True,,,,,,,$30.00,30,$14.25,14.25,No,False
695285e94f094e7e8798a417,"<span class=""692e723006854af46491d3e4"" data-kn=""connection-value"">WOSPORT L4G24 夜视仪支架（铝合金版）-淘宝网</span>","[{'id': '692e723006854af46491d3e4', 'identifier': 'WOSPORT L4G24 夜视仪支架（铝合金版）-淘宝网'}]",Active,Active,M / Quick-release Universal Pistol Holster,M / Quick-release Universal Pistol Holster,,,,,,,Yes,True,,,12/29/2025 08:45,"{'date': '12/29/2025', 'date_formatted': '12/29/2025', 'hours': '08', 'minutes': '45', 'am_pm': 'AM', 'unix_timestamp': 1766997900000, 'iso_timestamp': '2025-12-29T08:45:00.000Z', 'timestamp': '12/29/2025 08:45 am', 'time': 525, 'time_formatted': '08:45', 'proper_unix_timestamp': 1767015900000, 'proper_iso_timestamp': '2025-12-29T13:45:00.000Z'}",12/29/2025 08:45,"{'date': '12/29/2025', 'date_formatted': '12/29/2025', 'hours': '08', 'minutes': '45', 'am_pm': 'AM', 'unix_timestamp': 1766997900000, 'iso_timestamp': '2025-12-29T08:45:00.000Z', 'timestamp': '12/29/2025 08:45 am', 'time': 525, 'time_formatted': '08:45', 'proper_unix_timestamp': 1767015900000, 'proper_iso_timestamp': '2025-12-29T13:45:00.000Z'}",,,,,,,,,58,58,$30.00,30,No,False,,,,,27.99,27.99,,,30.30,30.3,13.60,13.6,No,False,,,Yes,True,,,,,,,$30.00,30,$16.72,16.72,No,False
695285e8872049a8df64ef15,"<span class=""692e723006854af46491d3e4"" data-kn=""connection-value"">WOSPORT L4G24 夜视仪支架（铝合金版）-淘宝网</span>","[{'id': '692e723006854af46491d3e4', 'identifier': 'WOSPORT L4G24 夜视仪支架（铝合金版）-淘宝网'}]",Active,Active,M / Side-Opening Quick-Release Locking Pepper Spray Holster,M / Side-Opening Quick-Release Locking Pepper Spray Holster,,,,,,,Yes,True,,,12/29/2025 08:45,"{'date': '12/29/2025', 'date_formatted': '12/29/2025', 'hours': '08', 'minutes': '45', 'am_pm': 'AM', 'unix_timestamp': 1766997900000, 'iso_timestamp': '2025-12-29T08:45:00.000Z', 'timestamp': '12/29/2025 08:45 am', 'time': 525, 'time_formatted': '08:45', 'proper_unix_timestamp': 1767015900000, 'proper_iso_timestamp': '2025-12-29T13:45:00.000Z'}",12/29/2025 08:45,"{'date': '12/29/2025', 'date_formatted': '12/29/2025', 'hours': '08', 'minutes': '45', 'am_pm': 'AM', 'unix_timestamp': 1766997900000, 'iso_timestamp': '2025-12-29T08:45:00.000Z', 'timestamp': '12/29/2025 08:45 am', 'time': 525, 'time_formatted': '08:45', 'proper_unix_timestamp': 1767015900000, 'proper_iso_timestamp': '2025-12-29T13:45:00.000Z'}",Color,Color,M,M,Size,Size,侧开快拆带锁喷W套,侧开快拆带锁喷W套,48,48,$30.00,30,No,False,,,,,24.99,24.99,,,30.70,30.7,14.10,14.1,No,False,,,Yes,True,,,,,,,$30.00,30,$14.82,14.82,No,False
695285e7ed3dc8f8ad31dbdc,"<span class=""692e723006854af46491d3e4"" data-kn=""connection-value"">WOSPORT L4G24 夜视仪支架（铝合金版）-淘宝网</span>","[{'id': '692e723006854af46491d3e4', 'identifier': 'WOSPORT L4G24 夜视仪支架（铝合金版）-淘宝网'}]",Active,Active,M / Side-Opening Quick-Release Locking Flashlight Holster,M / Side-Opening Quick-Release Locking Flashlight Holster,,,,,,,Yes,True,,,12/29/2025 08:45,"{'date': '12/29/2025', 'date_formatted': '12/29/2025', 'hours': '08', 'minutes': '45', 'am_pm': 'AM', 'unix_timestamp': 1766997900000, 'iso_timestamp': '2025-12-29T08:45:00.000Z', 'timestamp': '12/29/2025 08:45 am', 'time': 525, 'time_formatted': '08:45', 'proper_unix_timestamp': 1767015900000, 'proper_iso_timestamp': '2025-12-29T13:45:00.000Z'}",12/29/2025 08:45,"{'date': '12/29/2025', 'date_formatted': '12/29/2025', 'hours': '08', 'minutes': '45', 'am_pm': 'AM', 'unix_timestamp': 1766997900000, 'iso_timestamp': '2025-12-29T08:45:00.000Z', 'timestamp': '12/29/2025 08:45 am', 'time': 525, 'time_formatted': '08:45', 'proper_unix_timestamp': 1767015900000, 'proper_iso_timestamp': '2025-12-29T13:45:00.000Z'}",Color,Color,M,M,Size,Size,侧开快拆带锁手电套,侧开快拆带锁手电套,48,48,$30.00,30,No,False,,,,,24.99,24.99,,,30.70,30.7,14.10,14.1,No,False,,,Yes,True,,,,,,,$30.00,30,$14.82,14.82,No,False
695285e694dcab60c19e0d98,"<span class=""692e723006854af46491d3e4"" data-kn=""connection-value"">WOSPORT L4G24 夜视仪支架（铝合金版）-淘宝网</span>","[{'id': '692e723006854af46491d3e4', 'identifier': 'WOSPORT L4G24 夜视仪支架（铝合金版）-淘宝网'}]",Active,Active,M / Side-Opening Quick-Release Locking Baton Holster,M / Side-Opening Quick-Release Locking Baton Holster,,,,,,,Yes,True,,,12/29/2025 08:45,"{'date': '12/29/2025', 'date_formatted': '12/29/2025', 'hours': '08', 'minutes': '45', 'am_pm': 'AM', 'unix_timestamp': 1766997900000, 'iso_timestamp': '2025-12-29T08:45:00.000Z', 'timestamp': '12/29/2025 08:45 am', 'time': 525, 'time_formatted': '08:45', 'proper_unix_timestamp': 1767015900000, 'proper_iso_timestamp': '2025-12-29T13:45:00.000Z'}",12/29/2025 08:45,"{'date': '12/29/2025', 'date_formatted': '12/29/2025', 'hours': '08', 'minutes': '45', 'am_pm': 'AM', 'unix_timestamp': 1766997900000, 'iso_timestamp': '2025-12-29T08:45:00.000Z', 'timestamp': '12/29/2025 08:45 am', 'time': 525, 'time_formatted': '08:45', 'proper_unix_timestamp': 1767015900000, 'proper_iso_timestamp': '2025-12-29T13:45:00.000Z'}",Color,Color,M,M,Size,Size,侧开快拆带锁棍套,侧开快拆带锁棍套,48,48,$30.00,30,No,False,,,,,24.99,24.99,,,30.70,30.7,14.10,14.1,No,False,,,Yes,True,,,,,,,$30.00,30,$14.82,14.82,No,False
695285e66619955c145f2e62,"<span class=""692e723006854af46491d3e4"" data-kn=""connection-value"">WOSPORT L4G24 夜视仪支架（铝合金版）-淘宝网</span>","[{'id': '692e723006854af46491d3e4', 'identifier': 'WOSPORT L4G24 夜视仪支架（铝合金版）-淘宝网'}]",Active,Active,M / Quick-release 92/92G Double Retention Holster,M / Quick-release 92/92G Double Retention Holster,,,,,,,Yes,True,,,12/29/2025 08:45,"{'date': '12/29/2025', 'date_formatted': '12/29/2025', 'hours': '08', 'minutes': '45', 'am_pm': 'AM', 'unix_timestamp': 1766997900000, 'iso_timestamp': '2025-12-29T08:45:00.000Z', 'timestamp': '12/29/2025 08:45 am', 'time': 525, 'time_formatted': '08:45', 'proper_unix_timestamp': 1767015900000, 'proper_iso_timestamp': '2025-12-29T13:45:00.000Z'}",12/29/2025 08:45,"{'date': '12/29/2025', 'date_formatted': '12/29/2025', 'hours': '08', 'minutes': '45', 'am_pm': 'AM', 'unix_timestamp': 1766997900000, 'iso_timestamp': '2025-12-29T08:45:00.000Z', 'timestamp': '12/29/2025 08:45 am', 'time': 525, 'time_formatted': '08:45', 'proper_unix_timestamp': 1767015900000, 'proper_iso_timestamp': '2025-12-29T13:45:00.000Z'}",,,,,,,,,65,65,$30.00,30,No,False,,,,,29.99,29.99,,,29.80,29.8,13.10,13.1,No,False,,,Yes,True,,,,,,,$30.00,30,$18.05,18.05,No,False
695285e6987975e07e2e8d62,"<span class=""692e723006854af46491d3e4"" data-kn=""connection-value"">WOSPORT L4G24 夜视仪支架（铝合金版）-淘宝网</span>","[{'id': '692e723006854af46491d3e4', 'identifier': 'WOSPORT L4G24 夜视仪支架（铝合金版）-淘宝网'}]",Active,Active,M / Outer Belt + Battle Belt + Inner Belt,M / Outer Belt + Battle Belt + Inner Belt,,,,,,,Yes,True,,,12/29/2025 08:45,"{'date': '12/29/2025', 'date_formatted': '12/29/2025', 'hours': '08', 'minutes': '45', 'am_pm': 'AM', 'unix_timestamp': 1766997900000, 'iso_timestamp': '2025-12-29T08:45:00.000Z', 'timestamp': '12/29/2025 08:45 am', 'time': 525, 'time_formatted': '08:45', 'proper_unix_timestamp': 1767015900000, 'proper_iso_timestamp': '2025-12-29T13:45:00.000Z'}",12/29/2025 08:45,"{'date': '12/29/2025', 'date_formatted': '12/29/2025', 'hours': '08', 'minutes': '45', 'am_pm': 'AM', 'unix_timestamp': 1766997900000, 'iso_timestamp': '2025-12-29T08:45:00.000Z', 'timestamp': '12/29/2025 08:45 am', 'time': 525, 'time_formatted': '08:45', 'proper_unix_timestamp': 1767015900000, 'proper_iso_timestamp': '2025-12-29T13:45:00.000Z'}",Color,Color,M,M,Size,Size,外腰带+勤务腰封+内腰带,外腰带+勤务腰封+内腰带,145,145,$30.00,30,No,False,,,,,54.99,54.99,,,29.50,29.5,12.80,12.8,No,False,,,Yes,True,,,,,,,$30.00,30,$33.25,33.25,No,False
695285e5afc3e1940bf3ad05,"<span class=""692e723006854af46491d3e4"" data-kn=""connection-value"">WOSPORT L4G24 夜视仪支架（铝合金版）-淘宝网</span>","[{'id': '692e723006854af46491d3e4', 'identifier': 'WOSPORT L4G24 夜视仪支架（铝合金版）-淘宝网'}]",Active,Active,M / Outer Belt + Battle Belt,M / Outer Belt + Battle Belt,,,,,,,Yes,True,,,12/29/2025 08:45,"{'date': '12/29/2025', 'date_formatted': '12/29/2025', 'hours': '08', 'minutes': '45', 'am_pm': 'AM', 'unix_timestamp': 1766997900000, 'iso_timestamp': '2025-12-29T08:45:00.000Z', 'timestamp': '12/29/2025 08:45 am', 'time': 525, 'time_formatted': '08:45', 'proper_unix_timestamp': 1767015900000, 'proper_iso_timestamp': '2025-12-29T13:45:00.000Z'}",12/29/2025 08:45,"{'date': '12/29/2025', 'date_formatted': '12/29/2025', 'hours': '08', 'minutes': '45', 'am_pm': 'AM', 'unix_timestamp': 1766997900000, 'iso_timestamp': '2025-12-29T08:45:00.000Z', 'timestamp': '12/29/2025 08:45 am', 'time': 525, 'time_formatted': '08:45', 'proper_unix_timestamp': 1767015900000, 'proper_iso_timestamp': '2025-12-29T13:45:00.000Z'}",Color,Color,M,M,Size,Size,外腰带+勤务腰封,外腰带+勤务腰封,107,107,$30.00,30,No,False,,,,,42.99,42.99,,,29.50,29.5,12.70,12.7,No,False,,,Yes,True,,,,,,,$30.00,30,$26.03,26.03,No,False
695285e5afc3e1940bf3a39e,"<span class=""692e723006854af46491d3e4"" data-kn=""connection-value"">WOSPORT L4G24 夜视仪支架（铝合金版）-淘宝网</span>","[{'id': '692e723006854af46491d3e4', 'identifier': 'WOSPORT L4G24 夜视仪支架（铝合金版）-淘宝网'}]",Active,Active,M / Battle Belt,M / Battle Belt,,,,,,,Yes,True,,,12/29/2025 08:45,"{'date': '12/29/2025', 'date_formatted': '12/29/2025', 'hours': '08', 'minutes': '45', 'am_pm': 'AM', 'unix_timestamp': 1766997900000, 'iso_timestamp': '2025-12-29T08:45:00.000Z', 'timestamp': '12/29/2025 08:45 am', 'time': 525, 'time_formatted': '08:45', 'proper_unix_timestamp': 1767015900000, 'proper_iso_timestamp': '2025-12-29T13:45:00.000Z'}",12/29/2025 08:45,"{'date': '12/29/2025', 'date_formatted': '12/29/2025', 'hours': '08', 'minutes': '45', 'am_pm': 'AM', 'unix_timestamp': 1766997900000, 'iso_timestamp': '2025-12-29T08:45:00.000Z', 'timestamp': '12/29/2025 08:45 am', 'time': 525, 'time_formatted': '08:45', 'proper_unix_timestamp': 1767015900000, 'proper_iso_timestamp': '2025-12-29T13:45:00.000Z'}",Color,Color,M,M,Size,Size,勤务腰封,勤务腰封,65,65,$30.00,30,No,False,,,,,29.99,29.99,,,29.80,29.8,13.10,13.1,No,False,,,Yes,True,,,,,,,$30.00,30,$18.05,18.05,No,False
695285e47c1031906b467981,"<span class=""692e723006854af46491d3e4"" data-kn=""connection-value"">WOSPORT L4G24 夜视仪支架（铝合金版）-淘宝网</span>","[{'id': '692e723006854af46491d3e4', 'identifier': 'WOSPORT L4G24 夜视仪支架（铝合金版）-淘宝网'}]",Active,Active,"M / Quick-release Locking Baton, Spray, Flashlight 3-Piece Set","M / Quick-release Locking Baton, Spray, Flashlight 3-Piece Set",,,,,,,Yes,True,,,12/29/2025 08:45,"{'date': '12/29/2025', 'date_formatted': '12/29/2025', 'hours': '08', 'minutes': '45', 'am_pm': 'AM', 'unix_timestamp': 1766997900000, 'iso_timestamp': '2025-12-29T08:45:00.000Z', 'timestamp': '12/29/2025 08:45 am', 'time': 525, 'time_formatted': '08:45', 'proper_unix_timestamp': 1767015900000, 'proper_iso_timestamp': '2025-12-29T13:45:00.000Z'}",12/29/2025 08:45,"{'date': '12/29/2025', 'date_formatted': '12/29/2025', 'hours': '08', 'minutes': '45', 'am_pm': 'AM', 'unix_timestamp': 1766997900000, 'iso_timestamp': '2025-12-29T08:45:00.000Z', 'timestamp': '12/29/2025 08:45 am', 'time': 525, 'time_formatted': '08:45', 'proper_unix_timestamp': 1767015900000, 'proper_iso_timestamp': '2025-12-29T13:45:00.000Z'}",,,,,,,,,120,120,$30.00,30,No,False,,,,,46.99,46.99,,,29.30,29.3,12.60,12.6,No,False,,,Yes,True,,,,,,,$30.00,30,$28.50,28.5,No,False
695285e429256c1eb736f25c,"<span class=""692e723006854af46491d3e4"" data-kn=""connection-value"">WOSPORT L4G24 夜视仪支架（铝合金版）-淘宝网</span>","[{'id': '692e723006854af46491d3e4', 'identifier': 'WOSPORT L4G24 夜视仪支架（铝合金版）-淘宝网'}]",Active,Active,"M / Quick-release Locking Baton, Spray, Flashlight, Pistol Holster 4-Piece Set","M / Quick-release Locking Baton, Spray, Flashlight, Pistol Holster 4-Piece Set",,,,,,,Yes,True,,,12/29/2025 08:45,"{'date': '12/29/2025', 'date_formatted': '12/29/2025', 'hours': '08', 'minutes': '45', 'am_pm': 'AM', 'unix_timestamp': 1766997900000, 'iso_timestamp': '2025-12-29T08:45:00.000Z', 'timestamp': '12/29/2025 08:45 am', 'time': 525, 'time_formatted': '08:45', 'proper_unix_timestamp': 1767015900000, 'proper_iso_timestamp': '2025-12-29T13:45:00.000Z'}",12/29/2025 08:45,"{'date': '12/29/2025', 'date_formatted': '12/29/2025', 'hours': '08', 'minutes': '45', 'am_pm': 'AM', 'unix_timestamp': 1766997900000, 'iso_timestamp': '2025-12-29T08:45:00.000Z', 'timestamp': '12/29/2025 08:45 am', 'time': 525, 'time_formatted': '08:45', 'proper_unix_timestamp': 1767015900000, 'proper_iso_timestamp': '2025-12-29T13:45:00.000Z'}",,,,,,,,,160,160,$30.00,30,No,False,,,,,59.99,59.99,,,29.80,29.8,13.10,13.1,No,False,,,Yes,True,,,,,,,$30.00,30,$36.10,36.1,No,False
695285e385ede69a6f238f74,"<span class=""692e723006854af46491d3e4"" data-kn=""connection-value"">WOSPORT L4G24 夜视仪支架（铝合金版）-淘宝网</span>","[{'id': '692e723006854af46491d3e4', 'identifier': 'WOSPORT L4G24 夜视仪支架（铝合金版）-淘宝网'}]",Active,Active,M / Set A,M / Set A,,,,,,,Yes,True,,,12/29/2025 08:45,"{'date': '12/29/2025', 'date_formatted': '12/29/2025', 'hours': '08', 'minutes': '45', 'am_pm': 'AM', 'unix_timestamp': 1766997900000, 'iso_timestamp': '2025-12-29T08:45:00.000Z', 'timestamp': '12/29/2025 08:45 am', 'time': 525, 'time_formatted': '08:45', 'proper_unix_timestamp': 1767015900000, 'proper_iso_timestamp': '2025-12-29T13:45:00.000Z'}",12/29/2025 08:45,"{'date': '12/29/2025', 'date_formatted': '12/29/2025', 'hours': '08', 'minutes': '45', 'am_pm': 'AM', 'unix_timestamp': 1766997900000, 'iso_timestamp': '2025-12-29T08:45:00.000Z', 'timestamp': '12/29/2025 08:45 am', 'time': 525, 'time_formatted': '08:45', 'proper_unix_timestamp': 1767015900000, 'proper_iso_timestamp': '2025-12-29T13:45:00.000Z'}",,,,,,,,,202,202,$30.00,30,No,False,,,,,72.99,72.99,,,29.60,29.6,12.90,12.9,No,False,,,Yes,True,,,,,,,$30.00,30,$44.08,44.08,No,False
695285e308c488cc571a1aae,"<span class=""692e723006854af46491d3e4"" data-kn=""connection-value"">WOSPORT L4G24 夜视仪支架（铝合金版）-淘宝网</span>","[{'id': '692e723006854af46491d3e4', 'identifier': 'WOSPORT L4G24 夜视仪支架（铝合金版）-淘宝网'}]",Active,Active,S / Quick-Release D-Ring Pouch,S / Quick-Release D-Ring Pouch,,,,,,,Yes,True,,,12/29/2025 08:45,"{'date': '12/29/2025', 'date_formatted': '12/29/2025', 'hours': '08', 'minutes': '45', 'am_pm': 'AM', 'unix_timestamp': 1766997900000, 'iso_timestamp': '2025-12-29T08:45:00.000Z', 'timestamp': '12/29/2025 08:45 am', 'time': 525, 'time_formatted': '08:45', 'proper_unix_timestamp': 1767015900000, 'proper_iso_timestamp': '2025-12-29T13:45:00.000Z'}",12/29/2025 08:45,"{'date': '12/29/2025', 'date_formatted': '12/29/2025', 'hours': '08', 'minutes': '45', 'am_pm': 'AM', 'unix_timestamp': 1766997900000, 'iso_timestamp': '2025-12-29T08:45:00.000Z', 'timestamp': '12/29/2025 08:45 am', 'time': 525, 'time_formatted': '08:45', 'proper_unix_timestamp': 1767015900000, 'proper_iso_timestamp': '2025-12-29T13:45:00.000Z'}",Color,Color,S,S,Size,Size,快拆D夹套,快拆D夹套,48,48,$30.00,30,No,False,,,,,24.99,24.99,,,30.70,30.7,14.10,14.1,No,False,,,Yes,True,,,,,,,$30.00,30,$14.82,14.82,No,False
695285e2872049a8df64a1b2,"<span class=""692e723006854af46491d3e4"" data-kn=""connection-value"">WOSPORT L4G24 夜视仪支架（铝合金版）-淘宝网</span>","[{'id': '692e723006854af46491d3e4', 'identifier': 'WOSPORT L4G24 夜视仪支架（铝合金版）-淘宝网'}]",Active,Active,S / Water Bottle Pouch,S / Water Bottle Pouch,,,,,,,Yes,True,,,12/29/2025 08:45,"{'date': '12/29/2025', 'date_formatted': '12/29/2025', 'hours': '08', 'minutes': '45', 'am_pm': 'AM', 'unix_timestamp': 1766997900000, 'iso_timestamp': '2025-12-29T08:45:00.000Z', 'timestamp': '12/29/2025 08:45 am', 'time': 525, 'time_formatted': '08:45', 'proper_unix_timestamp': 1767015900000, 'proper_iso_timestamp': '2025-12-29T13:45:00.000Z'}",12/29/2025 08:45,"{'date': '12/29/2025', 'date_formatted': '12/29/2025', 'hours': '08', 'minutes': '45', 'am_pm': 'AM', 'unix_timestamp': 1766997900000, 'iso_timestamp': '2025-12-29T08:45:00.000Z', 'timestamp': '12/29/2025 08:45 am', 'time': 525, 'time_formatted': '08:45', 'proper_unix_timestamp': 1767015900000, 'proper_iso_timestamp': '2025-12-29T13:45:00.000Z'}",Color,Color,S,S,Size,Size,水壶袋,水壶袋,58,58,$30.00,30,No,False,,,,,27.99,27.99,,,30.30,30.3,13.60,13.6,No,False,,,Yes,True,,,,,,,$30.00,30,$16.72,16.72,No,False
695285e203c3b396102b41c2,"<span class=""692e723006854af46491d3e4"" data-kn=""connection-value"">WOSPORT L4G24 夜视仪支架（铝合金版）-淘宝网</span>","[{'id': '692e723006854af46491d3e4', 'identifier': 'WOSPORT L4G24 夜视仪支架（铝合金版）-淘宝网'}]",Active,Active,S / Radio Pouch,S / Radio Pouch,,,,,,,Yes,True,,,12/29/2025 08:45,"{'date': '12/29/2025', 'date_formatted': '12/29/2025', 'hours': '08', 'minutes': '45', 'am_pm': 'AM', 'unix_timestamp': 1766997900000, 'iso_timestamp': '2025-12-29T08:45:00.000Z', 'timestamp': '12/29/2025 08:45 am', 'time': 525, 'time_formatted': '08:45', 'proper_unix_timestamp': 1767015900000, 'proper_iso_timestamp': '2025-12-29T13:45:00.000Z'}",12/29/2025 08:45,"{'date': '12/29/2025', 'date_formatted': '12/29/2025', 'hours': '08', 'minutes': '45', 'am_pm': 'AM', 'unix_timestamp': 1766997900000, 'iso_timestamp': '2025-12-29T08:45:00.000Z', 'timestamp': '12/29/2025 08:45 am', 'time': 525, 'time_formatted': '08:45', 'proper_unix_timestamp': 1767015900000, 'proper_iso_timestamp': '2025-12-29T13:45:00.000Z'}",Color,Color,S,S,Size,Size,对讲机套,对讲机套,45,45,$30.00,30,No,False,,,,,23.99,23.99,,,30.60,30.6,14.00,14,No,False,,,Yes,True,,,,,,,$30.00,30,$14.25,14.25,No,False
695285e1d046b207b9927e98,"<span class=""692e723006854af46491d3e4"" data-kn=""connection-value"">WOSPORT L4G24 夜视仪支架（铝合金版）-淘宝网</span>","[{'id': '692e723006854af46491d3e4', 'identifier': 'WOSPORT L4G24 夜视仪支架（铝合金版）-淘宝网'}]",Active,Active,S / Quick-release Universal Pistol Holster,S / Quick-release Universal Pistol Holster,,,,,,,Yes,True,,,12/29/2025 08:45,"{'date': '12/29/2025', 'date_formatted': '12/29/2025', 'hours': '08', 'minutes': '45', 'am_pm': 'AM', 'unix_timestamp': 1766997900000, 'iso_timestamp': '2025-12-29T08:45:00.000Z', 'timestamp': '12/29/2025 08:45 am', 'time': 525, 'time_formatted': '08:45', 'proper_unix_timestamp': 1767015900000, 'proper_iso_timestamp': '2025-12-29T13:45:00.000Z'}",12/29/2025 08:45,"{'date': '12/29/2025', 'date_formatted': '12/29/2025', 'hours': '08', 'minutes': '45', 'am_pm': 'AM', 'unix_timestamp': 1766997900000, 'iso_timestamp': '2025-12-29T08:45:00.000Z', 'timestamp': '12/29/2025 08:45 am', 'time': 525, 'time_formatted': '08:45', 'proper_unix_timestamp': 1767015900000, 'proper_iso_timestamp': '2025-12-29T13:45:00.000Z'}",,,,,,,,,58,58,$30.00,30,No,False,,,,,27.99,27.99,,,30.30,30.3,13.60,13.6,No,False,,,Yes,True,,,,,,,$30.00,30,$16.72,16.72,No,False
695285df702b6fdd625d13a0,"<span class=""692e723006854af46491d3e4"" data-kn=""connection-value"">WOSPORT L4G24 夜视仪支架（铝合金版）-淘宝网</span>","[{'id': '692e723006854af46491d3e4', 'identifier': 'WOSPORT L4G24 夜视仪支架（铝合金版）-淘宝网'}]",Active,Active,S / Quick-release 92/92G Double Retention Holster,S / Quick-release 92/92G Double Retention Holster,,,,,,,Yes,True,,,12/29/2025 08:45,"{'date': '12/29/2025', 'date_formatted': '12/29/2025', 'hours': '08', 'minutes': '45', 'am_pm': 'AM', 'unix_timestamp': 1766997900000, 'iso_timestamp': '2025-12-29T08:45:00.000Z', 'timestamp': '12/29/2025 08:45 am', 'time': 525, 'time_formatted': '08:45', 'proper_unix_timestamp': 1767015900000, 'proper_iso_timestamp': '2025-12-29T13:45:00.000Z'}",12/29/2025 08:45,"{'date': '12/29/2025', 'date_formatted': '12/29/2025', 'hours': '08', 'minutes': '45', 'am_pm': 'AM', 'unix_timestamp': 1766997900000, 'iso_timestamp': '2025-12-29T08:45:00.000Z', 'timestamp': '12/29/2025 08:45 am', 'time': 525, 'time_formatted': '08:45', 'proper_unix_timestamp': 1767015900000, 'proper_iso_timestamp': '2025-12-29T13:45:00.000Z'}",,,,,,,,,65,65,$30.00,30,No,False,,,,,29.99,29.99,,,29.80,29.8,13.10,13.1,No,False,,,Yes,True,,,,,,,$30.00,30,$18.05,18.05,No,False
695285dd6deb1a793b5e2373,"<span class=""692e723006854af46491d3e4"" data-kn=""connection-value"">WOSPORT L4G24 夜视仪支架（铝合金版）-淘宝网</span>","[{'id': '692e723006854af46491d3e4', 'identifier': 'WOSPORT L4G24 夜视仪支架（铝合金版）-淘宝网'}]",Active,Active,One Size / Water Bottle Pouch,One Size / Water Bottle Pouch,,,,,,,Yes,True,,,12/29/2025 08:45,"{'date': '12/29/2025', 'date_formatted': '12/29/2025', 'hours': '08', 'minutes': '45', 'am_pm': 'AM', 'unix_timestamp': 1766997900000, 'iso_timestamp': '2025-12-29T08:45:00.000Z', 'timestamp': '12/29/2025 08:45 am', 'time': 525, 'time_formatted': '08:45', 'proper_unix_timestamp': 1767015900000, 'proper_iso_timestamp': '2025-12-29T13:45:00.000Z'}",12/29/2025 08:45,"{'date': '12/29/2025', 'date_formatted': '12/29/2025', 'hours': '08', 'minutes': '45', 'am_pm': 'AM', 'unix_timestamp': 1766997900000, 'iso_timestamp': '2025-12-29T08:45:00.000Z', 'timestamp': '12/29/2025 08:45 am', 'time': 525, 'time_formatted': '08:45', 'proper_unix_timestamp': 1767015900000, 'proper_iso_timestamp': '2025-12-29T13:45:00.000Z'}",,,,,,,,,58,58,$30.00,30,No,False,,,,,27.99,27.99,,,30.30,30.3,13.60,13.6,No,False,,,Yes,True,,,,,,,$30.00,30,$16.72,16.72,No,False
695285dd987975e07e2e2a70,"<span class=""692e723006854af46491d3e4"" data-kn=""connection-value"">WOSPORT L4G24 夜视仪支架（铝合金版）-淘宝网</span>","[{'id': '692e723006854af46491d3e4', 'identifier': 'WOSPORT L4G24 夜视仪支架（铝合金版）-淘宝网'}]",Active,Active,One Size / Radio Pouch,One Size / Radio Pouch,,,,,,,Yes,True,,,12/29/2025 08:45,"{'date': '12/29/2025', 'date_formatted': '12/29/2025', 'hours': '08', 'minutes': '45', 'am_pm': 'AM', 'unix_timestamp': 1766997900000, 'iso_timestamp': '2025-12-29T08:45:00.000Z', 'timestamp': '12/29/2025 08:45 am', 'time': 525, 'time_formatted': '08:45', 'proper_unix_timestamp': 1767015900000, 'proper_iso_timestamp': '2025-12-29T13:45:00.000Z'}",12/29/2025 08:45,"{'date': '12/29/2025', 'date_formatted': '12/29/2025', 'hours': '08', 'minutes': '45', 'am_pm': 'AM', 'unix_timestamp': 1766997900000, 'iso_timestamp': '2025-12-29T08:45:00.000Z', 'timestamp': '12/29/2025 08:45 am', 'time': 525, 'time_formatted': '08:45', 'proper_unix_timestamp': 1767015900000, 'proper_iso_timestamp': '2025-12-29T13:45:00.000Z'}",,,,,,,,,45,45,$30.00,30,No,False,,,,,23.99,23.99,,,30.60,30.6,14.00,14,No,False,,,Yes,True,,,,,,,$30.00,30,$14.25,14.25,No,False
695285dcbdf137d1acf7a70f,"<span class=""692e723006854af46491d3e4"" data-kn=""connection-value"">WOSPORT L4G24 夜视仪支架（铝合金版）-淘宝网</span>","[{'id': '692e723006854af46491d3e4', 'identifier': 'WOSPORT L4G24 夜视仪支架（铝合金版）-淘宝网'}]",Active,Active,One Size / Document Pouch,One Size / Document Pouch,,,,,,,Yes,True,,,12/29/2025 08:45,"{'date': '12/29/2025', 'date_formatted': '12/29/2025', 'hours': '08', 'minutes': '45', 'am_pm': 'AM', 'unix_timestamp': 1766997900000, 'iso_timestamp': '2025-12-29T08:45:00.000Z', 'timestamp': '12/29/2025 08:45 am', 'time': 525, 'time_formatted': '08:45', 'proper_unix_timestamp': 1767015900000, 'proper_iso_timestamp': '2025-12-29T13:45:00.000Z'}",12/29/2025 08:45,"{'date': '12/29/2025', 'date_formatted': '12/29/2025', 'hours': '08', 'minutes': '45', 'am_pm': 'AM', 'unix_timestamp': 1766997900000, 'iso_timestamp': '2025-12-29T08:45:00.000Z', 'timestamp': '12/29/2025 08:45 am', 'time': 525, 'time_formatted': '08:45', 'proper_unix_timestamp': 1767015900000, 'proper_iso_timestamp': '2025-12-29T13:45:00.000Z'}",,,,,,,,,55,55,$30.00,30,No,False,,,,,26.99,26.99,,,30.20,30.2,13.50,13.5,No,False,,,Yes,True,,,,,,,$30.00,30,$16.15,16.15,No,False
695285dbecc8b5f8b418e85a,"<span class=""692e723006854af46491d3e4"" data-kn=""connection-value"">WOSPORT L4G24 夜视仪支架（铝合金版）-淘宝网</span>","[{'id': '692e723006854af46491d3e4', 'identifier': 'WOSPORT L4G24 夜视仪支架（铝合金版）-淘宝网'}]",Active,Active,One Size / Quick Release Universal Handcuff Pouch,One Size / Quick Release Universal Handcuff Pouch,,,,,,,Yes,True,,,12/29/2025 08:44,"{'date': '12/29/2025', 'date_formatted': '12/29/2025', 'hours': '08', 'minutes': '44', 'am_pm': 'AM', 'unix_timestamp': 1766997840000, 'iso_timestamp': '2025-12-29T08:44:00.000Z', 'timestamp': '12/29/2025 08:44 am', 'time': 524, 'time_formatted': '08:44', 'proper_unix_timestamp': 1767015840000, 'proper_iso_timestamp': '2025-12-29T13:44:00.000Z'}",12/29/2025 08:44,"{'date': '12/29/2025', 'date_formatted': '12/29/2025', 'hours': '08', 'minutes': '44', 'am_pm': 'AM', 'unix_timestamp': 1766997840000, 'iso_timestamp': '2025-12-29T08:44:00.000Z', 'timestamp': '12/29/2025 08:44 am', 'time': 524, 'time_formatted': '08:44', 'proper_unix_timestamp': 1767015840000, 'proper_iso_timestamp': '2025-12-29T13:44:00.000Z'}",,,,,,,,,58,58,$30.00,30,No,False,,,,,27.99,27.99,,,30.30,30.3,13.60,13.6,No,False,,,Yes,True,,,,,,,$30.00,30,$16.72,16.72,No,False
695285db05bd8be33031550d,"<span class=""695285c0ed3dc8f8ad307577"" data-kn=""connection-value"">Tactical New White 8-Piece Set (Security Patrol Duty Belt, Quick Release Locking Holster)</span>","[{'id': '695285c0ed3dc8f8ad307577', 'identifier': 'Tactical New White 8-Piece Set (Security Patrol Duty Belt, Quick Release Locking Holster)'}]",Active,Active,L / QD 92/92G Dual Retention Holster,L / QD 92/92G Dual Retention Holster,,,,,,,Yes,True,,,12/29/2025 08:44,"{'date': '12/29/2025', 'date_formatted': '12/29/2025', 'hours': '08', 'minutes': '44', 'am_pm': 'AM', 'unix_timestamp': 1766997840000, 'iso_timestamp': '2025-12-29T08:44:00.000Z', 'timestamp': '12/29/2025 08:44 am', 'time': 524, 'time_formatted': '08:44', 'proper_unix_timestamp': 1767015840000, 'proper_iso_timestamp': '2025-12-29T13:44:00.000Z'}",12/29/2025 08:44,"{'date': '12/29/2025', 'date_formatted': '12/29/2025', 'hours': '08', 'minutes': '44', 'am_pm': 'AM', 'unix_timestamp': 1766997840000, 'iso_timestamp': '2025-12-29T08:44:00.000Z', 'timestamp': '12/29/2025 08:44 am', 'time': 524, 'time_formatted': '08:44', 'proper_unix_timestamp': 1767015840000, 'proper_iso_timestamp': '2025-12-29T13:44:00.000Z'}",Color,Color,L,L,Size,Size,快拆92/92G双防腰套,快拆92/92G双防腰套,65,65,$30.00,30,No,False,,,,,29.99,29.99,,,29.80,29.8,13.10,13.1,No,False,,,Yes,True,,,,,,,$30.00,30,$18.05,18.05,No,False
695285dab073c2091ee2a156,"<span class=""695285c0ed3dc8f8ad307577"" data-kn=""connection-value"">Tactical New White 8-Piece Set (Security Patrol Duty Belt, Quick Release Locking Holster)</span>","[{'id': '695285c0ed3dc8f8ad307577', 'identifier': 'Tactical New White 8-Piece Set (Security Patrol Duty Belt, Quick Release Locking Holster)'}]",Active,Active,L / Duty Belt + Duty Belt Pad + Inner Belt,L / Duty Belt + Duty Belt Pad + Inner Belt,,,,,,,Yes,True,,,12/29/2025 08:44,"{'date': '12/29/2025', 'date_formatted': '12/29/2025', 'hours': '08', 'minutes': '44', 'am_pm': 'AM', 'unix_timestamp': 1766997840000, 'iso_timestamp': '2025-12-29T08:44:00.000Z', 'timestamp': '12/29/2025 08:44 am', 'time': 524, 'time_formatted': '08:44', 'proper_unix_timestamp': 1767015840000, 'proper_iso_timestamp': '2025-12-29T13:44:00.000Z'}",12/29/2025 08:44,"{'date': '12/29/2025', 'date_formatted': '12/29/2025', 'hours': '08', 'minutes': '44', 'am_pm': 'AM', 'unix_timestamp': 1766997840000, 'iso_timestamp': '2025-12-29T08:44:00.000Z', 'timestamp': '12/29/2025 08:44 am', 'time': 524, 'time_formatted': '08:44', 'proper_unix_timestamp': 1767015840000, 'proper_iso_timestamp': '2025-12-29T13:44:00.000Z'}",Color,Color,L,L,Size,Size,外腰带+勤务腰封+内腰带,外腰带+勤务腰封+内腰带,145,145,$30.00,30,No,False,,,,,54.99,54.99,,,29.50,29.5,12.80,12.8,No,False,,,Yes,True,,,,,,,$30.00,30,$33.25,33.25,No,False
695285dabdf137d1acf7817b,"<span class=""695285c0ed3dc8f8ad307577"" data-kn=""connection-value"">Tactical New White 8-Piece Set (Security Patrol Duty Belt, Quick Release Locking Holster)</span>","[{'id': '695285c0ed3dc8f8ad307577', 'identifier': 'Tactical New White 8-Piece Set (Security Patrol Duty Belt, Quick Release Locking Holster)'}]",Active,Active,L / Duty Belt + Duty Belt Pad,L / Duty Belt + Duty Belt Pad,,,,,,,Yes,True,,,12/29/2025 08:44,"{'date': '12/29/2025', 'date_formatted': '12/29/2025', 'hours': '08', 'minutes': '44', 'am_pm': 'AM', 'unix_timestamp': 1766997840000, 'iso_timestamp': '2025-12-29T08:44:00.000Z', 'timestamp': '12/29/2025 08:44 am', 'time': 524, 'time_formatted': '08:44', 'proper_unix_timestamp': 1767015840000, 'proper_iso_timestamp': '2025-12-29T13:44:00.000Z'}",12/29/2025 08:44,"{'date': '12/29/2025', 'date_formatted': '12/29/2025', 'hours': '08', 'minutes': '44', 'am_pm': 'AM', 'unix_timestamp': 1766997840000, 'iso_timestamp': '2025-12-29T08:44:00.000Z', 'timestamp': '12/29/2025 08:44 am', 'time': 524, 'time_formatted': '08:44', 'proper_unix_timestamp': 1767015840000, 'proper_iso_timestamp': '2025-12-29T13:44:00.000Z'}",Color,Color,L,L,Size,Size,外腰带+勤务腰封,外腰带+勤务腰封,107,107,$30.00,30,No,False,,,,,42.99,42.99,,,29.50,29.5,12.70,12.7,No,False,,,Yes,True,,,,,,,$30.00,30,$26.03,26.03,No,False
695285d929de0f71da8a9b43,"<span class=""695285c0ed3dc8f8ad307577"" data-kn=""connection-value"">Tactical New White 8-Piece Set (Security Patrol Duty Belt, Quick Release Locking Holster)</span>","[{'id': '695285c0ed3dc8f8ad307577', 'identifier': 'Tactical New White 8-Piece Set (Security Patrol Duty Belt, Quick Release Locking Holster)'}]",Active,Active,L / Duty Belt Pad,L / Duty Belt Pad,,,,,,,Yes,True,,,12/29/2025 08:44,"{'date': '12/29/2025', 'date_formatted': '12/29/2025', 'hours': '08', 'minutes': '44', 'am_pm': 'AM', 'unix_timestamp': 1766997840000, 'iso_timestamp': '2025-12-29T08:44:00.000Z', 'timestamp': '12/29/2025 08:44 am', 'time': 524, 'time_formatted': '08:44', 'proper_unix_timestamp': 1767015840000, 'proper_iso_timestamp': '2025-12-29T13:44:00.000Z'}",12/29/2025 08:44,"{'date': '12/29/2025', 'date_formatted': '12/29/2025', 'hours': '08', 'minutes': '44', 'am_pm': 'AM', 'unix_timestamp': 1766997840000, 'iso_timestamp': '2025-12-29T08:44:00.000Z', 'timestamp': '12/29/2025 08:44 am', 'time': 524, 'time_formatted': '08:44', 'proper_unix_timestamp': 1767015840000, 'proper_iso_timestamp': '2025-12-29T13:44:00.000Z'}",Color,Color,L,L,Size,Size,勤务腰封,勤务腰封,65,65,$30.00,30,No,False,,,,,29.99,29.99,,,29.80,29.8,13.10,13.1,No,False,,,Yes,True,,,,,,,$30.00,30,$18.05,18.05,No,False
695285d93d269fea159c1bf7,"<span class=""695285c0ed3dc8f8ad307577"" data-kn=""connection-value"">Tactical New White 8-Piece Set (Security Patrol Duty Belt, Quick Release Locking Holster)</span>","[{'id': '695285c0ed3dc8f8ad307577', 'identifier': 'Tactical New White 8-Piece Set (Security Patrol Duty Belt, Quick Release Locking Holster)'}]",Active,Active,"L / QD Locking Baton, Pepper Spray, Flashlight 3-piece Set","L / QD Locking Baton, Pepper Spray, Flashlight 3-piece Set",,,,,,,Yes,True,,,12/29/2025 08:44,"{'date': '12/29/2025', 'date_formatted': '12/29/2025', 'hours': '08', 'minutes': '44', 'am_pm': 'AM', 'unix_timestamp': 1766997840000, 'iso_timestamp': '2025-12-29T08:44:00.000Z', 'timestamp': '12/29/2025 08:44 am', 'time': 524, 'time_formatted': '08:44', 'proper_unix_timestamp': 1767015840000, 'proper_iso_timestamp': '2025-12-29T13:44:00.000Z'}",12/29/2025 08:44,"{'date': '12/29/2025', 'date_formatted': '12/29/2025', 'hours': '08', 'minutes': '44', 'am_pm': 'AM', 'unix_timestamp': 1766997840000, 'iso_timestamp': '2025-12-29T08:44:00.000Z', 'timestamp': '12/29/2025 08:44 am', 'time': 524, 'time_formatted': '08:44', 'proper_unix_timestamp': 1767015840000, 'proper_iso_timestamp': '2025-12-29T13:44:00.000Z'}",Color,Color,L,L,Size,Size,快拆带锁棍喷W手电三件套装,快拆带锁棍喷W手电三件套装,120,120,$30.00,30,No,False,,,,,46.99,46.99,,,29.30,29.3,12.60,12.6,No,False,,,Yes,True,,,,,,,$30.00,30,$28.50,28.5,No,False
695285d8dc3aa591e5c5316c,"<span class=""695285c0ed3dc8f8ad307577"" data-kn=""connection-value"">Tactical New White 8-Piece Set (Security Patrol Duty Belt, Quick Release Locking Holster)</span>","[{'id': '695285c0ed3dc8f8ad307577', 'identifier': 'Tactical New White 8-Piece Set (Security Patrol Duty Belt, Quick Release Locking Holster)'}]",Active,Active,"L / QD Locking Baton, Pepper Spray, Flashlight, Handcuff 4-piece Set","L / QD Locking Baton, Pepper Spray, Flashlight, Handcuff 4-piece Set",,,,,,,Yes,True,,,12/29/2025 08:44,"{'date': '12/29/2025', 'date_formatted': '12/29/2025', 'hours': '08', 'minutes': '44', 'am_pm': 'AM', 'unix_timestamp': 1766997840000, 'iso_timestamp': '2025-12-29T08:44:00.000Z', 'timestamp': '12/29/2025 08:44 am', 'time': 524, 'time_formatted': '08:44', 'proper_unix_timestamp': 1767015840000, 'proper_iso_timestamp': '2025-12-29T13:44:00.000Z'}",12/29/2025 08:44,"{'date': '12/29/2025', 'date_formatted': '12/29/2025', 'hours': '08', 'minutes': '44', 'am_pm': 'AM', 'unix_timestamp': 1766997840000, 'iso_timestamp': '2025-12-29T08:44:00.000Z', 'timestamp': '12/29/2025 08:44 am', 'time': 524, 'time_formatted': '08:44', 'proper_unix_timestamp': 1767015840000, 'proper_iso_timestamp': '2025-12-29T13:44:00.000Z'}",Color,Color,L,L,Size,Size,快拆带锁棍喷W手电手K四件套装,快拆带锁棍喷W手电手K四件套装,160,160,$30.00,30,No,False,,,,,59.99,59.99,,,29.80,29.8,13.10,13.1,No,False,,,Yes,True,,,,,,,$30.00,30,$36.10,36.1,No,False
695285d897f46fbba4f96c66,"<span class=""695285c0ed3dc8f8ad307577"" data-kn=""connection-value"">Tactical New White 8-Piece Set (Security Patrol Duty Belt, Quick Release Locking Holster)</span>","[{'id': '695285c0ed3dc8f8ad307577', 'identifier': 'Tactical New White 8-Piece Set (Security Patrol Duty Belt, Quick Release Locking Holster)'}]",Active,Active,L / Type A Set,L / Type A Set,,,,,,,Yes,True,,,12/29/2025 08:44,"{'date': '12/29/2025', 'date_formatted': '12/29/2025', 'hours': '08', 'minutes': '44', 'am_pm': 'AM', 'unix_timestamp': 1766997840000, 'iso_timestamp': '2025-12-29T08:44:00.000Z', 'timestamp': '12/29/2025 08:44 am', 'time': 524, 'time_formatted': '08:44', 'proper_unix_timestamp': 1767015840000, 'proper_iso_timestamp': '2025-12-29T13:44:00.000Z'}",12/29/2025 08:44,"{'date': '12/29/2025', 'date_formatted': '12/29/2025', 'hours': '08', 'minutes': '44', 'am_pm': 'AM', 'unix_timestamp': 1766997840000, 'iso_timestamp': '2025-12-29T08:44:00.000Z', 'timestamp': '12/29/2025 08:44 am', 'time': 524, 'time_formatted': '08:44', 'proper_unix_timestamp': 1767015840000, 'proper_iso_timestamp': '2025-12-29T13:44:00.000Z'}",Color,Color,L,L,Size,Size,A款套装,A款套装,202,202,$30.00,30,No,False,,,,,72.99,72.99,,,29.60,29.6,12.90,12.9,No,False,,,Yes,True,,,,,,,$30.00,30,$44.08,44.08,No,False
695285d794dcab60c19d77fb,"<span class=""695285c0ed3dc8f8ad307577"" data-kn=""connection-value"">Tactical New White 8-Piece Set (Security Patrol Duty Belt, Quick Release Locking Holster)</span>","[{'id': '695285c0ed3dc8f8ad307577', 'identifier': 'Tactical New White 8-Piece Set (Security Patrol Duty Belt, Quick Release Locking Holster)'}]",Active,Active,M / QD D-ring Pouch,M / QD D-ring Pouch,,,,,,,Yes,True,,,12/29/2025 08:44,"{'date': '12/29/2025', 'date_formatted': '12/29/2025', 'hours': '08', 'minutes': '44', 'am_pm': 'AM', 'unix_timestamp': 1766997840000, 'iso_timestamp': '2025-12-29T08:44:00.000Z', 'timestamp': '12/29/2025 08:44 am', 'time': 524, 'time_formatted': '08:44', 'proper_unix_timestamp': 1767015840000, 'proper_iso_timestamp': '2025-12-29T13:44:00.000Z'}",12/29/2025 08:44,"{'date': '12/29/2025', 'date_formatted': '12/29/2025', 'hours': '08', 'minutes': '44', 'am_pm': 'AM', 'unix_timestamp': 1766997840000, 'iso_timestamp': '2025-12-29T08:44:00.000Z', 'timestamp': '12/29/2025 08:44 am', 'time': 524, 'time_formatted': '08:44', 'proper_unix_timestamp': 1767015840000, 'proper_iso_timestamp': '2025-12-29T13:44:00.000Z'}",Color,Color,M,M,Size,Size,快拆D夹套,快拆D夹套,48,48,$30.00,30,No,False,,,,,24.99,24.99,,,30.70,30.7,14.10,14.1,No,False,,,Yes,True,,,,,,,$30.00,30,$14.82,14.82,No,False
695285d797f46fbba4f96406,"<span class=""695285c0ed3dc8f8ad307577"" data-kn=""connection-value"">Tactical New White 8-Piece Set (Security Patrol Duty Belt, Quick Release Locking Holster)</span>","[{'id': '695285c0ed3dc8f8ad307577', 'identifier': 'Tactical New White 8-Piece Set (Security Patrol Duty Belt, Quick Release Locking Holster)'}]",Active,Active,M / Canteen Pouch,M / Canteen Pouch,,,,,,,Yes,True,,,12/29/2025 08:44,"{'date': '12/29/2025', 'date_formatted': '12/29/2025', 'hours': '08', 'minutes': '44', 'am_pm': 'AM', 'unix_timestamp': 1766997840000, 'iso_timestamp': '2025-12-29T08:44:00.000Z', 'timestamp': '12/29/2025 08:44 am', 'time': 524, 'time_formatted': '08:44', 'proper_unix_timestamp': 1767015840000, 'proper_iso_timestamp': '2025-12-29T13:44:00.000Z'}",12/29/2025 08:44,"{'date': '12/29/2025', 'date_formatted': '12/29/2025', 'hours': '08', 'minutes': '44', 'am_pm': 'AM', 'unix_timestamp': 1766997840000, 'iso_timestamp': '2025-12-29T08:44:00.000Z', 'timestamp': '12/29/2025 08:44 am', 'time': 524, 'time_formatted': '08:44', 'proper_unix_timestamp': 1767015840000, 'proper_iso_timestamp': '2025-12-29T13:44:00.000Z'}",Color,Color,M,M,Size,Size,水壶袋,水壶袋,58,58,$30.00,30,No,False,,,,,27.99,27.99,,,30.30,30.3,13.60,13.6,No,False,,,Yes,True,,,,,,,$30.00,30,$16.72,16.72,No,False
695285d6ecc8b5f8b418acef,"<span class=""692e723006854af46491d3e4"" data-kn=""connection-value"">WOSPORT L4G24 夜视仪支架（铝合金版）-淘宝网</span>","[{'id': '692e723006854af46491d3e4', 'identifier': 'WOSPORT L4G24 夜视仪支架（铝合金版）-淘宝网'}]",Active,Active,M / Admin Pouch,M / Admin Pouch,,,,,,,Yes,True,,,12/29/2025 08:44,"{'date': '12/29/2025', 'date_formatted': '12/29/2025', 'hours': '08', 'minutes': '44', 'am_pm': 'AM', 'unix_timestamp': 1766997840000, 'iso_timestamp': '2025-12-29T08:44:00.000Z', 'timestamp': '12/29/2025 08:44 am', 'time': 524, 'time_formatted': '08:44', 'proper_unix_timestamp': 1767015840000, 'proper_iso_timestamp': '2025-12-29T13:44:00.000Z'}",12/29/2025 08:44,"{'date': '12/29/2025', 'date_formatted': '12/29/2025', 'hours': '08', 'minutes': '44', 'am_pm': 'AM', 'unix_timestamp': 1766997840000, 'iso_timestamp': '2025-12-29T08:44:00.000Z', 'timestamp': '12/29/2025 08:44 am', 'time': 524, 'time_formatted': '08:44', 'proper_unix_timestamp': 1767015840000, 'proper_iso_timestamp': '2025-12-29T13:44:00.000Z'}",Color,Color,M,M,Size,Size,文件包,文件包,55,55,$30.00,30,No,False,,,,,26.99,26.99,,,30.20,30.2,13.50,13.5,No,False,,,Yes,True,,,,,,,$30.00,30,$16.15,16.15,No,False
695285d66619955c145ecf25,"<span class=""695285c0ed3dc8f8ad307577"" data-kn=""connection-value"">Tactical New White 8-Piece Set (Security Patrol Duty Belt, Quick Release Locking Holster)</span>","[{'id': '695285c0ed3dc8f8ad307577', 'identifier': 'Tactical New White 8-Piece Set (Security Patrol Duty Belt, Quick Release Locking Holster)'}]",Active,Active,M / Quick Release Universal Handcuff Pouch,M / Quick Release Universal Handcuff Pouch,,,,,,,Yes,True,,,12/29/2025 08:44,"{'date': '12/29/2025', 'date_formatted': '12/29/2025', 'hours': '08', 'minutes': '44', 'am_pm': 'AM', 'unix_timestamp': 1766997840000, 'iso_timestamp': '2025-12-29T08:44:00.000Z', 'timestamp': '12/29/2025 08:44 am', 'time': 524, 'time_formatted': '08:44', 'proper_unix_timestamp': 1767015840000, 'proper_iso_timestamp': '2025-12-29T13:44:00.000Z'}",12/29/2025 08:44,"{'date': '12/29/2025', 'date_formatted': '12/29/2025', 'hours': '08', 'minutes': '44', 'am_pm': 'AM', 'unix_timestamp': 1766997840000, 'iso_timestamp': '2025-12-29T08:44:00.000Z', 'timestamp': '12/29/2025 08:44 am', 'time': 524, 'time_formatted': '08:44', 'proper_unix_timestamp': 1767015840000, 'proper_iso_timestamp': '2025-12-29T13:44:00.000Z'}",Color,Color,M,M,Size,Size,快拆通用手K套,快拆通用手K套,58,58,$30.00,30,No,False,,,,,27.99,27.99,,,30.30,30.3,13.60,13.6,No,False,,,Yes,True,,,,,,,$30.00,30,$16.72,16.72,No,False
695285d697f46fbba4f93658,"<span class=""695285c0ed3dc8f8ad307577"" data-kn=""connection-value"">Tactical New White 8-Piece Set (Security Patrol Duty Belt, Quick Release Locking Holster)</span>","[{'id': '695285c0ed3dc8f8ad307577', 'identifier': 'Tactical New White 8-Piece Set (Security Patrol Duty Belt, Quick Release Locking Holster)'}]",Active,Active,M / Side Opening Quick Release Locking Spray Pouch,M / Side Opening Quick Release Locking Spray Pouch,,,,,,,Yes,True,,,12/29/2025 08:44,"{'date': '12/29/2025', 'date_formatted': '12/29/2025', 'hours': '08', 'minutes': '44', 'am_pm': 'AM', 'unix_timestamp': 1766997840000, 'iso_timestamp': '2025-12-29T08:44:00.000Z', 'timestamp': '12/29/2025 08:44 am', 'time': 524, 'time_formatted': '08:44', 'proper_unix_timestamp': 1767015840000, 'proper_iso_timestamp': '2025-12-29T13:44:00.000Z'}",12/29/2025 08:44,"{'date': '12/29/2025', 'date_formatted': '12/29/2025', 'hours': '08', 'minutes': '44', 'am_pm': 'AM', 'unix_timestamp': 1766997840000, 'iso_timestamp': '2025-12-29T08:44:00.000Z', 'timestamp': '12/29/2025 08:44 am', 'time': 524, 'time_formatted': '08:44', 'proper_unix_timestamp': 1767015840000, 'proper_iso_timestamp': '2025-12-29T13:44:00.000Z'}",Color,Color,M,M,Size,Size,侧开快拆带锁喷W套,侧开快拆带锁喷W套,48,48,$30.00,30,No,False,,,,,24.99,24.99,,,30.70,30.7,14.10,14.1,No,False,,,Yes,True,,,,,,,$30.00,30,$14.82,14.82,No,False
695285d584e64148488a8be5,"<span class=""695285c0ed3dc8f8ad307577"" data-kn=""connection-value"">Tactical New White 8-Piece Set (Security Patrol Duty Belt, Quick Release Locking Holster)</span>","[{'id': '695285c0ed3dc8f8ad307577', 'identifier': 'Tactical New White 8-Piece Set (Security Patrol Duty Belt, Quick Release Locking Holster)'}]",Active,Active,M / Side Opening Quick Release Locking Flashlight Pouch,M / Side Opening Quick Release Locking Flashlight Pouch,,,,,,,Yes,True,,,12/29/2025 08:44,"{'date': '12/29/2025', 'date_formatted': '12/29/2025', 'hours': '08', 'minutes': '44', 'am_pm': 'AM', 'unix_timestamp': 1766997840000, 'iso_timestamp': '2025-12-29T08:44:00.000Z', 'timestamp': '12/29/2025 08:44 am', 'time': 524, 'time_formatted': '08:44', 'proper_unix_timestamp': 1767015840000, 'proper_iso_timestamp': '2025-12-29T13:44:00.000Z'}",12/29/2025 08:44,"{'date': '12/29/2025', 'date_formatted': '12/29/2025', 'hours': '08', 'minutes': '44', 'am_pm': 'AM', 'unix_timestamp': 1766997840000, 'iso_timestamp': '2025-12-29T08:44:00.000Z', 'timestamp': '12/29/2025 08:44 am', 'time': 524, 'time_formatted': '08:44', 'proper_unix_timestamp': 1767015840000, 'proper_iso_timestamp': '2025-12-29T13:44:00.000Z'}",Color,Color,M,M,Size,Size,侧开快拆带锁手电套,侧开快拆带锁手电套,48,48,$30.00,30,No,False,,,,,24.99,24.99,,,30.70,30.7,14.10,14.1,No,False,,,Yes,True,,,,,,,$30.00,30,$14.82,14.82,No,False
695285d45ba6f17f203e30f5,"<span class=""695285c0ed3dc8f8ad307577"" data-kn=""connection-value"">Tactical New White 8-Piece Set (Security Patrol Duty Belt, Quick Release Locking Holster)</span>","[{'id': '695285c0ed3dc8f8ad307577', 'identifier': 'Tactical New White 8-Piece Set (Security Patrol Duty Belt, Quick Release Locking Holster)'}]",Active,Active,M / Side Opening Quick Release Locking Baton Pouch,M / Side Opening Quick Release Locking Baton Pouch,,,,,,,Yes,True,,,12/29/2025 08:44,"{'date': '12/29/2025', 'date_formatted': '12/29/2025', 'hours': '08', 'minutes': '44', 'am_pm': 'AM', 'unix_timestamp': 1766997840000, 'iso_timestamp': '2025-12-29T08:44:00.000Z', 'timestamp': '12/29/2025 08:44 am', 'time': 524, 'time_formatted': '08:44', 'proper_unix_timestamp': 1767015840000, 'proper_iso_timestamp': '2025-12-29T13:44:00.000Z'}",12/29/2025 08:44,"{'date': '12/29/2025', 'date_formatted': '12/29/2025', 'hours': '08', 'minutes': '44', 'am_pm': 'AM', 'unix_timestamp': 1766997840000, 'iso_timestamp': '2025-12-29T08:44:00.000Z', 'timestamp': '12/29/2025 08:44 am', 'time': 524, 'time_formatted': '08:44', 'proper_unix_timestamp': 1767015840000, 'proper_iso_timestamp': '2025-12-29T13:44:00.000Z'}",Color,Color,M,M,Size,Size,侧开快拆带锁棍套,侧开快拆带锁棍套,48,48,$30.00,30,No,False,,,,,24.99,24.99,,,30.70,30.7,14.10,14.1,No,False,,,Yes,True,,,,,,,$30.00,30,$14.82,14.82,No,False
695285d408c488cc5719bb34,"<span class=""695285c0ed3dc8f8ad307577"" data-kn=""connection-value"">Tactical New White 8-Piece Set (Security Patrol Duty Belt, Quick Release Locking Holster)</span>","[{'id': '695285c0ed3dc8f8ad307577', 'identifier': 'Tactical New White 8-Piece Set (Security Patrol Duty Belt, Quick Release Locking Holster)'}]",Active,Active,M / Quick Release 92/92G Double Retention Holster,M / Quick Release 92/92G Double Retention Holster,,,,,,,Yes,True,,,12/29/2025 08:44,"{'date': '12/29/2025', 'date_formatted': '12/29/2025', 'hours': '08', 'minutes': '44', 'am_pm': 'AM', 'unix_timestamp': 1766997840000, 'iso_timestamp': '2025-12-29T08:44:00.000Z', 'timestamp': '12/29/2025 08:44 am', 'time': 524, 'time_formatted': '08:44', 'proper_unix_timestamp': 1767015840000, 'proper_iso_timestamp': '2025-12-29T13:44:00.000Z'}",12/29/2025 08:44,"{'date': '12/29/2025', 'date_formatted': '12/29/2025', 'hours': '08', 'minutes': '44', 'am_pm': 'AM', 'unix_timestamp': 1766997840000, 'iso_timestamp': '2025-12-29T08:44:00.000Z', 'timestamp': '12/29/2025 08:44 am', 'time': 524, 'time_formatted': '08:44', 'proper_unix_timestamp': 1767015840000, 'proper_iso_timestamp': '2025-12-29T13:44:00.000Z'}",Color,Color,M,M,Size,Size,快拆92/92G双防腰套,快拆92/92G双防腰套,65,65,$30.00,30,No,False,,,,,29.99,29.99,,,29.80,29.8,13.10,13.1,No,False,,,Yes,True,,,,,,,$30.00,30,$18.05,18.05,No,False
695285d35ba6f17f203e2896,"<span class=""695285c0ed3dc8f8ad307577"" data-kn=""connection-value"">Tactical New White 8-Piece Set (Security Patrol Duty Belt, Quick Release Locking Holster)</span>","[{'id': '695285c0ed3dc8f8ad307577', 'identifier': 'Tactical New White 8-Piece Set (Security Patrol Duty Belt, Quick Release Locking Holster)'}]",Active,Active,M / Outer Duty Belt + Duty Belt Pad + Inner Belt,M / Outer Duty Belt + Duty Belt Pad + Inner Belt,,,,,,,Yes,True,,,12/29/2025 08:44,"{'date': '12/29/2025', 'date_formatted': '12/29/2025', 'hours': '08', 'minutes': '44', 'am_pm': 'AM', 'unix_timestamp': 1766997840000, 'iso_timestamp': '2025-12-29T08:44:00.000Z', 'timestamp': '12/29/2025 08:44 am', 'time': 524, 'time_formatted': '08:44', 'proper_unix_timestamp': 1767015840000, 'proper_iso_timestamp': '2025-12-29T13:44:00.000Z'}",12/29/2025 08:44,"{'date': '12/29/2025', 'date_formatted': '12/29/2025', 'hours': '08', 'minutes': '44', 'am_pm': 'AM', 'unix_timestamp': 1766997840000, 'iso_timestamp': '2025-12-29T08:44:00.000Z', 'timestamp': '12/29/2025 08:44 am', 'time': 524, 'time_formatted': '08:44', 'proper_unix_timestamp': 1767015840000, 'proper_iso_timestamp': '2025-12-29T13:44:00.000Z'}",Color,Color,M,M,Size,Size,外腰带+勤务腰封+内腰带,外腰带+勤务腰封+内腰带,145,145,$30.00,30,No,False,,,,,54.99,54.99,,,29.50,29.5,12.80,12.8,No,False,,,Yes,True,,,,,,,$30.00,30,$33.25,33.25,No,False
695285d3d08204d0eb71d591,"<span class=""695285c0ed3dc8f8ad307577"" data-kn=""connection-value"">Tactical New White 8-Piece Set (Security Patrol Duty Belt, Quick Release Locking Holster)</span>","[{'id': '695285c0ed3dc8f8ad307577', 'identifier': 'Tactical New White 8-Piece Set (Security Patrol Duty Belt, Quick Release Locking Holster)'}]",Active,Active,M / Outer Duty Belt + Duty Belt Pad,M / Outer Duty Belt + Duty Belt Pad,,,,,,,Yes,True,,,12/29/2025 08:44,"{'date': '12/29/2025', 'date_formatted': '12/29/2025', 'hours': '08', 'minutes': '44', 'am_pm': 'AM', 'unix_timestamp': 1766997840000, 'iso_timestamp': '2025-12-29T08:44:00.000Z', 'timestamp': '12/29/2025 08:44 am', 'time': 524, 'time_formatted': '08:44', 'proper_unix_timestamp': 1767015840000, 'proper_iso_timestamp': '2025-12-29T13:44:00.000Z'}",12/29/2025 08:44,"{'date': '12/29/2025', 'date_formatted': '12/29/2025', 'hours': '08', 'minutes': '44', 'am_pm': 'AM', 'unix_timestamp': 1766997840000, 'iso_timestamp': '2025-12-29T08:44:00.000Z', 'timestamp': '12/29/2025 08:44 am', 'time': 524, 'time_formatted': '08:44', 'proper_unix_timestamp': 1767015840000, 'proper_iso_timestamp': '2025-12-29T13:44:00.000Z'}",Color,Color,M,M,Size,Size,外腰带+勤务腰封,外腰带+勤务腰封,107,107,$30.00,30,No,False,,,,,42.99,42.99,,,29.50,29.5,12.70,12.7,No,False,,,Yes,True,,,,,,,$30.00,30,$26.03,26.03,No,False
695285d35ba6f17f203e1a24,"<span class=""695285c0ed3dc8f8ad307577"" data-kn=""connection-value"">Tactical New White 8-Piece Set (Security Patrol Duty Belt, Quick Release Locking Holster)</span>","[{'id': '695285c0ed3dc8f8ad307577', 'identifier': 'Tactical New White 8-Piece Set (Security Patrol Duty Belt, Quick Release Locking Holster)'}]",Active,Active,M / Duty Belt Pad,M / Duty Belt Pad,,,,,,,Yes,True,,,12/29/2025 08:44,"{'date': '12/29/2025', 'date_formatted': '12/29/2025', 'hours': '08', 'minutes': '44', 'am_pm': 'AM', 'unix_timestamp': 1766997840000, 'iso_timestamp': '2025-12-29T08:44:00.000Z', 'timestamp': '12/29/2025 08:44 am', 'time': 524, 'time_formatted': '08:44', 'proper_unix_timestamp': 1767015840000, 'proper_iso_timestamp': '2025-12-29T13:44:00.000Z'}",12/29/2025 08:44,"{'date': '12/29/2025', 'date_formatted': '12/29/2025', 'hours': '08', 'minutes': '44', 'am_pm': 'AM', 'unix_timestamp': 1766997840000, 'iso_timestamp': '2025-12-29T08:44:00.000Z', 'timestamp': '12/29/2025 08:44 am', 'time': 524, 'time_formatted': '08:44', 'proper_unix_timestamp': 1767015840000, 'proper_iso_timestamp': '2025-12-29T13:44:00.000Z'}",Color,Color,M,M,Size,Size,勤务腰封,勤务腰封,65,65,$30.00,30,No,False,,,,,29.99,29.99,,,29.80,29.8,13.10,13.1,No,False,,,Yes,True,,,,,,,$30.00,30,$18.05,18.05,No,False
695285d229de0f71da8a36c2,"<span class=""695285c0ed3dc8f8ad307577"" data-kn=""connection-value"">Tactical New White 8-Piece Set (Security Patrol Duty Belt, Quick Release Locking Holster)</span>","[{'id': '695285c0ed3dc8f8ad307577', 'identifier': 'Tactical New White 8-Piece Set (Security Patrol Duty Belt, Quick Release Locking Holster)'}]",Active,Active,"M / Quick Release Locking Baton, Spray, Flashlight Pouch 3-Piece Set","M / Quick Release Locking Baton, Spray, Flashlight Pouch 3-Piece Set",,,,,,,Yes,True,,,12/29/2025 08:44,"{'date': '12/29/2025', 'date_formatted': '12/29/2025', 'hours': '08', 'minutes': '44', 'am_pm': 'AM', 'unix_timestamp': 1766997840000, 'iso_timestamp': '2025-12-29T08:44:00.000Z', 'timestamp': '12/29/2025 08:44 am', 'time': 524, 'time_formatted': '08:44', 'proper_unix_timestamp': 1767015840000, 'proper_iso_timestamp': '2025-12-29T13:44:00.000Z'}",12/29/2025 08:44,"{'date': '12/29/2025', 'date_formatted': '12/29/2025', 'hours': '08', 'minutes': '44', 'am_pm': 'AM', 'unix_timestamp': 1766997840000, 'iso_timestamp': '2025-12-29T08:44:00.000Z', 'timestamp': '12/29/2025 08:44 am', 'time': 524, 'time_formatted': '08:44', 'proper_unix_timestamp': 1767015840000, 'proper_iso_timestamp': '2025-12-29T13:44:00.000Z'}",Color,Color,M,M,Size,Size,快拆带锁棍喷W手电三件套装,快拆带锁棍喷W手电三件套装,120,120,$30.00,30,No,False,,,,,46.99,46.99,,,29.30,29.3,12.60,12.6,No,False,,,Yes,True,,,,,,,$30.00,30,$28.50,28.5,No,False
695285d229de0f71da8a35bd,"<span class=""695285c0ed3dc8f8ad307577"" data-kn=""connection-value"">Tactical New White 8-Piece Set (Security Patrol Duty Belt, Quick Release Locking Holster)</span>","[{'id': '695285c0ed3dc8f8ad307577', 'identifier': 'Tactical New White 8-Piece Set (Security Patrol Duty Belt, Quick Release Locking Holster)'}]",Active,Active,"M / Quick Release Locking Baton, Spray, Flashlight, Handcuff Pouch 4-Piece Set","M / Quick Release Locking Baton, Spray, Flashlight, Handcuff Pouch 4-Piece Set",,,,,,,Yes,True,,,12/29/2025 08:44,"{'date': '12/29/2025', 'date_formatted': '12/29/2025', 'hours': '08', 'minutes': '44', 'am_pm': 'AM', 'unix_timestamp': 1766997840000, 'iso_timestamp': '2025-12-29T08:44:00.000Z', 'timestamp': '12/29/2025 08:44 am', 'time': 524, 'time_formatted': '08:44', 'proper_unix_timestamp': 1767015840000, 'proper_iso_timestamp': '2025-12-29T13:44:00.000Z'}",12/29/2025 08:44,"{'date': '12/29/2025', 'date_formatted': '12/29/2025', 'hours': '08', 'minutes': '44', 'am_pm': 'AM', 'unix_timestamp': 1766997840000, 'iso_timestamp': '2025-12-29T08:44:00.000Z', 'timestamp': '12/29/2025 08:44 am', 'time': 524, 'time_formatted': '08:44', 'proper_unix_timestamp': 1767015840000, 'proper_iso_timestamp': '2025-12-29T13:44:00.000Z'}",Color,Color,M,M,Size,Size,快拆带锁棍喷W手电手K四件套装,快拆带锁棍喷W手电手K四件套装,160,160,$30.00,30,No,False,,,,,59.99,59.99,,,29.80,29.8,13.10,13.1,No,False,,,Yes,True,,,,,,,$30.00,30,$36.10,36.1,No,False
695285d185ede69a6f22bc84,"<span class=""695285c0ed3dc8f8ad307577"" data-kn=""connection-value"">Tactical New White 8-Piece Set (Security Patrol Duty Belt, Quick Release Locking Holster)</span>","[{'id': '695285c0ed3dc8f8ad307577', 'identifier': 'Tactical New White 8-Piece Set (Security Patrol Duty Belt, Quick Release Locking Holster)'}]",Active,Active,M / Style A Set,M / Style A Set,,,,,,,Yes,True,,,12/29/2025 08:44,"{'date': '12/29/2025', 'date_formatted': '12/29/2025', 'hours': '08', 'minutes': '44', 'am_pm': 'AM', 'unix_timestamp': 1766997840000, 'iso_timestamp': '2025-12-29T08:44:00.000Z', 'timestamp': '12/29/2025 08:44 am', 'time': 524, 'time_formatted': '08:44', 'proper_unix_timestamp': 1767015840000, 'proper_iso_timestamp': '2025-12-29T13:44:00.000Z'}",12/29/2025 08:44,"{'date': '12/29/2025', 'date_formatted': '12/29/2025', 'hours': '08', 'minutes': '44', 'am_pm': 'AM', 'unix_timestamp': 1766997840000, 'iso_timestamp': '2025-12-29T08:44:00.000Z', 'timestamp': '12/29/2025 08:44 am', 'time': 524, 'time_formatted': '08:44', 'proper_unix_timestamp': 1767015840000, 'proper_iso_timestamp': '2025-12-29T13:44:00.000Z'}",Color,Color,M,M,Size,Size,A款套装,A款套装,202,202,$30.00,30,No,False,,,,,72.99,72.99,,,29.60,29.6,12.90,12.9,No,False,,,Yes,True,,,,,,,$30.00,30,$44.08,44.08,No,False
695285d1d046b207b991b7c5,"<span class=""695285c0ed3dc8f8ad307577"" data-kn=""connection-value"">Tactical New White 8-Piece Set (Security Patrol Duty Belt, Quick Release Locking Holster)</span>","[{'id': '695285c0ed3dc8f8ad307577', 'identifier': 'Tactical New White 8-Piece Set (Security Patrol Duty Belt, Quick Release Locking Holster)'}]",Active,Active,S / Quick Release D-Clip Pouch,S / Quick Release D-Clip Pouch,,,,,,,Yes,True,,,12/29/2025 08:44,"{'date': '12/29/2025', 'date_formatted': '12/29/2025', 'hours': '08', 'minutes': '44', 'am_pm': 'AM', 'unix_timestamp': 1766997840000, 'iso_timestamp': '2025-12-29T08:44:00.000Z', 'timestamp': '12/29/2025 08:44 am', 'time': 524, 'time_formatted': '08:44', 'proper_unix_timestamp': 1767015840000, 'proper_iso_timestamp': '2025-12-29T13:44:00.000Z'}",12/29/2025 08:44,"{'date': '12/29/2025', 'date_formatted': '12/29/2025', 'hours': '08', 'minutes': '44', 'am_pm': 'AM', 'unix_timestamp': 1766997840000, 'iso_timestamp': '2025-12-29T08:44:00.000Z', 'timestamp': '12/29/2025 08:44 am', 'time': 524, 'time_formatted': '08:44', 'proper_unix_timestamp': 1767015840000, 'proper_iso_timestamp': '2025-12-29T13:44:00.000Z'}",Color,Color,S,S,Size,Size,快拆D夹套,快拆D夹套,48,48,$30.00,30,No,False,,,,,24.99,24.99,,,30.70,30.7,14.10,14.1,No,False,,,Yes,True,,,,,,,$30.00,30,$14.82,14.82,No,False
695285d05ba6f17f203dfd08,"<span class=""695285c0ed3dc8f8ad307577"" data-kn=""connection-value"">Tactical New White 8-Piece Set (Security Patrol Duty Belt, Quick Release Locking Holster)</span>","[{'id': '695285c0ed3dc8f8ad307577', 'identifier': 'Tactical New White 8-Piece Set (Security Patrol Duty Belt, Quick Release Locking Holster)'}]",Active,Active,S / Canteen Pouch,S / Canteen Pouch,,,,,,,Yes,True,,,12/29/2025 08:44,"{'date': '12/29/2025', 'date_formatted': '12/29/2025', 'hours': '08', 'minutes': '44', 'am_pm': 'AM', 'unix_timestamp': 1766997840000, 'iso_timestamp': '2025-12-29T08:44:00.000Z', 'timestamp': '12/29/2025 08:44 am', 'time': 524, 'time_formatted': '08:44', 'proper_unix_timestamp': 1767015840000, 'proper_iso_timestamp': '2025-12-29T13:44:00.000Z'}",12/29/2025 08:44,"{'date': '12/29/2025', 'date_formatted': '12/29/2025', 'hours': '08', 'minutes': '44', 'am_pm': 'AM', 'unix_timestamp': 1766997840000, 'iso_timestamp': '2025-12-29T08:44:00.000Z', 'timestamp': '12/29/2025 08:44 am', 'time': 524, 'time_formatted': '08:44', 'proper_unix_timestamp': 1767015840000, 'proper_iso_timestamp': '2025-12-29T13:44:00.000Z'}",Color,Color,S,S,Size,Size,水壶袋,水壶袋,58,58,$30.00,30,No,False,,,,,27.99,27.99,,,30.30,30.3,13.60,13.6,No,False,,,Yes,True,,,,,,,$30.00,30,$16.72,16.72,No,False
695285d0b073c2091ee1f7b9,"<span class=""692e723006854af46491d3e4"" data-kn=""connection-value"">WOSPORT L4G24 夜视仪支架（铝合金版）-淘宝网</span>","[{'id': '692e723006854af46491d3e4', 'identifier': 'WOSPORT L4G24 夜视仪支架（铝合金版）-淘宝网'}]",Active,Active,S / Admin Pouch,S / Admin Pouch,,,,,,,Yes,True,,,12/29/2025 08:44,"{'date': '12/29/2025', 'date_formatted': '12/29/2025', 'hours': '08', 'minutes': '44', 'am_pm': 'AM', 'unix_timestamp': 1766997840000, 'iso_timestamp': '2025-12-29T08:44:00.000Z', 'timestamp': '12/29/2025 08:44 am', 'time': 524, 'time_formatted': '08:44', 'proper_unix_timestamp': 1767015840000, 'proper_iso_timestamp': '2025-12-29T13:44:00.000Z'}",12/29/2025 08:44,"{'date': '12/29/2025', 'date_formatted': '12/29/2025', 'hours': '08', 'minutes': '44', 'am_pm': 'AM', 'unix_timestamp': 1766997840000, 'iso_timestamp': '2025-12-29T08:44:00.000Z', 'timestamp': '12/29/2025 08:44 am', 'time': 524, 'time_formatted': '08:44', 'proper_unix_timestamp': 1767015840000, 'proper_iso_timestamp': '2025-12-29T13:44:00.000Z'}",Color,Color,S,S,Size,Size,文件包,文件包,55,55,$30.00,30,No,False,,,,,26.99,26.99,,,30.20,30.2,13.50,13.5,No,False,,,Yes,True,,,,,,,$30.00,30,$16.15,16.15,No,False
695285cf29de0f71da8a311d,"<span class=""695285c0ed3dc8f8ad307577"" data-kn=""connection-value"">Tactical New White 8-Piece Set (Security Patrol Duty Belt, Quick Release Locking Holster)</span>","[{'id': '695285c0ed3dc8f8ad307577', 'identifier': 'Tactical New White 8-Piece Set (Security Patrol Duty Belt, Quick Release Locking Holster)'}]",Active,Active,S / Quick Release Universal Handcuff Pouch,S / Quick Release Universal Handcuff Pouch,,,,,,,Yes,True,,,12/29/2025 08:44,"{'date': '12/29/2025', 'date_formatted': '12/29/2025', 'hours': '08', 'minutes': '44', 'am_pm': 'AM', 'unix_timestamp': 1766997840000, 'iso_timestamp': '2025-12-29T08:44:00.000Z', 'timestamp': '12/29/2025 08:44 am', 'time': 524, 'time_formatted': '08:44', 'proper_unix_timestamp': 1767015840000, 'proper_iso_timestamp': '2025-12-29T13:44:00.000Z'}",12/29/2025 08:44,"{'date': '12/29/2025', 'date_formatted': '12/29/2025', 'hours': '08', 'minutes': '44', 'am_pm': 'AM', 'unix_timestamp': 1766997840000, 'iso_timestamp': '2025-12-29T08:44:00.000Z', 'timestamp': '12/29/2025 08:44 am', 'time': 524, 'time_formatted': '08:44', 'proper_unix_timestamp': 1767015840000, 'proper_iso_timestamp': '2025-12-29T13:44:00.000Z'}",Color,Color,S,S,Size,Size,快拆通用手K套,快拆通用手K套,58,58,$30.00,30,No,False,,,,,27.99,27.99,,,30.30,30.3,13.60,13.6,No,False,,,Yes,True,,,,,,,$30.00,30,$16.72,16.72,No,False
695285cd2bf521f49aecf6fc,"<span class=""692e723006854af46491d3e4"" data-kn=""connection-value"">WOSPORT L4G24 夜视仪支架（铝合金版）-淘宝网</span>","[{'id': '692e723006854af46491d3e4', 'identifier': 'WOSPORT L4G24 夜视仪支架（铝合金版）-淘宝网'}]",Active,Active,S / Side Opening Quick Release Locking Spray Pouch,S / Side Opening Quick Release Locking Spray Pouch,,,,,,,Yes,True,,,12/29/2025 08:44,"{'date': '12/29/2025', 'date_formatted': '12/29/2025', 'hours': '08', 'minutes': '44', 'am_pm': 'AM', 'unix_timestamp': 1766997840000, 'iso_timestamp': '2025-12-29T08:44:00.000Z', 'timestamp': '12/29/2025 08:44 am', 'time': 524, 'time_formatted': '08:44', 'proper_unix_timestamp': 1767015840000, 'proper_iso_timestamp': '2025-12-29T13:44:00.000Z'}",12/29/2025 08:44,"{'date': '12/29/2025', 'date_formatted': '12/29/2025', 'hours': '08', 'minutes': '44', 'am_pm': 'AM', 'unix_timestamp': 1766997840000, 'iso_timestamp': '2025-12-29T08:44:00.000Z', 'timestamp': '12/29/2025 08:44 am', 'time': 524, 'time_formatted': '08:44', 'proper_unix_timestamp': 1767015840000, 'proper_iso_timestamp': '2025-12-29T13:44:00.000Z'}",Color,Color,S,S,Size,Size,侧开快拆带锁喷W套,侧开快拆带锁喷W套,48,48,$30.00,30,No,False,,,,,24.99,24.99,,,30.70,30.7,14.10,14.1,No,False,,,Yes,True,,,,,,,$30.00,30,$14.82,14.82,No,False
695285cbb073c2091ee1914b,"<span class=""692e723006854af46491d3e4"" data-kn=""connection-value"">WOSPORT L4G24 夜视仪支架（铝合金版）-淘宝网</span>","[{'id': '692e723006854af46491d3e4', 'identifier': 'WOSPORT L4G24 夜视仪支架（铝合金版）-淘宝网'}]",Active,Active,S / Side Opening Quick Release Locking Flashlight Pouch,S / Side Opening Quick Release Locking Flashlight Pouch,,,,,,,Yes,True,,,12/29/2025 08:44,"{'date': '12/29/2025', 'date_formatted': '12/29/2025', 'hours': '08', 'minutes': '44', 'am_pm': 'AM', 'unix_timestamp': 1766997840000, 'iso_timestamp': '2025-12-29T08:44:00.000Z', 'timestamp': '12/29/2025 08:44 am', 'time': 524, 'time_formatted': '08:44', 'proper_unix_timestamp': 1767015840000, 'proper_iso_timestamp': '2025-12-29T13:44:00.000Z'}",12/29/2025 08:44,"{'date': '12/29/2025', 'date_formatted': '12/29/2025', 'hours': '08', 'minutes': '44', 'am_pm': 'AM', 'unix_timestamp': 1766997840000, 'iso_timestamp': '2025-12-29T08:44:00.000Z', 'timestamp': '12/29/2025 08:44 am', 'time': 524, 'time_formatted': '08:44', 'proper_unix_timestamp': 1767015840000, 'proper_iso_timestamp': '2025-12-29T13:44:00.000Z'}",Color,Color,S,S,Size,Size,侧开快拆带锁手电套,侧开快拆带锁手电套,48,48,$30.00,30,No,False,,,,,24.99,24.99,,,30.70,30.7,14.10,14.1,No,False,,,Yes,True,,,,,,,$30.00,30,$14.82,14.82,No,False
695285cb03c3b396102a8d60,"<span class=""692e723006854af46491d3e4"" data-kn=""connection-value"">WOSPORT L4G24 夜视仪支架（铝合金版）-淘宝网</span>","[{'id': '692e723006854af46491d3e4', 'identifier': 'WOSPORT L4G24 夜视仪支架（铝合金版）-淘宝网'}]",Active,Active,S / Side Opening Quick Release Locking Baton Pouch,S / Side Opening Quick Release Locking Baton Pouch,,,,,,,Yes,True,,,12/29/2025 08:44,"{'date': '12/29/2025', 'date_formatted': '12/29/2025', 'hours': '08', 'minutes': '44', 'am_pm': 'AM', 'unix_timestamp': 1766997840000, 'iso_timestamp': '2025-12-29T08:44:00.000Z', 'timestamp': '12/29/2025 08:44 am', 'time': 524, 'time_formatted': '08:44', 'proper_unix_timestamp': 1767015840000, 'proper_iso_timestamp': '2025-12-29T13:44:00.000Z'}",12/29/2025 08:44,"{'date': '12/29/2025', 'date_formatted': '12/29/2025', 'hours': '08', 'minutes': '44', 'am_pm': 'AM', 'unix_timestamp': 1766997840000, 'iso_timestamp': '2025-12-29T08:44:00.000Z', 'timestamp': '12/29/2025 08:44 am', 'time': 524, 'time_formatted': '08:44', 'proper_unix_timestamp': 1767015840000, 'proper_iso_timestamp': '2025-12-29T13:44:00.000Z'}",Color,Color,S,S,Size,Size,侧开快拆带锁棍套,侧开快拆带锁棍套,48,48,$30.00,30,No,False,,,,,24.99,24.99,,,30.70,30.7,14.10,14.1,No,False,,,Yes,True,,,,,,,$30.00,30,$14.82,14.82,No,False
695285ca08c488cc57196acb,"<span class=""695285c0ed3dc8f8ad307577"" data-kn=""connection-value"">Tactical New White 8-Piece Set (Security Patrol Duty Belt, Quick Release Locking Holster)</span>","[{'id': '695285c0ed3dc8f8ad307577', 'identifier': 'Tactical New White 8-Piece Set (Security Patrol Duty Belt, Quick Release Locking Holster)'}]",Active,Active,S / Quick Release 92/92G Double Retention Holster,S / Quick Release 92/92G Double Retention Holster,,,,,,,Yes,True,,,12/29/2025 08:44,"{'date': '12/29/2025', 'date_formatted': '12/29/2025', 'hours': '08', 'minutes': '44', 'am_pm': 'AM', 'unix_timestamp': 1766997840000, 'iso_timestamp': '2025-12-29T08:44:00.000Z', 'timestamp': '12/29/2025 08:44 am', 'time': 524, 'time_formatted': '08:44', 'proper_unix_timestamp': 1767015840000, 'proper_iso_timestamp': '2025-12-29T13:44:00.000Z'}",12/29/2025 08:44,"{'date': '12/29/2025', 'date_formatted': '12/29/2025', 'hours': '08', 'minutes': '44', 'am_pm': 'AM', 'unix_timestamp': 1766997840000, 'iso_timestamp': '2025-12-29T08:44:00.000Z', 'timestamp': '12/29/2025 08:44 am', 'time': 524, 'time_formatted': '08:44', 'proper_unix_timestamp': 1767015840000, 'proper_iso_timestamp': '2025-12-29T13:44:00.000Z'}",Color,Color,S,S,Size,Size,快拆92/92G双防腰套,快拆92/92G双防腰套,65,65,$30.00,30,No,False,,,,,29.99,29.99,,,29.80,29.8,13.10,13.1,No,False,,,Yes,True,,,,,,,$30.00,30,$18.05,18.05,No,False
695285caed3dc8f8ad30dbc1,"<span class=""692e723006854af46491d3e4"" data-kn=""connection-value"">WOSPORT L4G24 夜视仪支架（铝合金版）-淘宝网</span>","[{'id': '692e723006854af46491d3e4', 'identifier': 'WOSPORT L4G24 夜视仪支架（铝合金版）-淘宝网'}]",Active,Active,S / Outer Duty Belt + Duty Belt Pad + Inner Belt,S / Outer Duty Belt + Duty Belt Pad + Inner Belt,,,,,,,Yes,True,,,12/29/2025 08:44,"{'date': '12/29/2025', 'date_formatted': '12/29/2025', 'hours': '08', 'minutes': '44', 'am_pm': 'AM', 'unix_timestamp': 1766997840000, 'iso_timestamp': '2025-12-29T08:44:00.000Z', 'timestamp': '12/29/2025 08:44 am', 'time': 524, 'time_formatted': '08:44', 'proper_unix_timestamp': 1767015840000, 'proper_iso_timestamp': '2025-12-29T13:44:00.000Z'}",12/29/2025 08:44,"{'date': '12/29/2025', 'date_formatted': '12/29/2025', 'hours': '08', 'minutes': '44', 'am_pm': 'AM', 'unix_timestamp': 1766997840000, 'iso_timestamp': '2025-12-29T08:44:00.000Z', 'timestamp': '12/29/2025 08:44 am', 'time': 524, 'time_formatted': '08:44', 'proper_unix_timestamp': 1767015840000, 'proper_iso_timestamp': '2025-12-29T13:44:00.000Z'}",Color,Color,S,S,Size,Size,外腰带+勤务腰封+内腰带,外腰带+勤务腰封+内腰带,145,145,$30.00,30,No,False,,,,,54.99,54.99,,,29.50,29.5,12.80,12.8,No,False,,,Yes,True,,,,,,,$30.00,30,$33.25,33.25,No,False
695285c984e64148488985bf,"<span class=""692e723006854af46491d3e4"" data-kn=""connection-value"">WOSPORT L4G24 夜视仪支架（铝合金版）-淘宝网</span>","[{'id': '692e723006854af46491d3e4', 'identifier': 'WOSPORT L4G24 夜视仪支架（铝合金版）-淘宝网'}]",Active,Active,S / Outer Duty Belt + Duty Belt Pad,S / Outer Duty Belt + Duty Belt Pad,,,,,,,Yes,True,,,12/29/2025 08:44,"{'date': '12/29/2025', 'date_formatted': '12/29/2025', 'hours': '08', 'minutes': '44', 'am_pm': 'AM', 'unix_timestamp': 1766997840000, 'iso_timestamp': '2025-12-29T08:44:00.000Z', 'timestamp': '12/29/2025 08:44 am', 'time': 524, 'time_formatted': '08:44', 'proper_unix_timestamp': 1767015840000, 'proper_iso_timestamp': '2025-12-29T13:44:00.000Z'}",12/29/2025 08:44,"{'date': '12/29/2025', 'date_formatted': '12/29/2025', 'hours': '08', 'minutes': '44', 'am_pm': 'AM', 'unix_timestamp': 1766997840000, 'iso_timestamp': '2025-12-29T08:44:00.000Z', 'timestamp': '12/29/2025 08:44 am', 'time': 524, 'time_formatted': '08:44', 'proper_unix_timestamp': 1767015840000, 'proper_iso_timestamp': '2025-12-29T13:44:00.000Z'}",Color,Color,S,S,Size,Size,外腰带+勤务腰封,外腰带+勤务腰封,107,107,$30.00,30,No,False,,,,,42.99,42.99,,,29.50,29.5,12.70,12.7,No,False,,,Yes,True,,,,,,,$30.00,30,$26.03,26.03,No,False
695285c9ef9d3bcc66f11467,"<span class=""692e723006854af46491d3e4"" data-kn=""connection-value"">WOSPORT L4G24 夜视仪支架（铝合金版）-淘宝网</span>","[{'id': '692e723006854af46491d3e4', 'identifier': 'WOSPORT L4G24 夜视仪支架（铝合金版）-淘宝网'}]",Active,Active,S / Duty Belt Pad,S / Duty Belt Pad,,,,,,,Yes,True,,,12/29/2025 08:44,"{'date': '12/29/2025', 'date_formatted': '12/29/2025', 'hours': '08', 'minutes': '44', 'am_pm': 'AM', 'unix_timestamp': 1766997840000, 'iso_timestamp': '2025-12-29T08:44:00.000Z', 'timestamp': '12/29/2025 08:44 am', 'time': 524, 'time_formatted': '08:44', 'proper_unix_timestamp': 1767015840000, 'proper_iso_timestamp': '2025-12-29T13:44:00.000Z'}",12/29/2025 08:44,"{'date': '12/29/2025', 'date_formatted': '12/29/2025', 'hours': '08', 'minutes': '44', 'am_pm': 'AM', 'unix_timestamp': 1766997840000, 'iso_timestamp': '2025-12-29T08:44:00.000Z', 'timestamp': '12/29/2025 08:44 am', 'time': 524, 'time_formatted': '08:44', 'proper_unix_timestamp': 1767015840000, 'proper_iso_timestamp': '2025-12-29T13:44:00.000Z'}",Color,Color,S,S,Size,Size,勤务腰封,勤务腰封,65,65,$30.00,30,No,False,,,,,29.99,29.99,,,29.80,29.8,13.10,13.1,No,False,,,Yes,True,,,,,,,$30.00,30,$18.05,18.05,No,False
695285c997ed5880132c1a57,"<span class=""695285c0ed3dc8f8ad307577"" data-kn=""connection-value"">Tactical New White 8-Piece Set (Security Patrol Duty Belt, Quick Release Locking Holster)</span>","[{'id': '695285c0ed3dc8f8ad307577', 'identifier': 'Tactical New White 8-Piece Set (Security Patrol Duty Belt, Quick Release Locking Holster)'}]",Active,Active,"S / Quick Release Locking Baton, Spray, Flashlight Pouch 3-Piece Set","S / Quick Release Locking Baton, Spray, Flashlight Pouch 3-Piece Set",,,,,,,Yes,True,,,12/29/2025 08:44,"{'date': '12/29/2025', 'date_formatted': '12/29/2025', 'hours': '08', 'minutes': '44', 'am_pm': 'AM', 'unix_timestamp': 1766997840000, 'iso_timestamp': '2025-12-29T08:44:00.000Z', 'timestamp': '12/29/2025 08:44 am', 'time': 524, 'time_formatted': '08:44', 'proper_unix_timestamp': 1767015840000, 'proper_iso_timestamp': '2025-12-29T13:44:00.000Z'}",12/29/2025 08:44,"{'date': '12/29/2025', 'date_formatted': '12/29/2025', 'hours': '08', 'minutes': '44', 'am_pm': 'AM', 'unix_timestamp': 1766997840000, 'iso_timestamp': '2025-12-29T08:44:00.000Z', 'timestamp': '12/29/2025 08:44 am', 'time': 524, 'time_formatted': '08:44', 'proper_unix_timestamp': 1767015840000, 'proper_iso_timestamp': '2025-12-29T13:44:00.000Z'}",Color,Color,S,S,Size,Size,快拆带锁棍喷W手电三件套装,快拆带锁棍喷W手电三件套装,120,120,$30.00,30,No,False,,,,,46.99,46.99,,,29.30,29.3,12.60,12.6,No,False,,,Yes,True,,,,,,,$30.00,30,$28.50,28.5,No,False
695285c8b9bcbad3ee35ecaa,"<span class=""695285c0ed3dc8f8ad307577"" data-kn=""connection-value"">Tactical New White 8-Piece Set (Security Patrol Duty Belt, Quick Release Locking Holster)</span>","[{'id': '695285c0ed3dc8f8ad307577', 'identifier': 'Tactical New White 8-Piece Set (Security Patrol Duty Belt, Quick Release Locking Holster)'}]",Active,Active,"S / Quick Release Locking Baton, Spray, Flashlight, Handcuff Pouch 4-Piece Set","S / Quick Release Locking Baton, Spray, Flashlight, Handcuff Pouch 4-Piece Set",,,,,,,Yes,True,,,12/29/2025 08:44,"{'date': '12/29/2025', 'date_formatted': '12/29/2025', 'hours': '08', 'minutes': '44', 'am_pm': 'AM', 'unix_timestamp': 1766997840000, 'iso_timestamp': '2025-12-29T08:44:00.000Z', 'timestamp': '12/29/2025 08:44 am', 'time': 524, 'time_formatted': '08:44', 'proper_unix_timestamp': 1767015840000, 'proper_iso_timestamp': '2025-12-29T13:44:00.000Z'}",12/29/2025 08:44,"{'date': '12/29/2025', 'date_formatted': '12/29/2025', 'hours': '08', 'minutes': '44', 'am_pm': 'AM', 'unix_timestamp': 1766997840000, 'iso_timestamp': '2025-12-29T08:44:00.000Z', 'timestamp': '12/29/2025 08:44 am', 'time': 524, 'time_formatted': '08:44', 'proper_unix_timestamp': 1767015840000, 'proper_iso_timestamp': '2025-12-29T13:44:00.000Z'}",Color,Color,S,S,Size,Size,快拆带锁棍喷W手电手K四件套装,快拆带锁棍喷W手电手K四件套装,160,160,$30.00,30,No,False,,,,,59.99,59.99,,,29.80,29.8,13.10,13.1,No,False,,,Yes,True,,,,,,,$30.00,30,$36.10,36.1,No,False
695285c897ed5880132c0489,"<span class=""695285c0ed3dc8f8ad307577"" data-kn=""connection-value"">Tactical New White 8-Piece Set (Security Patrol Duty Belt, Quick Release Locking Holster)</span>","[{'id': '695285c0ed3dc8f8ad307577', 'identifier': 'Tactical New White 8-Piece Set (Security Patrol Duty Belt, Quick Release Locking Holster)'}]",Active,Active,S / Style A Set,S / Style A Set,,,,,,,Yes,True,,,12/29/2025 08:44,"{'date': '12/29/2025', 'date_formatted': '12/29/2025', 'hours': '08', 'minutes': '44', 'am_pm': 'AM', 'unix_timestamp': 1766997840000, 'iso_timestamp': '2025-12-29T08:44:00.000Z', 'timestamp': '12/29/2025 08:44 am', 'time': 524, 'time_formatted': '08:44', 'proper_unix_timestamp': 1767015840000, 'proper_iso_timestamp': '2025-12-29T13:44:00.000Z'}",12/29/2025 08:44,"{'date': '12/29/2025', 'date_formatted': '12/29/2025', 'hours': '08', 'minutes': '44', 'am_pm': 'AM', 'unix_timestamp': 1766997840000, 'iso_timestamp': '2025-12-29T08:44:00.000Z', 'timestamp': '12/29/2025 08:44 am', 'time': 524, 'time_formatted': '08:44', 'proper_unix_timestamp': 1767015840000, 'proper_iso_timestamp': '2025-12-29T13:44:00.000Z'}",Color,Color,S,S,Size,Size,A款套装,A款套装,202,202,$30.00,30,No,False,,,,,72.99,72.99,,,29.60,29.6,12.90,12.9,No,False,,,Yes,True,,,,,,,$30.00,30,$44.08,44.08,No,False
695285c77c1031906b45b428,"<span class=""692e723006854af46491d3e4"" data-kn=""connection-value"">WOSPORT L4G24 夜视仪支架（铝合金版）-淘宝网</span>","[{'id': '692e723006854af46491d3e4', 'identifier': 'WOSPORT L4G24 夜视仪支架（铝合金版）-淘宝网'}]",Active,Active,One Size / Quick Release D-Clip Pouch,One Size / Quick Release D-Clip Pouch,,,,,,,Yes,True,,,12/29/2025 08:44,"{'date': '12/29/2025', 'date_formatted': '12/29/2025', 'hours': '08', 'minutes': '44', 'am_pm': 'AM', 'unix_timestamp': 1766997840000, 'iso_timestamp': '2025-12-29T08:44:00.000Z', 'timestamp': '12/29/2025 08:44 am', 'time': 524, 'time_formatted': '08:44', 'proper_unix_timestamp': 1767015840000, 'proper_iso_timestamp': '2025-12-29T13:44:00.000Z'}",12/29/2025 08:44,"{'date': '12/29/2025', 'date_formatted': '12/29/2025', 'hours': '08', 'minutes': '44', 'am_pm': 'AM', 'unix_timestamp': 1766997840000, 'iso_timestamp': '2025-12-29T08:44:00.000Z', 'timestamp': '12/29/2025 08:44 am', 'time': 524, 'time_formatted': '08:44', 'proper_unix_timestamp': 1767015840000, 'proper_iso_timestamp': '2025-12-29T13:44:00.000Z'}",,,,,,,,,48,48,$30.00,30,No,False,,,,,24.99,24.99,,,30.70,30.7,14.10,14.1,No,False,,,Yes,True,,,,,,,$30.00,30,$14.82,14.82,No,False
695285c7a7ebcd0a81dd76c8,"<span class=""695285c0ed3dc8f8ad307577"" data-kn=""connection-value"">Tactical New White 8-Piece Set (Security Patrol Duty Belt, Quick Release Locking Holster)</span>","[{'id': '695285c0ed3dc8f8ad307577', 'identifier': 'Tactical New White 8-Piece Set (Security Patrol Duty Belt, Quick Release Locking Holster)'}]",Active,Active,One Size / Canteen Pouch,One Size / Canteen Pouch,,,,,,,Yes,True,,,12/29/2025 08:44,"{'date': '12/29/2025', 'date_formatted': '12/29/2025', 'hours': '08', 'minutes': '44', 'am_pm': 'AM', 'unix_timestamp': 1766997840000, 'iso_timestamp': '2025-12-29T08:44:00.000Z', 'timestamp': '12/29/2025 08:44 am', 'time': 524, 'time_formatted': '08:44', 'proper_unix_timestamp': 1767015840000, 'proper_iso_timestamp': '2025-12-29T13:44:00.000Z'}",12/29/2025 08:44,"{'date': '12/29/2025', 'date_formatted': '12/29/2025', 'hours': '08', 'minutes': '44', 'am_pm': 'AM', 'unix_timestamp': 1766997840000, 'iso_timestamp': '2025-12-29T08:44:00.000Z', 'timestamp': '12/29/2025 08:44 am', 'time': 524, 'time_formatted': '08:44', 'proper_unix_timestamp': 1767015840000, 'proper_iso_timestamp': '2025-12-29T13:44:00.000Z'}",Color,Color,均码,均码,Size,Size,水壶袋,水壶袋,58,58,$30.00,30,No,False,,,,,27.99,27.99,,,30.30,30.3,13.60,13.6,No,False,,,Yes,True,,,,,,,$30.00,30,$16.72,16.72,No,False
695285c66619955c145df5d2,"<span class=""695285c0ed3dc8f8ad307577"" data-kn=""connection-value"">Tactical New White 8-Piece Set (Security Patrol Duty Belt, Quick Release Locking Holster)</span>","[{'id': '695285c0ed3dc8f8ad307577', 'identifier': 'Tactical New White 8-Piece Set (Security Patrol Duty Belt, Quick Release Locking Holster)'}]",Active,Active,One Size,One Size,,,,,,,Yes,True,,,12/29/2025 08:44,"{'date': '12/29/2025', 'date_formatted': '12/29/2025', 'hours': '08', 'minutes': '44', 'am_pm': 'AM', 'unix_timestamp': 1766997840000, 'iso_timestamp': '2025-12-29T08:44:00.000Z', 'timestamp': '12/29/2025 08:44 am', 'time': 524, 'time_formatted': '08:44', 'proper_unix_timestamp': 1767015840000, 'proper_iso_timestamp': '2025-12-29T13:44:00.000Z'}",12/29/2025 08:44,"{'date': '12/29/2025', 'date_formatted': '12/29/2025', 'hours': '08', 'minutes': '44', 'am_pm': 'AM', 'unix_timestamp': 1766997840000, 'iso_timestamp': '2025-12-29T08:44:00.000Z', 'timestamp': '12/29/2025 08:44 am', 'time': 524, 'time_formatted': '08:44', 'proper_unix_timestamp': 1767015840000, 'proper_iso_timestamp': '2025-12-29T13:44:00.000Z'}",Color,Color,均码,均码,Size,Size,文件包,文件包,55,55,$30.00,30,No,False,,,,,26.99,26.99,,,30.20,30.2,13.50,13.5,No,False,,,Yes,True,,,,,,,$30.00,30,$16.15,16.15,No,False
695285c66619955c145de7e0,"<span class=""695285c0ed3dc8f8ad307577"" data-kn=""connection-value"">Tactical New White 8-Piece Set (Security Patrol Duty Belt, Quick Release Locking Holster)</span>","[{'id': '695285c0ed3dc8f8ad307577', 'identifier': 'Tactical New White 8-Piece Set (Security Patrol Duty Belt, Quick Release Locking Holster)'}]",Active,Active,One Size Fits All / Quick Release Universal Handcuff Pouch,One Size Fits All / Quick Release Universal Handcuff Pouch,,,,,,,Yes,True,,,12/29/2025 08:44,"{'date': '12/29/2025', 'date_formatted': '12/29/2025', 'hours': '08', 'minutes': '44', 'am_pm': 'AM', 'unix_timestamp': 1766997840000, 'iso_timestamp': '2025-12-29T08:44:00.000Z', 'timestamp': '12/29/2025 08:44 am', 'time': 524, 'time_formatted': '08:44', 'proper_unix_timestamp': 1767015840000, 'proper_iso_timestamp': '2025-12-29T13:44:00.000Z'}",12/29/2025 08:44,"{'date': '12/29/2025', 'date_formatted': '12/29/2025', 'hours': '08', 'minutes': '44', 'am_pm': 'AM', 'unix_timestamp': 1766997840000, 'iso_timestamp': '2025-12-29T08:44:00.000Z', 'timestamp': '12/29/2025 08:44 am', 'time': 524, 'time_formatted': '08:44', 'proper_unix_timestamp': 1767015840000, 'proper_iso_timestamp': '2025-12-29T13:44:00.000Z'}",Color,Color,均码,均码,Size,Size,快拆通用手K套,快拆通用手K套,58,58,$30.00,30,No,False,,,,,27.99,27.99,,,30.30,30.3,13.60,13.6,No,False,,,Yes,True,,,,,,,$30.00,30,$16.72,16.72,No,False
695285c44f094e7e8797f30a,"<span class=""695285c0ed3dc8f8ad307577"" data-kn=""connection-value"">Tactical New White 8-Piece Set (Security Patrol Duty Belt, Quick Release Locking Holster)</span>","[{'id': '695285c0ed3dc8f8ad307577', 'identifier': 'Tactical New White 8-Piece Set (Security Patrol Duty Belt, Quick Release Locking Holster)'}]",Active,Active,One Size Fits All / Side Opening Quick Release Locking OC Spray Holster,One Size Fits All / Side Opening Quick Release Locking OC Spray Holster,,,,,,,Yes,True,,,12/29/2025 08:44,"{'date': '12/29/2025', 'date_formatted': '12/29/2025', 'hours': '08', 'minutes': '44', 'am_pm': 'AM', 'unix_timestamp': 1766997840000, 'iso_timestamp': '2025-12-29T08:44:00.000Z', 'timestamp': '12/29/2025 08:44 am', 'time': 524, 'time_formatted': '08:44', 'proper_unix_timestamp': 1767015840000, 'proper_iso_timestamp': '2025-12-29T13:44:00.000Z'}",12/29/2025 08:44,"{'date': '12/29/2025', 'date_formatted': '12/29/2025', 'hours': '08', 'minutes': '44', 'am_pm': 'AM', 'unix_timestamp': 1766997840000, 'iso_timestamp': '2025-12-29T08:44:00.000Z', 'timestamp': '12/29/2025 08:44 am', 'time': 524, 'time_formatted': '08:44', 'proper_unix_timestamp': 1767015840000, 'proper_iso_timestamp': '2025-12-29T13:44:00.000Z'}",Color,Color,均码,均码,Size,Size,侧开快拆带锁喷W套,侧开快拆带锁喷W套,48,48,$30.00,30,No,False,,,,,24.99,24.99,,,30.70,30.7,14.10,14.1,No,False,,,Yes,True,,,,,,,$30.00,30,$14.82,14.82,No,False
695285c27c1031906b459cab,"<span class=""695285c0ed3dc8f8ad307577"" data-kn=""connection-value"">Tactical New White 8-Piece Set (Security Patrol Duty Belt, Quick Release Locking Holster)</span>","[{'id': '695285c0ed3dc8f8ad307577', 'identifier': 'Tactical New White 8-Piece Set (Security Patrol Duty Belt, Quick Release Locking Holster)'}]",Active,Active,One Size Fits All / Side Opening Quick Release Locking Flashlight Holster,One Size Fits All / Side Opening Quick Release Locking Flashlight Holster,,,,,,,Yes,True,,,12/29/2025 08:44,"{'date': '12/29/2025', 'date_formatted': '12/29/2025', 'hours': '08', 'minutes': '44', 'am_pm': 'AM', 'unix_timestamp': 1766997840000, 'iso_timestamp': '2025-12-29T08:44:00.000Z', 'timestamp': '12/29/2025 08:44 am', 'time': 524, 'time_formatted': '08:44', 'proper_unix_timestamp': 1767015840000, 'proper_iso_timestamp': '2025-12-29T13:44:00.000Z'}",12/29/2025 08:44,"{'date': '12/29/2025', 'date_formatted': '12/29/2025', 'hours': '08', 'minutes': '44', 'am_pm': 'AM', 'unix_timestamp': 1766997840000, 'iso_timestamp': '2025-12-29T08:44:00.000Z', 'timestamp': '12/29/2025 08:44 am', 'time': 524, 'time_formatted': '08:44', 'proper_unix_timestamp': 1767015840000, 'proper_iso_timestamp': '2025-12-29T13:44:00.000Z'}",Color,Color,均码,均码,Size,Size,侧开快拆带锁手电套,侧开快拆带锁手电套,48,48,$30.00,30,No,False,,,,,24.99,24.99,,,30.70,30.7,14.10,14.1,No,False,,,Yes,True,,,,,,,$30.00,30,$14.82,14.82,No,False
695285c297ed5880132bc018,"<span class=""695285c0ed3dc8f8ad307577"" data-kn=""connection-value"">Tactical New White 8-Piece Set (Security Patrol Duty Belt, Quick Release Locking Holster)</span>","[{'id': '695285c0ed3dc8f8ad307577', 'identifier': 'Tactical New White 8-Piece Set (Security Patrol Duty Belt, Quick Release Locking Holster)'}]",Active,Active,One Size Fits All / Side Opening Quick Release Locking Baton Holster,One Size Fits All / Side Opening Quick Release Locking Baton Holster,,,,,,,Yes,True,,,12/29/2025 08:44,"{'date': '12/29/2025', 'date_formatted': '12/29/2025', 'hours': '08', 'minutes': '44', 'am_pm': 'AM', 'unix_timestamp': 1766997840000, 'iso_timestamp': '2025-12-29T08:44:00.000Z', 'timestamp': '12/29/2025 08:44 am', 'time': 524, 'time_formatted': '08:44', 'proper_unix_timestamp': 1767015840000, 'proper_iso_timestamp': '2025-12-29T13:44:00.000Z'}",12/29/2025 08:44,"{'date': '12/29/2025', 'date_formatted': '12/29/2025', 'hours': '08', 'minutes': '44', 'am_pm': 'AM', 'unix_timestamp': 1766997840000, 'iso_timestamp': '2025-12-29T08:44:00.000Z', 'timestamp': '12/29/2025 08:44 am', 'time': 524, 'time_formatted': '08:44', 'proper_unix_timestamp': 1767015840000, 'proper_iso_timestamp': '2025-12-29T13:44:00.000Z'}",Color,Color,均码,均码,Size,Size,侧开快拆带锁棍套,侧开快拆带锁棍套,48,48,$30.00,30,No,False,,,,,24.99,24.99,,,30.70,30.7,14.10,14.1,No,False,,,Yes,True,,,,,,,$30.00,30,$14.82,14.82,No,False
695285c197f46fbba4f81c10,"<span class=""695285c0ed3dc8f8ad307577"" data-kn=""connection-value"">Tactical New White 8-Piece Set (Security Patrol Duty Belt, Quick Release Locking Holster)</span>","[{'id': '695285c0ed3dc8f8ad307577', 'identifier': 'Tactical New White 8-Piece Set (Security Patrol Duty Belt, Quick Release Locking Holster)'}]",Active,Active,One Size Fits All / Quick Release 92/92G Dual Retention Belt Holster,One Size Fits All / Quick Release 92/92G Dual Retention Belt Holster,,,,,,,Yes,True,,,12/29/2025 08:44,"{'date': '12/29/2025', 'date_formatted': '12/29/2025', 'hours': '08', 'minutes': '44', 'am_pm': 'AM', 'unix_timestamp': 1766997840000, 'iso_timestamp': '2025-12-29T08:44:00.000Z', 'timestamp': '12/29/2025 08:44 am', 'time': 524, 'time_formatted': '08:44', 'proper_unix_timestamp': 1767015840000, 'proper_iso_timestamp': '2025-12-29T13:44:00.000Z'}",12/29/2025 08:44,"{'date': '12/29/2025', 'date_formatted': '12/29/2025', 'hours': '08', 'minutes': '44', 'am_pm': 'AM', 'unix_timestamp': 1766997840000, 'iso_timestamp': '2025-12-29T08:44:00.000Z', 'timestamp': '12/29/2025 08:44 am', 'time': 524, 'time_formatted': '08:44', 'proper_unix_timestamp': 1767015840000, 'proper_iso_timestamp': '2025-12-29T13:44:00.000Z'}",Color,Color,均码,均码,Size,Size,快拆92/92G双防腰套,快拆92/92G双防腰套,65,65,$30.00,30,No,False,,,,,29.99,29.99,,,29.80,29.8,13.10,13.1,No,False,,,Yes,True,,,,,,,$30.00,30,$18.05,18.05,No,False
695285c1ed3dc8f8ad307c73,"<span class=""695285c0ed3dc8f8ad307577"" data-kn=""connection-value"">Tactical New White 8-Piece Set (Security Patrol Duty Belt, Quick Release Locking Holster)</span>","[{'id': '695285c0ed3dc8f8ad307577', 'identifier': 'Tactical New White 8-Piece Set (Security Patrol Duty Belt, Quick Release Locking Holster)'}]",Active,Active,"One Size Fits All / Quick Release Locking Baton, OC Spray, Flashlight Pouch 3-Piece Set","One Size Fits All / Quick Release Locking Baton, OC Spray, Flashlight Pouch 3-Piece Set",,,,,,,Yes,True,,,12/29/2025 08:44,"{'date': '12/29/2025', 'date_formatted': '12/29/2025', 'hours': '08', 'minutes': '44', 'am_pm': 'AM', 'unix_timestamp': 1766997840000, 'iso_timestamp': '2025-12-29T08:44:00.000Z', 'timestamp': '12/29/2025 08:44 am', 'time': 524, 'time_formatted': '08:44', 'proper_unix_timestamp': 1767015840000, 'proper_iso_timestamp': '2025-12-29T13:44:00.000Z'}",12/29/2025 08:44,"{'date': '12/29/2025', 'date_formatted': '12/29/2025', 'hours': '08', 'minutes': '44', 'am_pm': 'AM', 'unix_timestamp': 1766997840000, 'iso_timestamp': '2025-12-29T08:44:00.000Z', 'timestamp': '12/29/2025 08:44 am', 'time': 524, 'time_formatted': '08:44', 'proper_unix_timestamp': 1767015840000, 'proper_iso_timestamp': '2025-12-29T13:44:00.000Z'}",Color,Color,均码,均码,Size,Size,快拆带锁棍喷W手电三件套装,快拆带锁棍喷W手电三件套装,120,120,$30.00,30,No,False,,,,,46.99,46.99,,,29.30,29.3,12.60,12.6,No,False,,,Yes,True,,,,,,,$30.00,30,$28.50,28.5,No,False
695285c17c1031906b456870,"<span class=""695285c0ed3dc8f8ad307577"" data-kn=""connection-value"">Tactical New White 8-Piece Set (Security Patrol Duty Belt, Quick Release Locking Holster)</span>","[{'id': '695285c0ed3dc8f8ad307577', 'identifier': 'Tactical New White 8-Piece Set (Security Patrol Duty Belt, Quick Release Locking Holster)'}]",Active,Active,"One Size Fits All / Quick Release Locking Baton, OC Spray, Flashlight, Handcuff Pouch 4-Piece Set","One Size Fits All / Quick Release Locking Baton, OC Spray, Flashlight, Handcuff Pouch 4-Piece Set",,,,,,,Yes,True,,,12/29/2025 08:44,"{'date': '12/29/2025', 'date_formatted': '12/29/2025', 'hours': '08', 'minutes': '44', 'am_pm': 'AM', 'unix_timestamp': 1766997840000, 'iso_timestamp': '2025-12-29T08:44:00.000Z', 'timestamp': '12/29/2025 08:44 am', 'time': 524, 'time_formatted': '08:44', 'proper_unix_timestamp': 1767015840000, 'proper_iso_timestamp': '2025-12-29T13:44:00.000Z'}",12/29/2025 08:44,"{'date': '12/29/2025', 'date_formatted': '12/29/2025', 'hours': '08', 'minutes': '44', 'am_pm': 'AM', 'unix_timestamp': 1766997840000, 'iso_timestamp': '2025-12-29T08:44:00.000Z', 'timestamp': '12/29/2025 08:44 am', 'time': 524, 'time_formatted': '08:44', 'proper_unix_timestamp': 1767015840000, 'proper_iso_timestamp': '2025-12-29T13:44:00.000Z'}",Color,Color,均码,均码,Size,Size,快拆带锁棍喷W手电手K四件套装,快拆带锁棍喷W手电手K四件套装,160,160,$30.00,30,No,False,,,,,59.99,59.99,,,29.80,29.8,13.10,13.1,No,False,,,Yes,True,,,,,,,$30.00,30,$36.10,36.1,No,False
6935d9e50df5253fb963821e,"<span class=""6935d9e26c6b822bcdc05ea9"" data-kn=""connection-value"">灵鹰FAST迷彩盔罩伪装帽套战术头盔改装配件CP魔蝎迷彩弹力绳盔罩-tmall.com天猫</span>","[{'id': '6935d9e26c6b822bcdc05ea9', 'identifier': '灵鹰FAST迷彩盔罩伪装帽套战术头盔改装配件CP魔蝎迷彩弹力绳盔罩-tmall.com天猫'}]",Inactive,Inactive,订做颜色联系客服,订做颜色联系客服,,,,,,,Yes,True,12,12,12/07/2025 14:47,"{'date': '12/07/2025', 'date_formatted': '12/07/2025', 'hours': '02', 'minutes': '47', 'am_pm': 'PM', 'unix_timestamp': 1765118820000, 'iso_timestamp': '2025-12-07T14:47:00.000Z', 'timestamp': '12/07/2025 02:47 pm', 'time': 887, 'time_formatted': '14:47', 'proper_unix_timestamp': 1765136820000, 'proper_iso_timestamp': '2025-12-07T19:47:00.000Z'}",12/07/2025 14:47,"{'date': '12/07/2025', 'date_formatted': '12/07/2025', 'hours': '02', 'minutes': '47', 'am_pm': 'PM', 'unix_timestamp': 1765118820000, 'iso_timestamp': '2025-12-07T14:47:00.000Z', 'timestamp': '12/07/2025 02:47 pm', 'time': 887, 'time_formatted': '14:47', 'proper_unix_timestamp': 1765136820000, 'proper_iso_timestamp': '2025-12-07T19:47:00.000Z'}",,,,,,,,,0,0,$70.00,70,No,False,,,,,,,,,,,,,No,False,,,Yes,True,,,,,,,$30.00,30,,,Yes,True
6935d9e5e573ddca382f467d,"<span class=""6935d9e26c6b822bcdc05ea9"" data-kn=""connection-value"">灵鹰FAST迷彩盔罩伪装帽套战术头盔改装配件CP魔蝎迷彩弹力绳盔罩-tmall.com天猫</span>","[{'id': '6935d9e26c6b822bcdc05ea9', 'identifier': '灵鹰FAST迷彩盔罩伪装帽套战术头盔改装配件CP魔蝎迷彩弹力绳盔罩-tmall.com天猫'}]",Inactive,Inactive,CO-17-ACU（不含头盔）,CO-17-ACU（不含头盔）,,,,,,,Yes,True,11,11,12/07/2025 14:47,"{'date': '12/07/2025', 'date_formatted': '12/07/2025', 'hours': '02', 'minutes': '47', 'am_pm': 'PM', 'unix_timestamp': 1765118820000, 'iso_timestamp': '2025-12-07T14:47:00.000Z', 'timestamp': '12/07/2025 02:47 pm', 'time': 887, 'time_formatted': '14:47', 'proper_unix_timestamp': 1765136820000, 'proper_iso_timestamp': '2025-12-07T19:47:00.000Z'}",12/07/2025 14:47,"{'date': '12/07/2025', 'date_formatted': '12/07/2025', 'hours': '02', 'minutes': '47', 'am_pm': 'PM', 'unix_timestamp': 1765118820000, 'iso_timestamp': '2025-12-07T14:47:00.000Z', 'timestamp': '12/07/2025 02:47 pm', 'time': 887, 'time_formatted': '14:47', 'proper_unix_timestamp': 1765136820000, 'proper_iso_timestamp': '2025-12-07T19:47:00.000Z'}",,,,,,,,,0,0,$70.00,70,No,False,,,,,,,,,,,,,No,False,,,Yes,True,,,,,,,$30.00,30,,,Yes,True
6935d9e5fd324784016bb3f4,"<span class=""6935d9e26c6b822bcdc05ea9"" data-kn=""connection-value"">灵鹰FAST迷彩盔罩伪装帽套战术头盔改装配件CP魔蝎迷彩弹力绳盔罩-tmall.com天猫</span>","[{'id': '6935d9e26c6b822bcdc05ea9', 'identifier': '灵鹰FAST迷彩盔罩伪装帽套战术头盔改装配件CP魔蝎迷彩弹力绳盔罩-tmall.com天猫'}]",Inactive,Inactive,灰废墟CO-17-AT（不含头盔）,灰废墟CO-17-AT（不含头盔）,,,,,,,Yes,True,10,10,12/07/2025 14:47,"{'date': '12/07/2025', 'date_formatted': '12/07/2025', 'hours': '02', 'minutes': '47', 'am_pm': 'PM', 'unix_timestamp': 1765118820000, 'iso_timestamp': '2025-12-07T14:47:00.000Z', 'timestamp': '12/07/2025 02:47 pm', 'time': 887, 'time_formatted': '14:47', 'proper_unix_timestamp': 1765136820000, 'proper_iso_timestamp': '2025-12-07T19:47:00.000Z'}",12/07/2025 14:47,"{'date': '12/07/2025', 'date_formatted': '12/07/2025', 'hours': '02', 'minutes': '47', 'am_pm': 'PM', 'unix_timestamp': 1765118820000, 'iso_timestamp': '2025-12-07T14:47:00.000Z', 'timestamp': '12/07/2025 02:47 pm', 'time': 887, 'time_formatted': '14:47', 'proper_unix_timestamp': 1765136820000, 'proper_iso_timestamp': '2025-12-07T19:47:00.000Z'}",,,,,,,,,0,0,$70.00,70,No,False,,,,,,,,,,,,,No,False,,,Yes,True,,,,,,,$30.00,30,,,Yes,True
6935d9e4fd324784016bb374,"<span class=""6935d9e26c6b822bcdc05ea9"" data-kn=""connection-value"">灵鹰FAST迷彩盔罩伪装帽套战术头盔改装配件CP魔蝎迷彩弹力绳盔罩-tmall.com天猫</span>","[{'id': '6935d9e26c6b822bcdc05ea9', 'identifier': '灵鹰FAST迷彩盔罩伪装帽套战术头盔改装配件CP魔蝎迷彩弹力绳盔罩-tmall.com天猫'}]",Inactive,Inactive,黑CP CO-17-BCP（不含头盔）,黑CP CO-17-BCP（不含头盔）,,,,,,,Yes,True,9,9,12/07/2025 14:47,"{'date': '12/07/2025', 'date_formatted': '12/07/2025', 'hours': '02', 'minutes': '47', 'am_pm': 'PM', 'unix_timestamp': 1765118820000, 'iso_timestamp': '2025-12-07T14:47:00.000Z', 'timestamp': '12/07/2025 02:47 pm', 'time': 887, 'time_formatted': '14:47', 'proper_unix_timestamp': 1765136820000, 'proper_iso_timestamp': '2025-12-07T19:47:00.000Z'}",12/07/2025 14:47,"{'date': '12/07/2025', 'date_formatted': '12/07/2025', 'hours': '02', 'minutes': '47', 'am_pm': 'PM', 'unix_timestamp': 1765118820000, 'iso_timestamp': '2025-12-07T14:47:00.000Z', 'timestamp': '12/07/2025 02:47 pm', 'time': 887, 'time_formatted': '14:47', 'proper_unix_timestamp': 1765136820000, 'proper_iso_timestamp': '2025-12-07T19:47:00.000Z'}",,,,,,,,,0,0,$70.00,70,No,False,,,,,,,,,,,,,No,False,,,Yes,True,,,,,,,$30.00,30,,,Yes,True
6935d9e40df5253fb96375da,"<span class=""6935d9e26c6b822bcdc05ea9"" data-kn=""connection-value"">灵鹰FAST迷彩盔罩伪装帽套战术头盔改装配件CP魔蝎迷彩弹力绳盔罩-tmall.com天猫</span>","[{'id': '6935d9e26c6b822bcdc05ea9', 'identifier': '灵鹰FAST迷彩盔罩伪装帽套战术头盔改装配件CP魔蝎迷彩弹力绳盔罩-tmall.com天猫'}]",Inactive,Inactive,黑色CO-17-BLK（不含头盔）,黑色CO-17-BLK（不含头盔）,,,,,,,Yes,True,8,8,12/07/2025 14:47,"{'date': '12/07/2025', 'date_formatted': '12/07/2025', 'hours': '02', 'minutes': '47', 'am_pm': 'PM', 'unix_timestamp': 1765118820000, 'iso_timestamp': '2025-12-07T14:47:00.000Z', 'timestamp': '12/07/2025 02:47 pm', 'time': 887, 'time_formatted': '14:47', 'proper_unix_timestamp': 1765136820000, 'proper_iso_timestamp': '2025-12-07T19:47:00.000Z'}",12/07/2025 14:47,"{'date': '12/07/2025', 'date_formatted': '12/07/2025', 'hours': '02', 'minutes': '47', 'am_pm': 'PM', 'unix_timestamp': 1765118820000, 'iso_timestamp': '2025-12-07T14:47:00.000Z', 'timestamp': '12/07/2025 02:47 pm', 'time': 887, 'time_formatted': '14:47', 'proper_unix_timestamp': 1765136820000, 'proper_iso_timestamp': '2025-12-07T19:47:00.000Z'}",,,,,,,,,0,0,$70.00,70,No,False,,,,,,,,,,,,,No,False,,,Yes,True,,,,,,,$30.00,30,,,Yes,True
6935d9e40df5253fb9637559,"<span class=""6935d9e26c6b822bcdc05ea9"" data-kn=""connection-value"">灵鹰FAST迷彩盔罩伪装帽套战术头盔改装配件CP魔蝎迷彩弹力绳盔罩-tmall.com天猫</span>","[{'id': '6935d9e26c6b822bcdc05ea9', 'identifier': '灵鹰FAST迷彩盔罩伪装帽套战术头盔改装配件CP魔蝎迷彩弹力绳盔罩-tmall.com天猫'}]",Inactive,Inactive,CP迷彩CO-17-CP（不含头盔）,CP迷彩CO-17-CP（不含头盔）,,,,,,,Yes,True,7,7,12/07/2025 14:47,"{'date': '12/07/2025', 'date_formatted': '12/07/2025', 'hours': '02', 'minutes': '47', 'am_pm': 'PM', 'unix_timestamp': 1765118820000, 'iso_timestamp': '2025-12-07T14:47:00.000Z', 'timestamp': '12/07/2025 02:47 pm', 'time': 887, 'time_formatted': '14:47', 'proper_unix_timestamp': 1765136820000, 'proper_iso_timestamp': '2025-12-07T19:47:00.000Z'}",12/07/2025 14:47,"{'date': '12/07/2025', 'date_formatted': '12/07/2025', 'hours': '02', 'minutes': '47', 'am_pm': 'PM', 'unix_timestamp': 1765118820000, 'iso_timestamp': '2025-12-07T14:47:00.000Z', 'timestamp': '12/07/2025 02:47 pm', 'time': 887, 'time_formatted': '14:47', 'proper_unix_timestamp': 1765136820000, 'proper_iso_timestamp': '2025-12-07T19:47:00.000Z'}",,,,,,,,,0,0,$70.00,70,No,False,,,,,,,,,,,,,No,False,,,Yes,True,,,,,,,$30.00,30,,,Yes,True
6935d9e40df5253fb96374d9,"<span class=""6935d9e26c6b822bcdc05ea9"" data-kn=""connection-value"">灵鹰FAST迷彩盔罩伪装帽套战术头盔改装配件CP魔蝎迷彩弹力绳盔罩-tmall.com天猫</span>","[{'id': '6935d9e26c6b822bcdc05ea9', 'identifier': '灵鹰FAST迷彩盔罩伪装帽套战术头盔改装配件CP魔蝎迷彩弹力绳盔罩-tmall.com天猫'}]",Inactive,Inactive,卡其色CO-17-KHA（不含头盔）,卡其色CO-17-KHA（不含头盔）,,,,,,,Yes,True,6,6,12/07/2025 14:47,"{'date': '12/07/2025', 'date_formatted': '12/07/2025', 'hours': '02', 'minutes': '47', 'am_pm': 'PM', 'unix_timestamp': 1765118820000, 'iso_timestamp': '2025-12-07T14:47:00.000Z', 'timestamp': '12/07/2025 02:47 pm', 'time': 887, 'time_formatted': '14:47', 'proper_unix_timestamp': 1765136820000, 'proper_iso_timestamp': '2025-12-07T19:47:00.000Z'}",12/07/2025 14:47,"{'date': '12/07/2025', 'date_formatted': '12/07/2025', 'hours': '02', 'minutes': '47', 'am_pm': 'PM', 'unix_timestamp': 1765118820000, 'iso_timestamp': '2025-12-07T14:47:00.000Z', 'timestamp': '12/07/2025 02:47 pm', 'time': 887, 'time_formatted': '14:47', 'proper_unix_timestamp': 1765136820000, 'proper_iso_timestamp': '2025-12-07T19:47:00.000Z'}",,,,,,,,,0,0,$70.00,70,No,False,,,,,,,,,,,,,No,False,,,Yes,True,,,,,,,$30.00,30,,,Yes,True
6935d9e4dbeb352f472a58b1,"<span class=""6935d9e26c6b822bcdc05ea9"" data-kn=""connection-value"">灵鹰FAST迷彩盔罩伪装帽套战术头盔改装配件CP魔蝎迷彩弹力绳盔罩-tmall.com天猫</span>","[{'id': '6935d9e26c6b822bcdc05ea9', 'identifier': '灵鹰FAST迷彩盔罩伪装帽套战术头盔改装配件CP魔蝎迷彩弹力绳盔罩-tmall.com天猫'}]",Inactive,Inactive,青废墟CO-17-FG（不含头盔）,青废墟CO-17-FG（不含头盔）,,,,,,,Yes,True,5,5,12/07/2025 14:47,"{'date': '12/07/2025', 'date_formatted': '12/07/2025', 'hours': '02', 'minutes': '47', 'am_pm': 'PM', 'unix_timestamp': 1765118820000, 'iso_timestamp': '2025-12-07T14:47:00.000Z', 'timestamp': '12/07/2025 02:47 pm', 'time': 887, 'time_formatted': '14:47', 'proper_unix_timestamp': 1765136820000, 'proper_iso_timestamp': '2025-12-07T19:47:00.000Z'}",12/07/2025 14:47,"{'date': '12/07/2025', 'date_formatted': '12/07/2025', 'hours': '02', 'minutes': '47', 'am_pm': 'PM', 'unix_timestamp': 1765118820000, 'iso_timestamp': '2025-12-07T14:47:00.000Z', 'timestamp': '12/07/2025 02:47 pm', 'time': 887, 'time_formatted': '14:47', 'proper_unix_timestamp': 1765136820000, 'proper_iso_timestamp': '2025-12-07T19:47:00.000Z'}",,,,,,,,,0,0,$70.00,70,No,False,,,,,,,,,,,,,No,False,,,Yes,True,,,,,,,$30.00,30,,,Yes,True
6935d9e4dbeb352f472a5831,"<span class=""6935d9e26c6b822bcdc05ea9"" data-kn=""connection-value"">灵鹰FAST迷彩盔罩伪装帽套战术头盔改装配件CP魔蝎迷彩弹力绳盔罩-tmall.com天猫</span>","[{'id': '6935d9e26c6b822bcdc05ea9', 'identifier': '灵鹰FAST迷彩盔罩伪装帽套战术头盔改装配件CP魔蝎迷彩弹力绳盔罩-tmall.com天猫'}]",Inactive,Inactive,德斑花CO-17-FL（不含头盔）,德斑花CO-17-FL（不含头盔）,,,,,,,Yes,True,4,4,12/07/2025 14:47,"{'date': '12/07/2025', 'date_formatted': '12/07/2025', 'hours': '02', 'minutes': '47', 'am_pm': 'PM', 'unix_timestamp': 1765118820000, 'iso_timestamp': '2025-12-07T14:47:00.000Z', 'timestamp': '12/07/2025 02:47 pm', 'time': 887, 'time_formatted': '14:47', 'proper_unix_timestamp': 1765136820000, 'proper_iso_timestamp': '2025-12-07T19:47:00.000Z'}",12/07/2025 14:47,"{'date': '12/07/2025', 'date_formatted': '12/07/2025', 'hours': '02', 'minutes': '47', 'am_pm': 'PM', 'unix_timestamp': 1765118820000, 'iso_timestamp': '2025-12-07T14:47:00.000Z', 'timestamp': '12/07/2025 02:47 pm', 'time': 887, 'time_formatted': '14:47', 'proper_unix_timestamp': 1765136820000, 'proper_iso_timestamp': '2025-12-07T19:47:00.000Z'}",,,,,,,,,0,0,$70.00,70,No,False,,,,,,,,,,,,,No,False,,,Yes,True,,,,,,,$30.00,30,,,Yes,True
6935d9e4d6b02dead81c3403,"<span class=""6935d9e26c6b822bcdc05ea9"" data-kn=""connection-value"">灵鹰FAST迷彩盔罩伪装帽套战术头盔改装配件CP魔蝎迷彩弹力绳盔罩-tmall.com天猫</span>","[{'id': '6935d9e26c6b822bcdc05ea9', 'identifier': '灵鹰FAST迷彩盔罩伪装帽套战术头盔改装配件CP魔蝎迷彩弹力绳盔罩-tmall.com天猫'}]",Inactive,Inactive,大花蟒纹CO-17-MA（不含头盔）,大花蟒纹CO-17-MA（不含头盔）,,,,,,,Yes,True,3,3,12/07/2025 14:47,"{'date': '12/07/2025', 'date_formatted': '12/07/2025', 'hours': '02', 'minutes': '47', 'am_pm': 'PM', 'unix_timestamp': 1765118820000, 'iso_timestamp': '2025-12-07T14:47:00.000Z', 'timestamp': '12/07/2025 02:47 pm', 'time': 887, 'time_formatted': '14:47', 'proper_unix_timestamp': 1765136820000, 'proper_iso_timestamp': '2025-12-07T19:47:00.000Z'}",12/07/2025 14:47,"{'date': '12/07/2025', 'date_formatted': '12/07/2025', 'hours': '02', 'minutes': '47', 'am_pm': 'PM', 'unix_timestamp': 1765118820000, 'iso_timestamp': '2025-12-07T14:47:00.000Z', 'timestamp': '12/07/2025 02:47 pm', 'time': 887, 'time_formatted': '14:47', 'proper_unix_timestamp': 1765136820000, 'proper_iso_timestamp': '2025-12-07T19:47:00.000Z'}",,,,,,,,,0,0,$70.00,70,No,False,,,,,,,,,,,,,No,False,,,Yes,True,,,,,,,$30.00,30,,,Yes,True
6935d9e334c7890d0475f694,"<span class=""6935d9e26c6b822bcdc05ea9"" data-kn=""connection-value"">灵鹰FAST迷彩盔罩伪装帽套战术头盔改装配件CP魔蝎迷彩弹力绳盔罩-tmall.com天猫</span>","[{'id': '6935d9e26c6b822bcdc05ea9', 'identifier': '灵鹰FAST迷彩盔罩伪装帽套战术头盔改装配件CP魔蝎迷彩弹力绳盔罩-tmall.com天猫'}]",Inactive,Inactive,军绿CO-17-OLV（不含头盔）,军绿CO-17-OLV（不含头盔）,,,,,,,Yes,True,2,2,12/07/2025 14:47,"{'date': '12/07/2025', 'date_formatted': '12/07/2025', 'hours': '02', 'minutes': '47', 'am_pm': 'PM', 'unix_timestamp': 1765118820000, 'iso_timestamp': '2025-12-07T14:47:00.000Z', 'timestamp': '12/07/2025 02:47 pm', 'time': 887, 'time_formatted': '14:47', 'proper_unix_timestamp': 1765136820000, 'proper_iso_timestamp': '2025-12-07T19:47:00.000Z'}",12/07/2025 14:47,"{'date': '12/07/2025', 'date_formatted': '12/07/2025', 'hours': '02', 'minutes': '47', 'am_pm': 'PM', 'unix_timestamp': 1765118820000, 'iso_timestamp': '2025-12-07T14:47:00.000Z', 'timestamp': '12/07/2025 02:47 pm', 'time': 887, 'time_formatted': '14:47', 'proper_unix_timestamp': 1765136820000, 'proper_iso_timestamp': '2025-12-07T19:47:00.000Z'}",,,,,,,,,0,0,$70.00,70,No,False,,,,,,,,,,,,,No,False,,,Yes,True,,,,,,,$30.00,30,,,Yes,True
6935d9e30df5253fb9636b41,"<span class=""6935d9e26c6b822bcdc05ea9"" data-kn=""connection-value"">灵鹰FAST迷彩盔罩伪装帽套战术头盔改装配件CP魔蝎迷彩弹力绳盔罩-tmall.com天猫</span>","[{'id': '6935d9e26c6b822bcdc05ea9', 'identifier': '灵鹰FAST迷彩盔罩伪装帽套战术头盔改装配件CP魔蝎迷彩弹力绳盔罩-tmall.com天猫'}]",Inactive,Inactive,黑色蟒纹CO-17-TY（不含头盔）,黑色蟒纹CO-17-TY（不含头盔）,,,,,,,Yes,True,1,1,12/07/2025 14:47,"{'date': '12/07/2025', 'date_formatted': '12/07/2025', 'hours': '02', 'minutes': '47', 'am_pm': 'PM', 'unix_timestamp': 1765118820000, 'iso_timestamp': '2025-12-07T14:47:00.000Z', 'timestamp': '12/07/2025 02:47 pm', 'time': 887, 'time_formatted': '14:47', 'proper_unix_timestamp': 1765136820000, 'proper_iso_timestamp': '2025-12-07T19:47:00.000Z'}",12/07/2025 14:47,"{'date': '12/07/2025', 'date_formatted': '12/07/2025', 'hours': '02', 'minutes': '47', 'am_pm': 'PM', 'unix_timestamp': 1765118820000, 'iso_timestamp': '2025-12-07T14:47:00.000Z', 'timestamp': '12/07/2025 02:47 pm', 'time': 887, 'time_formatted': '14:47', 'proper_unix_timestamp': 1765136820000, 'proper_iso_timestamp': '2025-12-07T19:47:00.000Z'}",,,,,,,,,0,0,$70.00,70,No,False,,,,,,,,,,,,,No,False,,,Yes,True,,,,,,,$30.00,30,,,Yes,True
6935d9e3e573ddca382f2668,"<span class=""6935d9e26c6b822bcdc05ea9"" data-kn=""connection-value"">灵鹰FAST迷彩盔罩伪装帽套战术头盔改装配件CP魔蝎迷彩弹力绳盔罩-tmall.com天猫</span>","[{'id': '6935d9e26c6b822bcdc05ea9', 'identifier': '灵鹰FAST迷彩盔罩伪装帽套战术头盔改装配件CP魔蝎迷彩弹力绳盔罩-tmall.com天猫'}]",Inactive,Inactive,四色大花CO-17-WL（不含头盔）,四色大花CO-17-WL（不含头盔）,,,,,,,Yes,True,0,0,12/07/2025 14:47,"{'date': '12/07/2025', 'date_formatted': '12/07/2025', 'hours': '02', 'minutes': '47', 'am_pm': 'PM', 'unix_timestamp': 1765118820000, 'iso_timestamp': '2025-12-07T14:47:00.000Z', 'timestamp': '12/07/2025 02:47 pm', 'time': 887, 'time_formatted': '14:47', 'proper_unix_timestamp': 1765136820000, 'proper_iso_timestamp': '2025-12-07T19:47:00.000Z'}",12/07/2025 14:47,"{'date': '12/07/2025', 'date_formatted': '12/07/2025', 'hours': '02', 'minutes': '47', 'am_pm': 'PM', 'unix_timestamp': 1765118820000, 'iso_timestamp': '2025-12-07T14:47:00.000Z', 'timestamp': '12/07/2025 02:47 pm', 'time': 887, 'time_formatted': '14:47', 'proper_unix_timestamp': 1765136820000, 'proper_iso_timestamp': '2025-12-07T19:47:00.000Z'}",,,,,,,,,0,0,$70.00,70,No,False,,,,,,,,,,,,,No,False,,,Yes,True,,,,,,,$30.00,30,,,Yes,True
6935d9e16c6b822bcdc05e29,"<span class=""6935d9dea82b00f1dcab6d5c"" data-kn=""connection-value"">C3战术耳机头盔款拾音降噪耳机通讯设备耳麦户外耳罩C5后翻支架-淘宝网</span>","[{'id': '6935d9dea82b00f1dcab6d5c', 'identifier': 'C3战术耳机头盔款拾音降噪耳机通讯设备耳麦户外耳罩C5后翻支架-淘宝网'}]",Margins Added,Margins Added,Headband Style – Pickup & Noise Reduction Version (Green),Headband Style – Pickup & Noise Reduction Version (Green),头戴式-拾音降噪版【绿色】,头戴式-拾音降噪版【绿色】,https://item.taobao.com/item.htm?abbucket=10&id=745631978766&mi_id=0000XM-VeiSPZrOJ13BolUMJFGnTLgxuf7fPdv5ApocYDsQ&ns=1&priceTId=215040d517651356972174347e1f0d&skuId=5639455330599&utparam=%7B%22aplus_abtest%22:%226116ca04a729fad4f35b12aefe30303d%22%7D&xxc=taobaoSearch,https://item.taobao.com/item.htm?abbucket=10&id=745631978766&mi_id=0000XM-VeiSPZrOJ13BolUMJFGnTLgxuf7fPdv5ApocYDsQ&ns=1&priceTId=215040d517651356972174347e1f0d&skuId=5639455330599&utparam=%7B%22aplus_abtest%22:%226116ca04a729fad4f35b12aefe30303d%22%7D&xxc=taobaoSearch,,,Yes,True,11,11,12/07/2025 14:47,"{'date': '12/07/2025', 'date_formatted': '12/07/2025', 'hours': '02', 'minutes': '47', 'am_pm': 'PM', 'unix_timestamp': 1765118820000, 'iso_timestamp': '2025-12-07T14:47:00.000Z', 'timestamp': '12/07/2025 02:47 pm', 'time': 887, 'time_formatted': '14:47', 'proper_unix_timestamp': 1765136820000, 'proper_iso_timestamp': '2025-12-07T19:47:00.000Z'}",12/07/2025 14:47,"{'date': '12/07/2025', 'date_formatted': '12/07/2025', 'hours': '02', 'minutes': '47', 'am_pm': 'PM', 'unix_timestamp': 1765118820000, 'iso_timestamp': '2025-12-07T14:47:00.000Z', 'timestamp': '12/07/2025 02:47 pm', 'time': 887, 'time_formatted': '14:47', 'proper_unix_timestamp': 1765136820000, 'proper_iso_timestamp': '2025-12-07T19:47:00.000Z'}",,,,,,,,,295,295,$70.00,70,No,False,110,$110,Amazon,Amazon,,,,,,,,,No,False,,,Yes,True,,,,,,,$30.00,30,,,Yes,True
6935d9e146aa7c24b7c27e04,"<span class=""6935d9dea82b00f1dcab6d5c"" data-kn=""connection-value"">C3战术耳机头盔款拾音降噪耳机通讯设备耳麦户外耳罩C5后翻支架-淘宝网</span>","[{'id': '6935d9dea82b00f1dcab6d5c', 'identifier': 'C3战术耳机头盔款拾音降噪耳机通讯设备耳麦户外耳罩C5后翻支架-淘宝网'}]",Margins Added,Margins Added,Headband Style – Pickup & Noise Reduction Version (Tan),Headband Style – Pickup & Noise Reduction Version (Tan),头戴式-拾音降噪版【泥色】,头戴式-拾音降噪版【泥色】,https://item.taobao.com/item.htm?abbucket=10&id=745631978766&mi_id=0000XM-VeiSPZrOJ13BolUMJFGnTLgxuf7fPdv5ApocYDsQ&ns=1&priceTId=215040d517651356972174347e1f0d&skuId=5639455330598&utparam=%7B%22aplus_abtest%22:%226116ca04a729fad4f35b12aefe30303d%22%7D&xxc=taobaoSearch,https://item.taobao.com/item.htm?abbucket=10&id=745631978766&mi_id=0000XM-VeiSPZrOJ13BolUMJFGnTLgxuf7fPdv5ApocYDsQ&ns=1&priceTId=215040d517651356972174347e1f0d&skuId=5639455330598&utparam=%7B%22aplus_abtest%22:%226116ca04a729fad4f35b12aefe30303d%22%7D&xxc=taobaoSearch,,,Yes,True,10,10,12/07/2025 14:47,"{'date': '12/07/2025', 'date_formatted': '12/07/2025', 'hours': '02', 'minutes': '47', 'am_pm': 'PM', 'unix_timestamp': 1765118820000, 'iso_timestamp': '2025-12-07T14:47:00.000Z', 'timestamp': '12/07/2025 02:47 pm', 'time': 887, 'time_formatted': '14:47', 'proper_unix_timestamp': 1765136820000, 'proper_iso_timestamp': '2025-12-07T19:47:00.000Z'}",12/07/2025 14:47,"{'date': '12/07/2025', 'date_formatted': '12/07/2025', 'hours': '02', 'minutes': '47', 'am_pm': 'PM', 'unix_timestamp': 1765118820000, 'iso_timestamp': '2025-12-07T14:47:00.000Z', 'timestamp': '12/07/2025 02:47 pm', 'time': 887, 'time_formatted': '14:47', 'proper_unix_timestamp': 1765136820000, 'proper_iso_timestamp': '2025-12-07T19:47:00.000Z'}",,,,,,,,,295,295,$70.00,70,No,False,110,$110,Amazon,Amazon,,,,,,,,,No,False,,,Yes,True,,,,,,,$30.00,30,,,Yes,True
6935d9e1e573ddca382f1500,"<span class=""6935d9dea82b00f1dcab6d5c"" data-kn=""connection-value"">C3战术耳机头盔款拾音降噪耳机通讯设备耳麦户外耳罩C5后翻支架-淘宝网</span>","[{'id': '6935d9dea82b00f1dcab6d5c', 'identifier': 'C3战术耳机头盔款拾音降噪耳机通讯设备耳麦户外耳罩C5后翻支架-淘宝网'}]",Margins Added,Margins Added,Headband Style – Pickup & Noise Reduction Version (Black),Headband Style – Pickup & Noise Reduction Version (Black),头戴式-拾音降噪版【黑色】,头戴式-拾音降噪版【黑色】,https://item.taobao.com/item.htm?abbucket=10&id=745631978766&mi_id=0000XM-VeiSPZrOJ13BolUMJFGnTLgxuf7fPdv5ApocYDsQ&ns=1&priceTId=215040d517651356972174347e1f0d&skuId=5639455330597&utparam=%7B%22aplus_abtest%22:%226116ca04a729fad4f35b12aefe30303d%22%7D&xxc=taobaoSearch,https://item.taobao.com/item.htm?abbucket=10&id=745631978766&mi_id=0000XM-VeiSPZrOJ13BolUMJFGnTLgxuf7fPdv5ApocYDsQ&ns=1&priceTId=215040d517651356972174347e1f0d&skuId=5639455330597&utparam=%7B%22aplus_abtest%22:%226116ca04a729fad4f35b12aefe30303d%22%7D&xxc=taobaoSearch,,,Yes,True,9,9,12/07/2025 14:47,"{'date': '12/07/2025', 'date_formatted': '12/07/2025', 'hours': '02', 'minutes': '47', 'am_pm': 'PM', 'unix_timestamp': 1765118820000, 'iso_timestamp': '2025-12-07T14:47:00.000Z', 'timestamp': '12/07/2025 02:47 pm', 'time': 887, 'time_formatted': '14:47', 'proper_unix_timestamp': 1765136820000, 'proper_iso_timestamp': '2025-12-07T19:47:00.000Z'}",12/07/2025 14:47,"{'date': '12/07/2025', 'date_formatted': '12/07/2025', 'hours': '02', 'minutes': '47', 'am_pm': 'PM', 'unix_timestamp': 1765118820000, 'iso_timestamp': '2025-12-07T14:47:00.000Z', 'timestamp': '12/07/2025 02:47 pm', 'time': 887, 'time_formatted': '14:47', 'proper_unix_timestamp': 1765136820000, 'proper_iso_timestamp': '2025-12-07T19:47:00.000Z'}",,,,,,,,,295,295,$70.00,70,No,False,110,$110,https://item.taobao.com/item.htm?abbucket=10&id=745631978766&mi_id=0000XM-VeiSPZrOJ13BolUMJFGnTLgxuf7fPdv5ApocYDsQ&ns=1&priceTId=215040d517651356972174347e1f0d&skuId=5639455330597&utparam=%7B%22aplus_abtest%22:%226116ca04a729fad4f35b12aefe30303d%22%7D&xxc=taobaoSearch,https://item.taobao.com/item.htm?abbucket=10&id=745631978766&mi_id=0000XM-VeiSPZrOJ13BolUMJFGnTLgxuf7fPdv5ApocYDsQ&ns=1&priceTId=215040d517651356972174347e1f0d&skuId=5639455330597&utparam=%7B%22aplus_abtest%22:%226116ca04a729fad4f35b12aefe30303d%22%7D&xxc=taobaoSearch,,,,,,,,,No,False,,,Yes,True,,,,,,,$30.00,30,,,Yes,True
6935d9e0e573ddca382f147b,"<span class=""6935d9dea82b00f1dcab6d5c"" data-kn=""connection-value"">C3战术耳机头盔款拾音降噪耳机通讯设备耳麦户外耳罩C5后翻支架-淘宝网</span>","[{'id': '6935d9dea82b00f1dcab6d5c', 'identifier': 'C3战术耳机头盔款拾音降噪耳机通讯设备耳麦户外耳罩C5后翻支架-淘宝网'}]",Margins Added,Margins Added,Headband Style – No Pickup Version (Green),Headband Style – No Pickup Version (Green),头戴式-无拾音版【绿色】,头戴式-无拾音版【绿色】,https://item.taobao.com/item.htm?abbucket=10&id=745631978766&mi_id=0000XM-VeiSPZrOJ13BolUMJFGnTLgxuf7fPdv5ApocYDsQ&ns=1&priceTId=215040d517651356972174347e1f0d&skuId=5639455330596&utparam=%7B%22aplus_abtest%22:%226116ca04a729fad4f35b12aefe30303d%22%7D&xxc=taobaoSearch,https://item.taobao.com/item.htm?abbucket=10&id=745631978766&mi_id=0000XM-VeiSPZrOJ13BolUMJFGnTLgxuf7fPdv5ApocYDsQ&ns=1&priceTId=215040d517651356972174347e1f0d&skuId=5639455330596&utparam=%7B%22aplus_abtest%22:%226116ca04a729fad4f35b12aefe30303d%22%7D&xxc=taobaoSearch,,,Yes,True,8,8,12/07/2025 14:47,"{'date': '12/07/2025', 'date_formatted': '12/07/2025', 'hours': '02', 'minutes': '47', 'am_pm': 'PM', 'unix_timestamp': 1765118820000, 'iso_timestamp': '2025-12-07T14:47:00.000Z', 'timestamp': '12/07/2025 02:47 pm', 'time': 887, 'time_formatted': '14:47', 'proper_unix_timestamp': 1765136820000, 'proper_iso_timestamp': '2025-12-07T19:47:00.000Z'}",12/07/2025 14:47,"{'date': '12/07/2025', 'date_formatted': '12/07/2025', 'hours': '02', 'minutes': '47', 'am_pm': 'PM', 'unix_timestamp': 1765118820000, 'iso_timestamp': '2025-12-07T14:47:00.000Z', 'timestamp': '12/07/2025 02:47 pm', 'time': 887, 'time_formatted': '14:47', 'proper_unix_timestamp': 1765136820000, 'proper_iso_timestamp': '2025-12-07T19:47:00.000Z'}",,,,,,,,,158,158,$70.00,70,No,False,70,$70,Ebay,Ebay,,,,,,,,,No,False,,,Yes,True,,,,,,,$30.00,30,,,Yes,True
6935d9e0a82b00f1dcab879f,"<span class=""6935d9dea82b00f1dcab6d5c"" data-kn=""connection-value"">C3战术耳机头盔款拾音降噪耳机通讯设备耳麦户外耳罩C5后翻支架-淘宝网</span>","[{'id': '6935d9dea82b00f1dcab6d5c', 'identifier': 'C3战术耳机头盔款拾音降噪耳机通讯设备耳麦户外耳罩C5后翻支架-淘宝网'}]",Margins Added,Margins Added,Headband Style – No Pickup Version (Tan),Headband Style – No Pickup Version (Tan),头戴式-无拾音版【泥色】,头戴式-无拾音版【泥色】,Ebay,Ebay,,,Yes,True,7,7,12/07/2025 14:47,"{'date': '12/07/2025', 'date_formatted': '12/07/2025', 'hours': '02', 'minutes': '47', 'am_pm': 'PM', 'unix_timestamp': 1765118820000, 'iso_timestamp': '2025-12-07T14:47:00.000Z', 'timestamp': '12/07/2025 02:47 pm', 'time': 887, 'time_formatted': '14:47', 'proper_unix_timestamp': 1765136820000, 'proper_iso_timestamp': '2025-12-07T19:47:00.000Z'}",12/07/2025 14:47,"{'date': '12/07/2025', 'date_formatted': '12/07/2025', 'hours': '02', 'minutes': '47', 'am_pm': 'PM', 'unix_timestamp': 1765118820000, 'iso_timestamp': '2025-12-07T14:47:00.000Z', 'timestamp': '12/07/2025 02:47 pm', 'time': 887, 'time_formatted': '14:47', 'proper_unix_timestamp': 1765136820000, 'proper_iso_timestamp': '2025-12-07T19:47:00.000Z'}",,,,,,,,,158,158,$70.00,70,No,False,70,$70,Ebay,Ebay,,,,,,,,,No,False,,,Yes,True,,,,,,,$30.00,30,,,Yes,True
6935d9e0a82b00f1dcab871f,"<span class=""6935d9dea82b00f1dcab6d5c"" data-kn=""connection-value"">C3战术耳机头盔款拾音降噪耳机通讯设备耳麦户外耳罩C5后翻支架-淘宝网</span>","[{'id': '6935d9dea82b00f1dcab6d5c', 'identifier': 'C3战术耳机头盔款拾音降噪耳机通讯设备耳麦户外耳罩C5后翻支架-淘宝网'}]",Margins Added,Margins Added,Headband Style – No Pickup Version (Black),Headband Style – No Pickup Version (Black),头戴式-无拾音版【黑色】,头戴式-无拾音版【黑色】,https://item.taobao.com/item.htm?abbucket=10&id=745631978766&mi_id=0000XM-VeiSPZrOJ13BolUMJFGnTLgxuf7fPdv5ApocYDsQ&ns=1&priceTId=215040d517651356972174347e1f0d&skuId=5639455330594&utparam=%7B%22aplus_abtest%22:%226116ca04a729fad4f35b12aefe30303d%22%7D&xxc=taobaoSearch,https://item.taobao.com/item.htm?abbucket=10&id=745631978766&mi_id=0000XM-VeiSPZrOJ13BolUMJFGnTLgxuf7fPdv5ApocYDsQ&ns=1&priceTId=215040d517651356972174347e1f0d&skuId=5639455330594&utparam=%7B%22aplus_abtest%22:%226116ca04a729fad4f35b12aefe30303d%22%7D&xxc=taobaoSearch,,,Yes,True,6,6,12/07/2025 14:47,"{'date': '12/07/2025', 'date_formatted': '12/07/2025', 'hours': '02', 'minutes': '47', 'am_pm': 'PM', 'unix_timestamp': 1765118820000, 'iso_timestamp': '2025-12-07T14:47:00.000Z', 'timestamp': '12/07/2025 02:47 pm', 'time': 887, 'time_formatted': '14:47', 'proper_unix_timestamp': 1765136820000, 'proper_iso_timestamp': '2025-12-07T19:47:00.000Z'}",12/07/2025 14:47,"{'date': '12/07/2025', 'date_formatted': '12/07/2025', 'hours': '02', 'minutes': '47', 'am_pm': 'PM', 'unix_timestamp': 1765118820000, 'iso_timestamp': '2025-12-07T14:47:00.000Z', 'timestamp': '12/07/2025 02:47 pm', 'time': 887, 'time_formatted': '14:47', 'proper_unix_timestamp': 1765136820000, 'proper_iso_timestamp': '2025-12-07T19:47:00.000Z'}",,,,,,,,,158,158,$70.00,70,No,False,70,$70,Ebay,Ebay,,,,,,,,,No,False,,,Yes,True,,,,,,,$30.00,30,,,Yes,True
6935d9e0e573ddca382f13f7,"<span class=""6935d9dea82b00f1dcab6d5c"" data-kn=""connection-value"">C3战术耳机头盔款拾音降噪耳机通讯设备耳麦户外耳罩C5后翻支架-淘宝网</span>","[{'id': '6935d9dea82b00f1dcab6d5c', 'identifier': 'C3战术耳机头盔款拾音降噪耳机通讯设备耳麦户外耳罩C5后翻支架-淘宝网'}]",Margins Added,Margins Added,Helmet-Mounted – Pickup & Noise Reduction Version (Green),Helmet-Mounted – Pickup & Noise Reduction Version (Green),头盔式-拾音降噪版【绿色】,头盔式-拾音降噪版【绿色】,https://item.taobao.com/item.htm?abbucket=10&id=745631978766&mi_id=0000XM-VeiSPZrOJ13BolUMJFGnTLgxuf7fPdv5ApocYDsQ&ns=1&priceTId=215040d517651356972174347e1f0d&skuId=5144111725298&utparam=%7B%22aplus_abtest%22:%226116ca04a729fad4f35b12aefe30303d%22%7D&xxc=taobaoSearch,https://item.taobao.com/item.htm?abbucket=10&id=745631978766&mi_id=0000XM-VeiSPZrOJ13BolUMJFGnTLgxuf7fPdv5ApocYDsQ&ns=1&priceTId=215040d517651356972174347e1f0d&skuId=5144111725298&utparam=%7B%22aplus_abtest%22:%226116ca04a729fad4f35b12aefe30303d%22%7D&xxc=taobaoSearch,,,Yes,True,5,5,12/07/2025 14:47,"{'date': '12/07/2025', 'date_formatted': '12/07/2025', 'hours': '02', 'minutes': '47', 'am_pm': 'PM', 'unix_timestamp': 1765118820000, 'iso_timestamp': '2025-12-07T14:47:00.000Z', 'timestamp': '12/07/2025 02:47 pm', 'time': 887, 'time_formatted': '14:47', 'proper_unix_timestamp': 1765136820000, 'proper_iso_timestamp': '2025-12-07T19:47:00.000Z'}",12/07/2025 14:47,"{'date': '12/07/2025', 'date_formatted': '12/07/2025', 'hours': '02', 'minutes': '47', 'am_pm': 'PM', 'unix_timestamp': 1765118820000, 'iso_timestamp': '2025-12-07T14:47:00.000Z', 'timestamp': '12/07/2025 02:47 pm', 'time': 887, 'time_formatted': '14:47', 'proper_unix_timestamp': 1765136820000, 'proper_iso_timestamp': '2025-12-07T19:47:00.000Z'}",,,,,,,,,330,330,$70.00,70,No,False,120,$120,Amazon,Amazon,,,,,,,,,No,False,,,Yes,True,,,,,,,$30.00,30,,,Yes,True
6935d9e0a82b00f1dcab861a,"<span class=""6935d9dea82b00f1dcab6d5c"" data-kn=""connection-value"">C3战术耳机头盔款拾音降噪耳机通讯设备耳麦户外耳罩C5后翻支架-淘宝网</span>","[{'id': '6935d9dea82b00f1dcab6d5c', 'identifier': 'C3战术耳机头盔款拾音降噪耳机通讯设备耳麦户外耳罩C5后翻支架-淘宝网'}]",Margins Added,Margins Added,Helmet-Mounted – Pickup & Noise Reduction Version (Tan),Helmet-Mounted – Pickup & Noise Reduction Version (Tan),头盔式-拾音降噪版【泥色】,头盔式-拾音降噪版【泥色】,https://item.taobao.com/item.htm?abbucket=10&id=745631978766&mi_id=0000XM-VeiSPZrOJ13BolUMJFGnTLgxuf7fPdv5ApocYDsQ&ns=1&priceTId=215040d517651356972174347e1f0d&skuId=5144111725297&utparam=%7B%22aplus_abtest%22:%226116ca04a729fad4f35b12aefe30303d%22%7D&xxc=taobaoSearch,https://item.taobao.com/item.htm?abbucket=10&id=745631978766&mi_id=0000XM-VeiSPZrOJ13BolUMJFGnTLgxuf7fPdv5ApocYDsQ&ns=1&priceTId=215040d517651356972174347e1f0d&skuId=5144111725297&utparam=%7B%22aplus_abtest%22:%226116ca04a729fad4f35b12aefe30303d%22%7D&xxc=taobaoSearch,,,Yes,True,4,4,12/07/2025 14:47,"{'date': '12/07/2025', 'date_formatted': '12/07/2025', 'hours': '02', 'minutes': '47', 'am_pm': 'PM', 'unix_timestamp': 1765118820000, 'iso_timestamp': '2025-12-07T14:47:00.000Z', 'timestamp': '12/07/2025 02:47 pm', 'time': 887, 'time_formatted': '14:47', 'proper_unix_timestamp': 1765136820000, 'proper_iso_timestamp': '2025-12-07T19:47:00.000Z'}",12/07/2025 14:47,"{'date': '12/07/2025', 'date_formatted': '12/07/2025', 'hours': '02', 'minutes': '47', 'am_pm': 'PM', 'unix_timestamp': 1765118820000, 'iso_timestamp': '2025-12-07T14:47:00.000Z', 'timestamp': '12/07/2025 02:47 pm', 'time': 887, 'time_formatted': '14:47', 'proper_unix_timestamp': 1765136820000, 'proper_iso_timestamp': '2025-12-07T19:47:00.000Z'}",,,,,,,,,330,330,$70.00,70,No,False,120,$120,Amazon,Amazon,,,,,,,,,No,False,,,Yes,True,,,,,,,$30.00,30,,,Yes,True
6935d9e046aa7c24b7c25927,"<span class=""6935d9dea82b00f1dcab6d5c"" data-kn=""connection-value"">C3战术耳机头盔款拾音降噪耳机通讯设备耳麦户外耳罩C5后翻支架-淘宝网</span>","[{'id': '6935d9dea82b00f1dcab6d5c', 'identifier': 'C3战术耳机头盔款拾音降噪耳机通讯设备耳麦户外耳罩C5后翻支架-淘宝网'}]",Margins Added,Margins Added,Helmet-Mounted – Pickup & Noise Reduction Version (Black),Helmet-Mounted – Pickup & Noise Reduction Version (Black),头盔式-拾音降噪版【黑色】,头盔式-拾音降噪版【黑色】,https://item.taobao.com/item.htm?abbucket=10&id=745631978766&mi_id=0000XM-VeiSPZrOJ13BolUMJFGnTLgxuf7fPdv5ApocYDsQ&ns=1&priceTId=215040d517651356972174347e1f0d&skuId=5144111725296&utparam=%7B%22aplus_abtest%22:%226116ca04a729fad4f35b12aefe30303d%22%7D&xxc=taobaoSearch,https://item.taobao.com/item.htm?abbucket=10&id=745631978766&mi_id=0000XM-VeiSPZrOJ13BolUMJFGnTLgxuf7fPdv5ApocYDsQ&ns=1&priceTId=215040d517651356972174347e1f0d&skuId=5144111725296&utparam=%7B%22aplus_abtest%22:%226116ca04a729fad4f35b12aefe30303d%22%7D&xxc=taobaoSearch,,,Yes,True,3,3,12/07/2025 14:47,"{'date': '12/07/2025', 'date_formatted': '12/07/2025', 'hours': '02', 'minutes': '47', 'am_pm': 'PM', 'unix_timestamp': 1765118820000, 'iso_timestamp': '2025-12-07T14:47:00.000Z', 'timestamp': '12/07/2025 02:47 pm', 'time': 887, 'time_formatted': '14:47', 'proper_unix_timestamp': 1765136820000, 'proper_iso_timestamp': '2025-12-07T19:47:00.000Z'}",12/07/2025 14:47,"{'date': '12/07/2025', 'date_formatted': '12/07/2025', 'hours': '02', 'minutes': '47', 'am_pm': 'PM', 'unix_timestamp': 1765118820000, 'iso_timestamp': '2025-12-07T14:47:00.000Z', 'timestamp': '12/07/2025 02:47 pm', 'time': 887, 'time_formatted': '14:47', 'proper_unix_timestamp': 1765136820000, 'proper_iso_timestamp': '2025-12-07T19:47:00.000Z'}",,,,,,,,,330,330,$70.00,70,No,False,120,$120,Amazon,Amazon,,,,,,,,,No,False,,,Yes,True,,,,,,,$30.00,30,,,Yes,True
6935d9e046aa7c24b7c258a7,"<span class=""6935d9dea82b00f1dcab6d5c"" data-kn=""connection-value"">C3战术耳机头盔款拾音降噪耳机通讯设备耳麦户外耳罩C5后翻支架-淘宝网</span>","[{'id': '6935d9dea82b00f1dcab6d5c', 'identifier': 'C3战术耳机头盔款拾音降噪耳机通讯设备耳麦户外耳罩C5后翻支架-淘宝网'}]",Margins Added,Margins Added,Helmet-Mounted – No Pickup Version (Green),Helmet-Mounted – No Pickup Version (Green),头盔式-无拾音版【绿色】,头盔式-无拾音版【绿色】,https://item.taobao.com/item.htm?abbucket=10&id=745631978766&mi_id=0000XM-VeiSPZrOJ13BolUMJFGnTLgxuf7fPdv5ApocYDsQ&ns=1&priceTId=215040d517651356972174347e1f0d&skuId=5144105681683&utparam=%7B%22aplus_abtest%22:%226116ca04a729fad4f35b12aefe30303d%22%7D&xxc=taobaoSearch,https://item.taobao.com/item.htm?abbucket=10&id=745631978766&mi_id=0000XM-VeiSPZrOJ13BolUMJFGnTLgxuf7fPdv5ApocYDsQ&ns=1&priceTId=215040d517651356972174347e1f0d&skuId=5144105681683&utparam=%7B%22aplus_abtest%22:%226116ca04a729fad4f35b12aefe30303d%22%7D&xxc=taobaoSearch,,,Yes,True,2,2,12/07/2025 14:47,"{'date': '12/07/2025', 'date_formatted': '12/07/2025', 'hours': '02', 'minutes': '47', 'am_pm': 'PM', 'unix_timestamp': 1765118820000, 'iso_timestamp': '2025-12-07T14:47:00.000Z', 'timestamp': '12/07/2025 02:47 pm', 'time': 887, 'time_formatted': '14:47', 'proper_unix_timestamp': 1765136820000, 'proper_iso_timestamp': '2025-12-07T19:47:00.000Z'}",12/07/2025 14:47,"{'date': '12/07/2025', 'date_formatted': '12/07/2025', 'hours': '02', 'minutes': '47', 'am_pm': 'PM', 'unix_timestamp': 1765118820000, 'iso_timestamp': '2025-12-07T14:47:00.000Z', 'timestamp': '12/07/2025 02:47 pm', 'time': 887, 'time_formatted': '14:47', 'proper_unix_timestamp': 1765136820000, 'proper_iso_timestamp': '2025-12-07T19:47:00.000Z'}",,,,,,,,,158,158,$70.00,70,No,False,70,$70,https://www.ebay.com/itm/226954806175?chn=ps&var=526106838415&google_free_listing_action=view_item,https://www.ebay.com/itm/226954806175?chn=ps&var=526106838415&google_free_listing_action=view_item,,,,,,,,,No,False,,,Yes,True,,,,,,,$30.00,30,,,Yes,True
6935d9df46aa7c24b7c25823,"<span class=""6935d9dea82b00f1dcab6d5c"" data-kn=""connection-value"">C3战术耳机头盔款拾音降噪耳机通讯设备耳麦户外耳罩C5后翻支架-淘宝网</span>","[{'id': '6935d9dea82b00f1dcab6d5c', 'identifier': 'C3战术耳机头盔款拾音降噪耳机通讯设备耳麦户外耳罩C5后翻支架-淘宝网'}]",Margins Added,Margins Added,Helmet-Mounted – No Pickup Version (Tan),Helmet-Mounted – No Pickup Version (Tan),头盔式-无拾音版【泥色】,头盔式-无拾音版【泥色】,https://item.taobao.com/item.htm?abbucket=10&id=745631978766&mi_id=0000XM-VeiSPZrOJ13BolUMJFGnTLgxuf7fPdv5ApocYDsQ&ns=1&priceTId=215040d517651356972174347e1f0d&skuId=5144105681682&utparam=%7B%22aplus_abtest%22:%226116ca04a729fad4f35b12aefe30303d%22%7D&xxc=taobaoSearch,https://item.taobao.com/item.htm?abbucket=10&id=745631978766&mi_id=0000XM-VeiSPZrOJ13BolUMJFGnTLgxuf7fPdv5ApocYDsQ&ns=1&priceTId=215040d517651356972174347e1f0d&skuId=5144105681682&utparam=%7B%22aplus_abtest%22:%226116ca04a729fad4f35b12aefe30303d%22%7D&xxc=taobaoSearch,,,Yes,True,1,1,12/07/2025 14:47,"{'date': '12/07/2025', 'date_formatted': '12/07/2025', 'hours': '02', 'minutes': '47', 'am_pm': 'PM', 'unix_timestamp': 1765118820000, 'iso_timestamp': '2025-12-07T14:47:00.000Z', 'timestamp': '12/07/2025 02:47 pm', 'time': 887, 'time_formatted': '14:47', 'proper_unix_timestamp': 1765136820000, 'proper_iso_timestamp': '2025-12-07T19:47:00.000Z'}",12/07/2025 14:47,"{'date': '12/07/2025', 'date_formatted': '12/07/2025', 'hours': '02', 'minutes': '47', 'am_pm': 'PM', 'unix_timestamp': 1765118820000, 'iso_timestamp': '2025-12-07T14:47:00.000Z', 'timestamp': '12/07/2025 02:47 pm', 'time': 887, 'time_formatted': '14:47', 'proper_unix_timestamp': 1765136820000, 'proper_iso_timestamp': '2025-12-07T19:47:00.000Z'}",,,,,,,,,158,158,$70.00,70,No,False,70,$70,https://www.ebay.com/itm/226954806175?chn=ps&var=526106838415&google_free_listing_action=view_item,https://www.ebay.com/itm/226954806175?chn=ps&var=526106838415&google_free_listing_action=view_item,,,,,,,,,No,False,,,Yes,True,,,,,,,$30.00,30,,,Yes,True
6935d9df46aa7c24b7c257a3,"<span class=""6935d9dea82b00f1dcab6d5c"" data-kn=""connection-value"">C3战术耳机头盔款拾音降噪耳机通讯设备耳麦户外耳罩C5后翻支架-淘宝网</span>","[{'id': '6935d9dea82b00f1dcab6d5c', 'identifier': 'C3战术耳机头盔款拾音降噪耳机通讯设备耳麦户外耳罩C5后翻支架-淘宝网'}]",Margins Added,Margins Added,Helmet-Mounted – No Pickup Version (Black),Helmet-Mounted – No Pickup Version (Black),头盔式-无拾音版【黑色】,头盔式-无拾音版【黑色】,https://item.taobao.com/item.htm?abbucket=10&id=745631978766&mi_id=0000XM-VeiSPZrOJ13BolUMJFGnTLgxuf7fPdv5ApocYDsQ&ns=1&priceTId=215040d517651356972174347e1f0d&skuId=5144105681681&utparam=%7B%22aplus_abtest%22:%226116ca04a729fad4f35b12aefe30303d%22%7D&xxc=taobaoSearch,https://item.taobao.com/item.htm?abbucket=10&id=745631978766&mi_id=0000XM-VeiSPZrOJ13BolUMJFGnTLgxuf7fPdv5ApocYDsQ&ns=1&priceTId=215040d517651356972174347e1f0d&skuId=5144105681681&utparam=%7B%22aplus_abtest%22:%226116ca04a729fad4f35b12aefe30303d%22%7D&xxc=taobaoSearch,,,Yes,True,0,0,12/07/2025 14:47,"{'date': '12/07/2025', 'date_formatted': '12/07/2025', 'hours': '02', 'minutes': '47', 'am_pm': 'PM', 'unix_timestamp': 1765118820000, 'iso_timestamp': '2025-12-07T14:47:00.000Z', 'timestamp': '12/07/2025 02:47 pm', 'time': 887, 'time_formatted': '14:47', 'proper_unix_timestamp': 1765136820000, 'proper_iso_timestamp': '2025-12-07T19:47:00.000Z'}",12/07/2025 14:47,"{'date': '12/07/2025', 'date_formatted': '12/07/2025', 'hours': '02', 'minutes': '47', 'am_pm': 'PM', 'unix_timestamp': 1765118820000, 'iso_timestamp': '2025-12-07T14:47:00.000Z', 'timestamp': '12/07/2025 02:47 pm', 'time': 887, 'time_formatted': '14:47', 'proper_unix_timestamp': 1765136820000, 'proper_iso_timestamp': '2025-12-07T19:47:00.000Z'}",,,,,,,,,158,158,$70.00,70,No,False,70,$70,https://www.ebay.com/itm/226954806175?chn=ps&var=526106838415&google_free_listing_action=view_item,https://www.ebay.com/itm/226954806175?chn=ps&var=526106838415&google_free_listing_action=view_item,,,,,,,,,No,False,,,Yes,True,,,,,,,$30.00,30,,,Yes,True
6935d9dd09c6332748e09b8a,"<span class=""6935d9d90df5253fb9634799"" data-kn=""connection-value"">全套jpc3.0战术背心cs吃鸡游戏装备作训背心影视拍摄道具马甲-淘宝网</span>","[{'id': '6935d9d90df5253fb9634799', 'identifier': '全套jpc3.0战术背心cs吃鸡游戏装备作训背心影视拍摄道具马甲-淘宝网'}]",Inactive,Inactive,对讲机除外到手如图80/230斤,对讲机除外到手如图80/230斤,,,,,,,Yes,True,16,16,12/07/2025 14:47,"{'date': '12/07/2025', 'date_formatted': '12/07/2025', 'hours': '02', 'minutes': '47', 'am_pm': 'PM', 'unix_timestamp': 1765118820000, 'iso_timestamp': '2025-12-07T14:47:00.000Z', 'timestamp': '12/07/2025 02:47 pm', 'time': 887, 'time_formatted': '14:47', 'proper_unix_timestamp': 1765136820000, 'proper_iso_timestamp': '2025-12-07T19:47:00.000Z'}",12/07/2025 14:47,"{'date': '12/07/2025', 'date_formatted': '12/07/2025', 'hours': '02', 'minutes': '47', 'am_pm': 'PM', 'unix_timestamp': 1765118820000, 'iso_timestamp': '2025-12-07T14:47:00.000Z', 'timestamp': '12/07/2025 02:47 pm', 'time': 887, 'time_formatted': '14:47', 'proper_unix_timestamp': 1765136820000, 'proper_iso_timestamp': '2025-12-07T19:47:00.000Z'}",,,,,,,,,0,0,$70.00,70,No,False,,,,,,,,,,,,,No,False,,,Yes,True,,,,,,,$30.00,30,,,Yes,True
6935d9dd09c6332748e09b0a,"<span class=""6935d9d90df5253fb9634799"" data-kn=""connection-value"">全套jpc3.0战术背心cs吃鸡游戏装备作训背心影视拍摄道具马甲-淘宝网</span>","[{'id': '6935d9d90df5253fb9634799', 'identifier': '全套jpc3.0战术背心cs吃鸡游戏装备作训背心影视拍摄道具马甲-淘宝网'}]",Inactive,Inactive,4.5mm防AK2.3kg 一片,4.5mm防AK2.3kg 一片,,,,,,,Yes,True,15,15,12/07/2025 14:47,"{'date': '12/07/2025', 'date_formatted': '12/07/2025', 'hours': '02', 'minutes': '47', 'am_pm': 'PM', 'unix_timestamp': 1765118820000, 'iso_timestamp': '2025-12-07T14:47:00.000Z', 'timestamp': '12/07/2025 02:47 pm', 'time': 887, 'time_formatted': '14:47', 'proper_unix_timestamp': 1765136820000, 'proper_iso_timestamp': '2025-12-07T19:47:00.000Z'}",12/07/2025 14:47,"{'date': '12/07/2025', 'date_formatted': '12/07/2025', 'hours': '02', 'minutes': '47', 'am_pm': 'PM', 'unix_timestamp': 1765118820000, 'iso_timestamp': '2025-12-07T14:47:00.000Z', 'timestamp': '12/07/2025 02:47 pm', 'time': 887, 'time_formatted': '14:47', 'proper_unix_timestamp': 1765136820000, 'proper_iso_timestamp': '2025-12-07T19:47:00.000Z'}",,,,,,,,,0,0,$70.00,70,No,False,,,,,,,,,,,,,No,False,,,Yes,True,,,,,,,$30.00,30,,,Yes,True
6935d9dde573ddca382f0790,"<span class=""6935d9d90df5253fb9634799"" data-kn=""connection-value"">全套jpc3.0战术背心cs吃鸡游戏装备作训背心影视拍摄道具马甲-淘宝网</span>","[{'id': '6935d9d90df5253fb9634799', 'identifier': '全套jpc3.0战术背心cs吃鸡游戏装备作训背心影视拍摄道具马甲-淘宝网'}]",Inactive,Inactive,2.3mm防手枪微冲1.3kg 一片,2.3mm防手枪微冲1.3kg 一片,,,,,,,Yes,True,14,14,12/07/2025 14:47,"{'date': '12/07/2025', 'date_formatted': '12/07/2025', 'hours': '02', 'minutes': '47', 'am_pm': 'PM', 'unix_timestamp': 1765118820000, 'iso_timestamp': '2025-12-07T14:47:00.000Z', 'timestamp': '12/07/2025 02:47 pm', 'time': 887, 'time_formatted': '14:47', 'proper_unix_timestamp': 1765136820000, 'proper_iso_timestamp': '2025-12-07T19:47:00.000Z'}",12/07/2025 14:47,"{'date': '12/07/2025', 'date_formatted': '12/07/2025', 'hours': '02', 'minutes': '47', 'am_pm': 'PM', 'unix_timestamp': 1765118820000, 'iso_timestamp': '2025-12-07T14:47:00.000Z', 'timestamp': '12/07/2025 02:47 pm', 'time': 887, 'time_formatted': '14:47', 'proper_unix_timestamp': 1765136820000, 'proper_iso_timestamp': '2025-12-07T19:47:00.000Z'}",,,,,,,,,0,0,$70.00,70,No,False,,,,,,,,,,,,,No,False,,,Yes,True,,,,,,,$30.00,30,,,Yes,True
6935d9dde573ddca382f0710,"<span class=""6935d9d90df5253fb9634799"" data-kn=""connection-value"">全套jpc3.0战术背心cs吃鸡游戏装备作训背心影视拍摄道具马甲-淘宝网</span>","[{'id': '6935d9d90df5253fb9634799', 'identifier': '全套jpc3.0战术背心cs吃鸡游戏装备作训背心影视拍摄道具马甲-淘宝网'}]",Inactive,Inactive,1.8mm防剌1kg 一片,1.8mm防剌1kg 一片,,,,,,,Yes,True,13,13,12/07/2025 14:47,"{'date': '12/07/2025', 'date_formatted': '12/07/2025', 'hours': '02', 'minutes': '47', 'am_pm': 'PM', 'unix_timestamp': 1765118820000, 'iso_timestamp': '2025-12-07T14:47:00.000Z', 'timestamp': '12/07/2025 02:47 pm', 'time': 887, 'time_formatted': '14:47', 'proper_unix_timestamp': 1765136820000, 'proper_iso_timestamp': '2025-12-07T19:47:00.000Z'}",12/07/2025 14:47,"{'date': '12/07/2025', 'date_formatted': '12/07/2025', 'hours': '02', 'minutes': '47', 'am_pm': 'PM', 'unix_timestamp': 1765118820000, 'iso_timestamp': '2025-12-07T14:47:00.000Z', 'timestamp': '12/07/2025 02:47 pm', 'time': 887, 'time_formatted': '14:47', 'proper_unix_timestamp': 1765136820000, 'proper_iso_timestamp': '2025-12-07T19:47:00.000Z'}",,,,,,,,,0,0,$70.00,70,No,False,,,,,,,,,,,,,No,False,,,Yes,True,,,,,,,$30.00,30,,,Yes,True
6935d9dce573ddca382f0690,"<span class=""6935d9d90df5253fb9634799"" data-kn=""connection-value"">全套jpc3.0战术背心cs吃鸡游戏装备作训背心影视拍摄道具马甲-淘宝网</span>","[{'id': '6935d9d90df5253fb9634799', 'identifier': '全套jpc3.0战术背心cs吃鸡游戏装备作训背心影视拍摄道具马甲-淘宝网'}]",Inactive,Inactive,cp 8件套,cp 8件套,,,,,,,Yes,True,12,12,12/07/2025 14:47,"{'date': '12/07/2025', 'date_formatted': '12/07/2025', 'hours': '02', 'minutes': '47', 'am_pm': 'PM', 'unix_timestamp': 1765118820000, 'iso_timestamp': '2025-12-07T14:47:00.000Z', 'timestamp': '12/07/2025 02:47 pm', 'time': 887, 'time_formatted': '14:47', 'proper_unix_timestamp': 1765136820000, 'proper_iso_timestamp': '2025-12-07T19:47:00.000Z'}",12/07/2025 14:47,"{'date': '12/07/2025', 'date_formatted': '12/07/2025', 'hours': '02', 'minutes': '47', 'am_pm': 'PM', 'unix_timestamp': 1765118820000, 'iso_timestamp': '2025-12-07T14:47:00.000Z', 'timestamp': '12/07/2025 02:47 pm', 'time': 887, 'time_formatted': '14:47', 'proper_unix_timestamp': 1765136820000, 'proper_iso_timestamp': '2025-12-07T19:47:00.000Z'}",,,,,,,,,0,0,$70.00,70,No,False,,,,,,,,,,,,,No,False,,,Yes,True,,,,,,,$30.00,30,,,Yes,True
6935d9dc46aa7c24b7c252e2,"<span class=""6935d9d90df5253fb9634799"" data-kn=""connection-value"">全套jpc3.0战术背心cs吃鸡游戏装备作训背心影视拍摄道具马甲-淘宝网</span>","[{'id': '6935d9d90df5253fb9634799', 'identifier': '全套jpc3.0战术背心cs吃鸡游戏装备作训背心影视拍摄道具马甲-淘宝网'}]",Inactive,Inactive,cp 7件套,cp 7件套,,,,,,,Yes,True,11,11,12/07/2025 14:47,"{'date': '12/07/2025', 'date_formatted': '12/07/2025', 'hours': '02', 'minutes': '47', 'am_pm': 'PM', 'unix_timestamp': 1765118820000, 'iso_timestamp': '2025-12-07T14:47:00.000Z', 'timestamp': '12/07/2025 02:47 pm', 'time': 887, 'time_formatted': '14:47', 'proper_unix_timestamp': 1765136820000, 'proper_iso_timestamp': '2025-12-07T19:47:00.000Z'}",12/07/2025 14:47,"{'date': '12/07/2025', 'date_formatted': '12/07/2025', 'hours': '02', 'minutes': '47', 'am_pm': 'PM', 'unix_timestamp': 1765118820000, 'iso_timestamp': '2025-12-07T14:47:00.000Z', 'timestamp': '12/07/2025 02:47 pm', 'time': 887, 'time_formatted': '14:47', 'proper_unix_timestamp': 1765136820000, 'proper_iso_timestamp': '2025-12-07T19:47:00.000Z'}",,,,,,,,,0,0,$70.00,70,No,False,,,,,,,,,,,,,No,False,,,Yes,True,,,,,,,$30.00,30,,,Yes,True
6935d9dc46aa7c24b7c25262,"<span class=""6935d9d90df5253fb9634799"" data-kn=""connection-value"">全套jpc3.0战术背心cs吃鸡游戏装备作训背心影视拍摄道具马甲-淘宝网</span>","[{'id': '6935d9d90df5253fb9634799', 'identifier': '全套jpc3.0战术背心cs吃鸡游戏装备作训背心影视拍摄道具马甲-淘宝网'}]",Inactive,Inactive,cp 6件套,cp 6件套,,,,,,,Yes,True,10,10,12/07/2025 14:47,"{'date': '12/07/2025', 'date_formatted': '12/07/2025', 'hours': '02', 'minutes': '47', 'am_pm': 'PM', 'unix_timestamp': 1765118820000, 'iso_timestamp': '2025-12-07T14:47:00.000Z', 'timestamp': '12/07/2025 02:47 pm', 'time': 887, 'time_formatted': '14:47', 'proper_unix_timestamp': 1765136820000, 'proper_iso_timestamp': '2025-12-07T19:47:00.000Z'}",12/07/2025 14:47,"{'date': '12/07/2025', 'date_formatted': '12/07/2025', 'hours': '02', 'minutes': '47', 'am_pm': 'PM', 'unix_timestamp': 1765118820000, 'iso_timestamp': '2025-12-07T14:47:00.000Z', 'timestamp': '12/07/2025 02:47 pm', 'time': 887, 'time_formatted': '14:47', 'proper_unix_timestamp': 1765136820000, 'proper_iso_timestamp': '2025-12-07T19:47:00.000Z'}",,,,,,,,,0,0,$70.00,70,No,False,,,,,,,,,,,,,No,False,,,Yes,True,,,,,,,$30.00,30,,,Yes,True
6935d9dca82b00f1dcab53d5,"<span class=""6935d9d90df5253fb9634799"" data-kn=""connection-value"">全套jpc3.0战术背心cs吃鸡游戏装备作训背心影视拍摄道具马甲-淘宝网</span>","[{'id': '6935d9d90df5253fb9634799', 'identifier': '全套jpc3.0战术背心cs吃鸡游戏装备作训背心影视拍摄道具马甲-淘宝网'}]",Inactive,Inactive,cp 五件套,cp 五件套,,,,,,,Yes,True,9,9,12/07/2025 14:47,"{'date': '12/07/2025', 'date_formatted': '12/07/2025', 'hours': '02', 'minutes': '47', 'am_pm': 'PM', 'unix_timestamp': 1765118820000, 'iso_timestamp': '2025-12-07T14:47:00.000Z', 'timestamp': '12/07/2025 02:47 pm', 'time': 887, 'time_formatted': '14:47', 'proper_unix_timestamp': 1765136820000, 'proper_iso_timestamp': '2025-12-07T19:47:00.000Z'}",12/07/2025 14:47,"{'date': '12/07/2025', 'date_formatted': '12/07/2025', 'hours': '02', 'minutes': '47', 'am_pm': 'PM', 'unix_timestamp': 1765118820000, 'iso_timestamp': '2025-12-07T14:47:00.000Z', 'timestamp': '12/07/2025 02:47 pm', 'time': 887, 'time_formatted': '14:47', 'proper_unix_timestamp': 1765136820000, 'proper_iso_timestamp': '2025-12-07T19:47:00.000Z'}",,,,,,,,,0,0,$70.00,70,No,False,,,,,,,,,,,,,No,False,,,Yes,True,,,,,,,$30.00,30,,,Yes,True
6935d9dca82b00f1dcab5355,"<span class=""6935d9d90df5253fb9634799"" data-kn=""connection-value"">全套jpc3.0战术背心cs吃鸡游戏装备作训背心影视拍摄道具马甲-淘宝网</span>","[{'id': '6935d9d90df5253fb9634799', 'identifier': '全套jpc3.0战术背心cs吃鸡游戏装备作训背心影视拍摄道具马甲-淘宝网'}]",Inactive,Inactive,cp 快拆主体+三联包,cp 快拆主体+三联包,,,,,,,Yes,True,8,8,12/07/2025 14:47,"{'date': '12/07/2025', 'date_formatted': '12/07/2025', 'hours': '02', 'minutes': '47', 'am_pm': 'PM', 'unix_timestamp': 1765118820000, 'iso_timestamp': '2025-12-07T14:47:00.000Z', 'timestamp': '12/07/2025 02:47 pm', 'time': 887, 'time_formatted': '14:47', 'proper_unix_timestamp': 1765136820000, 'proper_iso_timestamp': '2025-12-07T19:47:00.000Z'}",12/07/2025 14:47,"{'date': '12/07/2025', 'date_formatted': '12/07/2025', 'hours': '02', 'minutes': '47', 'am_pm': 'PM', 'unix_timestamp': 1765118820000, 'iso_timestamp': '2025-12-07T14:47:00.000Z', 'timestamp': '12/07/2025 02:47 pm', 'time': 887, 'time_formatted': '14:47', 'proper_unix_timestamp': 1765136820000, 'proper_iso_timestamp': '2025-12-07T19:47:00.000Z'}",,,,,,,,,0,0,$70.00,70,No,False,,,,,,,,,,,,,No,False,,,Yes,True,,,,,,,$30.00,30,,,Yes,True
6935d9dca82b00f1dcab52d5,"<span class=""6935d9d90df5253fb9634799"" data-kn=""connection-value"">全套jpc3.0战术背心cs吃鸡游戏装备作训背心影视拍摄道具马甲-淘宝网</span>","[{'id': '6935d9d90df5253fb9634799', 'identifier': '全套jpc3.0战术背心cs吃鸡游戏装备作训背心影视拍摄道具马甲-淘宝网'}]",Inactive,Inactive,cp 快拆主体,cp 快拆主体,,,,,,,Yes,True,7,7,12/07/2025 14:47,"{'date': '12/07/2025', 'date_formatted': '12/07/2025', 'hours': '02', 'minutes': '47', 'am_pm': 'PM', 'unix_timestamp': 1765118820000, 'iso_timestamp': '2025-12-07T14:47:00.000Z', 'timestamp': '12/07/2025 02:47 pm', 'time': 887, 'time_formatted': '14:47', 'proper_unix_timestamp': 1765136820000, 'proper_iso_timestamp': '2025-12-07T19:47:00.000Z'}",12/07/2025 14:47,"{'date': '12/07/2025', 'date_formatted': '12/07/2025', 'hours': '02', 'minutes': '47', 'am_pm': 'PM', 'unix_timestamp': 1765118820000, 'iso_timestamp': '2025-12-07T14:47:00.000Z', 'timestamp': '12/07/2025 02:47 pm', 'time': 887, 'time_formatted': '14:47', 'proper_unix_timestamp': 1765136820000, 'proper_iso_timestamp': '2025-12-07T19:47:00.000Z'}",,,,,,,,,0,0,$70.00,70,No,False,,,,,,,,,,,,,No,False,,,Yes,True,,,,,,,$30.00,30,,,Yes,True
6935d9dba82b00f1dcab5255,"<span class=""6935d9d90df5253fb9634799"" data-kn=""connection-value"">全套jpc3.0战术背心cs吃鸡游戏装备作训背心影视拍摄道具马甲-淘宝网</span>","[{'id': '6935d9d90df5253fb9634799', 'identifier': '全套jpc3.0战术背心cs吃鸡游戏装备作训背心影视拍摄道具马甲-淘宝网'}]",Inactive,Inactive,8件套,8件套,,,,,,,Yes,True,6,6,12/07/2025 14:47,"{'date': '12/07/2025', 'date_formatted': '12/07/2025', 'hours': '02', 'minutes': '47', 'am_pm': 'PM', 'unix_timestamp': 1765118820000, 'iso_timestamp': '2025-12-07T14:47:00.000Z', 'timestamp': '12/07/2025 02:47 pm', 'time': 887, 'time_formatted': '14:47', 'proper_unix_timestamp': 1765136820000, 'proper_iso_timestamp': '2025-12-07T19:47:00.000Z'}",12/07/2025 14:47,"{'date': '12/07/2025', 'date_formatted': '12/07/2025', 'hours': '02', 'minutes': '47', 'am_pm': 'PM', 'unix_timestamp': 1765118820000, 'iso_timestamp': '2025-12-07T14:47:00.000Z', 'timestamp': '12/07/2025 02:47 pm', 'time': 887, 'time_formatted': '14:47', 'proper_unix_timestamp': 1765136820000, 'proper_iso_timestamp': '2025-12-07T19:47:00.000Z'}",,,,,,,,,0,0,$70.00,70,No,False,,,,,,,,,,,,,No,False,,,Yes,True,,,,,,,$30.00,30,,,Yes,True
6935d9db46aa7c24b7c24527,"<span class=""6935d9d90df5253fb9634799"" data-kn=""connection-value"">全套jpc3.0战术背心cs吃鸡游戏装备作训背心影视拍摄道具马甲-淘宝网</span>","[{'id': '6935d9d90df5253fb9634799', 'identifier': '全套jpc3.0战术背心cs吃鸡游戏装备作训背心影视拍摄道具马甲-淘宝网'}]",Inactive,Inactive,7件套,7件套,,,,,,,Yes,True,5,5,12/07/2025 14:47,"{'date': '12/07/2025', 'date_formatted': '12/07/2025', 'hours': '02', 'minutes': '47', 'am_pm': 'PM', 'unix_timestamp': 1765118820000, 'iso_timestamp': '2025-12-07T14:47:00.000Z', 'timestamp': '12/07/2025 02:47 pm', 'time': 887, 'time_formatted': '14:47', 'proper_unix_timestamp': 1765136820000, 'proper_iso_timestamp': '2025-12-07T19:47:00.000Z'}",12/07/2025 14:47,"{'date': '12/07/2025', 'date_formatted': '12/07/2025', 'hours': '02', 'minutes': '47', 'am_pm': 'PM', 'unix_timestamp': 1765118820000, 'iso_timestamp': '2025-12-07T14:47:00.000Z', 'timestamp': '12/07/2025 02:47 pm', 'time': 887, 'time_formatted': '14:47', 'proper_unix_timestamp': 1765136820000, 'proper_iso_timestamp': '2025-12-07T19:47:00.000Z'}",,,,,,,,,0,0,$70.00,70,No,False,,,,,,,,,,,,,No,False,,,Yes,True,,,,,,,$30.00,30,,,Yes,True
6935d9dba82b00f1dcab51cb,"<span class=""6935d9d90df5253fb9634799"" data-kn=""connection-value"">全套jpc3.0战术背心cs吃鸡游戏装备作训背心影视拍摄道具马甲-淘宝网</span>","[{'id': '6935d9d90df5253fb9634799', 'identifier': '全套jpc3.0战术背心cs吃鸡游戏装备作训背心影视拍摄道具马甲-淘宝网'}]",Inactive,Inactive,6件套,6件套,,,,,,,Yes,True,4,4,12/07/2025 14:47,"{'date': '12/07/2025', 'date_formatted': '12/07/2025', 'hours': '02', 'minutes': '47', 'am_pm': 'PM', 'unix_timestamp': 1765118820000, 'iso_timestamp': '2025-12-07T14:47:00.000Z', 'timestamp': '12/07/2025 02:47 pm', 'time': 887, 'time_formatted': '14:47', 'proper_unix_timestamp': 1765136820000, 'proper_iso_timestamp': '2025-12-07T19:47:00.000Z'}",12/07/2025 14:47,"{'date': '12/07/2025', 'date_formatted': '12/07/2025', 'hours': '02', 'minutes': '47', 'am_pm': 'PM', 'unix_timestamp': 1765118820000, 'iso_timestamp': '2025-12-07T14:47:00.000Z', 'timestamp': '12/07/2025 02:47 pm', 'time': 887, 'time_formatted': '14:47', 'proper_unix_timestamp': 1765136820000, 'proper_iso_timestamp': '2025-12-07T19:47:00.000Z'}",,,,,,,,,0,0,$70.00,70,No,False,,,,,,,,,,,,,No,False,,,Yes,True,,,,,,,$30.00,30,,,Yes,True
6935d9dba82b00f1dcab514b,"<span class=""6935d9d90df5253fb9634799"" data-kn=""connection-value"">全套jpc3.0战术背心cs吃鸡游戏装备作训背心影视拍摄道具马甲-淘宝网</span>","[{'id': '6935d9d90df5253fb9634799', 'identifier': '全套jpc3.0战术背心cs吃鸡游戏装备作训背心影视拍摄道具马甲-淘宝网'}]",Inactive,Inactive,5件套,5件套,,,,,,,Yes,True,3,3,12/07/2025 14:47,"{'date': '12/07/2025', 'date_formatted': '12/07/2025', 'hours': '02', 'minutes': '47', 'am_pm': 'PM', 'unix_timestamp': 1765118820000, 'iso_timestamp': '2025-12-07T14:47:00.000Z', 'timestamp': '12/07/2025 02:47 pm', 'time': 887, 'time_formatted': '14:47', 'proper_unix_timestamp': 1765136820000, 'proper_iso_timestamp': '2025-12-07T19:47:00.000Z'}",12/07/2025 14:47,"{'date': '12/07/2025', 'date_formatted': '12/07/2025', 'hours': '02', 'minutes': '47', 'am_pm': 'PM', 'unix_timestamp': 1765118820000, 'iso_timestamp': '2025-12-07T14:47:00.000Z', 'timestamp': '12/07/2025 02:47 pm', 'time': 887, 'time_formatted': '14:47', 'proper_unix_timestamp': 1765136820000, 'proper_iso_timestamp': '2025-12-07T19:47:00.000Z'}",,,,,,,,,0,0,$70.00,70,No,False,,,,,,,,,,,,,No,False,,,Yes,True,,,,,,,$30.00,30,,,Yes,True
6935d9dba82b00f1dcab50cb,"<span class=""6935d9d90df5253fb9634799"" data-kn=""connection-value"">全套jpc3.0战术背心cs吃鸡游戏装备作训背心影视拍摄道具马甲-淘宝网</span>","[{'id': '6935d9d90df5253fb9634799', 'identifier': '全套jpc3.0战术背心cs吃鸡游戏装备作训背心影视拍摄道具马甲-淘宝网'}]",Inactive,Inactive,快拆主体加三联包,快拆主体加三联包,,,,,,,Yes,True,2,2,12/07/2025 14:47,"{'date': '12/07/2025', 'date_formatted': '12/07/2025', 'hours': '02', 'minutes': '47', 'am_pm': 'PM', 'unix_timestamp': 1765118820000, 'iso_timestamp': '2025-12-07T14:47:00.000Z', 'timestamp': '12/07/2025 02:47 pm', 'time': 887, 'time_formatted': '14:47', 'proper_unix_timestamp': 1765136820000, 'proper_iso_timestamp': '2025-12-07T19:47:00.000Z'}",12/07/2025 14:47,"{'date': '12/07/2025', 'date_formatted': '12/07/2025', 'hours': '02', 'minutes': '47', 'am_pm': 'PM', 'unix_timestamp': 1765118820000, 'iso_timestamp': '2025-12-07T14:47:00.000Z', 'timestamp': '12/07/2025 02:47 pm', 'time': 887, 'time_formatted': '14:47', 'proper_unix_timestamp': 1765136820000, 'proper_iso_timestamp': '2025-12-07T19:47:00.000Z'}",,,,,,,,,0,0,$70.00,70,No,False,,,,,,,,,,,,,No,False,,,Yes,True,,,,,,,$30.00,30,,,Yes,True
6935d9dbe573ddca382ef86d,"<span class=""6935d9d90df5253fb9634799"" data-kn=""connection-value"">全套jpc3.0战术背心cs吃鸡游戏装备作训背心影视拍摄道具马甲-淘宝网</span>","[{'id': '6935d9d90df5253fb9634799', 'identifier': '全套jpc3.0战术背心cs吃鸡游戏装备作训背心影视拍摄道具马甲-淘宝网'}]",Inactive,Inactive,快拆主体,快拆主体,,,,,,,Yes,True,1,1,12/07/2025 14:47,"{'date': '12/07/2025', 'date_formatted': '12/07/2025', 'hours': '02', 'minutes': '47', 'am_pm': 'PM', 'unix_timestamp': 1765118820000, 'iso_timestamp': '2025-12-07T14:47:00.000Z', 'timestamp': '12/07/2025 02:47 pm', 'time': 887, 'time_formatted': '14:47', 'proper_unix_timestamp': 1765136820000, 'proper_iso_timestamp': '2025-12-07T19:47:00.000Z'}",12/07/2025 14:47,"{'date': '12/07/2025', 'date_formatted': '12/07/2025', 'hours': '02', 'minutes': '47', 'am_pm': 'PM', 'unix_timestamp': 1765118820000, 'iso_timestamp': '2025-12-07T14:47:00.000Z', 'timestamp': '12/07/2025 02:47 pm', 'time': 887, 'time_formatted': '14:47', 'proper_unix_timestamp': 1765136820000, 'proper_iso_timestamp': '2025-12-07T19:47:00.000Z'}",,,,,,,,,0,0,$70.00,70,No,False,,,,,,,,,,,,,No,False,,,Yes,True,,,,,,,$30.00,30,,,Yes,True
6935d9dbe573ddca382ef7ed,"<span class=""6935d9d90df5253fb9634799"" data-kn=""connection-value"">全套jpc3.0战术背心cs吃鸡游戏装备作训背心影视拍摄道具马甲-淘宝网</span>","[{'id': '6935d9d90df5253fb9634799', 'identifier': '全套jpc3.0战术背心cs吃鸡游戏装备作训背心影视拍摄道具马甲-淘宝网'}]",Inactive,Inactive,无快拆主体,无快拆主体,,,,,,,Yes,True,0,0,12/07/2025 14:47,"{'date': '12/07/2025', 'date_formatted': '12/07/2025', 'hours': '02', 'minutes': '47', 'am_pm': 'PM', 'unix_timestamp': 1765118820000, 'iso_timestamp': '2025-12-07T14:47:00.000Z', 'timestamp': '12/07/2025 02:47 pm', 'time': 887, 'time_formatted': '14:47', 'proper_unix_timestamp': 1765136820000, 'proper_iso_timestamp': '2025-12-07T19:47:00.000Z'}",12/07/2025 14:47,"{'date': '12/07/2025', 'date_formatted': '12/07/2025', 'hours': '02', 'minutes': '47', 'am_pm': 'PM', 'unix_timestamp': 1765118820000, 'iso_timestamp': '2025-12-07T14:47:00.000Z', 'timestamp': '12/07/2025 02:47 pm', 'time': 887, 'time_formatted': '14:47', 'proper_unix_timestamp': 1765136820000, 'proper_iso_timestamp': '2025-12-07T19:47:00.000Z'}",,,,,,,,,0,0,$70.00,70,No,False,,,,,,,,,,,,,No,False,,,Yes,True,,,,,,,$30.00,30,,,Yes,True
6935d9d8e573ddca382eebf4,"<span class=""6935d9d4dbeb352f472974f2"" data-kn=""connection-value"">6094战术背心战术马甲CS 户外野营组合背心 战狼野战作训战术背心-淘宝网</span>","[{'id': '6935d9d4dbeb352f472974f2', 'identifier': '6094战术背心战术马甲CS 户外野营组合背心 战狼野战作训战术背心-淘宝网'}]",Margins Added,Margins Added,Gray 6094,Gray 6094,灰色（6094送国旗）,灰色（6094送国旗）,https://item.taobao.com/item.htm?from=cart&id=719244198696&mi_id=00001vTYijl0U83yyU_evtt_lS2GW4b5IUKC_5zSBHYMbKU&skuId=5016127281644&upStreamPrice=5690,https://item.taobao.com/item.htm?from=cart&id=719244198696&mi_id=00001vTYijl0U83yyU_evtt_lS2GW4b5IUKC_5zSBHYMbKU&skuId=5016127281644&upStreamPrice=5690,,,Yes,True,12,12,12/07/2025 14:47,"{'date': '12/07/2025', 'date_formatted': '12/07/2025', 'hours': '02', 'minutes': '47', 'am_pm': 'PM', 'unix_timestamp': 1765118820000, 'iso_timestamp': '2025-12-07T14:47:00.000Z', 'timestamp': '12/07/2025 02:47 pm', 'time': 887, 'time_formatted': '14:47', 'proper_unix_timestamp': 1765136820000, 'proper_iso_timestamp': '2025-12-07T19:47:00.000Z'}",12/07/2025 14:47,"{'date': '12/07/2025', 'date_formatted': '12/07/2025', 'hours': '02', 'minutes': '47', 'am_pm': 'PM', 'unix_timestamp': 1765118820000, 'iso_timestamp': '2025-12-07T14:47:00.000Z', 'timestamp': '12/07/2025 02:47 pm', 'time': 887, 'time_formatted': '14:47', 'proper_unix_timestamp': 1765136820000, 'proper_iso_timestamp': '2025-12-07T19:47:00.000Z'}",,,,,,,,,57,56.9,$70.00,70,No,False,74,$74,amazon,amazon,,,,,,,,,No,False,,,Yes,True,,,,,,,$30.00,30,,,Yes,True
6935d9d86c6b822bcdc044f7,"<span class=""6935d9d4dbeb352f472974f2"" data-kn=""connection-value"">6094战术背心战术马甲CS 户外野营组合背心 战狼野战作训战术背心-淘宝网</span>","[{'id': '6935d9d4dbeb352f472974f2', 'identifier': '6094战术背心战术马甲CS 户外野营组合背心 战狼野战作训战术背心-淘宝网'}]",Margins Added,Margins Added,Jungle Python Camo 6094,Jungle Python Camo 6094,丛林蟒纹（6094送国旗）,丛林蟒纹（6094送国旗）,https://item.taobao.com/item.htm?from=cart&id=719244198696&mi_id=00001vTYijl0U83yyU_evtt_lS2GW4b5IUKC_5zSBHYMbKU&skuId=5016127281644&upStreamPrice=5690,https://item.taobao.com/item.htm?from=cart&id=719244198696&mi_id=00001vTYijl0U83yyU_evtt_lS2GW4b5IUKC_5zSBHYMbKU&skuId=5016127281644&upStreamPrice=5690,,,Yes,True,11,11,12/07/2025 14:47,"{'date': '12/07/2025', 'date_formatted': '12/07/2025', 'hours': '02', 'minutes': '47', 'am_pm': 'PM', 'unix_timestamp': 1765118820000, 'iso_timestamp': '2025-12-07T14:47:00.000Z', 'timestamp': '12/07/2025 02:47 pm', 'time': 887, 'time_formatted': '14:47', 'proper_unix_timestamp': 1765136820000, 'proper_iso_timestamp': '2025-12-07T19:47:00.000Z'}",12/07/2025 14:47,"{'date': '12/07/2025', 'date_formatted': '12/07/2025', 'hours': '02', 'minutes': '47', 'am_pm': 'PM', 'unix_timestamp': 1765118820000, 'iso_timestamp': '2025-12-07T14:47:00.000Z', 'timestamp': '12/07/2025 02:47 pm', 'time': 887, 'time_formatted': '14:47', 'proper_unix_timestamp': 1765136820000, 'proper_iso_timestamp': '2025-12-07T19:47:00.000Z'}",,,,,,,,,57,56.9,$70.00,70,No,False,74,$74,Amazon,Amazon,,,,,,,,,No,False,,,Yes,True,,,,,,,$30.00,30,,,Yes,True
6935d9d86c6b822bcdc04477,"<span class=""6935d9d4dbeb352f472974f2"" data-kn=""connection-value"">6094战术背心战术马甲CS 户外野营组合背心 战狼野战作训战术背心-淘宝网</span>","[{'id': '6935d9d4dbeb352f472974f2', 'identifier': '6094战术背心战术马甲CS 户外野营组合背心 战狼野战作训战术背心-淘宝网'}]",Margins Added,Margins Added,ACU Camo 6094,ACU Camo 6094,ACU（6094送国旗）,ACU（6094送国旗）,https://item.taobao.com/item.htm?from=cart&id=719244198696&mi_id=00001vTYijl0U83yyU_evtt_lS2GW4b5IUKC_5zSBHYMbKU&skuId=5016127281644&upStreamPrice=5690,https://item.taobao.com/item.htm?from=cart&id=719244198696&mi_id=00001vTYijl0U83yyU_evtt_lS2GW4b5IUKC_5zSBHYMbKU&skuId=5016127281644&upStreamPrice=5690,,,Yes,True,10,10,12/07/2025 14:47,"{'date': '12/07/2025', 'date_formatted': '12/07/2025', 'hours': '02', 'minutes': '47', 'am_pm': 'PM', 'unix_timestamp': 1765118820000, 'iso_timestamp': '2025-12-07T14:47:00.000Z', 'timestamp': '12/07/2025 02:47 pm', 'time': 887, 'time_formatted': '14:47', 'proper_unix_timestamp': 1765136820000, 'proper_iso_timestamp': '2025-12-07T19:47:00.000Z'}",12/07/2025 14:47,"{'date': '12/07/2025', 'date_formatted': '12/07/2025', 'hours': '02', 'minutes': '47', 'am_pm': 'PM', 'unix_timestamp': 1765118820000, 'iso_timestamp': '2025-12-07T14:47:00.000Z', 'timestamp': '12/07/2025 02:47 pm', 'time': 887, 'time_formatted': '14:47', 'proper_unix_timestamp': 1765136820000, 'proper_iso_timestamp': '2025-12-07T19:47:00.000Z'}",,,,,,,,,57,56.9,$70.00,70,No,False,74,$74,Amazon,Amazon,,,,,,,,,No,False,,,Yes,True,,,,,,,$30.00,30,,,Yes,True
6935d9d80df5253fb9633769,"<span class=""6935d9d4dbeb352f472974f2"" data-kn=""connection-value"">6094战术背心战术马甲CS 户外野营组合背心 战狼野战作训战术背心-淘宝网</span>","[{'id': '6935d9d4dbeb352f472974f2', 'identifier': '6094战术背心战术马甲CS 户外野营组合背心 战狼野战作训战术背心-淘宝网'}]",Margins Added,Margins Added,CP Camo 6094,CP Camo 6094,CP（6094送国旗）,CP（6094送国旗）,https://item.taobao.com/item.htm?from=cart&id=719244198696&mi_id=00001vTYijl0U83yyU_evtt_lS2GW4b5IUKC_5zSBHYMbKU&skuId=5016127281644&upStreamPrice=5690,https://item.taobao.com/item.htm?from=cart&id=719244198696&mi_id=00001vTYijl0U83yyU_evtt_lS2GW4b5IUKC_5zSBHYMbKU&skuId=5016127281644&upStreamPrice=5690,,,Yes,True,9,9,12/07/2025 14:47,"{'date': '12/07/2025', 'date_formatted': '12/07/2025', 'hours': '02', 'minutes': '47', 'am_pm': 'PM', 'unix_timestamp': 1765118820000, 'iso_timestamp': '2025-12-07T14:47:00.000Z', 'timestamp': '12/07/2025 02:47 pm', 'time': 887, 'time_formatted': '14:47', 'proper_unix_timestamp': 1765136820000, 'proper_iso_timestamp': '2025-12-07T19:47:00.000Z'}",12/07/2025 14:47,"{'date': '12/07/2025', 'date_formatted': '12/07/2025', 'hours': '02', 'minutes': '47', 'am_pm': 'PM', 'unix_timestamp': 1765118820000, 'iso_timestamp': '2025-12-07T14:47:00.000Z', 'timestamp': '12/07/2025 02:47 pm', 'time': 887, 'time_formatted': '14:47', 'proper_unix_timestamp': 1765136820000, 'proper_iso_timestamp': '2025-12-07T19:47:00.000Z'}",,,,,,,,,57,56.9,$70.00,70,No,False,74,$74,Amazon,Amazon,,,,,,,,,No,False,,,Yes,True,,,,,,,$30.00,30,,,Yes,True
6935d9d8fd324784016b80f8,"<span class=""6935d9d4dbeb352f472974f2"" data-kn=""connection-value"">6094战术背心战术马甲CS 户外野营组合背心 战狼野战作训战术背心-淘宝网</span>","[{'id': '6935d9d4dbeb352f472974f2', 'identifier': '6094战术背心战术马甲CS 户外野营组合背心 战狼野战作训战术背心-淘宝网'}]",Margins Added,Margins Added,Tiger Stripe Camo 6094,Tiger Stripe Camo 6094,虎斑迷彩（6094送国旗）,虎斑迷彩（6094送国旗）,https://item.taobao.com/item.htm?from=cart&id=719244198696&mi_id=00001vTYijl0U83yyU_evtt_lS2GW4b5IUKC_5zSBHYMbKU&skuId=5016127281644&upStreamPrice=5690,https://item.taobao.com/item.htm?from=cart&id=719244198696&mi_id=00001vTYijl0U83yyU_evtt_lS2GW4b5IUKC_5zSBHYMbKU&skuId=5016127281644&upStreamPrice=5690,,,Yes,True,8,8,12/07/2025 14:47,"{'date': '12/07/2025', 'date_formatted': '12/07/2025', 'hours': '02', 'minutes': '47', 'am_pm': 'PM', 'unix_timestamp': 1765118820000, 'iso_timestamp': '2025-12-07T14:47:00.000Z', 'timestamp': '12/07/2025 02:47 pm', 'time': 887, 'time_formatted': '14:47', 'proper_unix_timestamp': 1765136820000, 'proper_iso_timestamp': '2025-12-07T19:47:00.000Z'}",12/07/2025 14:47,"{'date': '12/07/2025', 'date_formatted': '12/07/2025', 'hours': '02', 'minutes': '47', 'am_pm': 'PM', 'unix_timestamp': 1765118820000, 'iso_timestamp': '2025-12-07T14:47:00.000Z', 'timestamp': '12/07/2025 02:47 pm', 'time': 887, 'time_formatted': '14:47', 'proper_unix_timestamp': 1765136820000, 'proper_iso_timestamp': '2025-12-07T19:47:00.000Z'}",,,,,,,,,57,56.9,$70.00,70,No,False,74,$74,Amazon,Amazon,,,,,,,,,No,False,,,Yes,True,,,,,,,$30.00,30,,,Yes,True
6935d9d8dbeb352f4729932b,"<span class=""6935d9d4dbeb352f472974f2"" data-kn=""connection-value"">6094战术背心战术马甲CS 户外野营组合背心 战狼野战作训战术背心-淘宝网</span>","[{'id': '6935d9d4dbeb352f472974f2', 'identifier': '6094战术背心战术马甲CS 户外野营组合背心 战狼野战作训战术背心-淘宝网'}]",Margins Added,Margins Added,Night Camo 6094,Night Camo 6094,暗夜迷彩（6094送国旗）,暗夜迷彩（6094送国旗）,https://item.taobao.com/item.htm?from=cart&id=719244198696&mi_id=00001vTYijl0U83yyU_evtt_lS2GW4b5IUKC_5zSBHYMbKU&skuId=5016127281644&upStreamPrice=5690,https://item.taobao.com/item.htm?from=cart&id=719244198696&mi_id=00001vTYijl0U83yyU_evtt_lS2GW4b5IUKC_5zSBHYMbKU&skuId=5016127281644&upStreamPrice=5690,,,Yes,True,7,7,12/07/2025 14:47,"{'date': '12/07/2025', 'date_formatted': '12/07/2025', 'hours': '02', 'minutes': '47', 'am_pm': 'PM', 'unix_timestamp': 1765118820000, 'iso_timestamp': '2025-12-07T14:47:00.000Z', 'timestamp': '12/07/2025 02:47 pm', 'time': 887, 'time_formatted': '14:47', 'proper_unix_timestamp': 1765136820000, 'proper_iso_timestamp': '2025-12-07T19:47:00.000Z'}",12/07/2025 14:47,"{'date': '12/07/2025', 'date_formatted': '12/07/2025', 'hours': '02', 'minutes': '47', 'am_pm': 'PM', 'unix_timestamp': 1765118820000, 'iso_timestamp': '2025-12-07T14:47:00.000Z', 'timestamp': '12/07/2025 02:47 pm', 'time': 887, 'time_formatted': '14:47', 'proper_unix_timestamp': 1765136820000, 'proper_iso_timestamp': '2025-12-07T19:47:00.000Z'}",,,,,,,,,57,56.9,$70.00,70,No,False,74,$74,Amazon,Amazon,,,,,,,,,No,False,,,Yes,True,,,,,,,$30.00,30,,,Yes,True
6935d9d76c6b822bcdc04328,"<span class=""6935d9d4dbeb352f472974f2"" data-kn=""connection-value"">6094战术背心战术马甲CS 户外野营组合背心 战狼野战作训战术背心-淘宝网</span>","[{'id': '6935d9d4dbeb352f472974f2', 'identifier': '6094战术背心战术马甲CS 户外野营组合背心 战狼野战作训战术背心-淘宝网'}]",Margins Added,Margins Added,Tri-Sand Camo 6094,Tri-Sand Camo 6094,三沙迷彩（6094送国旗）,三沙迷彩（6094送国旗）,https://item.taobao.com/item.htm?from=cart&id=719244198696&mi_id=00001vTYijl0U83yyU_evtt_lS2GW4b5IUKC_5zSBHYMbKU&skuId=5016127281644&upStreamPrice=5690,https://item.taobao.com/item.htm?from=cart&id=719244198696&mi_id=00001vTYijl0U83yyU_evtt_lS2GW4b5IUKC_5zSBHYMbKU&skuId=5016127281644&upStreamPrice=5690,,,Yes,True,6,6,12/07/2025 14:47,"{'date': '12/07/2025', 'date_formatted': '12/07/2025', 'hours': '02', 'minutes': '47', 'am_pm': 'PM', 'unix_timestamp': 1765118820000, 'iso_timestamp': '2025-12-07T14:47:00.000Z', 'timestamp': '12/07/2025 02:47 pm', 'time': 887, 'time_formatted': '14:47', 'proper_unix_timestamp': 1765136820000, 'proper_iso_timestamp': '2025-12-07T19:47:00.000Z'}",12/07/2025 14:47,"{'date': '12/07/2025', 'date_formatted': '12/07/2025', 'hours': '02', 'minutes': '47', 'am_pm': 'PM', 'unix_timestamp': 1765118820000, 'iso_timestamp': '2025-12-07T14:47:00.000Z', 'timestamp': '12/07/2025 02:47 pm', 'time': 887, 'time_formatted': '14:47', 'proper_unix_timestamp': 1765136820000, 'proper_iso_timestamp': '2025-12-07T19:47:00.000Z'}",,,,,,,,,57,56.9,$70.00,70,No,False,74,$74,,,,,,,,,,,No,False,,,Yes,True,,,,,,,$30.00,30,,,Yes,True
6935d9d7fd324784016b7fad,"<span class=""6935d9d4dbeb352f472974f2"" data-kn=""connection-value"">6094战术背心战术马甲CS 户外野营组合背心 战狼野战作训战术背心-淘宝网</span>","[{'id': '6935d9d4dbeb352f472974f2', 'identifier': '6094战术背心战术马甲CS 户外野营组合背心 战狼野战作训战术背心-淘宝网'}]",Margins Added,Margins Added,Sand 6094,Sand 6094,沙色（6094送国旗）,沙色（6094送国旗）,,,,,Yes,True,5,5,12/07/2025 14:47,"{'date': '12/07/2025', 'date_formatted': '12/07/2025', 'hours': '02', 'minutes': '47', 'am_pm': 'PM', 'unix_timestamp': 1765118820000, 'iso_timestamp': '2025-12-07T14:47:00.000Z', 'timestamp': '12/07/2025 02:47 pm', 'time': 887, 'time_formatted': '14:47', 'proper_unix_timestamp': 1765136820000, 'proper_iso_timestamp': '2025-12-07T19:47:00.000Z'}",12/07/2025 14:47,"{'date': '12/07/2025', 'date_formatted': '12/07/2025', 'hours': '02', 'minutes': '47', 'am_pm': 'PM', 'unix_timestamp': 1765118820000, 'iso_timestamp': '2025-12-07T14:47:00.000Z', 'timestamp': '12/07/2025 02:47 pm', 'time': 887, 'time_formatted': '14:47', 'proper_unix_timestamp': 1765136820000, 'proper_iso_timestamp': '2025-12-07T19:47:00.000Z'}",,,,,,,,,66,65.9,$70.00,70,No,False,74,$74,Amazon,Amazon,,,,,,,,,No,False,,,Yes,True,,,,,,,$30.00,30,,,Yes,True
6935d9d70df5253fb9632e77,"<span class=""6935d9d4dbeb352f472974f2"" data-kn=""connection-value"">6094战术背心战术马甲CS 户外野营组合背心 战狼野战作训战术背心-淘宝网</span>","[{'id': '6935d9d4dbeb352f472974f2', 'identifier': '6094战术背心战术马甲CS 户外野营组合背心 战狼野战作训战术背心-淘宝网'}]",Margins Added,Margins Added,OD Green 6094,OD Green 6094,军绿（6094送国旗）,军绿（6094送国旗）,https://item.taobao.com/item.htm?from=cart&id=719244198696&mi_id=00001vTYijl0U83yyU_evtt_lS2GW4b5IUKC_5zSBHYMbKU&skuId=5016127281649&upStreamPrice=5690,https://item.taobao.com/item.htm?from=cart&id=719244198696&mi_id=00001vTYijl0U83yyU_evtt_lS2GW4b5IUKC_5zSBHYMbKU&skuId=5016127281649&upStreamPrice=5690,,,Yes,True,4,4,12/07/2025 14:47,"{'date': '12/07/2025', 'date_formatted': '12/07/2025', 'hours': '02', 'minutes': '47', 'am_pm': 'PM', 'unix_timestamp': 1765118820000, 'iso_timestamp': '2025-12-07T14:47:00.000Z', 'timestamp': '12/07/2025 02:47 pm', 'time': 887, 'time_formatted': '14:47', 'proper_unix_timestamp': 1765136820000, 'proper_iso_timestamp': '2025-12-07T19:47:00.000Z'}",12/07/2025 14:47,"{'date': '12/07/2025', 'date_formatted': '12/07/2025', 'hours': '02', 'minutes': '47', 'am_pm': 'PM', 'unix_timestamp': 1765118820000, 'iso_timestamp': '2025-12-07T14:47:00.000Z', 'timestamp': '12/07/2025 02:47 pm', 'time': 887, 'time_formatted': '14:47', 'proper_unix_timestamp': 1765136820000, 'proper_iso_timestamp': '2025-12-07T19:47:00.000Z'}",,,,,,,,,57,56.9,$70.00,70,No,False,74,$74,amazon,amazon,,,,,,,,,No,False,,,Yes,True,,,,,,,$30.00,30,,,Yes,True
6935d9d70df5253fb9632df7,"<span class=""6935d9d4dbeb352f472974f2"" data-kn=""connection-value"">6094战术背心战术马甲CS 户外野营组合背心 战狼野战作训战术背心-淘宝网</span>","[{'id': '6935d9d4dbeb352f472974f2', 'identifier': '6094战术背心战术马甲CS 户外野营组合背心 战狼野战作训战术背心-淘宝网'}]",Margins Added,Margins Added,Desert Python Camo 6094,Desert Python Camo 6094,荒漠蟒纹（6094送国旗）,荒漠蟒纹（6094送国旗）,https://item.taobao.com/item.htm?from=cart&id=719244198696&mi_id=00001vTYijl0U83yyU_evtt_lS2GW4b5IUKC_5zSBHYMbKU&skuId=5016127281656&upStreamPrice=5690,https://item.taobao.com/item.htm?from=cart&id=719244198696&mi_id=00001vTYijl0U83yyU_evtt_lS2GW4b5IUKC_5zSBHYMbKU&skuId=5016127281656&upStreamPrice=5690,,,Yes,True,3,3,12/07/2025 14:47,"{'date': '12/07/2025', 'date_formatted': '12/07/2025', 'hours': '02', 'minutes': '47', 'am_pm': 'PM', 'unix_timestamp': 1765118820000, 'iso_timestamp': '2025-12-07T14:47:00.000Z', 'timestamp': '12/07/2025 02:47 pm', 'time': 887, 'time_formatted': '14:47', 'proper_unix_timestamp': 1765136820000, 'proper_iso_timestamp': '2025-12-07T19:47:00.000Z'}",12/07/2025 14:47,"{'date': '12/07/2025', 'date_formatted': '12/07/2025', 'hours': '02', 'minutes': '47', 'am_pm': 'PM', 'unix_timestamp': 1765118820000, 'iso_timestamp': '2025-12-07T14:47:00.000Z', 'timestamp': '12/07/2025 02:47 pm', 'time': 887, 'time_formatted': '14:47', 'proper_unix_timestamp': 1765136820000, 'proper_iso_timestamp': '2025-12-07T19:47:00.000Z'}",,,,,,,,,57,56.9,$70.00,70,No,False,74,$74,Amazon,Amazon,,,,,,,,,No,False,,,Yes,True,,,,,,,$30.00,30,,,Yes,True
6935d9d76c6b822bcdc04211,"<span class=""6935d9d4dbeb352f472974f2"" data-kn=""connection-value"">6094战术背心战术马甲CS 户外野营组合背心 战狼野战作训战术背心-淘宝网</span>","[{'id': '6935d9d4dbeb352f472974f2', 'identifier': '6094战术背心战术马甲CS 户外野营组合背心 战狼野战作训战术背心-淘宝网'}]",Margins Added,Margins Added,Desert Digital Camo 6094,Desert Digital Camo 6094,沙漠数码（6094送国旗）,沙漠数码（6094送国旗）,https://item.taobao.com/item.htm?from=cart&id=719244198696&mi_id=00001vTYijl0U83yyU_evtt_lS2GW4b5IUKC_5zSBHYMbKU&skuId=5016127281644&upStreamPrice=5690,https://item.taobao.com/item.htm?from=cart&id=719244198696&mi_id=00001vTYijl0U83yyU_evtt_lS2GW4b5IUKC_5zSBHYMbKU&skuId=5016127281644&upStreamPrice=5690,,,Yes,True,2,2,12/07/2025 14:47,"{'date': '12/07/2025', 'date_formatted': '12/07/2025', 'hours': '02', 'minutes': '47', 'am_pm': 'PM', 'unix_timestamp': 1765118820000, 'iso_timestamp': '2025-12-07T14:47:00.000Z', 'timestamp': '12/07/2025 02:47 pm', 'time': 887, 'time_formatted': '14:47', 'proper_unix_timestamp': 1765136820000, 'proper_iso_timestamp': '2025-12-07T19:47:00.000Z'}",12/07/2025 14:47,"{'date': '12/07/2025', 'date_formatted': '12/07/2025', 'hours': '02', 'minutes': '47', 'am_pm': 'PM', 'unix_timestamp': 1765118820000, 'iso_timestamp': '2025-12-07T14:47:00.000Z', 'timestamp': '12/07/2025 02:47 pm', 'time': 887, 'time_formatted': '14:47', 'proper_unix_timestamp': 1765136820000, 'proper_iso_timestamp': '2025-12-07T19:47:00.000Z'}",,,,,,,,,57,56.9,$70.00,70,No,False,74,$74,Amazon,Amazon,,,,,,,,,No,False,,,Yes,True,,,,,,,$30.00,30,,,Yes,True
6935d9d76c6b822bcdc04191,"<span class=""6935d9d4dbeb352f472974f2"" data-kn=""connection-value"">6094战术背心战术马甲CS 户外野营组合背心 战狼野战作训战术背心-淘宝网</span>","[{'id': '6935d9d4dbeb352f472974f2', 'identifier': '6094战术背心战术马甲CS 户外野营组合背心 战狼野战作训战术背心-淘宝网'}]",Margins Added,Margins Added,Black Python Camo 6094,Black Python Camo 6094,黑色蟒纹（6094送国旗）,黑色蟒纹（6094送国旗）,https://item.taobao.com/item.htm?from=cart&id=719244198696&mi_id=00001vTYijl0U83yyU_evtt_lS2GW4b5IUKC_5zSBHYMbKU&skuId=5016127281644&upStreamPrice=5690,https://item.taobao.com/item.htm?from=cart&id=719244198696&mi_id=00001vTYijl0U83yyU_evtt_lS2GW4b5IUKC_5zSBHYMbKU&skuId=5016127281644&upStreamPrice=5690,,,Yes,True,1,1,12/07/2025 14:47,"{'date': '12/07/2025', 'date_formatted': '12/07/2025', 'hours': '02', 'minutes': '47', 'am_pm': 'PM', 'unix_timestamp': 1765118820000, 'iso_timestamp': '2025-12-07T14:47:00.000Z', 'timestamp': '12/07/2025 02:47 pm', 'time': 887, 'time_formatted': '14:47', 'proper_unix_timestamp': 1765136820000, 'proper_iso_timestamp': '2025-12-07T19:47:00.000Z'}",12/07/2025 14:47,"{'date': '12/07/2025', 'date_formatted': '12/07/2025', 'hours': '02', 'minutes': '47', 'am_pm': 'PM', 'unix_timestamp': 1765118820000, 'iso_timestamp': '2025-12-07T14:47:00.000Z', 'timestamp': '12/07/2025 02:47 pm', 'time': 887, 'time_formatted': '14:47', 'proper_unix_timestamp': 1765136820000, 'proper_iso_timestamp': '2025-12-07T19:47:00.000Z'}",,,,,,,,,57,56.9,$70.00,70,No,False,74,$74,Amazon,Amazon,,,,,,,,,No,False,,,Yes,True,,,,,,,$30.00,30,,,Yes,True
6935d9d6dbeb352f47299123,"<span class=""6935d9d4dbeb352f472974f2"" data-kn=""connection-value"">6094战术背心战术马甲CS 户外野营组合背心 战狼野战作训战术背心-淘宝网</span>","[{'id': '6935d9d4dbeb352f472974f2', 'identifier': '6094战术背心战术马甲CS 户外野营组合背心 战狼野战作训战术背心-淘宝网'}]",Margins Added,Margins Added,Black 6094,Black 6094,黑色（6094送国旗）,黑色（6094送国旗）,https://item.taobao.com/item.htm?from=cart&id=719244198696&mi_id=00001vTYijl0U83yyU_evtt_lS2GW4b5IUKC_5zSBHYMbKU&skuId=5016127281643&upStreamPrice=5690,https://item.taobao.com/item.htm?from=cart&id=719244198696&mi_id=00001vTYijl0U83yyU_evtt_lS2GW4b5IUKC_5zSBHYMbKU&skuId=5016127281643&upStreamPrice=5690,,,Yes,True,0,0,12/07/2025 14:47,"{'date': '12/07/2025', 'date_formatted': '12/07/2025', 'hours': '02', 'minutes': '47', 'am_pm': 'PM', 'unix_timestamp': 1765118820000, 'iso_timestamp': '2025-12-07T14:47:00.000Z', 'timestamp': '12/07/2025 02:47 pm', 'time': 887, 'time_formatted': '14:47', 'proper_unix_timestamp': 1765136820000, 'proper_iso_timestamp': '2025-12-07T19:47:00.000Z'}",12/07/2025 14:47,"{'date': '12/07/2025', 'date_formatted': '12/07/2025', 'hours': '02', 'minutes': '47', 'am_pm': 'PM', 'unix_timestamp': 1765118820000, 'iso_timestamp': '2025-12-07T14:47:00.000Z', 'timestamp': '12/07/2025 02:47 pm', 'time': 887, 'time_formatted': '14:47', 'proper_unix_timestamp': 1765136820000, 'proper_iso_timestamp': '2025-12-07T19:47:00.000Z'}",,,,,,,,,57,56.9,$70.00,70,No,False,74,$74,Amazon,Amazon,,,,,,,,,No,False,,,Yes,True,,,,,,,$30.00,30,,,Yes,True
692e72cabbb1193449d04613,"<span class=""692e72c77a558fba7c8cb9e2"" data-kn=""connection-value"">TC战术耳机转接器民用PTT按键发射对讲机建伍接口支持Z-Tactical-淘宝网</span>","[{'id': '692e72c77a558fba7c8cb9e2', 'identifier': 'TC战术耳机转接器民用PTT按键发射对讲机建伍接口支持Z-Tactical-淘宝网'}]",Inactive,Inactive,米德兰MIL双插 仅支持Z-Tactical,米德兰MIL双插 仅支持Z-Tactical,,,,,,,Yes,True,1,1,12/02/2025 00:02,"{'date': '12/02/2025', 'date_formatted': '12/02/2025', 'hours': '12', 'minutes': '02', 'am_pm': 'AM', 'unix_timestamp': 1764633720000, 'iso_timestamp': '2025-12-02T00:02:00.000Z', 'timestamp': '12/02/2025 12:02 am', 'time': 2, 'time_formatted': '00:02', 'proper_unix_timestamp': 1764651720000, 'proper_iso_timestamp': '2025-12-02T05:02:00.000Z'}",12/02/2025 00:02,"{'date': '12/02/2025', 'date_formatted': '12/02/2025', 'hours': '12', 'minutes': '02', 'am_pm': 'AM', 'unix_timestamp': 1764633720000, 'iso_timestamp': '2025-12-02T00:02:00.000Z', 'timestamp': '12/02/2025 12:02 am', 'time': 2, 'time_formatted': '00:02', 'proper_unix_timestamp': 1764651720000, 'proper_iso_timestamp': '2025-12-02T05:02:00.000Z'}",,,,,,,,,0,0,$70.00,70,,,,,,,0.00,0,,,,,,,,,,,,,,,,,,,,,,,Yes,True
692e72c9bbb1193449d045a5,"<span class=""692e72c77a558fba7c8cb9e2"" data-kn=""connection-value"">TC战术耳机转接器民用PTT按键发射对讲机建伍接口支持Z-Tactical-淘宝网</span>","[{'id': '692e72c77a558fba7c8cb9e2', 'identifier': 'TC战术耳机转接器民用PTT按键发射对讲机建伍接口支持Z-Tactical-淘宝网'}]",Inactive,Inactive,爱慕可IC双插 仅支持Z-Tactical,爱慕可IC双插 仅支持Z-Tactical,,,,,,,Yes,True,2,2,12/02/2025 00:02,"{'date': '12/02/2025', 'date_formatted': '12/02/2025', 'hours': '12', 'minutes': '02', 'am_pm': 'AM', 'unix_timestamp': 1764633720000, 'iso_timestamp': '2025-12-02T00:02:00.000Z', 'timestamp': '12/02/2025 12:02 am', 'time': 2, 'time_formatted': '00:02', 'proper_unix_timestamp': 1764651720000, 'proper_iso_timestamp': '2025-12-02T05:02:00.000Z'}",12/02/2025 00:02,"{'date': '12/02/2025', 'date_formatted': '12/02/2025', 'hours': '12', 'minutes': '02', 'am_pm': 'AM', 'unix_timestamp': 1764633720000, 'iso_timestamp': '2025-12-02T00:02:00.000Z', 'timestamp': '12/02/2025 12:02 am', 'time': 2, 'time_formatted': '00:02', 'proper_unix_timestamp': 1764651720000, 'proper_iso_timestamp': '2025-12-02T05:02:00.000Z'}",,,,,,,,,0,0,$70.00,70,,,,,,,0.00,0,,,,,,,,,,,,,,,,,,,,,,,Yes,True
692e72c9f0922057c40cb74d,"<span class=""692e72c77a558fba7c8cb9e2"" data-kn=""connection-value"">TC战术耳机转接器民用PTT按键发射对讲机建伍接口支持Z-Tactical-淘宝网</span>","[{'id': '692e72c77a558fba7c8cb9e2', 'identifier': 'TC战术耳机转接器民用PTT按键发射对讲机建伍接口支持Z-Tactical-淘宝网'}]",Inactive,Inactive,八重洲YA单插 仅支持Z-Tactical,八重洲YA单插 仅支持Z-Tactical,,,,,,,Yes,True,3,3,12/02/2025 00:02,"{'date': '12/02/2025', 'date_formatted': '12/02/2025', 'hours': '12', 'minutes': '02', 'am_pm': 'AM', 'unix_timestamp': 1764633720000, 'iso_timestamp': '2025-12-02T00:02:00.000Z', 'timestamp': '12/02/2025 12:02 am', 'time': 2, 'time_formatted': '00:02', 'proper_unix_timestamp': 1764651720000, 'proper_iso_timestamp': '2025-12-02T05:02:00.000Z'}",12/02/2025 00:02,"{'date': '12/02/2025', 'date_formatted': '12/02/2025', 'hours': '12', 'minutes': '02', 'am_pm': 'AM', 'unix_timestamp': 1764633720000, 'iso_timestamp': '2025-12-02T00:02:00.000Z', 'timestamp': '12/02/2025 12:02 am', 'time': 2, 'time_formatted': '00:02', 'proper_unix_timestamp': 1764651720000, 'proper_iso_timestamp': '2025-12-02T05:02:00.000Z'}",,,,,,,,,0,0,$70.00,70,,,,,,,0.00,0,,,,,,,,,,,,,,,,,,,,,,,Yes,True
692e72c97a558fba7c8cc62b,"<span class=""692e72c77a558fba7c8cb9e2"" data-kn=""connection-value"">TC战术耳机转接器民用PTT按键发射对讲机建伍接口支持Z-Tactical-淘宝网</span>","[{'id': '692e72c77a558fba7c8cb9e2', 'identifier': 'TC战术耳机转接器民用PTT按键发射对讲机建伍接口支持Z-Tactical-淘宝网'}]",Inactive,Inactive,摩托罗拉M2双插 仅支持Z-Tactical,摩托罗拉M2双插 仅支持Z-Tactical,,,,,,,Yes,True,4,4,12/02/2025 00:02,"{'date': '12/02/2025', 'date_formatted': '12/02/2025', 'hours': '12', 'minutes': '02', 'am_pm': 'AM', 'unix_timestamp': 1764633720000, 'iso_timestamp': '2025-12-02T00:02:00.000Z', 'timestamp': '12/02/2025 12:02 am', 'time': 2, 'time_formatted': '00:02', 'proper_unix_timestamp': 1764651720000, 'proper_iso_timestamp': '2025-12-02T05:02:00.000Z'}",12/02/2025 00:02,"{'date': '12/02/2025', 'date_formatted': '12/02/2025', 'hours': '12', 'minutes': '02', 'am_pm': 'AM', 'unix_timestamp': 1764633720000, 'iso_timestamp': '2025-12-02T00:02:00.000Z', 'timestamp': '12/02/2025 12:02 am', 'time': 2, 'time_formatted': '00:02', 'proper_unix_timestamp': 1764651720000, 'proper_iso_timestamp': '2025-12-02T05:02:00.000Z'}",,,,,,,,,0,0,$70.00,70,,,,,,,0.00,0,,,,,,,,,,,,,,,,,,,,,,,Yes,True
692e72c97a558fba7c8cc5b1,"<span class=""692e72c77a558fba7c8cb9e2"" data-kn=""connection-value"">TC战术耳机转接器民用PTT按键发射对讲机建伍接口支持Z-Tactical-淘宝网</span>","[{'id': '692e72c77a558fba7c8cb9e2', 'identifier': 'TC战术耳机转接器民用PTT按键发射对讲机建伍接口支持Z-Tactical-淘宝网'}]",Inactive,Inactive,摩托罗拉M1单插 仅支持Z-Tactical,摩托罗拉M1单插 仅支持Z-Tactical,,,,,,,Yes,True,5,5,12/02/2025 00:02,"{'date': '12/02/2025', 'date_formatted': '12/02/2025', 'hours': '12', 'minutes': '02', 'am_pm': 'AM', 'unix_timestamp': 1764633720000, 'iso_timestamp': '2025-12-02T00:02:00.000Z', 'timestamp': '12/02/2025 12:02 am', 'time': 2, 'time_formatted': '00:02', 'proper_unix_timestamp': 1764651720000, 'proper_iso_timestamp': '2025-12-02T05:02:00.000Z'}",12/02/2025 00:02,"{'date': '12/02/2025', 'date_formatted': '12/02/2025', 'hours': '12', 'minutes': '02', 'am_pm': 'AM', 'unix_timestamp': 1764633720000, 'iso_timestamp': '2025-12-02T00:02:00.000Z', 'timestamp': '12/02/2025 12:02 am', 'time': 2, 'time_formatted': '00:02', 'proper_unix_timestamp': 1764651720000, 'proper_iso_timestamp': '2025-12-02T05:02:00.000Z'}",,,,,,,,,0,0,$70.00,70,,,,,,,0.00,0,,,,,,,,,,,,,,,,,,,,,,,Yes,True
692e72c845a61c7d1f31347d,"<span class=""692e72c77a558fba7c8cb9e2"" data-kn=""connection-value"">TC战术耳机转接器民用PTT按键发射对讲机建伍接口支持Z-Tactical-淘宝网</span>","[{'id': '692e72c77a558fba7c8cb9e2', 'identifier': 'TC战术耳机转接器民用PTT按键发射对讲机建伍接口支持Z-Tactical-淘宝网'}]",Inactive,Inactive,建伍KEN头 仅支持Z-Tactical,建伍KEN头 仅支持Z-Tactical,,,,,,,Yes,True,6,6,12/02/2025 00:02,"{'date': '12/02/2025', 'date_formatted': '12/02/2025', 'hours': '12', 'minutes': '02', 'am_pm': 'AM', 'unix_timestamp': 1764633720000, 'iso_timestamp': '2025-12-02T00:02:00.000Z', 'timestamp': '12/02/2025 12:02 am', 'time': 2, 'time_formatted': '00:02', 'proper_unix_timestamp': 1764651720000, 'proper_iso_timestamp': '2025-12-02T05:02:00.000Z'}",12/02/2025 00:02,"{'date': '12/02/2025', 'date_formatted': '12/02/2025', 'hours': '12', 'minutes': '02', 'am_pm': 'AM', 'unix_timestamp': 1764633720000, 'iso_timestamp': '2025-12-02T00:02:00.000Z', 'timestamp': '12/02/2025 12:02 am', 'time': 2, 'time_formatted': '00:02', 'proper_unix_timestamp': 1764651720000, 'proper_iso_timestamp': '2025-12-02T05:02:00.000Z'}",,,,,,,,,0,0,$70.00,70,,,,,,,0.00,0,,,,,,,,,,,,,,,,,,,,,,,Yes,True
692e72c6ca52923e5b37f2e7,"<span class=""692e72c445a61c7d1f30fb6b"" data-kn=""connection-value"">Artex户外浪人战术腰带套装多功能组合巡逻腰封可拆卸调节腰带-淘宝网</span>","[{'id': '692e72c445a61c7d1f30fb6b', 'identifier': 'Artex户外浪人战术腰带套装多功能组合巡逻腰封可拆卸调节腰带-淘宝网'}]",Margins Added,Margins Added,MC Camo – Full Set (85–125 cm),MC Camo – Full Set (85–125 cm),MC迷彩全套85-125cm）,MC迷彩全套85-125cm）,,,,,Yes,True,1,1,12/02/2025 00:01,"{'date': '12/02/2025', 'date_formatted': '12/02/2025', 'hours': '12', 'minutes': '01', 'am_pm': 'AM', 'unix_timestamp': 1764633660000, 'iso_timestamp': '2025-12-02T00:01:00.000Z', 'timestamp': '12/02/2025 12:01 am', 'time': 1, 'time_formatted': '00:01', 'proper_unix_timestamp': 1764651660000, 'proper_iso_timestamp': '2025-12-02T05:01:00.000Z'}",12/02/2025 00:01,"{'date': '12/02/2025', 'date_formatted': '12/02/2025', 'hours': '12', 'minutes': '01', 'am_pm': 'AM', 'unix_timestamp': 1764633660000, 'iso_timestamp': '2025-12-02T00:01:00.000Z', 'timestamp': '12/02/2025 12:01 am', 'time': 1, 'time_formatted': '00:01', 'proper_unix_timestamp': 1764651660000, 'proper_iso_timestamp': '2025-12-02T05:01:00.000Z'}",,,,,,,,,233,233,$20.00,20,,,70,$70,Aliexpress,Aliexpress,0.00,0,,,,,,,,,,,,,,,,,,,,,,,Yes,True
692e72c618f8102e61b29fa5,"<span class=""692e72c445a61c7d1f30fb6b"" data-kn=""connection-value"">Artex户外浪人战术腰带套装多功能组合巡逻腰封可拆卸调节腰带-淘宝网</span>","[{'id': '692e72c445a61c7d1f30fb6b', 'identifier': 'Artex户外浪人战术腰带套装多功能组合巡逻腰封可拆卸调节腰带-淘宝网'}]",Margins Added,Margins Added,Khaki – Full Set (85–125 cm),Khaki – Full Set (85–125 cm),卡其色全套(85-125cm）,卡其色全套(85-125cm）,https://item.taobao.com/item.htm?from=cart&id=725254573496&mi_id=00008_G9zU23OO5RO7biwKlybJoUGMav0M5RZxxqG0CZHTI&skuId=5718228164171&upStreamPrice=16300,https://item.taobao.com/item.htm?from=cart&id=725254573496&mi_id=00008_G9zU23OO5RO7biwKlybJoUGMav0M5RZxxqG0CZHTI&skuId=5718228164171&upStreamPrice=16300,,,Yes,True,2,2,12/02/2025 00:01,"{'date': '12/02/2025', 'date_formatted': '12/02/2025', 'hours': '12', 'minutes': '01', 'am_pm': 'AM', 'unix_timestamp': 1764633660000, 'iso_timestamp': '2025-12-02T00:01:00.000Z', 'timestamp': '12/02/2025 12:01 am', 'time': 1, 'time_formatted': '00:01', 'proper_unix_timestamp': 1764651660000, 'proper_iso_timestamp': '2025-12-02T05:01:00.000Z'}",12/02/2025 00:01,"{'date': '12/02/2025', 'date_formatted': '12/02/2025', 'hours': '12', 'minutes': '01', 'am_pm': 'AM', 'unix_timestamp': 1764633660000, 'iso_timestamp': '2025-12-02T00:01:00.000Z', 'timestamp': '12/02/2025 12:01 am', 'time': 1, 'time_formatted': '00:01', 'proper_unix_timestamp': 1764651660000, 'proper_iso_timestamp': '2025-12-02T05:01:00.000Z'}",,,,,,,,,233,233,$20.00,20,,,70,$70,Aliexpress,Aliexpress,0.00,0,,,,,,,,,,,,,,,,,,,,,,,Yes,True
692e72c645a61c7d1f31036b,"<span class=""692e72c445a61c7d1f30fb6b"" data-kn=""connection-value"">Artex户外浪人战术腰带套装多功能组合巡逻腰封可拆卸调节腰带-淘宝网</span>","[{'id': '692e72c445a61c7d1f30fb6b', 'identifier': 'Artex户外浪人战术腰带套装多功能组合巡逻腰封可拆卸调节腰带-淘宝网'}]",Margins Added,Margins Added,OD Green – Full Set (85–125 cm),OD Green – Full Set (85–125 cm),军绿全套(85-125cm）,军绿全套(85-125cm）,,,,,Yes,True,3,3,12/02/2025 00:01,"{'date': '12/02/2025', 'date_formatted': '12/02/2025', 'hours': '12', 'minutes': '01', 'am_pm': 'AM', 'unix_timestamp': 1764633660000, 'iso_timestamp': '2025-12-02T00:01:00.000Z', 'timestamp': '12/02/2025 12:01 am', 'time': 1, 'time_formatted': '00:01', 'proper_unix_timestamp': 1764651660000, 'proper_iso_timestamp': '2025-12-02T05:01:00.000Z'}",12/02/2025 00:01,"{'date': '12/02/2025', 'date_formatted': '12/02/2025', 'hours': '12', 'minutes': '01', 'am_pm': 'AM', 'unix_timestamp': 1764633660000, 'iso_timestamp': '2025-12-02T00:01:00.000Z', 'timestamp': '12/02/2025 12:01 am', 'time': 1, 'time_formatted': '00:01', 'proper_unix_timestamp': 1764651660000, 'proper_iso_timestamp': '2025-12-02T05:01:00.000Z'}",,,,,,,,,233,233,$20.00,20,,,70,$70,Aliexpress,Aliexpress,0.00,0,,,,,,,,,,,,,,,,,,,,,,,Yes,True
692e72c598f5ae76cbf34b70,"<span class=""692e72c445a61c7d1f30fb6b"" data-kn=""connection-value"">Artex户外浪人战术腰带套装多功能组合巡逻腰封可拆卸调节腰带-淘宝网</span>","[{'id': '692e72c445a61c7d1f30fb6b', 'identifier': 'Artex户外浪人战术腰带套装多功能组合巡逻腰封可拆卸调节腰带-淘宝网'}]",Margins Added,Margins Added,Black – Full Set (85–125 cm),Black – Full Set (85–125 cm),黑色全套(85-125cm）,黑色全套(85-125cm）,https://item.taobao.com/item.htm?from=cart&id=725254573496&mi_id=00008_G9zU23OO5RO7biwKlybJoUGMav0M5RZxxqG0CZHTI&skuId=5276679240007&upStreamPrice=16300,https://item.taobao.com/item.htm?from=cart&id=725254573496&mi_id=00008_G9zU23OO5RO7biwKlybJoUGMav0M5RZxxqG0CZHTI&skuId=5276679240007&upStreamPrice=16300,,,Yes,True,4,4,12/02/2025 00:01,"{'date': '12/02/2025', 'date_formatted': '12/02/2025', 'hours': '12', 'minutes': '01', 'am_pm': 'AM', 'unix_timestamp': 1764633660000, 'iso_timestamp': '2025-12-02T00:01:00.000Z', 'timestamp': '12/02/2025 12:01 am', 'time': 1, 'time_formatted': '00:01', 'proper_unix_timestamp': 1764651660000, 'proper_iso_timestamp': '2025-12-02T05:01:00.000Z'}",12/02/2025 00:01,"{'date': '12/02/2025', 'date_formatted': '12/02/2025', 'hours': '12', 'minutes': '01', 'am_pm': 'AM', 'unix_timestamp': 1764633660000, 'iso_timestamp': '2025-12-02T00:01:00.000Z', 'timestamp': '12/02/2025 12:01 am', 'time': 1, 'time_formatted': '00:01', 'proper_unix_timestamp': 1764651660000, 'proper_iso_timestamp': '2025-12-02T05:01:00.000Z'}",,,,,,,,,233,233,$20.00,20,,,70,$70,Aliexpress,Aliexpress,0.00,0,,,,,,,,,,,,,,,,,,,,,,,Yes,True
692e72c518f8102e61b29142,"<span class=""692e72c445a61c7d1f30fb6b"" data-kn=""connection-value"">Artex户外浪人战术腰带套装多功能组合巡逻腰封可拆卸调节腰带-淘宝网</span>","[{'id': '692e72c445a61c7d1f30fb6b', 'identifier': 'Artex户外浪人战术腰带套装多功能组合巡逻腰封可拆卸调节腰带-淘宝网'}]",Archive,Archive,均码,均码,,,,,,,Yes,True,5,5,12/02/2025 00:01,"{'date': '12/02/2025', 'date_formatted': '12/02/2025', 'hours': '12', 'minutes': '01', 'am_pm': 'AM', 'unix_timestamp': 1764633660000, 'iso_timestamp': '2025-12-02T00:01:00.000Z', 'timestamp': '12/02/2025 12:01 am', 'time': 1, 'time_formatted': '00:01', 'proper_unix_timestamp': 1764651660000, 'proper_iso_timestamp': '2025-12-02T05:01:00.000Z'}",12/02/2025 00:01,"{'date': '12/02/2025', 'date_formatted': '12/02/2025', 'hours': '12', 'minutes': '01', 'am_pm': 'AM', 'unix_timestamp': 1764633660000, 'iso_timestamp': '2025-12-02T00:01:00.000Z', 'timestamp': '12/02/2025 12:01 am', 'time': 1, 'time_formatted': '00:01', 'proper_unix_timestamp': 1764651660000, 'proper_iso_timestamp': '2025-12-02T05:01:00.000Z'}",,,,,,,,,233,233,$20.00,20,,,70,$70,Aliexpress,Aliexpress,0.00,0,,,,,,,,,,,,,,,,,,,,,,,Yes,True
692e72c2392bfc02f07864a6,"<span class=""692e72bc206a97634815fc25"" data-kn=""connection-value"">WoSporT K系列头盔电池迷彩副包 兼容盔布PVS-31电池配件配重副包-淘宝网</span>","[{'id': '692e72bc206a97634815fc25', 'identifier': 'WoSporT K系列头盔电池迷彩副包 兼容盔布PVS-31电池配件配重副包-淘宝网'}]",Active,Active,BCP,BCP,,,,,,,Yes,True,3,3,12/02/2025 00:01,"{'date': '12/02/2025', 'date_formatted': '12/02/2025', 'hours': '12', 'minutes': '01', 'am_pm': 'AM', 'unix_timestamp': 1764633660000, 'iso_timestamp': '2025-12-02T00:01:00.000Z', 'timestamp': '12/02/2025 12:01 am', 'time': 1, 'time_formatted': '00:01', 'proper_unix_timestamp': 1764651660000, 'proper_iso_timestamp': '2025-12-02T05:01:00.000Z'}",12/02/2025 00:01,"{'date': '12/02/2025', 'date_formatted': '12/02/2025', 'hours': '12', 'minutes': '01', 'am_pm': 'AM', 'unix_timestamp': 1764633660000, 'iso_timestamp': '2025-12-02T00:01:00.000Z', 'timestamp': '12/02/2025 12:01 am', 'time': 1, 'time_formatted': '00:01', 'proper_unix_timestamp': 1764651660000, 'proper_iso_timestamp': '2025-12-02T05:01:00.000Z'}",Color,Color,BCP,BCP,,,,,45,45,$38.00,38,,,33.49,$33,https://www.ebay.ca/itm/266258382353,https://www.ebay.ca/itm/266258382353,28.05,28.05,16.6,17,30.80,30.8,12.80,12.8,No,False,,,,,,,,,,,,,,,Yes,True
692e72c245a61c7d1f30d875,"<span class=""692e72bc206a97634815fc25"" data-kn=""connection-value"">WoSporT K系列头盔电池迷彩副包 兼容盔布PVS-31电池配件配重副包-淘宝网</span>","[{'id': '692e72bc206a97634815fc25', 'identifier': 'WoSporT K系列头盔电池迷彩副包 兼容盔布PVS-31电池配件配重副包-淘宝网'}]",Active,Active,CP,CP,,,,,,,Yes,True,6,6,12/02/2025 00:01,"{'date': '12/02/2025', 'date_formatted': '12/02/2025', 'hours': '12', 'minutes': '01', 'am_pm': 'AM', 'unix_timestamp': 1764633660000, 'iso_timestamp': '2025-12-02T00:01:00.000Z', 'timestamp': '12/02/2025 12:01 am', 'time': 1, 'time_formatted': '00:01', 'proper_unix_timestamp': 1764651660000, 'proper_iso_timestamp': '2025-12-02T05:01:00.000Z'}",12/02/2025 00:01,"{'date': '12/02/2025', 'date_formatted': '12/02/2025', 'hours': '12', 'minutes': '01', 'am_pm': 'AM', 'unix_timestamp': 1764633660000, 'iso_timestamp': '2025-12-02T00:01:00.000Z', 'timestamp': '12/02/2025 12:01 am', 'time': 1, 'time_formatted': '00:01', 'proper_unix_timestamp': 1764651660000, 'proper_iso_timestamp': '2025-12-02T05:01:00.000Z'}",Color,Color,CP,CP,,,,,49,49,$38.00,38,,,33.49,$33,https://www.ebay.ca/itm/266258382353,https://www.ebay.ca/itm/266258382353,30.54,30.54,17.4,17,33.00,33,15.00,15,No,False,,,,,,,,,,,,,,,Yes,True
692e72c27a558fba7c8c5afa,"<span class=""692e72bc206a97634815fc25"" data-kn=""connection-value"">WoSporT K系列头盔电池迷彩副包 兼容盔布PVS-31电池配件配重副包-淘宝网</span>","[{'id': '692e72bc206a97634815fc25', 'identifier': 'WoSporT K系列头盔电池迷彩副包 兼容盔布PVS-31电池配件配重副包-淘宝网'}]",Active,Active,Ranger Green,Ranger Green,,,,,,,Yes,True,4,4,12/02/2025 00:01,"{'date': '12/02/2025', 'date_formatted': '12/02/2025', 'hours': '12', 'minutes': '01', 'am_pm': 'AM', 'unix_timestamp': 1764633660000, 'iso_timestamp': '2025-12-02T00:01:00.000Z', 'timestamp': '12/02/2025 12:01 am', 'time': 1, 'time_formatted': '00:01', 'proper_unix_timestamp': 1764651660000, 'proper_iso_timestamp': '2025-12-02T05:01:00.000Z'}",12/02/2025 00:01,"{'date': '12/02/2025', 'date_formatted': '12/02/2025', 'hours': '12', 'minutes': '01', 'am_pm': 'AM', 'unix_timestamp': 1764633660000, 'iso_timestamp': '2025-12-02T00:01:00.000Z', 'timestamp': '12/02/2025 12:01 am', 'time': 1, 'time_formatted': '00:01', 'proper_unix_timestamp': 1764651660000, 'proper_iso_timestamp': '2025-12-02T05:01:00.000Z'}",,,,,,,,,16,16,$30.00,30,,,33.49,$33,https://www.ebay.ca/itm/266258382353,https://www.ebay.ca/itm/266258382353,14.99,14.99,16.6,17,31.70,31.7,15.20,15.2,No,False,,,,,,,,,,,,,$8.74,8.74,Yes,True
692e72c17e25f4f438f9092b,"<span class=""692e72bc206a97634815fc25"" data-kn=""connection-value"">WoSporT K系列头盔电池迷彩副包 兼容盔布PVS-31电池配件配重副包-淘宝网</span>","[{'id': '692e72bc206a97634815fc25', 'identifier': 'WoSporT K系列头盔电池迷彩副包 兼容盔布PVS-31电池配件配重副包-淘宝网'}]",Active,Active,Wolf Grey,Wolf Grey,,,,,,,Yes,True,5,5,12/02/2025 00:01,"{'date': '12/02/2025', 'date_formatted': '12/02/2025', 'hours': '12', 'minutes': '01', 'am_pm': 'AM', 'unix_timestamp': 1764633660000, 'iso_timestamp': '2025-12-02T00:01:00.000Z', 'timestamp': '12/02/2025 12:01 am', 'time': 1, 'time_formatted': '00:01', 'proper_unix_timestamp': 1764651660000, 'proper_iso_timestamp': '2025-12-02T05:01:00.000Z'}",12/02/2025 00:01,"{'date': '12/02/2025', 'date_formatted': '12/02/2025', 'hours': '12', 'minutes': '01', 'am_pm': 'AM', 'unix_timestamp': 1764633660000, 'iso_timestamp': '2025-12-02T00:01:00.000Z', 'timestamp': '12/02/2025 12:01 am', 'time': 1, 'time_formatted': '00:01', 'proper_unix_timestamp': 1764651660000, 'proper_iso_timestamp': '2025-12-02T05:01:00.000Z'}",,,,,,,,,45,45,$30.00,30,,,33.49,$33,https://www.ebay.ca/itm/266258382353,https://www.ebay.ca/itm/266258382353,23.99,23.99,16.6,17,30.60,30.6,14.00,14,No,False,,,,,,,,,,,,,$14.25,14.25,Yes,True
692e72c17e25f4f438f908ba,"<span class=""692e72bc206a97634815fc25"" data-kn=""connection-value"">WoSporT K系列头盔电池迷彩副包 兼容盔布PVS-31电池配件配重副包-淘宝网</span>","[{'id': '692e72bc206a97634815fc25', 'identifier': 'WoSporT K系列头盔电池迷彩副包 兼容盔布PVS-31电池配件配重副包-淘宝网'}]",Active,Active,Coyote Brown,Coyote Brown,狼棕色,狼棕色,https://coldharboursupply.com/products/macabre-solutions-potsticker-counterweight-pouch,https://coldharboursupply.com/products/macabre-solutions-potsticker-counterweight-pouch,,,Yes,True,1,1,12/02/2025 00:01,"{'date': '12/02/2025', 'date_formatted': '12/02/2025', 'hours': '12', 'minutes': '01', 'am_pm': 'AM', 'unix_timestamp': 1764633660000, 'iso_timestamp': '2025-12-02T00:01:00.000Z', 'timestamp': '12/02/2025 12:01 am', 'time': 1, 'time_formatted': '00:01', 'proper_unix_timestamp': 1764651660000, 'proper_iso_timestamp': '2025-12-02T05:01:00.000Z'}",12/02/2025 00:01,"{'date': '12/02/2025', 'date_formatted': '12/02/2025', 'hours': '12', 'minutes': '01', 'am_pm': 'AM', 'unix_timestamp': 1764633660000, 'iso_timestamp': '2025-12-02T00:01:00.000Z', 'timestamp': '12/02/2025 12:01 am', 'time': 1, 'time_formatted': '00:01', 'proper_unix_timestamp': 1764651660000, 'proper_iso_timestamp': '2025-12-02T05:01:00.000Z'}",,,,,,,,,45,45,$30.00,30,,,33,$33,,,23.99,23.99,15.6,16,30.60,30.6,14.00,14,No,False,,,,,,,,,,,,,$14.25,14.25,Yes,True
692e72c152032e7f967bd5a7,"<span class=""692e72bc206a97634815fc25"" data-kn=""connection-value"">WoSporT K系列头盔电池迷彩副包 兼容盔布PVS-31电池配件配重副包-淘宝网</span>","[{'id': '692e72bc206a97634815fc25', 'identifier': 'WoSporT K系列头盔电池迷彩副包 兼容盔布PVS-31电池配件配重副包-淘宝网'}]",Active,Active,Matte Black,Matte Black,消光黑,消光黑,https://coldharboursupply.com/products/macabre-solutions-potsticker-counterweight-pouch,https://coldharboursupply.com/products/macabre-solutions-potsticker-counterweight-pouch,,,Yes,True,2,2,12/02/2025 00:01,"{'date': '12/02/2025', 'date_formatted': '12/02/2025', 'hours': '12', 'minutes': '01', 'am_pm': 'AM', 'unix_timestamp': 1764633660000, 'iso_timestamp': '2025-12-02T00:01:00.000Z', 'timestamp': '12/02/2025 12:01 am', 'time': 1, 'time_formatted': '00:01', 'proper_unix_timestamp': 1764651660000, 'proper_iso_timestamp': '2025-12-02T05:01:00.000Z'}",12/02/2025 00:01,"{'date': '12/02/2025', 'date_formatted': '12/02/2025', 'hours': '12', 'minutes': '01', 'am_pm': 'AM', 'unix_timestamp': 1764633660000, 'iso_timestamp': '2025-12-02T00:01:00.000Z', 'timestamp': '12/02/2025 12:01 am', 'time': 1, 'time_formatted': '00:01', 'proper_unix_timestamp': 1764651660000, 'proper_iso_timestamp': '2025-12-02T05:01:00.000Z'}",,,,,,,,,16,16,$30.00,30,,,33,$33,,,14.99,14.99,15.6,16,31.70,31.7,15.20,15.2,No,False,,,,,,,,,,,,,$8.74,8.74,Yes,True
692e72bbebe1fe2e5f12205e,"<span class=""692e72b8206a976348158436"" data-kn=""connection-value"">战术背心通用型MOLLE系统手机导航面板包胸口PDA包户外多功能胸包-淘宝网</span>","[{'id': '692e72b8206a976348158436', 'identifier': '战术背心通用型MOLLE系统手机导航面板包胸口PDA包户外多功能胸包-淘宝网'}]",Inactive,Inactive,【考度拉】狼棕色CB,【考度拉】狼棕色CB,,,,,,,Yes,True,1,1,12/02/2025 00:01,"{'date': '12/02/2025', 'date_formatted': '12/02/2025', 'hours': '12', 'minutes': '01', 'am_pm': 'AM', 'unix_timestamp': 1764633660000, 'iso_timestamp': '2025-12-02T00:01:00.000Z', 'timestamp': '12/02/2025 12:01 am', 'time': 1, 'time_formatted': '00:01', 'proper_unix_timestamp': 1764651660000, 'proper_iso_timestamp': '2025-12-02T05:01:00.000Z'}",12/02/2025 00:01,"{'date': '12/02/2025', 'date_formatted': '12/02/2025', 'hours': '12', 'minutes': '01', 'am_pm': 'AM', 'unix_timestamp': 1764633660000, 'iso_timestamp': '2025-12-02T00:01:00.000Z', 'timestamp': '12/02/2025 12:01 am', 'time': 1, 'time_formatted': '00:01', 'proper_unix_timestamp': 1764651660000, 'proper_iso_timestamp': '2025-12-02T05:01:00.000Z'}",,,,,,,,,0,0,$70.00,70,,,,,,,0.00,0,,,,,,,,,,,,,,,,,,,,,,,Yes,True
692e72bb06854af4649bc2ee,"<span class=""692e72b8206a976348158436"" data-kn=""connection-value"">战术背心通用型MOLLE系统手机导航面板包胸口PDA包户外多功能胸包-淘宝网</span>","[{'id': '692e72b8206a976348158436', 'identifier': '战术背心通用型MOLLE系统手机导航面板包胸口PDA包户外多功能胸包-淘宝网'}]",Inactive,Inactive,【考度拉】游骑兵绿色RG,【考度拉】游骑兵绿色RG,,,,,,,Yes,True,2,2,12/02/2025 00:01,"{'date': '12/02/2025', 'date_formatted': '12/02/2025', 'hours': '12', 'minutes': '01', 'am_pm': 'AM', 'unix_timestamp': 1764633660000, 'iso_timestamp': '2025-12-02T00:01:00.000Z', 'timestamp': '12/02/2025 12:01 am', 'time': 1, 'time_formatted': '00:01', 'proper_unix_timestamp': 1764651660000, 'proper_iso_timestamp': '2025-12-02T05:01:00.000Z'}",12/02/2025 00:01,"{'date': '12/02/2025', 'date_formatted': '12/02/2025', 'hours': '12', 'minutes': '01', 'am_pm': 'AM', 'unix_timestamp': 1764633660000, 'iso_timestamp': '2025-12-02T00:01:00.000Z', 'timestamp': '12/02/2025 12:01 am', 'time': 1, 'time_formatted': '00:01', 'proper_unix_timestamp': 1764651660000, 'proper_iso_timestamp': '2025-12-02T05:01:00.000Z'}",,,,,,,,,0,0,$70.00,70,,,,,,,0.00,0,,,,,,,,,,,,,,,,,,,,,,,Yes,True
692e72ba98f5ae76cbf2541f,"<span class=""692e72b8206a976348158436"" data-kn=""connection-value"">战术背心通用型MOLLE系统手机导航面板包胸口PDA包户外多功能胸包-淘宝网</span>","[{'id': '692e72b8206a976348158436', 'identifier': '战术背心通用型MOLLE系统手机导航面板包胸口PDA包户外多功能胸包-淘宝网'}]",Inactive,Inactive,【考度拉】狼灰色WG,【考度拉】狼灰色WG,,,,,,,Yes,True,3,3,12/02/2025 00:01,"{'date': '12/02/2025', 'date_formatted': '12/02/2025', 'hours': '12', 'minutes': '01', 'am_pm': 'AM', 'unix_timestamp': 1764633660000, 'iso_timestamp': '2025-12-02T00:01:00.000Z', 'timestamp': '12/02/2025 12:01 am', 'time': 1, 'time_formatted': '00:01', 'proper_unix_timestamp': 1764651660000, 'proper_iso_timestamp': '2025-12-02T05:01:00.000Z'}",12/02/2025 00:01,"{'date': '12/02/2025', 'date_formatted': '12/02/2025', 'hours': '12', 'minutes': '01', 'am_pm': 'AM', 'unix_timestamp': 1764633660000, 'iso_timestamp': '2025-12-02T00:01:00.000Z', 'timestamp': '12/02/2025 12:01 am', 'time': 1, 'time_formatted': '00:01', 'proper_unix_timestamp': 1764651660000, 'proper_iso_timestamp': '2025-12-02T05:01:00.000Z'}",,,,,,,,,0,0,$70.00,70,,,,,,,0.00,0,,,,,,,,,,,,,,,,,,,,,,,Yes,True
692e72ba06854af4649bbc0a,"<span class=""692e72b8206a976348158436"" data-kn=""connection-value"">战术背心通用型MOLLE系统手机导航面板包胸口PDA包户外多功能胸包-淘宝网</span>","[{'id': '692e72b8206a976348158436', 'identifier': '战术背心通用型MOLLE系统手机导航面板包胸口PDA包户外多功能胸包-淘宝网'}]",Inactive,Inactive,【考度拉】黑色 BK,【考度拉】黑色 BK,,,,,,,Yes,True,4,4,12/02/2025 00:01,"{'date': '12/02/2025', 'date_formatted': '12/02/2025', 'hours': '12', 'minutes': '01', 'am_pm': 'AM', 'unix_timestamp': 1764633660000, 'iso_timestamp': '2025-12-02T00:01:00.000Z', 'timestamp': '12/02/2025 12:01 am', 'time': 1, 'time_formatted': '00:01', 'proper_unix_timestamp': 1764651660000, 'proper_iso_timestamp': '2025-12-02T05:01:00.000Z'}",12/02/2025 00:01,"{'date': '12/02/2025', 'date_formatted': '12/02/2025', 'hours': '12', 'minutes': '01', 'am_pm': 'AM', 'unix_timestamp': 1764633660000, 'iso_timestamp': '2025-12-02T00:01:00.000Z', 'timestamp': '12/02/2025 12:01 am', 'time': 1, 'time_formatted': '00:01', 'proper_unix_timestamp': 1764651660000, 'proper_iso_timestamp': '2025-12-02T05:01:00.000Z'}",,,,,,,,,0,0,$70.00,70,,,,,,,0.00,0,,,,,,,,,,,,,,,,,,,,,,,Yes,True
692e72ba06854af4649bb4ae,"<span class=""692e72b8206a976348158436"" data-kn=""connection-value"">战术背心通用型MOLLE系统手机导航面板包胸口PDA包户外多功能胸包-淘宝网</span>","[{'id': '692e72b8206a976348158436', 'identifier': '战术背心通用型MOLLE系统手机导航面板包胸口PDA包户外多功能胸包-淘宝网'}]",Inactive,Inactive,【考度拉】暗夜迷彩 BCP,【考度拉】暗夜迷彩 BCP,,,,,,,Yes,True,5,5,12/02/2025 00:01,"{'date': '12/02/2025', 'date_formatted': '12/02/2025', 'hours': '12', 'minutes': '01', 'am_pm': 'AM', 'unix_timestamp': 1764633660000, 'iso_timestamp': '2025-12-02T00:01:00.000Z', 'timestamp': '12/02/2025 12:01 am', 'time': 1, 'time_formatted': '00:01', 'proper_unix_timestamp': 1764651660000, 'proper_iso_timestamp': '2025-12-02T05:01:00.000Z'}",12/02/2025 00:01,"{'date': '12/02/2025', 'date_formatted': '12/02/2025', 'hours': '12', 'minutes': '01', 'am_pm': 'AM', 'unix_timestamp': 1764633660000, 'iso_timestamp': '2025-12-02T00:01:00.000Z', 'timestamp': '12/02/2025 12:01 am', 'time': 1, 'time_formatted': '00:01', 'proper_unix_timestamp': 1764651660000, 'proper_iso_timestamp': '2025-12-02T05:01:00.000Z'}",,,,,,,,,0,0,$70.00,70,,,,,,,0.00,0,,,,,,,,,,,,,,,,,,,,,,,Yes,True
692e72b952032e7f967b4eb9,"<span class=""692e72b8206a976348158436"" data-kn=""connection-value"">战术背心通用型MOLLE系统手机导航面板包胸口PDA包户外多功能胸包-淘宝网</span>","[{'id': '692e72b8206a976348158436', 'identifier': '战术背心通用型MOLLE系统手机导航面板包胸口PDA包户外多功能胸包-淘宝网'}]",Inactive,Inactive,【考度拉】MC迷彩 CP迷彩,【考度拉】MC迷彩 CP迷彩,,,,,,,Yes,True,6,6,12/02/2025 00:01,"{'date': '12/02/2025', 'date_formatted': '12/02/2025', 'hours': '12', 'minutes': '01', 'am_pm': 'AM', 'unix_timestamp': 1764633660000, 'iso_timestamp': '2025-12-02T00:01:00.000Z', 'timestamp': '12/02/2025 12:01 am', 'time': 1, 'time_formatted': '00:01', 'proper_unix_timestamp': 1764651660000, 'proper_iso_timestamp': '2025-12-02T05:01:00.000Z'}",12/02/2025 00:01,"{'date': '12/02/2025', 'date_formatted': '12/02/2025', 'hours': '12', 'minutes': '01', 'am_pm': 'AM', 'unix_timestamp': 1764633660000, 'iso_timestamp': '2025-12-02T00:01:00.000Z', 'timestamp': '12/02/2025 12:01 am', 'time': 1, 'time_formatted': '00:01', 'proper_unix_timestamp': 1764651660000, 'proper_iso_timestamp': '2025-12-02T05:01:00.000Z'}",,,,,,,,,0,0,$70.00,70,,,,,,,0.00,0,,,,,,,,,,,,,,,,,,,,,,,Yes,True
692e72b78d168de47b363566,"<span class=""692e72b3ca52923e5b367f41"" data-kn=""connection-value"">战术头盔夜视仪翻斗车支架加装运动相机连接支架头盔配件-淘宝网</span>","[{'id': '692e72b3ca52923e5b367f41', 'identifier': '战术头盔夜视仪翻斗车支架加装运动相机连接支架头盔配件-淘宝网'}]",Inactive,Inactive,黑色,黑色,,,,,,,Yes,True,1,1,12/02/2025 00:01,"{'date': '12/02/2025', 'date_formatted': '12/02/2025', 'hours': '12', 'minutes': '01', 'am_pm': 'AM', 'unix_timestamp': 1764633660000, 'iso_timestamp': '2025-12-02T00:01:00.000Z', 'timestamp': '12/02/2025 12:01 am', 'time': 1, 'time_formatted': '00:01', 'proper_unix_timestamp': 1764651660000, 'proper_iso_timestamp': '2025-12-02T05:01:00.000Z'}",12/02/2025 00:01,"{'date': '12/02/2025', 'date_formatted': '12/02/2025', 'hours': '12', 'minutes': '01', 'am_pm': 'AM', 'unix_timestamp': 1764633660000, 'iso_timestamp': '2025-12-02T00:01:00.000Z', 'timestamp': '12/02/2025 12:01 am', 'time': 1, 'time_formatted': '00:01', 'proper_unix_timestamp': 1764651660000, 'proper_iso_timestamp': '2025-12-02T05:01:00.000Z'}",,,,,,,,,0,0,$70.00,70,,,,,,,0.00,0,,,,,,,,,,,,,,,,,,,,,,,Yes,True
692e72b3ebe1fe2e5f11a657,"<span class=""692e72afbbb1193449cedef4"" data-kn=""connection-value"">陌歌 户外M67手雷烟雾模型挂件 可拉环可拆卸 COS装扮 仿真道具-淘宝网</span>","[{'id': '692e72afbbb1193449cedef4', 'identifier': '陌歌 户外M67手雷烟雾模型挂件 可拉环可拆卸 COS装扮 仿真道具-淘宝网'}]",Inactive,Inactive,如有需要套装或模型 请联系客服或进店查看哦,如有需要套装或模型 请联系客服或进店查看哦,,,,,,,Yes,True,1,1,12/02/2025 00:01,"{'date': '12/02/2025', 'date_formatted': '12/02/2025', 'hours': '12', 'minutes': '01', 'am_pm': 'AM', 'unix_timestamp': 1764633660000, 'iso_timestamp': '2025-12-02T00:01:00.000Z', 'timestamp': '12/02/2025 12:01 am', 'time': 1, 'time_formatted': '00:01', 'proper_unix_timestamp': 1764651660000, 'proper_iso_timestamp': '2025-12-02T05:01:00.000Z'}",12/02/2025 00:01,"{'date': '12/02/2025', 'date_formatted': '12/02/2025', 'hours': '12', 'minutes': '01', 'am_pm': 'AM', 'unix_timestamp': 1764633660000, 'iso_timestamp': '2025-12-02T00:01:00.000Z', 'timestamp': '12/02/2025 12:01 am', 'time': 1, 'time_formatted': '00:01', 'proper_unix_timestamp': 1764651660000, 'proper_iso_timestamp': '2025-12-02T05:01:00.000Z'}",,,,,,,,,0,0,$70.00,70,,,,,,,0.00,0,,,,,,,,,,,,,,,,,,,,,,,Yes,True
692e72b206854af4649adbb0,"<span class=""692e72afbbb1193449cedef4"" data-kn=""connection-value"">陌歌 户外M67手雷烟雾模型挂件 可拉环可拆卸 COS装扮 仿真道具-淘宝网</span>","[{'id': '692e72afbbb1193449cedef4', 'identifier': '陌歌 户外M67手雷烟雾模型挂件 可拉环可拆卸 COS装扮 仿真道具-淘宝网'}]",Inactive,Inactive,烟雾弹单个挂件【尼色】,烟雾弹单个挂件【尼色】,,,,,,,Yes,True,2,2,12/02/2025 00:01,"{'date': '12/02/2025', 'date_formatted': '12/02/2025', 'hours': '12', 'minutes': '01', 'am_pm': 'AM', 'unix_timestamp': 1764633660000, 'iso_timestamp': '2025-12-02T00:01:00.000Z', 'timestamp': '12/02/2025 12:01 am', 'time': 1, 'time_formatted': '00:01', 'proper_unix_timestamp': 1764651660000, 'proper_iso_timestamp': '2025-12-02T05:01:00.000Z'}",12/02/2025 00:01,"{'date': '12/02/2025', 'date_formatted': '12/02/2025', 'hours': '12', 'minutes': '01', 'am_pm': 'AM', 'unix_timestamp': 1764633660000, 'iso_timestamp': '2025-12-02T00:01:00.000Z', 'timestamp': '12/02/2025 12:01 am', 'time': 1, 'time_formatted': '00:01', 'proper_unix_timestamp': 1764651660000, 'proper_iso_timestamp': '2025-12-02T05:01:00.000Z'}",,,,,,,,,0,0,$70.00,70,,,,,,,0.00,0,,,,,,,,,,,,,,,,,,,,,,,Yes,True
692e72b27e25f4f438f8c522,"<span class=""692e72afbbb1193449cedef4"" data-kn=""connection-value"">陌歌 户外M67手雷烟雾模型挂件 可拉环可拆卸 COS装扮 仿真道具-淘宝网</span>","[{'id': '692e72afbbb1193449cedef4', 'identifier': '陌歌 户外M67手雷烟雾模型挂件 可拉环可拆卸 COS装扮 仿真道具-淘宝网'}]",Inactive,Inactive,烟雾弹单个挂件【黑色】,烟雾弹单个挂件【黑色】,,,,,,,Yes,True,3,3,12/02/2025 00:01,"{'date': '12/02/2025', 'date_formatted': '12/02/2025', 'hours': '12', 'minutes': '01', 'am_pm': 'AM', 'unix_timestamp': 1764633660000, 'iso_timestamp': '2025-12-02T00:01:00.000Z', 'timestamp': '12/02/2025 12:01 am', 'time': 1, 'time_formatted': '00:01', 'proper_unix_timestamp': 1764651660000, 'proper_iso_timestamp': '2025-12-02T05:01:00.000Z'}",12/02/2025 00:01,"{'date': '12/02/2025', 'date_formatted': '12/02/2025', 'hours': '12', 'minutes': '01', 'am_pm': 'AM', 'unix_timestamp': 1764633660000, 'iso_timestamp': '2025-12-02T00:01:00.000Z', 'timestamp': '12/02/2025 12:01 am', 'time': 1, 'time_formatted': '00:01', 'proper_unix_timestamp': 1764651660000, 'proper_iso_timestamp': '2025-12-02T05:01:00.000Z'}",,,,,,,,,0,0,$70.00,70,,,,,,,0.00,0,,,,,,,,,,,,,,,,,,,,,,,Yes,True
692e72b2206a976348151c8e,"<span class=""692e72afbbb1193449cedef4"" data-kn=""connection-value"">陌歌 户外M67手雷烟雾模型挂件 可拉环可拆卸 COS装扮 仿真道具-淘宝网</span>","[{'id': '692e72afbbb1193449cedef4', 'identifier': '陌歌 户外M67手雷烟雾模型挂件 可拉环可拆卸 COS装扮 仿真道具-淘宝网'}]",Inactive,Inactive,手雷单个挂件 【尼色】,手雷单个挂件 【尼色】,,,,,,,Yes,True,4,4,12/02/2025 00:01,"{'date': '12/02/2025', 'date_formatted': '12/02/2025', 'hours': '12', 'minutes': '01', 'am_pm': 'AM', 'unix_timestamp': 1764633660000, 'iso_timestamp': '2025-12-02T00:01:00.000Z', 'timestamp': '12/02/2025 12:01 am', 'time': 1, 'time_formatted': '00:01', 'proper_unix_timestamp': 1764651660000, 'proper_iso_timestamp': '2025-12-02T05:01:00.000Z'}",12/02/2025 00:01,"{'date': '12/02/2025', 'date_formatted': '12/02/2025', 'hours': '12', 'minutes': '01', 'am_pm': 'AM', 'unix_timestamp': 1764633660000, 'iso_timestamp': '2025-12-02T00:01:00.000Z', 'timestamp': '12/02/2025 12:01 am', 'time': 1, 'time_formatted': '00:01', 'proper_unix_timestamp': 1764651660000, 'proper_iso_timestamp': '2025-12-02T05:01:00.000Z'}",,,,,,,,,0,0,$70.00,70,,,,,,,0.00,0,,,,,,,,,,,,,,,,,,,,,,,Yes,True
692e72b298f5ae76cbf17f0f,"<span class=""692e72afbbb1193449cedef4"" data-kn=""connection-value"">陌歌 户外M67手雷烟雾模型挂件 可拉环可拆卸 COS装扮 仿真道具-淘宝网</span>","[{'id': '692e72afbbb1193449cedef4', 'identifier': '陌歌 户外M67手雷烟雾模型挂件 可拉环可拆卸 COS装扮 仿真道具-淘宝网'}]",Inactive,Inactive,手雷单个挂件 【黑色】,手雷单个挂件 【黑色】,,,,,,,Yes,True,5,5,12/02/2025 00:01,"{'date': '12/02/2025', 'date_formatted': '12/02/2025', 'hours': '12', 'minutes': '01', 'am_pm': 'AM', 'unix_timestamp': 1764633660000, 'iso_timestamp': '2025-12-02T00:01:00.000Z', 'timestamp': '12/02/2025 12:01 am', 'time': 1, 'time_formatted': '00:01', 'proper_unix_timestamp': 1764651660000, 'proper_iso_timestamp': '2025-12-02T05:01:00.000Z'}",12/02/2025 00:01,"{'date': '12/02/2025', 'date_formatted': '12/02/2025', 'hours': '12', 'minutes': '01', 'am_pm': 'AM', 'unix_timestamp': 1764633660000, 'iso_timestamp': '2025-12-02T00:01:00.000Z', 'timestamp': '12/02/2025 12:01 am', 'time': 1, 'time_formatted': '00:01', 'proper_unix_timestamp': 1764651660000, 'proper_iso_timestamp': '2025-12-02T05:01:00.000Z'}",,,,,,,,,0,0,$70.00,70,,,,,,,0.00,0,,,,,,,,,,,,,,,,,,,,,,,Yes,True
692e72af0bbc7142021ffee9,"<span class=""692e72a009e839f3a726a708"" data-kn=""connection-value"">儿童手雷玩具可爆炸水弹M67弹射烟雾手榴弹模型吃鸡男孩生日礼物-tmall.com天猫</span>","[{'id': '692e72a009e839f3a726a708', 'identifier': '儿童手雷玩具可爆炸水弹M67弹射烟雾手榴弹模型吃鸡男孩生日礼物-tmall.com天猫'}]",Archive,Archive,标配+3万弹,标配+3万弹,,,,,,,Yes,True,27,27,12/02/2025 00:01,"{'date': '12/02/2025', 'date_formatted': '12/02/2025', 'hours': '12', 'minutes': '01', 'am_pm': 'AM', 'unix_timestamp': 1764633660000, 'iso_timestamp': '2025-12-02T00:01:00.000Z', 'timestamp': '12/02/2025 12:01 am', 'time': 1, 'time_formatted': '00:01', 'proper_unix_timestamp': 1764651660000, 'proper_iso_timestamp': '2025-12-02T05:01:00.000Z'}",12/02/2025 00:01,"{'date': '12/02/2025', 'date_formatted': '12/02/2025', 'hours': '12', 'minutes': '01', 'am_pm': 'AM', 'unix_timestamp': 1764633660000, 'iso_timestamp': '2025-12-02T00:01:00.000Z', 'timestamp': '12/02/2025 12:01 am', 'time': 1, 'time_formatted': '00:01', 'proper_unix_timestamp': 1764651660000, 'proper_iso_timestamp': '2025-12-02T05:01:00.000Z'}",,,,,,,,,0,0,$70.00,70,,,,,,,0.00,0,,,,,,,,,,,,,,,,,,,,,,,Yes,True
692e72ae45a61c7d1f2fa4bb,"<span class=""692e72a009e839f3a726a708"" data-kn=""connection-value"">儿童手雷玩具可爆炸水弹M67弹射烟雾手榴弹模型吃鸡男孩生日礼物-tmall.com天猫</span>","[{'id': '692e72a009e839f3a726a708', 'identifier': '儿童手雷玩具可爆炸水弹M67弹射烟雾手榴弹模型吃鸡男孩生日礼物-tmall.com天猫'}]",Archive,Archive,标配+2万弹,标配+2万弹,,,,,,,Yes,True,28,28,12/02/2025 00:01,"{'date': '12/02/2025', 'date_formatted': '12/02/2025', 'hours': '12', 'minutes': '01', 'am_pm': 'AM', 'unix_timestamp': 1764633660000, 'iso_timestamp': '2025-12-02T00:01:00.000Z', 'timestamp': '12/02/2025 12:01 am', 'time': 1, 'time_formatted': '00:01', 'proper_unix_timestamp': 1764651660000, 'proper_iso_timestamp': '2025-12-02T05:01:00.000Z'}",12/02/2025 00:01,"{'date': '12/02/2025', 'date_formatted': '12/02/2025', 'hours': '12', 'minutes': '01', 'am_pm': 'AM', 'unix_timestamp': 1764633660000, 'iso_timestamp': '2025-12-02T00:01:00.000Z', 'timestamp': '12/02/2025 12:01 am', 'time': 1, 'time_formatted': '00:01', 'proper_unix_timestamp': 1764651660000, 'proper_iso_timestamp': '2025-12-02T05:01:00.000Z'}",,,,,,,,,0,0,$70.00,70,,,,,,,0.00,0,,,,,,,,,,,,,,,,,,,,,,,Yes,True
692e72ae45a61c7d1f2f9503,"<span class=""692e72a009e839f3a726a708"" data-kn=""connection-value"">儿童手雷玩具可爆炸水弹M67弹射烟雾手榴弹模型吃鸡男孩生日礼物-tmall.com天猫</span>","[{'id': '692e72a009e839f3a726a708', 'identifier': '儿童手雷玩具可爆炸水弹M67弹射烟雾手榴弹模型吃鸡男孩生日礼物-tmall.com天猫'}]",Archive,Archive,标配+1万弹,标配+1万弹,,,,,,,Yes,True,29,29,12/02/2025 00:01,"{'date': '12/02/2025', 'date_formatted': '12/02/2025', 'hours': '12', 'minutes': '01', 'am_pm': 'AM', 'unix_timestamp': 1764633660000, 'iso_timestamp': '2025-12-02T00:01:00.000Z', 'timestamp': '12/02/2025 12:01 am', 'time': 1, 'time_formatted': '00:01', 'proper_unix_timestamp': 1764651660000, 'proper_iso_timestamp': '2025-12-02T05:01:00.000Z'}",12/02/2025 00:01,"{'date': '12/02/2025', 'date_formatted': '12/02/2025', 'hours': '12', 'minutes': '01', 'am_pm': 'AM', 'unix_timestamp': 1764633660000, 'iso_timestamp': '2025-12-02T00:01:00.000Z', 'timestamp': '12/02/2025 12:01 am', 'time': 1, 'time_formatted': '00:01', 'proper_unix_timestamp': 1764651660000, 'proper_iso_timestamp': '2025-12-02T05:01:00.000Z'}",,,,,,,,,0,0,$70.00,70,,,,,,,0.00,0,,,,,,,,,,,,,,,,,,,,,,,Yes,True
692e72ad7a558fba7c8b1142,"<span class=""692e72a009e839f3a726a708"" data-kn=""connection-value"">儿童手雷玩具可爆炸水弹M67弹射烟雾手榴弹模型吃鸡男孩生日礼物-tmall.com天猫</span>","[{'id': '692e72a009e839f3a726a708', 'identifier': '儿童手雷玩具可爆炸水弹M67弹射烟雾手榴弹模型吃鸡男孩生日礼物-tmall.com天猫'}]",Archive,Archive,官方标配,官方标配,,,,,,,Yes,True,30,30,12/02/2025 00:01,"{'date': '12/02/2025', 'date_formatted': '12/02/2025', 'hours': '12', 'minutes': '01', 'am_pm': 'AM', 'unix_timestamp': 1764633660000, 'iso_timestamp': '2025-12-02T00:01:00.000Z', 'timestamp': '12/02/2025 12:01 am', 'time': 1, 'time_formatted': '00:01', 'proper_unix_timestamp': 1764651660000, 'proper_iso_timestamp': '2025-12-02T05:01:00.000Z'}",12/02/2025 00:01,"{'date': '12/02/2025', 'date_formatted': '12/02/2025', 'hours': '12', 'minutes': '01', 'am_pm': 'AM', 'unix_timestamp': 1764633660000, 'iso_timestamp': '2025-12-02T00:01:00.000Z', 'timestamp': '12/02/2025 12:01 am', 'time': 1, 'time_formatted': '00:01', 'proper_unix_timestamp': 1764651660000, 'proper_iso_timestamp': '2025-12-02T05:01:00.000Z'}",,,,,,,,,0,0,$70.00,70,,,,,,,0.00,0,,,,,,,,,,,,,,,,,,,,,,,Yes,True
692e72ad52032e7f967a1d89,"<span class=""692e72a009e839f3a726a708"" data-kn=""connection-value"">儿童手雷玩具可爆炸水弹M67弹射烟雾手榴弹模型吃鸡男孩生日礼物-tmall.com天猫</span>","[{'id': '692e72a009e839f3a726a708', 'identifier': '儿童手雷玩具可爆炸水弹M67弹射烟雾手榴弹模型吃鸡男孩生日礼物-tmall.com天猫'}]",Active,Active,M18 Medium (OD Green) – Reusable,M18 Medium (OD Green) – Reusable,【M18中号军绿】可循环使用,【M18中号军绿】可循环使用,https://detail.tmall.com/item.htm?_u=o20bch12k17773&id=823946437927&skuId=5738907058845,https://detail.tmall.com/item.htm?_u=o20bch12k17773&id=823946437927&skuId=5738907058845,,,Yes,True,15,15,12/02/2025 00:01,"{'date': '12/02/2025', 'date_formatted': '12/02/2025', 'hours': '12', 'minutes': '01', 'am_pm': 'AM', 'unix_timestamp': 1764633660000, 'iso_timestamp': '2025-12-02T00:01:00.000Z', 'timestamp': '12/02/2025 12:01 am', 'time': 1, 'time_formatted': '00:01', 'proper_unix_timestamp': 1764651660000, 'proper_iso_timestamp': '2025-12-02T05:01:00.000Z'}",12/02/2025 00:01,"{'date': '12/02/2025', 'date_formatted': '12/02/2025', 'hours': '12', 'minutes': '01', 'am_pm': 'AM', 'unix_timestamp': 1764633660000, 'iso_timestamp': '2025-12-02T00:01:00.000Z', 'timestamp': '12/02/2025 12:01 am', 'time': 1, 'time_formatted': '00:01', 'proper_unix_timestamp': 1764651660000, 'proper_iso_timestamp': '2025-12-02T05:01:00.000Z'}",Purchase Type,Purchase Type,Single,Single,Singles,Singles,M18 Medium (OD Green) – Reusable,M18 Medium (OD Green) – Reusable,13,12.9,$38.00,38,,,30,$30,,,25.50,25.5,10.2,10,50.00,50,32.00,32,,,,,,,,,,,,,,,,,Yes,True
692e72adbbb1193449ce973d,"<span class=""692e72a009e839f3a726a708"" data-kn=""connection-value"">儿童手雷玩具可爆炸水弹M67弹射烟雾手榴弹模型吃鸡男孩生日礼物-tmall.com天猫</span>","[{'id': '692e72a009e839f3a726a708', 'identifier': '儿童手雷玩具可爆炸水弹M67弹射烟雾手榴弹模型吃鸡男孩生日礼物-tmall.com天猫'}]",Archive,Archive,3颖⭐(M26车绿+M67军绿+M18军绿),3颖⭐(M26车绿+M67军绿+M18军绿),,,,,,,Yes,True,31,31,12/02/2025 00:01,"{'date': '12/02/2025', 'date_formatted': '12/02/2025', 'hours': '12', 'minutes': '01', 'am_pm': 'AM', 'unix_timestamp': 1764633660000, 'iso_timestamp': '2025-12-02T00:01:00.000Z', 'timestamp': '12/02/2025 12:01 am', 'time': 1, 'time_formatted': '00:01', 'proper_unix_timestamp': 1764651660000, 'proper_iso_timestamp': '2025-12-02T05:01:00.000Z'}",12/02/2025 00:01,"{'date': '12/02/2025', 'date_formatted': '12/02/2025', 'hours': '12', 'minutes': '01', 'am_pm': 'AM', 'unix_timestamp': 1764633660000, 'iso_timestamp': '2025-12-02T00:01:00.000Z', 'timestamp': '12/02/2025 12:01 am', 'time': 1, 'time_formatted': '00:01', 'proper_unix_timestamp': 1764651660000, 'proper_iso_timestamp': '2025-12-02T05:01:00.000Z'}",,,,,,,,,0,0,$70.00,70,,,,,,,0.00,0,,,,,,,,,,,,,,,,,,,,,,,Yes,True
692e72adca52923e5b360177,"<span class=""692e72a009e839f3a726a708"" data-kn=""connection-value"">儿童手雷玩具可爆炸水弹M67弹射烟雾手榴弹模型吃鸡男孩生日礼物-tmall.com天猫</span>","[{'id': '692e72a009e839f3a726a708', 'identifier': '儿童手雷玩具可爆炸水弹M67弹射烟雾手榴弹模型吃鸡男孩生日礼物-tmall.com天猫'}]",Archive,Archive,2颗⭐(M26军绿+67军绿),2颗⭐(M26军绿+67军绿),,,,,,,Yes,True,32,32,12/02/2025 00:01,"{'date': '12/02/2025', 'date_formatted': '12/02/2025', 'hours': '12', 'minutes': '01', 'am_pm': 'AM', 'unix_timestamp': 1764633660000, 'iso_timestamp': '2025-12-02T00:01:00.000Z', 'timestamp': '12/02/2025 12:01 am', 'time': 1, 'time_formatted': '00:01', 'proper_unix_timestamp': 1764651660000, 'proper_iso_timestamp': '2025-12-02T05:01:00.000Z'}",12/02/2025 00:01,"{'date': '12/02/2025', 'date_formatted': '12/02/2025', 'hours': '12', 'minutes': '01', 'am_pm': 'AM', 'unix_timestamp': 1764633660000, 'iso_timestamp': '2025-12-02T00:01:00.000Z', 'timestamp': '12/02/2025 12:01 am', 'time': 1, 'time_formatted': '00:01', 'proper_unix_timestamp': 1764651660000, 'proper_iso_timestamp': '2025-12-02T05:01:00.000Z'}",,,,,,,,,0,0,$70.00,70,,,,,,,0.00,0,,,,,,,,,,,,,,,,,,,,,,,Yes,True
692e72ada8db87607b23bb37,"<span class=""692e72a009e839f3a726a708"" data-kn=""connection-value"">儿童手雷玩具可爆炸水弹M67弹射烟雾手榴弹模型吃鸡男孩生日礼物-tmall.com天猫</span>","[{'id': '692e72a009e839f3a726a708', 'identifier': '儿童手雷玩具可爆炸水弹M67弹射烟雾手榴弹模型吃鸡男孩生日礼物-tmall.com天猫'}]",Active,Active,2-Pack (M24 OD Green + M24 Black),2-Pack (M24 OD Green + M24 Black),2颗⭐（M24军绿+M24黑色）,2颗⭐（M24军绿+M24黑色）,https://detail.tmall.com/item.htm?_u=o20bch12k17773&id=823946437927&skuId=5538077740910,https://detail.tmall.com/item.htm?_u=o20bch12k17773&id=823946437927&skuId=5538077740910,,,Yes,True,24,24,12/02/2025 00:01,"{'date': '12/02/2025', 'date_formatted': '12/02/2025', 'hours': '12', 'minutes': '01', 'am_pm': 'AM', 'unix_timestamp': 1764633660000, 'iso_timestamp': '2025-12-02T00:01:00.000Z', 'timestamp': '12/02/2025 12:01 am', 'time': 1, 'time_formatted': '00:01', 'proper_unix_timestamp': 1764651660000, 'proper_iso_timestamp': '2025-12-02T05:01:00.000Z'}",12/02/2025 00:01,"{'date': '12/02/2025', 'date_formatted': '12/02/2025', 'hours': '12', 'minutes': '01', 'am_pm': 'AM', 'unix_timestamp': 1764633660000, 'iso_timestamp': '2025-12-02T00:01:00.000Z', 'timestamp': '12/02/2025 12:01 am', 'time': 1, 'time_formatted': '00:01', 'proper_unix_timestamp': 1764651660000, 'proper_iso_timestamp': '2025-12-02T05:01:00.000Z'}",Purchase Type,Purchase Type,Bundle,Bundle,Bundles,Bundles,2-Pack (M24 OD Green + M24 Black),2-Pack (M24 OD Green + M24 Black),44,43.9,$38.00,38,,,50,$50,,,42.50,42.5,16.4,16,51.40,51.4,33.40,33.4,,,,,,,,,,,,,,,,,Yes,True
692e72acfa364bcdfb71d571,"<span class=""692e72a009e839f3a726a708"" data-kn=""connection-value"">儿童手雷玩具可爆炸水弹M67弹射烟雾手榴弹模型吃鸡男孩生日礼物-tmall.com天猫</span>","[{'id': '692e72a009e839f3a726a708', 'identifier': '儿童手雷玩具可爆炸水弹M67弹射烟雾手榴弹模型吃鸡男孩生日礼物-tmall.com天猫'}]",Active,Active,2-Pack (M26A1 OD Green + M26A1 Black),2-Pack (M26A1 OD Green + M26A1 Black),2颗⭐（M26A1军绿+M26A1黑色）,2颗⭐（M26A1军绿+M26A1黑色）,https://detail.tmall.com/item.htm?_u=o20bch12k17773&id=823946437927&skuId=5538077740909,https://detail.tmall.com/item.htm?_u=o20bch12k17773&id=823946437927&skuId=5538077740909,,,Yes,True,18,18,12/02/2025 00:01,"{'date': '12/02/2025', 'date_formatted': '12/02/2025', 'hours': '12', 'minutes': '01', 'am_pm': 'AM', 'unix_timestamp': 1764633660000, 'iso_timestamp': '2025-12-02T00:01:00.000Z', 'timestamp': '12/02/2025 12:01 am', 'time': 1, 'time_formatted': '00:01', 'proper_unix_timestamp': 1764651660000, 'proper_iso_timestamp': '2025-12-02T05:01:00.000Z'}",12/02/2025 00:01,"{'date': '12/02/2025', 'date_formatted': '12/02/2025', 'hours': '12', 'minutes': '01', 'am_pm': 'AM', 'unix_timestamp': 1764633660000, 'iso_timestamp': '2025-12-02T00:01:00.000Z', 'timestamp': '12/02/2025 12:01 am', 'time': 1, 'time_formatted': '00:01', 'proper_unix_timestamp': 1764651660000, 'proper_iso_timestamp': '2025-12-02T05:01:00.000Z'}",Purchase Type,Purchase Type,Bundle,Bundle,Bundles,Bundles,2-Pack (M26A1 OD Green + M26A1 Black),2-Pack (M26A1 OD Green + M26A1 Black),32,31.9,$38.00,38,,,40,$40,,,34.00,34,14,14,48.80,48.8,30.80,30.8,,,,,,,,,,,,,,,,,Yes,True
692e72ac45a61c7d1f2f7ee5,"<span class=""692e72a009e839f3a726a708"" data-kn=""connection-value"">儿童手雷玩具可爆炸水弹M67弹射烟雾手榴弹模型吃鸡男孩生日礼物-tmall.com天猫</span>","[{'id': '692e72a009e839f3a726a708', 'identifier': '儿童手雷玩具可爆炸水弹M67弹射烟雾手榴弹模型吃鸡男孩生日礼物-tmall.com天猫'}]",Active,Active,2-Pack (F1 OD Green + F1 Black),2-Pack (F1 OD Green + F1 Black),2颗⭐（F1军绿+F1黑色）,2颗⭐（F1军绿+F1黑色）,https://detail.tmall.com/item.htm?_u=o20bch12k17773&id=823946437927&skuId=5538077740908,https://detail.tmall.com/item.htm?_u=o20bch12k17773&id=823946437927&skuId=5538077740908,,,Yes,True,19,19,12/02/2025 00:01,"{'date': '12/02/2025', 'date_formatted': '12/02/2025', 'hours': '12', 'minutes': '01', 'am_pm': 'AM', 'unix_timestamp': 1764633660000, 'iso_timestamp': '2025-12-02T00:01:00.000Z', 'timestamp': '12/02/2025 12:01 am', 'time': 1, 'time_formatted': '00:01', 'proper_unix_timestamp': 1764651660000, 'proper_iso_timestamp': '2025-12-02T05:01:00.000Z'}",12/02/2025 00:01,"{'date': '12/02/2025', 'date_formatted': '12/02/2025', 'hours': '12', 'minutes': '01', 'am_pm': 'AM', 'unix_timestamp': 1764633660000, 'iso_timestamp': '2025-12-02T00:01:00.000Z', 'timestamp': '12/02/2025 12:01 am', 'time': 1, 'time_formatted': '00:01', 'proper_unix_timestamp': 1764651660000, 'proper_iso_timestamp': '2025-12-02T05:01:00.000Z'}",Purchase Type,Purchase Type,Bundle,Bundle,Bundles,Bundles,2-Pack (F1 OD Green + F1 Black),2-Pack (F1 OD Green + F1 Black),32,31.9,$38.00,38,,,40,$40,,,34.00,34,14,14,48.80,48.8,30.80,30.8,,,,,,,,,,,,,,,,,Yes,True
692e72ac0bbc7142021fc7c3,"<span class=""692e72a009e839f3a726a708"" data-kn=""connection-value"">儿童手雷玩具可爆炸水弹M67弹射烟雾手榴弹模型吃鸡男孩生日礼物-tmall.com天猫</span>","[{'id': '692e72a009e839f3a726a708', 'identifier': '儿童手雷玩具可爆炸水弹M67弹射烟雾手榴弹模型吃鸡男孩生日礼物-tmall.com天猫'}]",Active,Active,2-Pack (M18 OD Green + M18 Black),2-Pack (M18 OD Green + M18 Black),2颗⭐（M18军绿+M18黑色）,2颗⭐（M18军绿+M18黑色）,2颗⭐（M18军绿+M18黑色）,2颗⭐（M18军绿+M18黑色）,,,Yes,True,20,20,12/02/2025 00:01,"{'date': '12/02/2025', 'date_formatted': '12/02/2025', 'hours': '12', 'minutes': '01', 'am_pm': 'AM', 'unix_timestamp': 1764633660000, 'iso_timestamp': '2025-12-02T00:01:00.000Z', 'timestamp': '12/02/2025 12:01 am', 'time': 1, 'time_formatted': '00:01', 'proper_unix_timestamp': 1764651660000, 'proper_iso_timestamp': '2025-12-02T05:01:00.000Z'}",12/02/2025 00:01,"{'date': '12/02/2025', 'date_formatted': '12/02/2025', 'hours': '12', 'minutes': '01', 'am_pm': 'AM', 'unix_timestamp': 1764633660000, 'iso_timestamp': '2025-12-02T00:01:00.000Z', 'timestamp': '12/02/2025 12:01 am', 'time': 1, 'time_formatted': '00:01', 'proper_unix_timestamp': 1764651660000, 'proper_iso_timestamp': '2025-12-02T05:01:00.000Z'}",Purchase Type,Purchase Type,Bundle,Bundle,Bundles,Bundles,2-Pack (M18 OD Green + M18 Black),2-Pack (M18 OD Green + M18 Black),32,31.9,$38.00,38,,,40,$40,,,34.00,34,14,14,48.80,48.8,30.80,30.8,,,,,,,,,,,,,,,,,Yes,True
692e72ac09e839f3a727661b,"<span class=""692e72a009e839f3a726a708"" data-kn=""connection-value"">儿童手雷玩具可爆炸水弹M67弹射烟雾手榴弹模型吃鸡男孩生日礼物-tmall.com天猫</span>","[{'id': '692e72a009e839f3a726a708', 'identifier': '儿童手雷玩具可爆炸水弹M67弹射烟雾手榴弹模型吃鸡男孩生日礼物-tmall.com天猫'}]",Active,Active,2-Pack (M67 OD Green + M67 Black),2-Pack (M67 OD Green + M67 Black),2颗⭐（M67军绿+M67黑色）,2颗⭐（M67军绿+M67黑色）,https://detail.tmall.com/item.htm?_u=o20bch12k17773&id=823946437927&skuId=5538077740906,https://detail.tmall.com/item.htm?_u=o20bch12k17773&id=823946437927&skuId=5538077740906,,,Yes,True,21,21,12/02/2025 00:01,"{'date': '12/02/2025', 'date_formatted': '12/02/2025', 'hours': '12', 'minutes': '01', 'am_pm': 'AM', 'unix_timestamp': 1764633660000, 'iso_timestamp': '2025-12-02T00:01:00.000Z', 'timestamp': '12/02/2025 12:01 am', 'time': 1, 'time_formatted': '00:01', 'proper_unix_timestamp': 1764651660000, 'proper_iso_timestamp': '2025-12-02T05:01:00.000Z'}",12/02/2025 00:01,"{'date': '12/02/2025', 'date_formatted': '12/02/2025', 'hours': '12', 'minutes': '01', 'am_pm': 'AM', 'unix_timestamp': 1764633660000, 'iso_timestamp': '2025-12-02T00:01:00.000Z', 'timestamp': '12/02/2025 12:01 am', 'time': 1, 'time_formatted': '00:01', 'proper_unix_timestamp': 1764651660000, 'proper_iso_timestamp': '2025-12-02T05:01:00.000Z'}",Purchase Type,Purchase Type,Bundle,Bundle,Bundles,Bundles,2-Pack (M67 OD Green + M67 Black),2-Pack (M67 OD Green + M67 Black),32,31.9,$38.00,38,,,40,$40,,,34.00,34,14,14,48.80,48.8,30.80,30.8,,,,,,,,,,,,,,,,,Yes,True
692e72ac7e25f4f438f85753,"<span class=""692e72a009e839f3a726a708"" data-kn=""connection-value"">儿童手雷玩具可爆炸水弹M67弹射烟雾手榴弹模型吃鸡男孩生日礼物-tmall.com天猫</span>","[{'id': '692e72a009e839f3a726a708', 'identifier': '儿童手雷玩具可爆炸水弹M67弹射烟雾手榴弹模型吃鸡男孩生日礼物-tmall.com天猫'}]",Active,Active,2-Pack (MF36 OD Green + MF36 Black),2-Pack (MF36 OD Green + MF36 Black),2颗⭐（MF36军绿+MF36黑色）,2颗⭐（MF36军绿+MF36黑色）,https://detail.tmall.com/item.htm?_u=o20bch12k17773&id=823946437927&skuId=5684885513543,https://detail.tmall.com/item.htm?_u=o20bch12k17773&id=823946437927&skuId=5684885513543,,,Yes,True,22,22,12/02/2025 00:01,"{'date': '12/02/2025', 'date_formatted': '12/02/2025', 'hours': '12', 'minutes': '01', 'am_pm': 'AM', 'unix_timestamp': 1764633660000, 'iso_timestamp': '2025-12-02T00:01:00.000Z', 'timestamp': '12/02/2025 12:01 am', 'time': 1, 'time_formatted': '00:01', 'proper_unix_timestamp': 1764651660000, 'proper_iso_timestamp': '2025-12-02T05:01:00.000Z'}",12/02/2025 00:01,"{'date': '12/02/2025', 'date_formatted': '12/02/2025', 'hours': '12', 'minutes': '01', 'am_pm': 'AM', 'unix_timestamp': 1764633660000, 'iso_timestamp': '2025-12-02T00:01:00.000Z', 'timestamp': '12/02/2025 12:01 am', 'time': 1, 'time_formatted': '00:01', 'proper_unix_timestamp': 1764651660000, 'proper_iso_timestamp': '2025-12-02T05:01:00.000Z'}",Purchase Type,Purchase Type,Bundle,Bundle,Bundles,Bundles,2-Pack (MF36 OD Green + MF36 Black),2-Pack (MF36 OD Green + MF36 Black),32,31.9,$38.00,38,,,40,$40,,,34.00,34,14,14,48.80,48.8,30.80,30.8,,,,,,,,,,,,,,,,,Yes,True
692e72ab52032e7f967a0689,"<span class=""692e72a009e839f3a726a708"" data-kn=""connection-value"">儿童手雷玩具可爆炸水弹M67弹射烟雾手榴弹模型吃鸡男孩生日礼物-tmall.com天猫</span>","[{'id': '692e72a009e839f3a726a708', 'identifier': '儿童手雷玩具可爆炸水弹M67弹射烟雾手榴弹模型吃鸡男孩生日礼物-tmall.com天猫'}]",Active,Active,2-Pack (82-2 OD Green + 82-2 Black),2-Pack (82-2 OD Green + 82-2 Black),2颗⭐(82-2军绿+82-2黑色）,2颗⭐(82-2军绿+82-2黑色）,https://detail.tmall.com/item.htm?_u=o20bch12k17773&id=823946437927&skuId=5538077740905,https://detail.tmall.com/item.htm?_u=o20bch12k17773&id=823946437927&skuId=5538077740905,,,Yes,True,23,23,12/02/2025 00:01,"{'date': '12/02/2025', 'date_formatted': '12/02/2025', 'hours': '12', 'minutes': '01', 'am_pm': 'AM', 'unix_timestamp': 1764633660000, 'iso_timestamp': '2025-12-02T00:01:00.000Z', 'timestamp': '12/02/2025 12:01 am', 'time': 1, 'time_formatted': '00:01', 'proper_unix_timestamp': 1764651660000, 'proper_iso_timestamp': '2025-12-02T05:01:00.000Z'}",12/02/2025 00:01,"{'date': '12/02/2025', 'date_formatted': '12/02/2025', 'hours': '12', 'minutes': '01', 'am_pm': 'AM', 'unix_timestamp': 1764633660000, 'iso_timestamp': '2025-12-02T00:01:00.000Z', 'timestamp': '12/02/2025 12:01 am', 'time': 1, 'time_formatted': '00:01', 'proper_unix_timestamp': 1764651660000, 'proper_iso_timestamp': '2025-12-02T05:01:00.000Z'}",Purchase Type,Purchase Type,Bundle,Bundle,Bundles,Bundles,2-Pack (82-2 OD Green + 82-2 Black),2-Pack (82-2 OD Green + 82-2 Black),32,32,$38.00,38,,,40,$40,,,34.00,34,14,14,48.80,48.8,30.80,30.8,,,,,,,,,,,,,,,,,Yes,True
692e72ab45a61c7d1f2f5fbf,"<span class=""692e72a009e839f3a726a708"" data-kn=""connection-value"">儿童手雷玩具可爆炸水弹M67弹射烟雾手榴弹模型吃鸡男孩生日礼物-tmall.com天猫</span>","[{'id': '692e72a009e839f3a726a708', 'identifier': '儿童手雷玩具可爆炸水弹M67弹射烟雾手榴弹模型吃鸡男孩生日礼物-tmall.com天猫'}]",Active,Active,M24 (Black) – Reusable,M24 (Black) – Reusable,【M24黑色】可循环使用,【M24黑色】可循环使用,https://detail.tmall.com/item.htm?_u=o20bch12k17773&id=823946437927&skuId=5538077740904,https://detail.tmall.com/item.htm?_u=o20bch12k17773&id=823946437927&skuId=5538077740904,,,Yes,True,16,16,12/02/2025 00:01,"{'date': '12/02/2025', 'date_formatted': '12/02/2025', 'hours': '12', 'minutes': '01', 'am_pm': 'AM', 'unix_timestamp': 1764633660000, 'iso_timestamp': '2025-12-02T00:01:00.000Z', 'timestamp': '12/02/2025 12:01 am', 'time': 1, 'time_formatted': '00:01', 'proper_unix_timestamp': 1764651660000, 'proper_iso_timestamp': '2025-12-02T05:01:00.000Z'}",12/02/2025 00:01,"{'date': '12/02/2025', 'date_formatted': '12/02/2025', 'hours': '12', 'minutes': '01', 'am_pm': 'AM', 'unix_timestamp': 1764633660000, 'iso_timestamp': '2025-12-02T00:01:00.000Z', 'timestamp': '12/02/2025 12:01 am', 'time': 1, 'time_formatted': '00:01', 'proper_unix_timestamp': 1764651660000, 'proper_iso_timestamp': '2025-12-02T05:01:00.000Z'}",Purchase Type,Purchase Type,Single,Single,Singles,Singles,M24 (Black) – Reusable,M24 (Black) – Reusable,23,23,$38.00,38,,,30,$30,,,25.50,25.5,12.2,12,42.20,42.2,24.20,24.2,,,,,,,,,,,,,,,,,Yes,True
692e72aa45a61c7d1f2f5c45,"<span class=""692e72a009e839f3a726a708"" data-kn=""connection-value"">儿童手雷玩具可爆炸水弹M67弹射烟雾手榴弹模型吃鸡男孩生日礼物-tmall.com天猫</span>","[{'id': '692e72a009e839f3a726a708', 'identifier': '儿童手雷玩具可爆炸水弹M67弹射烟雾手榴弹模型吃鸡男孩生日礼物-tmall.com天猫'}]",Active,Active,M24 (OD Green) – Reusable,M24 (OD Green) – Reusable,【M24军绿】可循环使用,【M24军绿】可循环使用,https://detail.tmall.com/item.htm?_u=o20bch12k17773&id=823946437927&skuId=5538077740903,https://detail.tmall.com/item.htm?_u=o20bch12k17773&id=823946437927&skuId=5538077740903,,,Yes,True,17,17,12/02/2025 00:01,"{'date': '12/02/2025', 'date_formatted': '12/02/2025', 'hours': '12', 'minutes': '01', 'am_pm': 'AM', 'unix_timestamp': 1764633660000, 'iso_timestamp': '2025-12-02T00:01:00.000Z', 'timestamp': '12/02/2025 12:01 am', 'time': 1, 'time_formatted': '00:01', 'proper_unix_timestamp': 1764651660000, 'proper_iso_timestamp': '2025-12-02T05:01:00.000Z'}",12/02/2025 00:01,"{'date': '12/02/2025', 'date_formatted': '12/02/2025', 'hours': '12', 'minutes': '01', 'am_pm': 'AM', 'unix_timestamp': 1764633660000, 'iso_timestamp': '2025-12-02T00:01:00.000Z', 'timestamp': '12/02/2025 12:01 am', 'time': 1, 'time_formatted': '00:01', 'proper_unix_timestamp': 1764651660000, 'proper_iso_timestamp': '2025-12-02T05:01:00.000Z'}",Purchase Type,Purchase Type,Single,Single,Singles,Singles,M24 (OD Green) – Reusable,M24 (OD Green) – Reusable,23,22.9,$38.00,38,,,30,$30,,,25.50,25.5,12.2,12,42.20,42.2,24.20,24.2,,,,,,,,,,,,,,,,,Yes,True
692e72a945a61c7d1f2f4e6a,"<span class=""692e72a009e839f3a726a708"" data-kn=""connection-value"">儿童手雷玩具可爆炸水弹M67弹射烟雾手榴弹模型吃鸡男孩生日礼物-tmall.com天猫</span>","[{'id': '692e72a009e839f3a726a708', 'identifier': '儿童手雷玩具可爆炸水弹M67弹射烟雾手榴弹模型吃鸡男孩生日礼物-tmall.com天猫'}]",Active,Active,M26A1 (Black) – Reusable,M26A1 (Black) – Reusable,【M26A1黑色】可循环使用,【M26A1黑色】可循环使用,https://detail.tmall.com/item.htm?_u=o20bch12k17773&id=823946437927&skuId=5538077740902,https://detail.tmall.com/item.htm?_u=o20bch12k17773&id=823946437927&skuId=5538077740902,,,Yes,True,1,1,12/02/2025 00:01,"{'date': '12/02/2025', 'date_formatted': '12/02/2025', 'hours': '12', 'minutes': '01', 'am_pm': 'AM', 'unix_timestamp': 1764633660000, 'iso_timestamp': '2025-12-02T00:01:00.000Z', 'timestamp': '12/02/2025 12:01 am', 'time': 1, 'time_formatted': '00:01', 'proper_unix_timestamp': 1764651660000, 'proper_iso_timestamp': '2025-12-02T05:01:00.000Z'}",12/02/2025 00:01,"{'date': '12/02/2025', 'date_formatted': '12/02/2025', 'hours': '12', 'minutes': '01', 'am_pm': 'AM', 'unix_timestamp': 1764633660000, 'iso_timestamp': '2025-12-02T00:01:00.000Z', 'timestamp': '12/02/2025 12:01 am', 'time': 1, 'time_formatted': '00:01', 'proper_unix_timestamp': 1764651660000, 'proper_iso_timestamp': '2025-12-02T05:01:00.000Z'}",Purchase Type,Purchase Type,Single,Single,Singles,Singles,M26A1 (Black) – Reusable,M26A1 (Black) – Reusable,17,17,$38.00,38,,,25,$25,,,21.25,21.25,11,11,38.20,38.2,20.20,20.2,,,,,,,,,,,,,,,,,Yes,True
692e72a8a67c9b901d5a3d60,"<span class=""692e72a009e839f3a726a708"" data-kn=""connection-value"">儿童手雷玩具可爆炸水弹M67弹射烟雾手榴弹模型吃鸡男孩生日礼物-tmall.com天猫</span>","[{'id': '692e72a009e839f3a726a708', 'identifier': '儿童手雷玩具可爆炸水弹M67弹射烟雾手榴弹模型吃鸡男孩生日礼物-tmall.com天猫'}]",Active,Active,M26A1 (OD Green) – Reusable,M26A1 (OD Green) – Reusable,【M26A1军绿】可循环使用,【M26A1军绿】可循环使用,https://detail.tmall.com/item.htm?_u=o20bch12k17773&id=823946437927&skuId=5538077740901,https://detail.tmall.com/item.htm?_u=o20bch12k17773&id=823946437927&skuId=5538077740901,,,Yes,True,2,2,12/02/2025 00:01,"{'date': '12/02/2025', 'date_formatted': '12/02/2025', 'hours': '12', 'minutes': '01', 'am_pm': 'AM', 'unix_timestamp': 1764633660000, 'iso_timestamp': '2025-12-02T00:01:00.000Z', 'timestamp': '12/02/2025 12:01 am', 'time': 1, 'time_formatted': '00:01', 'proper_unix_timestamp': 1764651660000, 'proper_iso_timestamp': '2025-12-02T05:01:00.000Z'}",12/02/2025 00:01,"{'date': '12/02/2025', 'date_formatted': '12/02/2025', 'hours': '12', 'minutes': '01', 'am_pm': 'AM', 'unix_timestamp': 1764633660000, 'iso_timestamp': '2025-12-02T00:01:00.000Z', 'timestamp': '12/02/2025 12:01 am', 'time': 1, 'time_formatted': '00:01', 'proper_unix_timestamp': 1764651660000, 'proper_iso_timestamp': '2025-12-02T05:01:00.000Z'}",Purchase Type,Purchase Type,Single,Single,Singles,Singles,M26A1 (OD Green) – Reusable,M26A1 (OD Green) – Reusable,17,17,$38.00,38,,,25,$25,,,21.25,21.25,11,11,38.20,38.2,20.20,20.2,,,,,,,,,,,,,,,,,Yes,True
692e72a67a558fba7c8ab242,"<span class=""692e72a009e839f3a726a708"" data-kn=""connection-value"">儿童手雷玩具可爆炸水弹M67弹射烟雾手榴弹模型吃鸡男孩生日礼物-tmall.com天猫</span>","[{'id': '692e72a009e839f3a726a708', 'identifier': '儿童手雷玩具可爆炸水弹M67弹射烟雾手榴弹模型吃鸡男孩生日礼物-tmall.com天猫'}]",Active,Active,F1 (Black) – Reusable,F1 (Black) – Reusable,【F1黑色】可循环使用,【F1黑色】可循环使用,https://detail.tmall.com/item.htm?_u=o20bch12k17773&id=823946437927&skuId=5538077740900,https://detail.tmall.com/item.htm?_u=o20bch12k17773&id=823946437927&skuId=5538077740900,,,Yes,True,3,3,12/02/2025 00:01,"{'date': '12/02/2025', 'date_formatted': '12/02/2025', 'hours': '12', 'minutes': '01', 'am_pm': 'AM', 'unix_timestamp': 1764633660000, 'iso_timestamp': '2025-12-02T00:01:00.000Z', 'timestamp': '12/02/2025 12:01 am', 'time': 1, 'time_formatted': '00:01', 'proper_unix_timestamp': 1764651660000, 'proper_iso_timestamp': '2025-12-02T05:01:00.000Z'}",12/02/2025 00:01,"{'date': '12/02/2025', 'date_formatted': '12/02/2025', 'hours': '12', 'minutes': '01', 'am_pm': 'AM', 'unix_timestamp': 1764633660000, 'iso_timestamp': '2025-12-02T00:01:00.000Z', 'timestamp': '12/02/2025 12:01 am', 'time': 1, 'time_formatted': '00:01', 'proper_unix_timestamp': 1764651660000, 'proper_iso_timestamp': '2025-12-02T05:01:00.000Z'}",Purchase Type,Purchase Type,Single,Single,Singles,Singles,F1 (Black) – Reusable,F1 (Black) – Reusable,17,17,$38.00,38,,,25,$25,,,21.25,21.25,11,11,38.20,38.2,20.20,20.2,,,,,,,,,,,,,,,,,Yes,True
692e72a609e839f3a726d5e2,"<span class=""692e72a009e839f3a726a708"" data-kn=""connection-value"">儿童手雷玩具可爆炸水弹M67弹射烟雾手榴弹模型吃鸡男孩生日礼物-tmall.com天猫</span>","[{'id': '692e72a009e839f3a726a708', 'identifier': '儿童手雷玩具可爆炸水弹M67弹射烟雾手榴弹模型吃鸡男孩生日礼物-tmall.com天猫'}]",Active,Active,F1 (OD Green) – Reusable,F1 (OD Green) – Reusable,【F1军绿】可循环使用,【F1军绿】可循环使用,https://detail.tmall.com/item.htm?_u=o20bch12k17773&id=823946437927&skuId=5538077740899,https://detail.tmall.com/item.htm?_u=o20bch12k17773&id=823946437927&skuId=5538077740899,,,Yes,True,4,4,12/02/2025 00:01,"{'date': '12/02/2025', 'date_formatted': '12/02/2025', 'hours': '12', 'minutes': '01', 'am_pm': 'AM', 'unix_timestamp': 1764633660000, 'iso_timestamp': '2025-12-02T00:01:00.000Z', 'timestamp': '12/02/2025 12:01 am', 'time': 1, 'time_formatted': '00:01', 'proper_unix_timestamp': 1764651660000, 'proper_iso_timestamp': '2025-12-02T05:01:00.000Z'}",12/02/2025 00:01,"{'date': '12/02/2025', 'date_formatted': '12/02/2025', 'hours': '12', 'minutes': '01', 'am_pm': 'AM', 'unix_timestamp': 1764633660000, 'iso_timestamp': '2025-12-02T00:01:00.000Z', 'timestamp': '12/02/2025 12:01 am', 'time': 1, 'time_formatted': '00:01', 'proper_unix_timestamp': 1764651660000, 'proper_iso_timestamp': '2025-12-02T05:01:00.000Z'}",Purchase Type,Purchase Type,Single,Single,Singles,Singles,F1 (OD Green) – Reusable,F1 (OD Green) – Reusable,17,17,$38.00,38,,,25,$25,,,21.25,21.25,11,11,38.20,38.2,20.20,20.2,,,,,,,,,,,,,,,,,Yes,True
692e72a609e839f3a726d575,"<span class=""692e72a009e839f3a726a708"" data-kn=""connection-value"">儿童手雷玩具可爆炸水弹M67弹射烟雾手榴弹模型吃鸡男孩生日礼物-tmall.com天猫</span>","[{'id': '692e72a009e839f3a726a708', 'identifier': '儿童手雷玩具可爆炸水弹M67弹射烟雾手榴弹模型吃鸡男孩生日礼物-tmall.com天猫'}]",Active,Active,M18 (Black) – Reusable,M18 (Black) – Reusable,【M18黑色】可循环使用,【M18黑色】可循环使用,https://detail.tmall.com/item.htm?_u=o20bch12k17773&id=823946437927&skuId=5538077740898,https://detail.tmall.com/item.htm?_u=o20bch12k17773&id=823946437927&skuId=5538077740898,,,Yes,True,5,5,12/02/2025 00:01,"{'date': '12/02/2025', 'date_formatted': '12/02/2025', 'hours': '12', 'minutes': '01', 'am_pm': 'AM', 'unix_timestamp': 1764633660000, 'iso_timestamp': '2025-12-02T00:01:00.000Z', 'timestamp': '12/02/2025 12:01 am', 'time': 1, 'time_formatted': '00:01', 'proper_unix_timestamp': 1764651660000, 'proper_iso_timestamp': '2025-12-02T05:01:00.000Z'}",12/02/2025 00:01,"{'date': '12/02/2025', 'date_formatted': '12/02/2025', 'hours': '12', 'minutes': '01', 'am_pm': 'AM', 'unix_timestamp': 1764633660000, 'iso_timestamp': '2025-12-02T00:01:00.000Z', 'timestamp': '12/02/2025 12:01 am', 'time': 1, 'time_formatted': '00:01', 'proper_unix_timestamp': 1764651660000, 'proper_iso_timestamp': '2025-12-02T05:01:00.000Z'}",Purchase Type,Purchase Type,Single,Single,Singles,Singles,M18 (Black) – Reusable,M18 (Black) – Reusable,17,17,$38.00,38,,,25,$25,,,21.25,21.25,11,11,38.20,38.2,20.20,20.2,,,,,,,,,,,,,,,,,Yes,True
692e72a60fa676102548d330,"<span class=""692e72a009e839f3a726a708"" data-kn=""connection-value"">儿童手雷玩具可爆炸水弹M67弹射烟雾手榴弹模型吃鸡男孩生日礼物-tmall.com天猫</span>","[{'id': '692e72a009e839f3a726a708', 'identifier': '儿童手雷玩具可爆炸水弹M67弹射烟雾手榴弹模型吃鸡男孩生日礼物-tmall.com天猫'}]",Active,Active,M18 (OD Green) – Reusable,M18 (OD Green) – Reusable,【M18军绿】可循环使用,【M18军绿】可循环使用,https://detail.tmall.com/item.htm?_u=o20bch12k17773&id=823946437927&skuId=5538077740897,https://detail.tmall.com/item.htm?_u=o20bch12k17773&id=823946437927&skuId=5538077740897,,,Yes,True,6,6,12/02/2025 00:01,"{'date': '12/02/2025', 'date_formatted': '12/02/2025', 'hours': '12', 'minutes': '01', 'am_pm': 'AM', 'unix_timestamp': 1764633660000, 'iso_timestamp': '2025-12-02T00:01:00.000Z', 'timestamp': '12/02/2025 12:01 am', 'time': 1, 'time_formatted': '00:01', 'proper_unix_timestamp': 1764651660000, 'proper_iso_timestamp': '2025-12-02T05:01:00.000Z'}",12/02/2025 00:01,"{'date': '12/02/2025', 'date_formatted': '12/02/2025', 'hours': '12', 'minutes': '01', 'am_pm': 'AM', 'unix_timestamp': 1764633660000, 'iso_timestamp': '2025-12-02T00:01:00.000Z', 'timestamp': '12/02/2025 12:01 am', 'time': 1, 'time_formatted': '00:01', 'proper_unix_timestamp': 1764651660000, 'proper_iso_timestamp': '2025-12-02T05:01:00.000Z'}",Purchase Type,Purchase Type,Single,Single,Singles,Singles,M18 (OD Green) – Reusable,M18 (OD Green) – Reusable,17,17,$38.00,38,,,25,$25,,,21.25,21.25,11,11,38.20,38.2,20.20,20.2,,,,,,,,,,,,,,,,,Yes,True
692e72a545a61c7d1f2f31cb,"<span class=""692e72a009e839f3a726a708"" data-kn=""connection-value"">儿童手雷玩具可爆炸水弹M67弹射烟雾手榴弹模型吃鸡男孩生日礼物-tmall.com天猫</span>","[{'id': '692e72a009e839f3a726a708', 'identifier': '儿童手雷玩具可爆炸水弹M67弹射烟雾手榴弹模型吃鸡男孩生日礼物-tmall.com天猫'}]",Active,Active,M67 (Black) – Reusable,M67 (Black) – Reusable,【M67黑色】可循环使用,【M67黑色】可循环使用,https://detail.tmall.com/item.htm?_u=o20bch12k17773&id=823946437927&skuId=5538077740896,https://detail.tmall.com/item.htm?_u=o20bch12k17773&id=823946437927&skuId=5538077740896,,,Yes,True,7,7,12/02/2025 00:01,"{'date': '12/02/2025', 'date_formatted': '12/02/2025', 'hours': '12', 'minutes': '01', 'am_pm': 'AM', 'unix_timestamp': 1764633660000, 'iso_timestamp': '2025-12-02T00:01:00.000Z', 'timestamp': '12/02/2025 12:01 am', 'time': 1, 'time_formatted': '00:01', 'proper_unix_timestamp': 1764651660000, 'proper_iso_timestamp': '2025-12-02T05:01:00.000Z'}",12/02/2025 00:01,"{'date': '12/02/2025', 'date_formatted': '12/02/2025', 'hours': '12', 'minutes': '01', 'am_pm': 'AM', 'unix_timestamp': 1764633660000, 'iso_timestamp': '2025-12-02T00:01:00.000Z', 'timestamp': '12/02/2025 12:01 am', 'time': 1, 'time_formatted': '00:01', 'proper_unix_timestamp': 1764651660000, 'proper_iso_timestamp': '2025-12-02T05:01:00.000Z'}",Purchase Type,Purchase Type,Single,Single,Singles,Singles,M67 (Black) – Reusable,M67 (Black) – Reusable,17,17,$38.00,38,,,25,$25,,,21.25,21.25,11,11,38.20,38.2,20.20,20.2,,,,,,,,,,,,,,,,,Yes,True
692e72a506854af46499a311,"<span class=""692e72a009e839f3a726a708"" data-kn=""connection-value"">儿童手雷玩具可爆炸水弹M67弹射烟雾手榴弹模型吃鸡男孩生日礼物-tmall.com天猫</span>","[{'id': '692e72a009e839f3a726a708', 'identifier': '儿童手雷玩具可爆炸水弹M67弹射烟雾手榴弹模型吃鸡男孩生日礼物-tmall.com天猫'}]",Active,Active,M67 (OD Green) – Reusable,M67 (OD Green) – Reusable,【M67军绿】可循环使用,【M67军绿】可循环使用,https://detail.tmall.com/item.htm?_u=o20bch12k17773&id=823946437927&skuId=5538077740895,https://detail.tmall.com/item.htm?_u=o20bch12k17773&id=823946437927&skuId=5538077740895,,,Yes,True,8,8,12/02/2025 00:01,"{'date': '12/02/2025', 'date_formatted': '12/02/2025', 'hours': '12', 'minutes': '01', 'am_pm': 'AM', 'unix_timestamp': 1764633660000, 'iso_timestamp': '2025-12-02T00:01:00.000Z', 'timestamp': '12/02/2025 12:01 am', 'time': 1, 'time_formatted': '00:01', 'proper_unix_timestamp': 1764651660000, 'proper_iso_timestamp': '2025-12-02T05:01:00.000Z'}",12/02/2025 00:01,"{'date': '12/02/2025', 'date_formatted': '12/02/2025', 'hours': '12', 'minutes': '01', 'am_pm': 'AM', 'unix_timestamp': 1764633660000, 'iso_timestamp': '2025-12-02T00:01:00.000Z', 'timestamp': '12/02/2025 12:01 am', 'time': 1, 'time_formatted': '00:01', 'proper_unix_timestamp': 1764651660000, 'proper_iso_timestamp': '2025-12-02T05:01:00.000Z'}",Purchase Type,Purchase Type,Single,Single,Singles,Singles,M67 (OD Green) – Reusable,M67 (OD Green) – Reusable,17,17,$38.00,38,,,25,$25,,,21.25,21.25,11,11,38.20,38.2,20.20,20.2,,,,,,,,,,,,,,,,,Yes,True
692e72a57a558fba7c8a9a7e,"<span class=""692e72a009e839f3a726a708"" data-kn=""connection-value"">儿童手雷玩具可爆炸水弹M67弹射烟雾手榴弹模型吃鸡男孩生日礼物-tmall.com天猫</span>","[{'id': '692e72a009e839f3a726a708', 'identifier': '儿童手雷玩具可爆炸水弹M67弹射烟雾手榴弹模型吃鸡男孩生日礼物-tmall.com天猫'}]",Active,Active,82-2 (Black) – Reusable,82-2 (Black) – Reusable,【82-2黑色】可循环使用,【82-2黑色】可循环使用,https://detail.tmall.com/item.htm?_u=o20bch12k17773&id=823946437927&skuId=5538077740893,https://detail.tmall.com/item.htm?_u=o20bch12k17773&id=823946437927&skuId=5538077740893,,,Yes,True,9,9,12/02/2025 00:01,"{'date': '12/02/2025', 'date_formatted': '12/02/2025', 'hours': '12', 'minutes': '01', 'am_pm': 'AM', 'unix_timestamp': 1764633660000, 'iso_timestamp': '2025-12-02T00:01:00.000Z', 'timestamp': '12/02/2025 12:01 am', 'time': 1, 'time_formatted': '00:01', 'proper_unix_timestamp': 1764651660000, 'proper_iso_timestamp': '2025-12-02T05:01:00.000Z'}",12/02/2025 00:01,"{'date': '12/02/2025', 'date_formatted': '12/02/2025', 'hours': '12', 'minutes': '01', 'am_pm': 'AM', 'unix_timestamp': 1764633660000, 'iso_timestamp': '2025-12-02T00:01:00.000Z', 'timestamp': '12/02/2025 12:01 am', 'time': 1, 'time_formatted': '00:01', 'proper_unix_timestamp': 1764651660000, 'proper_iso_timestamp': '2025-12-02T05:01:00.000Z'}",Purchase Type,Purchase Type,Single,Single,Singles,Singles,82-2 (Black) – Reusable,82-2 (Black) – Reusable,17,17,$38.00,38,,,25,$25,,,21.25,21.25,11,11,38.20,38.2,20.20,20.2,,,,,,,,,,,,,,,,,Yes,True
692e72a4069ca22fda179f57,"<span class=""692e72a009e839f3a726a708"" data-kn=""connection-value"">儿童手雷玩具可爆炸水弹M67弹射烟雾手榴弹模型吃鸡男孩生日礼物-tmall.com天猫</span>","[{'id': '692e72a009e839f3a726a708', 'identifier': '儿童手雷玩具可爆炸水弹M67弹射烟雾手榴弹模型吃鸡男孩生日礼物-tmall.com天猫'}]",Active,Active,82-2 (OD Green) – Reusable,82-2 (OD Green) – Reusable,【82-2军绿】可循环使用,【82-2军绿】可循环使用,https://detail.tmall.com/item.htm?_u=o20bch12k17773&id=823946437927&skuId=5538077740893,https://detail.tmall.com/item.htm?_u=o20bch12k17773&id=823946437927&skuId=5538077740893,,,Yes,True,10,10,12/02/2025 00:01,"{'date': '12/02/2025', 'date_formatted': '12/02/2025', 'hours': '12', 'minutes': '01', 'am_pm': 'AM', 'unix_timestamp': 1764633660000, 'iso_timestamp': '2025-12-02T00:01:00.000Z', 'timestamp': '12/02/2025 12:01 am', 'time': 1, 'time_formatted': '00:01', 'proper_unix_timestamp': 1764651660000, 'proper_iso_timestamp': '2025-12-02T05:01:00.000Z'}",12/02/2025 00:01,"{'date': '12/02/2025', 'date_formatted': '12/02/2025', 'hours': '12', 'minutes': '01', 'am_pm': 'AM', 'unix_timestamp': 1764633660000, 'iso_timestamp': '2025-12-02T00:01:00.000Z', 'timestamp': '12/02/2025 12:01 am', 'time': 1, 'time_formatted': '00:01', 'proper_unix_timestamp': 1764651660000, 'proper_iso_timestamp': '2025-12-02T05:01:00.000Z'}",Purchase Type,Purchase Type,Single,Single,Singles,Singles,82-2 (OD Green) – Reusable,82-2 (OD Green) – Reusable,17,16.9,$38.00,38,,,25,$25,,,21.25,21.25,11,11,38.20,38.2,20.20,20.2,,,,,,,,,,,,,,,,,Yes,True
692e72a47a558fba7c8a9982,"<span class=""692e72a009e839f3a726a708"" data-kn=""connection-value"">儿童手雷玩具可爆炸水弹M67弹射烟雾手榴弹模型吃鸡男孩生日礼物-tmall.com天猫</span>","[{'id': '692e72a009e839f3a726a708', 'identifier': '儿童手雷玩具可爆炸水弹M67弹射烟雾手榴弹模型吃鸡男孩生日礼物-tmall.com天猫'}]",Active,Active,MF36 (Black) – Reusable,MF36 (Black) – Reusable,【MF36黑色】可循环使用,【MF36黑色】可循环使用,https://detail.tmall.com/item.htm?_u=o20bch12k17773&id=823946437927&skuId=5684885513535,https://detail.tmall.com/item.htm?_u=o20bch12k17773&id=823946437927&skuId=5684885513535,,,Yes,True,11,11,12/02/2025 00:01,"{'date': '12/02/2025', 'date_formatted': '12/02/2025', 'hours': '12', 'minutes': '01', 'am_pm': 'AM', 'unix_timestamp': 1764633660000, 'iso_timestamp': '2025-12-02T00:01:00.000Z', 'timestamp': '12/02/2025 12:01 am', 'time': 1, 'time_formatted': '00:01', 'proper_unix_timestamp': 1764651660000, 'proper_iso_timestamp': '2025-12-02T05:01:00.000Z'}",12/02/2025 00:01,"{'date': '12/02/2025', 'date_formatted': '12/02/2025', 'hours': '12', 'minutes': '01', 'am_pm': 'AM', 'unix_timestamp': 1764633660000, 'iso_timestamp': '2025-12-02T00:01:00.000Z', 'timestamp': '12/02/2025 12:01 am', 'time': 1, 'time_formatted': '00:01', 'proper_unix_timestamp': 1764651660000, 'proper_iso_timestamp': '2025-12-02T05:01:00.000Z'}",Purchase Type,Purchase Type,Single,Single,Singles,Singles,MF36 (Black) – Reusable,MF36 (Black) – Reusable,17,16.9,$38.00,38,,,25,$25,,,21.25,21.25,11,11,38.20,38.2,20.20,20.2,,,,,,,,,,,,,,,,,Yes,True
692e72a4069ca22fda1799b6,"<span class=""692e72a009e839f3a726a708"" data-kn=""connection-value"">儿童手雷玩具可爆炸水弹M67弹射烟雾手榴弹模型吃鸡男孩生日礼物-tmall.com天猫</span>","[{'id': '692e72a009e839f3a726a708', 'identifier': '儿童手雷玩具可爆炸水弹M67弹射烟雾手榴弹模型吃鸡男孩生日礼物-tmall.com天猫'}]",Active,Active,MF36 (Green) – Reusable,MF36 (Green) – Reusable,【MF36绿色】可循环使用,【MF36绿色】可循环使用,https://detail.tmall.com/item.htm?_u=o20bch12k17773&id=823946437927&skuId=5684885513539,https://detail.tmall.com/item.htm?_u=o20bch12k17773&id=823946437927&skuId=5684885513539,,,Yes,True,12,12,12/02/2025 00:01,"{'date': '12/02/2025', 'date_formatted': '12/02/2025', 'hours': '12', 'minutes': '01', 'am_pm': 'AM', 'unix_timestamp': 1764633660000, 'iso_timestamp': '2025-12-02T00:01:00.000Z', 'timestamp': '12/02/2025 12:01 am', 'time': 1, 'time_formatted': '00:01', 'proper_unix_timestamp': 1764651660000, 'proper_iso_timestamp': '2025-12-02T05:01:00.000Z'}",12/02/2025 00:01,"{'date': '12/02/2025', 'date_formatted': '12/02/2025', 'hours': '12', 'minutes': '01', 'am_pm': 'AM', 'unix_timestamp': 1764633660000, 'iso_timestamp': '2025-12-02T00:01:00.000Z', 'timestamp': '12/02/2025 12:01 am', 'time': 1, 'time_formatted': '00:01', 'proper_unix_timestamp': 1764651660000, 'proper_iso_timestamp': '2025-12-02T05:01:00.000Z'}",Purchase Type,Purchase Type,Single,Single,Singles,Singles,MF36 (Green) – Reusable,MF36 (Green) – Reusable,17,16.9,$38.00,38,,,25,$25,,,21.25,21.25,11,11,38.20,38.2,20.20,20.2,,,,,,,,,,,,,,,,,Yes,True
692e72a4392bfc02f076b85d,"<span class=""692e72a009e839f3a726a708"" data-kn=""connection-value"">儿童手雷玩具可爆炸水弹M67弹射烟雾手榴弹模型吃鸡男孩生日礼物-tmall.com天猫</span>","[{'id': '692e72a009e839f3a726a708', 'identifier': '儿童手雷玩具可爆炸水弹M67弹射烟雾手榴弹模型吃鸡男孩生日礼物-tmall.com天猫'}]",Active,Active,M26 (Black) – Reusable,M26 (Black) – Reusable,【M26黑色】可循环使用,【M26黑色】可循环使用,https://detail.tmall.com/item.htm?_u=o20bch12k17773&id=823946437927&skuId=5538077740896,https://detail.tmall.com/item.htm?_u=o20bch12k17773&id=823946437927&skuId=5538077740896,,,Yes,True,13,13,12/02/2025 00:01,"{'date': '12/02/2025', 'date_formatted': '12/02/2025', 'hours': '12', 'minutes': '01', 'am_pm': 'AM', 'unix_timestamp': 1764633660000, 'iso_timestamp': '2025-12-02T00:01:00.000Z', 'timestamp': '12/02/2025 12:01 am', 'time': 1, 'time_formatted': '00:01', 'proper_unix_timestamp': 1764651660000, 'proper_iso_timestamp': '2025-12-02T05:01:00.000Z'}",12/02/2025 00:01,"{'date': '12/02/2025', 'date_formatted': '12/02/2025', 'hours': '12', 'minutes': '01', 'am_pm': 'AM', 'unix_timestamp': 1764633660000, 'iso_timestamp': '2025-12-02T00:01:00.000Z', 'timestamp': '12/02/2025 12:01 am', 'time': 1, 'time_formatted': '00:01', 'proper_unix_timestamp': 1764651660000, 'proper_iso_timestamp': '2025-12-02T05:01:00.000Z'}",Purchase Type,Purchase Type,Single,Single,Singles,Singles,M26 (Black) – Reusable,M26 (Black) – Reusable,17,16.9,$38.00,38,,,25,$25,,,21.25,21.25,11,11,38.20,38.2,20.20,20.2,,,,,,,,,,,,,,,,,Yes,True
692e72a4fa364bcdfb70fac8,"<span class=""692e72a009e839f3a726a708"" data-kn=""connection-value"">儿童手雷玩具可爆炸水弹M67弹射烟雾手榴弹模型吃鸡男孩生日礼物-tmall.com天猫</span>","[{'id': '692e72a009e839f3a726a708', 'identifier': '儿童手雷玩具可爆炸水弹M67弹射烟雾手榴弹模型吃鸡男孩生日礼物-tmall.com天猫'}]",Active,Active,MF36 (Black) – Reusable,MF36 (Black) – Reusable,【MF36黑色】可循环使用,【MF36黑色】可循环使用,https://detail.tmall.com/item.htm?_u=o20bch12k17773&id=823946437927&skuId=5684885513535,https://detail.tmall.com/item.htm?_u=o20bch12k17773&id=823946437927&skuId=5684885513535,,,Yes,True,14,14,12/02/2025 00:01,"{'date': '12/02/2025', 'date_formatted': '12/02/2025', 'hours': '12', 'minutes': '01', 'am_pm': 'AM', 'unix_timestamp': 1764633660000, 'iso_timestamp': '2025-12-02T00:01:00.000Z', 'timestamp': '12/02/2025 12:01 am', 'time': 1, 'time_formatted': '00:01', 'proper_unix_timestamp': 1764651660000, 'proper_iso_timestamp': '2025-12-02T05:01:00.000Z'}",12/02/2025 00:01,"{'date': '12/02/2025', 'date_formatted': '12/02/2025', 'hours': '12', 'minutes': '01', 'am_pm': 'AM', 'unix_timestamp': 1764633660000, 'iso_timestamp': '2025-12-02T00:01:00.000Z', 'timestamp': '12/02/2025 12:01 am', 'time': 1, 'time_formatted': '00:01', 'proper_unix_timestamp': 1764651660000, 'proper_iso_timestamp': '2025-12-02T05:01:00.000Z'}",Purchase Type,Purchase Type,Single,Single,Singles,Singles,MF36 (Black) – Reusable,MF36 (Black) – Reusable,17,17,$38.00,38,,,25,$25,,,21.25,21.25,11,11,38.20,38.2,20.20,20.2,,,,,,,,,,,,,,,,,Yes,True
692e72a3f0922057c40a5ef9,"<span class=""692e72a009e839f3a726a708"" data-kn=""connection-value"">儿童手雷玩具可爆炸水弹M67弹射烟雾手榴弹模型吃鸡男孩生日礼物-tmall.com天猫</span>","[{'id': '692e72a009e839f3a726a708', 'identifier': '儿童手雷玩具可爆炸水弹M67弹射烟雾手榴弹模型吃鸡男孩生日礼物-tmall.com天猫'}]",Active,Active,2-Pack (M26 OD Green + M26 Black),2-Pack (M26 OD Green + M26 Black),2颗⭐（M26军绿+M26黑色）,2颗⭐（M26军绿+M26黑色）,https://detail.tmall.com/item.htm?_u=o20bch12k17773&id=823946437927&skuId=5538077740890,https://detail.tmall.com/item.htm?_u=o20bch12k17773&id=823946437927&skuId=5538077740890,,,Yes,True,25,25,12/02/2025 00:01,"{'date': '12/02/2025', 'date_formatted': '12/02/2025', 'hours': '12', 'minutes': '01', 'am_pm': 'AM', 'unix_timestamp': 1764633660000, 'iso_timestamp': '2025-12-02T00:01:00.000Z', 'timestamp': '12/02/2025 12:01 am', 'time': 1, 'time_formatted': '00:01', 'proper_unix_timestamp': 1764651660000, 'proper_iso_timestamp': '2025-12-02T05:01:00.000Z'}",12/02/2025 00:01,"{'date': '12/02/2025', 'date_formatted': '12/02/2025', 'hours': '12', 'minutes': '01', 'am_pm': 'AM', 'unix_timestamp': 1764633660000, 'iso_timestamp': '2025-12-02T00:01:00.000Z', 'timestamp': '12/02/2025 12:01 am', 'time': 1, 'time_formatted': '00:01', 'proper_unix_timestamp': 1764651660000, 'proper_iso_timestamp': '2025-12-02T05:01:00.000Z'}",Purchase Type,Purchase Type,Bundle,Bundle,Bundles,Bundles,2-Pack (M26 OD Green + M26 Black),2-Pack (M26 OD Green + M26 Black),32,31.9,$38.00,38,,,50,$50,,,42.50,42.5,14,14,57.10,57.1,39.10,39.1,,,,,,,,,,,,,,,,,Yes,True
692e72a3206a9763481439ba,"<span class=""692e72a009e839f3a726a708"" data-kn=""connection-value"">儿童手雷玩具可爆炸水弹M67弹射烟雾手榴弹模型吃鸡男孩生日礼物-tmall.com天猫</span>","[{'id': '692e72a009e839f3a726a708', 'identifier': '儿童手雷玩具可爆炸水弹M67弹射烟雾手榴弹模型吃鸡男孩生日礼物-tmall.com天猫'}]",Active,Active,4-Pack (M26 OD Green + M67 OD Green + M18 OD Green + M24 OD Green),4-Pack (M26 OD Green + M67 OD Green + M18 OD Green + M24 OD Green),4颗⭐(M26军绿+M67军绿+M18军绿+M24军绿),4颗⭐(M26军绿+M67军绿+M18军绿+M24军绿),https://detail.tmall.com/item.htm?_u=o20bch12k17773&id=823946437927&skuId=5538077740889,https://detail.tmall.com/item.htm?_u=o20bch12k17773&id=823946437927&skuId=5538077740889,,,Yes,True,26,26,12/02/2025 00:01,"{'date': '12/02/2025', 'date_formatted': '12/02/2025', 'hours': '12', 'minutes': '01', 'am_pm': 'AM', 'unix_timestamp': 1764633660000, 'iso_timestamp': '2025-12-02T00:01:00.000Z', 'timestamp': '12/02/2025 12:01 am', 'time': 1, 'time_formatted': '00:01', 'proper_unix_timestamp': 1764651660000, 'proper_iso_timestamp': '2025-12-02T05:01:00.000Z'}",12/02/2025 00:01,"{'date': '12/02/2025', 'date_formatted': '12/02/2025', 'hours': '12', 'minutes': '01', 'am_pm': 'AM', 'unix_timestamp': 1764633660000, 'iso_timestamp': '2025-12-02T00:01:00.000Z', 'timestamp': '12/02/2025 12:01 am', 'time': 1, 'time_formatted': '00:01', 'proper_unix_timestamp': 1764651660000, 'proper_iso_timestamp': '2025-12-02T05:01:00.000Z'}",Purchase Type,Purchase Type,Bundle,Bundle,Bundles,Bundles,4-Pack (M26 OD Green + M67 OD Green + M18 OD Green + M24 OD Green),4-Pack (M26 OD Green + M67 OD Green + M18 OD Green + M24 OD Green),73,72.9,$38.00,38,,,80,$80,N/A,N/A,68.00,68,22.2,22,63.90,63.9,45.90,45.9,,,,,,,,,,,,,,,,,Yes,True
692e72a206854af4649951d0,"<span class=""692e72a009e839f3a726a708"" data-kn=""connection-value"">儿童手雷玩具可爆炸水弹M67弹射烟雾手榴弹模型吃鸡男孩生日礼物-tmall.com天猫</span>","[{'id': '692e72a009e839f3a726a708', 'identifier': '儿童手雷玩具可爆炸水弹M67弹射烟雾手榴弹模型吃鸡男孩生日礼物-tmall.com天猫'}]",Archive,Archive,8手榴弹+空投箱-黑,8手榴弹+空投箱-黑,,,,,,,Yes,True,33,33,12/02/2025 00:01,"{'date': '12/02/2025', 'date_formatted': '12/02/2025', 'hours': '12', 'minutes': '01', 'am_pm': 'AM', 'unix_timestamp': 1764633660000, 'iso_timestamp': '2025-12-02T00:01:00.000Z', 'timestamp': '12/02/2025 12:01 am', 'time': 1, 'time_formatted': '00:01', 'proper_unix_timestamp': 1764651660000, 'proper_iso_timestamp': '2025-12-02T05:01:00.000Z'}",12/02/2025 00:01,"{'date': '12/02/2025', 'date_formatted': '12/02/2025', 'hours': '12', 'minutes': '01', 'am_pm': 'AM', 'unix_timestamp': 1764633660000, 'iso_timestamp': '2025-12-02T00:01:00.000Z', 'timestamp': '12/02/2025 12:01 am', 'time': 1, 'time_formatted': '00:01', 'proper_unix_timestamp': 1764651660000, 'proper_iso_timestamp': '2025-12-02T05:01:00.000Z'}",,,,,,,,,0,0,$70.00,70,,,,,,,0.00,0,,,,,,,,,,,,,,,,,,,,,,,Yes,True
692e72a2ca52923e5b35229d,"<span class=""692e72a009e839f3a726a708"" data-kn=""connection-value"">儿童手雷玩具可爆炸水弹M67弹射烟雾手榴弹模型吃鸡男孩生日礼物-tmall.com天猫</span>","[{'id': '692e72a009e839f3a726a708', 'identifier': '儿童手雷玩具可爆炸水弹M67弹射烟雾手榴弹模型吃鸡男孩生日礼物-tmall.com天猫'}]",Archive,Archive,8手榴弹+空投箱-绿,8手榴弹+空投箱-绿,,,,,,,Yes,True,34,34,12/02/2025 00:01,"{'date': '12/02/2025', 'date_formatted': '12/02/2025', 'hours': '12', 'minutes': '01', 'am_pm': 'AM', 'unix_timestamp': 1764633660000, 'iso_timestamp': '2025-12-02T00:01:00.000Z', 'timestamp': '12/02/2025 12:01 am', 'time': 1, 'time_formatted': '00:01', 'proper_unix_timestamp': 1764651660000, 'proper_iso_timestamp': '2025-12-02T05:01:00.000Z'}",12/02/2025 00:01,"{'date': '12/02/2025', 'date_formatted': '12/02/2025', 'hours': '12', 'minutes': '01', 'am_pm': 'AM', 'unix_timestamp': 1764633660000, 'iso_timestamp': '2025-12-02T00:01:00.000Z', 'timestamp': '12/02/2025 12:01 am', 'time': 1, 'time_formatted': '00:01', 'proper_unix_timestamp': 1764651660000, 'proper_iso_timestamp': '2025-12-02T05:01:00.000Z'}",,,,,,,,,0,0,$70.00,70,,,,,,,0.00,0,,,,,,,,,,,,,,,,,,,,,,,Yes,True
692e72a2f0922057c40a478e,"<span class=""692e72a009e839f3a726a708"" data-kn=""connection-value"">儿童手雷玩具可爆炸水弹M67弹射烟雾手榴弹模型吃鸡男孩生日礼物-tmall.com天猫</span>","[{'id': '692e72a009e839f3a726a708', 'identifier': '儿童手雷玩具可爆炸水弹M67弹射烟雾手榴弹模型吃鸡男孩生日礼物-tmall.com天猫'}]",Archive,Archive,16手榴弹+空投箱,16手榴弹+空投箱,,,,,,,Yes,True,35,35,12/02/2025 00:01,"{'date': '12/02/2025', 'date_formatted': '12/02/2025', 'hours': '12', 'minutes': '01', 'am_pm': 'AM', 'unix_timestamp': 1764633660000, 'iso_timestamp': '2025-12-02T00:01:00.000Z', 'timestamp': '12/02/2025 12:01 am', 'time': 1, 'time_formatted': '00:01', 'proper_unix_timestamp': 1764651660000, 'proper_iso_timestamp': '2025-12-02T05:01:00.000Z'}",12/02/2025 00:01,"{'date': '12/02/2025', 'date_formatted': '12/02/2025', 'hours': '12', 'minutes': '01', 'am_pm': 'AM', 'unix_timestamp': 1764633660000, 'iso_timestamp': '2025-12-02T00:01:00.000Z', 'timestamp': '12/02/2025 12:01 am', 'time': 1, 'time_formatted': '00:01', 'proper_unix_timestamp': 1764651660000, 'proper_iso_timestamp': '2025-12-02T05:01:00.000Z'}",,,,,,,,,0,0,$70.00,70,,,,,,,0.00,0,,,,,,,,,,,,,,,,,,,,,,,Yes,True
692e729ff419468df1dec797,"<span class=""692e729c206a976348137ca8"" data-kn=""connection-value"">KUBLAI库拜来P1N23456789/ZY通用进出气阀扳手钥匙拆装工具不锈钢-淘宝网</span>","[{'id': '692e729c206a976348137ca8', 'identifier': 'KUBLAI库拜来P1N23456789/ZY通用进出气阀扳手钥匙拆装工具不锈钢-淘宝网'}]",Inactive,Inactive,1套O圈,1套O圈,,,,,,,Yes,True,1,1,12/02/2025 00:01,"{'date': '12/02/2025', 'date_formatted': '12/02/2025', 'hours': '12', 'minutes': '01', 'am_pm': 'AM', 'unix_timestamp': 1764633660000, 'iso_timestamp': '2025-12-02T00:01:00.000Z', 'timestamp': '12/02/2025 12:01 am', 'time': 1, 'time_formatted': '00:01', 'proper_unix_timestamp': 1764651660000, 'proper_iso_timestamp': '2025-12-02T05:01:00.000Z'}",12/02/2025 00:01,"{'date': '12/02/2025', 'date_formatted': '12/02/2025', 'hours': '12', 'minutes': '01', 'am_pm': 'AM', 'unix_timestamp': 1764633660000, 'iso_timestamp': '2025-12-02T00:01:00.000Z', 'timestamp': '12/02/2025 12:01 am', 'time': 1, 'time_formatted': '00:01', 'proper_unix_timestamp': 1764651660000, 'proper_iso_timestamp': '2025-12-02T05:01:00.000Z'}",,,,,,,,,0,0,$70.00,70,,,,,,,0.00,0,,,,,,,,,,,,,,,,,,,,,,,Yes,True
692e729f5a2c1ae3350a2787,"<span class=""692e729c206a976348137ca8"" data-kn=""connection-value"">KUBLAI库拜来P1N23456789/ZY通用进出气阀扳手钥匙拆装工具不锈钢-淘宝网</span>","[{'id': '692e729c206a976348137ca8', 'identifier': 'KUBLAI库拜来P1N23456789/ZY通用进出气阀扳手钥匙拆装工具不锈钢-淘宝网'}]",Inactive,Inactive,扳手+O圈2套,扳手+O圈2套,,,,,,,Yes,True,2,2,12/02/2025 00:01,"{'date': '12/02/2025', 'date_formatted': '12/02/2025', 'hours': '12', 'minutes': '01', 'am_pm': 'AM', 'unix_timestamp': 1764633660000, 'iso_timestamp': '2025-12-02T00:01:00.000Z', 'timestamp': '12/02/2025 12:01 am', 'time': 1, 'time_formatted': '00:01', 'proper_unix_timestamp': 1764651660000, 'proper_iso_timestamp': '2025-12-02T05:01:00.000Z'}",12/02/2025 00:01,"{'date': '12/02/2025', 'date_formatted': '12/02/2025', 'hours': '12', 'minutes': '01', 'am_pm': 'AM', 'unix_timestamp': 1764633660000, 'iso_timestamp': '2025-12-02T00:01:00.000Z', 'timestamp': '12/02/2025 12:01 am', 'time': 1, 'time_formatted': '00:01', 'proper_unix_timestamp': 1764651660000, 'proper_iso_timestamp': '2025-12-02T05:01:00.000Z'}",,,,,,,,,0,0,$70.00,70,,,,,,,0.00,0,,,,,,,,,,,,,,,,,,,,,,,Yes,True
692e729fa67c9b901d59ad5f,"<span class=""692e729c206a976348137ca8"" data-kn=""connection-value"">KUBLAI库拜来P1N23456789/ZY通用进出气阀扳手钥匙拆装工具不锈钢-淘宝网</span>","[{'id': '692e729c206a976348137ca8', 'identifier': 'KUBLAI库拜来P1N23456789/ZY通用进出气阀扳手钥匙拆装工具不锈钢-淘宝网'}]",Inactive,Inactive,扳手,扳手,,,,,,,Yes,True,3,3,12/02/2025 00:01,"{'date': '12/02/2025', 'date_formatted': '12/02/2025', 'hours': '12', 'minutes': '01', 'am_pm': 'AM', 'unix_timestamp': 1764633660000, 'iso_timestamp': '2025-12-02T00:01:00.000Z', 'timestamp': '12/02/2025 12:01 am', 'time': 1, 'time_formatted': '00:01', 'proper_unix_timestamp': 1764651660000, 'proper_iso_timestamp': '2025-12-02T05:01:00.000Z'}",12/02/2025 00:01,"{'date': '12/02/2025', 'date_formatted': '12/02/2025', 'hours': '12', 'minutes': '01', 'am_pm': 'AM', 'unix_timestamp': 1764633660000, 'iso_timestamp': '2025-12-02T00:01:00.000Z', 'timestamp': '12/02/2025 12:01 am', 'time': 1, 'time_formatted': '00:01', 'proper_unix_timestamp': 1764651660000, 'proper_iso_timestamp': '2025-12-02T05:01:00.000Z'}",,,,,,,,,0,0,$70.00,70,,,,,,,0.00,0,,,,,,,,,,,,,,,,,,,,,,,Yes,True
692e729b7e25f4f438f80b31,"<span class=""692e72997e25f4f438f8018f"" data-kn=""connection-value"">俄罗斯小绿人搭配防尘防雾战术防风骑行军迷户外头套卡其色绿色-淘宝网</span>","[{'id': '692e72997e25f4f438f8018f', 'identifier': '俄罗斯小绿人搭配防尘防雾战术防风骑行军迷户外头套卡其色绿色-淘宝网'}]",Inactive,Inactive,灰色,灰色,,,,,,,Yes,True,1,1,12/02/2025 00:01,"{'date': '12/02/2025', 'date_formatted': '12/02/2025', 'hours': '12', 'minutes': '01', 'am_pm': 'AM', 'unix_timestamp': 1764633660000, 'iso_timestamp': '2025-12-02T00:01:00.000Z', 'timestamp': '12/02/2025 12:01 am', 'time': 1, 'time_formatted': '00:01', 'proper_unix_timestamp': 1764651660000, 'proper_iso_timestamp': '2025-12-02T05:01:00.000Z'}",12/02/2025 00:01,"{'date': '12/02/2025', 'date_formatted': '12/02/2025', 'hours': '12', 'minutes': '01', 'am_pm': 'AM', 'unix_timestamp': 1764633660000, 'iso_timestamp': '2025-12-02T00:01:00.000Z', 'timestamp': '12/02/2025 12:01 am', 'time': 1, 'time_formatted': '00:01', 'proper_unix_timestamp': 1764651660000, 'proper_iso_timestamp': '2025-12-02T05:01:00.000Z'}",,,,,,,,,0,0,$70.00,70,,,,,,,0.00,0,,,,,,,,,,,,,,,,,,,,,,,Yes,True
692e729b98f5ae76cbf00efd,"<span class=""692e72997e25f4f438f8018f"" data-kn=""connection-value"">俄罗斯小绿人搭配防尘防雾战术防风骑行军迷户外头套卡其色绿色-淘宝网</span>","[{'id': '692e72997e25f4f438f8018f', 'identifier': '俄罗斯小绿人搭配防尘防雾战术防风骑行军迷户外头套卡其色绿色-淘宝网'}]",Inactive,Inactive,绿色,绿色,,,,,,,Yes,True,2,2,12/02/2025 00:01,"{'date': '12/02/2025', 'date_formatted': '12/02/2025', 'hours': '12', 'minutes': '01', 'am_pm': 'AM', 'unix_timestamp': 1764633660000, 'iso_timestamp': '2025-12-02T00:01:00.000Z', 'timestamp': '12/02/2025 12:01 am', 'time': 1, 'time_formatted': '00:01', 'proper_unix_timestamp': 1764651660000, 'proper_iso_timestamp': '2025-12-02T05:01:00.000Z'}",12/02/2025 00:01,"{'date': '12/02/2025', 'date_formatted': '12/02/2025', 'hours': '12', 'minutes': '01', 'am_pm': 'AM', 'unix_timestamp': 1764633660000, 'iso_timestamp': '2025-12-02T00:01:00.000Z', 'timestamp': '12/02/2025 12:01 am', 'time': 1, 'time_formatted': '00:01', 'proper_unix_timestamp': 1764651660000, 'proper_iso_timestamp': '2025-12-02T05:01:00.000Z'}",,,,,,,,,0,0,$70.00,70,,,,,,,0.00,0,,,,,,,,,,,,,,,,,,,,,,,Yes,True
692e729bbbb1193449ccf4c2,"<span class=""692e72997e25f4f438f8018f"" data-kn=""connection-value"">俄罗斯小绿人搭配防尘防雾战术防风骑行军迷户外头套卡其色绿色-淘宝网</span>","[{'id': '692e72997e25f4f438f8018f', 'identifier': '俄罗斯小绿人搭配防尘防雾战术防风骑行军迷户外头套卡其色绿色-淘宝网'}]",Inactive,Inactive,沙色,沙色,,,,,,,Yes,True,3,3,12/02/2025 00:01,"{'date': '12/02/2025', 'date_formatted': '12/02/2025', 'hours': '12', 'minutes': '01', 'am_pm': 'AM', 'unix_timestamp': 1764633660000, 'iso_timestamp': '2025-12-02T00:01:00.000Z', 'timestamp': '12/02/2025 12:01 am', 'time': 1, 'time_formatted': '00:01', 'proper_unix_timestamp': 1764651660000, 'proper_iso_timestamp': '2025-12-02T05:01:00.000Z'}",12/02/2025 00:01,"{'date': '12/02/2025', 'date_formatted': '12/02/2025', 'hours': '12', 'minutes': '01', 'am_pm': 'AM', 'unix_timestamp': 1764633660000, 'iso_timestamp': '2025-12-02T00:01:00.000Z', 'timestamp': '12/02/2025 12:01 am', 'time': 1, 'time_formatted': '00:01', 'proper_unix_timestamp': 1764651660000, 'proper_iso_timestamp': '2025-12-02T05:01:00.000Z'}",,,,,,,,,0,0,$70.00,70,,,,,,,0.00,0,,,,,,,,,,,,,,,,,,,,,,,Yes,True
692e729b98f5ae76cbf003a0,"<span class=""692e72997e25f4f438f8018f"" data-kn=""connection-value"">俄罗斯小绿人搭配防尘防雾战术防风骑行军迷户外头套卡其色绿色-淘宝网</span>","[{'id': '692e72997e25f4f438f8018f', 'identifier': '俄罗斯小绿人搭配防尘防雾战术防风骑行军迷户外头套卡其色绿色-淘宝网'}]",Inactive,Inactive,黑色,黑色,,,,,,,Yes,True,4,4,12/02/2025 00:01,"{'date': '12/02/2025', 'date_formatted': '12/02/2025', 'hours': '12', 'minutes': '01', 'am_pm': 'AM', 'unix_timestamp': 1764633660000, 'iso_timestamp': '2025-12-02T00:01:00.000Z', 'timestamp': '12/02/2025 12:01 am', 'time': 1, 'time_formatted': '00:01', 'proper_unix_timestamp': 1764651660000, 'proper_iso_timestamp': '2025-12-02T05:01:00.000Z'}",12/02/2025 00:01,"{'date': '12/02/2025', 'date_formatted': '12/02/2025', 'hours': '12', 'minutes': '01', 'am_pm': 'AM', 'unix_timestamp': 1764633660000, 'iso_timestamp': '2025-12-02T00:01:00.000Z', 'timestamp': '12/02/2025 12:01 am', 'time': 1, 'time_formatted': '00:01', 'proper_unix_timestamp': 1764651660000, 'proper_iso_timestamp': '2025-12-02T05:01:00.000Z'}",,,,,,,,,0,0,$70.00,70,,,,,,,0.00,0,,,,,,,,,,,,,,,,,,,,,,,Yes,True
692e72980bbc7142021e6e06,"<span class=""692e729252032e7f96786421"" data-kn=""connection-value"">Speedqb护具套装成人滑板下场护膝护肘护掌SQB水弹酷峰CNSQB竞技-淘宝网</span>","[{'id': '692e729252032e7f96786421', 'identifier': 'Speedqb护具套装成人滑板下场护膝护肘护掌SQB水弹酷峰CNSQB竞技-淘宝网'}]",Inactive,Inactive,Black Pink,Black Pink,,,,,,,Yes,True,1,1,12/02/2025 00:01,"{'date': '12/02/2025', 'date_formatted': '12/02/2025', 'hours': '12', 'minutes': '01', 'am_pm': 'AM', 'unix_timestamp': 1764633660000, 'iso_timestamp': '2025-12-02T00:01:00.000Z', 'timestamp': '12/02/2025 12:01 am', 'time': 1, 'time_formatted': '00:01', 'proper_unix_timestamp': 1764651660000, 'proper_iso_timestamp': '2025-12-02T05:01:00.000Z'}",12/02/2025 00:01,"{'date': '12/02/2025', 'date_formatted': '12/02/2025', 'hours': '12', 'minutes': '01', 'am_pm': 'AM', 'unix_timestamp': 1764633660000, 'iso_timestamp': '2025-12-02T00:01:00.000Z', 'timestamp': '12/02/2025 12:01 am', 'time': 1, 'time_formatted': '00:01', 'proper_unix_timestamp': 1764651660000, 'proper_iso_timestamp': '2025-12-02T05:01:00.000Z'}",Color,Color,Black Pink,Black Pink,,,,,43,43,$38.00,38,,,40,$40,https://paintballgear.ca/tactical-elbow-knee-pad-set/,https://paintballgear.ca/tactical-elbow-knee-pad-set/,34.00,34,16.2,16,42.40,42.4,24.40,24.4,No,False,,,,,,,,,,,,,,,Yes,True
692e7298a8db87607b2316cf,"<span class=""692e729252032e7f96786421"" data-kn=""connection-value"">Speedqb护具套装成人滑板下场护膝护肘护掌SQB水弹酷峰CNSQB竞技-淘宝网</span>","[{'id': '692e729252032e7f96786421', 'identifier': 'Speedqb护具套装成人滑板下场护膝护肘护掌SQB水弹酷峰CNSQB竞技-淘宝网'}]",Inactive,Inactive,Black White,Black White,,,,,,,Yes,True,2,2,12/02/2025 00:01,"{'date': '12/02/2025', 'date_formatted': '12/02/2025', 'hours': '12', 'minutes': '01', 'am_pm': 'AM', 'unix_timestamp': 1764633660000, 'iso_timestamp': '2025-12-02T00:01:00.000Z', 'timestamp': '12/02/2025 12:01 am', 'time': 1, 'time_formatted': '00:01', 'proper_unix_timestamp': 1764651660000, 'proper_iso_timestamp': '2025-12-02T05:01:00.000Z'}",12/02/2025 00:01,"{'date': '12/02/2025', 'date_formatted': '12/02/2025', 'hours': '12', 'minutes': '01', 'am_pm': 'AM', 'unix_timestamp': 1764633660000, 'iso_timestamp': '2025-12-02T00:01:00.000Z', 'timestamp': '12/02/2025 12:01 am', 'time': 1, 'time_formatted': '00:01', 'proper_unix_timestamp': 1764651660000, 'proper_iso_timestamp': '2025-12-02T05:01:00.000Z'}",Color,Color,Black White,Black White,,,,,43,43,$38.00,38,,,40,$40,https://paintballgear.ca/tactical-elbow-knee-pad-set/,https://paintballgear.ca/tactical-elbow-knee-pad-set/,34.00,34,16.2,16,42.40,42.4,24.40,24.4,No,False,,,,,,,,,,,,,,,Yes,True
692e7298a67c9b901d5944ae,"<span class=""692e729252032e7f96786421"" data-kn=""connection-value"">Speedqb护具套装成人滑板下场护膝护肘护掌SQB水弹酷峰CNSQB竞技-淘宝网</span>","[{'id': '692e729252032e7f96786421', 'identifier': 'Speedqb护具套装成人滑板下场护膝护肘护掌SQB水弹酷峰CNSQB竞技-淘宝网'}]",Inactive,Inactive,Grey Black - 80-110lb,Grey Black - 80-110lb,,,,,,,Yes,True,3,3,12/02/2025 00:01,"{'date': '12/02/2025', 'date_formatted': '12/02/2025', 'hours': '12', 'minutes': '01', 'am_pm': 'AM', 'unix_timestamp': 1764633660000, 'iso_timestamp': '2025-12-02T00:01:00.000Z', 'timestamp': '12/02/2025 12:01 am', 'time': 1, 'time_formatted': '00:01', 'proper_unix_timestamp': 1764651660000, 'proper_iso_timestamp': '2025-12-02T05:01:00.000Z'}",12/02/2025 00:01,"{'date': '12/02/2025', 'date_formatted': '12/02/2025', 'hours': '12', 'minutes': '01', 'am_pm': 'AM', 'unix_timestamp': 1764633660000, 'iso_timestamp': '2025-12-02T00:01:00.000Z', 'timestamp': '12/02/2025 12:01 am', 'time': 1, 'time_formatted': '00:01', 'proper_unix_timestamp': 1764651660000, 'proper_iso_timestamp': '2025-12-02T05:01:00.000Z'}",Color,Color,Grey Black,Grey Black,Size,Size,80-110,80-110,43,43,$38.00,38,,,40,$40,https://paintballgear.ca/tactical-elbow-knee-pad-set/,https://paintballgear.ca/tactical-elbow-knee-pad-set/,34.00,34,16.2,16,42.40,42.4,24.40,24.4,No,False,,,,,,,,,,,,,,,Yes,True
692e7297206a97634812f6b6,"<span class=""692e729252032e7f96786421"" data-kn=""connection-value"">Speedqb护具套装成人滑板下场护膝护肘护掌SQB水弹酷峰CNSQB竞技-淘宝网</span>","[{'id': '692e729252032e7f96786421', 'identifier': 'Speedqb护具套装成人滑板下场护膝护肘护掌SQB水弹酷峰CNSQB竞技-淘宝网'}]",Inactive,Inactive,Grey Black - 150-210lb,Grey Black - 150-210lb,,,,,,,Yes,True,4,4,12/02/2025 00:01,"{'date': '12/02/2025', 'date_formatted': '12/02/2025', 'hours': '12', 'minutes': '01', 'am_pm': 'AM', 'unix_timestamp': 1764633660000, 'iso_timestamp': '2025-12-02T00:01:00.000Z', 'timestamp': '12/02/2025 12:01 am', 'time': 1, 'time_formatted': '00:01', 'proper_unix_timestamp': 1764651660000, 'proper_iso_timestamp': '2025-12-02T05:01:00.000Z'}",12/02/2025 00:01,"{'date': '12/02/2025', 'date_formatted': '12/02/2025', 'hours': '12', 'minutes': '01', 'am_pm': 'AM', 'unix_timestamp': 1764633660000, 'iso_timestamp': '2025-12-02T00:01:00.000Z', 'timestamp': '12/02/2025 12:01 am', 'time': 1, 'time_formatted': '00:01', 'proper_unix_timestamp': 1764651660000, 'proper_iso_timestamp': '2025-12-02T05:01:00.000Z'}",Color,Color,Grey Black,Grey Black,Size,Size,150-210,150-210,43,43,$38.00,38,,,40,$40,https://paintballgear.ca/tactical-elbow-knee-pad-set/,https://paintballgear.ca/tactical-elbow-knee-pad-set/,34.00,34,16.2,16,42.40,42.4,24.40,24.4,No,False,,,,,,,,,,,,,,,Yes,True
692e7297fa364bcdfb702afa,"<span class=""692e729252032e7f96786421"" data-kn=""connection-value"">Speedqb护具套装成人滑板下场护膝护肘护掌SQB水弹酷峰CNSQB竞技-淘宝网</span>","[{'id': '692e729252032e7f96786421', 'identifier': 'Speedqb护具套装成人滑板下场护膝护肘护掌SQB水弹酷峰CNSQB竞技-淘宝网'}]",Inactive,Inactive,Grey Black - 110-150lb,Grey Black - 110-150lb,,,,,,,Yes,True,5,5,12/02/2025 00:01,"{'date': '12/02/2025', 'date_formatted': '12/02/2025', 'hours': '12', 'minutes': '01', 'am_pm': 'AM', 'unix_timestamp': 1764633660000, 'iso_timestamp': '2025-12-02T00:01:00.000Z', 'timestamp': '12/02/2025 12:01 am', 'time': 1, 'time_formatted': '00:01', 'proper_unix_timestamp': 1764651660000, 'proper_iso_timestamp': '2025-12-02T05:01:00.000Z'}",12/02/2025 00:01,"{'date': '12/02/2025', 'date_formatted': '12/02/2025', 'hours': '12', 'minutes': '01', 'am_pm': 'AM', 'unix_timestamp': 1764633660000, 'iso_timestamp': '2025-12-02T00:01:00.000Z', 'timestamp': '12/02/2025 12:01 am', 'time': 1, 'time_formatted': '00:01', 'proper_unix_timestamp': 1764651660000, 'proper_iso_timestamp': '2025-12-02T05:01:00.000Z'}",Color,Color,Grey Black,Grey Black,Size,Size,110-150,110-150,43,43,$38.00,38,,,40,$40,https://paintballgear.ca/tactical-elbow-knee-pad-set/,https://paintballgear.ca/tactical-elbow-knee-pad-set/,34.00,34,16.2,16,42.40,42.4,24.40,24.4,No,False,,,,,,,,,,,,,,,Yes,True
692e7297fa364bcdfb702a8d,"<span class=""692e729252032e7f96786421"" data-kn=""connection-value"">Speedqb护具套装成人滑板下场护膝护肘护掌SQB水弹酷峰CNSQB竞技-淘宝网</span>","[{'id': '692e729252032e7f96786421', 'identifier': 'Speedqb护具套装成人滑板下场护膝护肘护掌SQB水弹酷峰CNSQB竞技-淘宝网'}]",Active,Active,No Label Black - 150-210lb,No Label Black - 150-210lb,,,,,,,Yes,True,6,6,12/02/2025 00:01,"{'date': '12/02/2025', 'date_formatted': '12/02/2025', 'hours': '12', 'minutes': '01', 'am_pm': 'AM', 'unix_timestamp': 1764633660000, 'iso_timestamp': '2025-12-02T00:01:00.000Z', 'timestamp': '12/02/2025 12:01 am', 'time': 1, 'time_formatted': '00:01', 'proper_unix_timestamp': 1764651660000, 'proper_iso_timestamp': '2025-12-02T05:01:00.000Z'}",12/02/2025 00:01,"{'date': '12/02/2025', 'date_formatted': '12/02/2025', 'hours': '12', 'minutes': '01', 'am_pm': 'AM', 'unix_timestamp': 1764633660000, 'iso_timestamp': '2025-12-02T00:01:00.000Z', 'timestamp': '12/02/2025 12:01 am', 'time': 1, 'time_formatted': '00:01', 'proper_unix_timestamp': 1764651660000, 'proper_iso_timestamp': '2025-12-02T05:01:00.000Z'}",Model,Model,No Label,No Label,Available Sizes,Available Sizes,"110-150lb,110-160lb,150-210lb,80-110lb","110-150lb,110-160lb,150-210lb,80-110lb",43,43,$38.00,38,,,40,$40,https://paintballgear.ca/tactical-elbow-knee-pad-set/,https://paintballgear.ca/tactical-elbow-knee-pad-set/,34.00,34,16.2,16,42.40,42.4,24.40,24.4,No,False,,,,,,,,,,,,,,,Yes,True
692e729798f5ae76cbefb14d,"<span class=""692e729252032e7f96786421"" data-kn=""connection-value"">Speedqb护具套装成人滑板下场护膝护肘护掌SQB水弹酷峰CNSQB竞技-淘宝网</span>","[{'id': '692e729252032e7f96786421', 'identifier': 'Speedqb护具套装成人滑板下场护膝护肘护掌SQB水弹酷峰CNSQB竞技-淘宝网'}]",Inactive,Inactive,No Label Black - 110-160lb,No Label Black - 110-160lb,,,,,,,Yes,True,7,7,12/02/2025 00:01,"{'date': '12/02/2025', 'date_formatted': '12/02/2025', 'hours': '12', 'minutes': '01', 'am_pm': 'AM', 'unix_timestamp': 1764633660000, 'iso_timestamp': '2025-12-02T00:01:00.000Z', 'timestamp': '12/02/2025 12:01 am', 'time': 1, 'time_formatted': '00:01', 'proper_unix_timestamp': 1764651660000, 'proper_iso_timestamp': '2025-12-02T05:01:00.000Z'}",12/02/2025 00:01,"{'date': '12/02/2025', 'date_formatted': '12/02/2025', 'hours': '12', 'minutes': '01', 'am_pm': 'AM', 'unix_timestamp': 1764633660000, 'iso_timestamp': '2025-12-02T00:01:00.000Z', 'timestamp': '12/02/2025 12:01 am', 'time': 1, 'time_formatted': '00:01', 'proper_unix_timestamp': 1764651660000, 'proper_iso_timestamp': '2025-12-02T05:01:00.000Z'}",Style,Style,No Label Black,No Label Black,Size,Size,110-160,110-160,43,43,$38.00,38,,,40,$40,https://paintballgear.ca/tactical-elbow-knee-pad-set/,https://paintballgear.ca/tactical-elbow-knee-pad-set/,34.00,34,16.2,16,42.40,42.4,24.40,24.4,No,False,,,,,,,,,,,,,,,Yes,True
692e729798f5ae76cbefaf28,"<span class=""692e729252032e7f96786421"" data-kn=""connection-value"">Speedqb护具套装成人滑板下场护膝护肘护掌SQB水弹酷峰CNSQB竞技-淘宝网</span>","[{'id': '692e729252032e7f96786421', 'identifier': 'Speedqb护具套装成人滑板下场护膝护肘护掌SQB水弹酷峰CNSQB竞技-淘宝网'}]",Inactive,Inactive,No Label Black - 80-110lb,No Label Black - 80-110lb,,,,,,,Yes,True,8,8,12/02/2025 00:01,"{'date': '12/02/2025', 'date_formatted': '12/02/2025', 'hours': '12', 'minutes': '01', 'am_pm': 'AM', 'unix_timestamp': 1764633660000, 'iso_timestamp': '2025-12-02T00:01:00.000Z', 'timestamp': '12/02/2025 12:01 am', 'time': 1, 'time_formatted': '00:01', 'proper_unix_timestamp': 1764651660000, 'proper_iso_timestamp': '2025-12-02T05:01:00.000Z'}",12/02/2025 00:01,"{'date': '12/02/2025', 'date_formatted': '12/02/2025', 'hours': '12', 'minutes': '01', 'am_pm': 'AM', 'unix_timestamp': 1764633660000, 'iso_timestamp': '2025-12-02T00:01:00.000Z', 'timestamp': '12/02/2025 12:01 am', 'time': 1, 'time_formatted': '00:01', 'proper_unix_timestamp': 1764651660000, 'proper_iso_timestamp': '2025-12-02T05:01:00.000Z'}",Style,Style,No Label Black,No Label Black,Size,Size,80-110,80-110,43,43,$38.00,38,,,40,$40,https://paintballgear.ca/tactical-elbow-knee-pad-set/,https://paintballgear.ca/tactical-elbow-knee-pad-set/,34.00,34,16.2,16,42.40,42.4,24.40,24.4,No,False,,,,,,,,,,,,,,,Yes,True
692e72960fa6761025472a54,"<span class=""692e729252032e7f96786421"" data-kn=""connection-value"">Speedqb护具套装成人滑板下场护膝护肘护掌SQB水弹酷峰CNSQB竞技-淘宝网</span>","[{'id': '692e729252032e7f96786421', 'identifier': 'Speedqb护具套装成人滑板下场护膝护肘护掌SQB水弹酷峰CNSQB竞技-淘宝网'}]",Inactive,Inactive,No Label - 80-110lb,No Label - 80-110lb,,,,,,,Yes,True,9,9,12/02/2025 00:01,"{'date': '12/02/2025', 'date_formatted': '12/02/2025', 'hours': '12', 'minutes': '01', 'am_pm': 'AM', 'unix_timestamp': 1764633660000, 'iso_timestamp': '2025-12-02T00:01:00.000Z', 'timestamp': '12/02/2025 12:01 am', 'time': 1, 'time_formatted': '00:01', 'proper_unix_timestamp': 1764651660000, 'proper_iso_timestamp': '2025-12-02T05:01:00.000Z'}",12/02/2025 00:01,"{'date': '12/02/2025', 'date_formatted': '12/02/2025', 'hours': '12', 'minutes': '01', 'am_pm': 'AM', 'unix_timestamp': 1764633660000, 'iso_timestamp': '2025-12-02T00:01:00.000Z', 'timestamp': '12/02/2025 12:01 am', 'time': 1, 'time_formatted': '00:01', 'proper_unix_timestamp': 1764651660000, 'proper_iso_timestamp': '2025-12-02T05:01:00.000Z'}",Model,Model,No Label,No Label,Size,Size,80-110lb,80-110lb,43,43,$38.00,38,,,40,$40,https://paintballgear.ca/tactical-elbow-knee-pad-set/,https://paintballgear.ca/tactical-elbow-knee-pad-set/,34.00,34,16.2,16,42.40,42.4,24.40,24.4,No,False,,,,,,,,,,,,,,,Yes,True
692e729652032e7f96788430,"<span class=""692e729252032e7f96786421"" data-kn=""connection-value"">Speedqb护具套装成人滑板下场护膝护肘护掌SQB水弹酷峰CNSQB竞技-淘宝网</span>","[{'id': '692e729252032e7f96786421', 'identifier': 'Speedqb护具套装成人滑板下场护膝护肘护掌SQB水弹酷峰CNSQB竞技-淘宝网'}]",Inactive,Inactive,No Label - 110-150lb,No Label - 110-150lb,,,,,,,Yes,True,10,10,12/02/2025 00:01,"{'date': '12/02/2025', 'date_formatted': '12/02/2025', 'hours': '12', 'minutes': '01', 'am_pm': 'AM', 'unix_timestamp': 1764633660000, 'iso_timestamp': '2025-12-02T00:01:00.000Z', 'timestamp': '12/02/2025 12:01 am', 'time': 1, 'time_formatted': '00:01', 'proper_unix_timestamp': 1764651660000, 'proper_iso_timestamp': '2025-12-02T05:01:00.000Z'}",12/02/2025 00:01,"{'date': '12/02/2025', 'date_formatted': '12/02/2025', 'hours': '12', 'minutes': '01', 'am_pm': 'AM', 'unix_timestamp': 1764633660000, 'iso_timestamp': '2025-12-02T00:01:00.000Z', 'timestamp': '12/02/2025 12:01 am', 'time': 1, 'time_formatted': '00:01', 'proper_unix_timestamp': 1764651660000, 'proper_iso_timestamp': '2025-12-02T05:01:00.000Z'}",Model,Model,No Label,No Label,Size,Size,110-150lb,110-150lb,43,43,$38.00,38,,,40,$40,https://paintballgear.ca/tactical-elbow-knee-pad-set/,https://paintballgear.ca/tactical-elbow-knee-pad-set/,34.00,34,16.2,16,42.40,42.4,24.40,24.4,No,False,,,,,,,,,,,,,,,Yes,True
692e72960fa676102547234d,"<span class=""692e729252032e7f96786421"" data-kn=""connection-value"">Speedqb护具套装成人滑板下场护膝护肘护掌SQB水弹酷峰CNSQB竞技-淘宝网</span>","[{'id': '692e729252032e7f96786421', 'identifier': 'Speedqb护具套装成人滑板下场护膝护肘护掌SQB水弹酷峰CNSQB竞技-淘宝网'}]",Inactive,Inactive,No Label - 150-210lb,No Label - 150-210lb,,,,,,,Yes,True,11,11,12/02/2025 00:01,"{'date': '12/02/2025', 'date_formatted': '12/02/2025', 'hours': '12', 'minutes': '01', 'am_pm': 'AM', 'unix_timestamp': 1764633660000, 'iso_timestamp': '2025-12-02T00:01:00.000Z', 'timestamp': '12/02/2025 12:01 am', 'time': 1, 'time_formatted': '00:01', 'proper_unix_timestamp': 1764651660000, 'proper_iso_timestamp': '2025-12-02T05:01:00.000Z'}",12/02/2025 00:01,"{'date': '12/02/2025', 'date_formatted': '12/02/2025', 'hours': '12', 'minutes': '01', 'am_pm': 'AM', 'unix_timestamp': 1764633660000, 'iso_timestamp': '2025-12-02T00:01:00.000Z', 'timestamp': '12/02/2025 12:01 am', 'time': 1, 'time_formatted': '00:01', 'proper_unix_timestamp': 1764651660000, 'proper_iso_timestamp': '2025-12-02T05:01:00.000Z'}",Model,Model,No Label,No Label,Size,Size,150-210lb,150-210lb,43,43,$38.00,38,,,40,$40,https://paintballgear.ca/tactical-elbow-knee-pad-set/,https://paintballgear.ca/tactical-elbow-knee-pad-set/,34.00,34,16.2,16,42.40,42.4,24.40,24.4,No,False,,,,,,,,,,,,,,,Yes,True
692e72950fa676102547219f,"<span class=""692e729252032e7f96786421"" data-kn=""connection-value"">Speedqb护具套装成人滑板下场护膝护肘护掌SQB水弹酷峰CNSQB竞技-淘宝网</span>","[{'id': '692e729252032e7f96786421', 'identifier': 'Speedqb护具套装成人滑板下场护膝护肘护掌SQB水弹酷峰CNSQB竞技-淘宝网'}]",Active,Active,Cool Peak Knee Elbow - 80-110lb,Cool Peak Knee Elbow - 80-110lb,,,,,,,Yes,True,12,12,12/02/2025 00:01,"{'date': '12/02/2025', 'date_formatted': '12/02/2025', 'hours': '12', 'minutes': '01', 'am_pm': 'AM', 'unix_timestamp': 1764633660000, 'iso_timestamp': '2025-12-02T00:01:00.000Z', 'timestamp': '12/02/2025 12:01 am', 'time': 1, 'time_formatted': '00:01', 'proper_unix_timestamp': 1764651660000, 'proper_iso_timestamp': '2025-12-02T05:01:00.000Z'}",12/02/2025 00:01,"{'date': '12/02/2025', 'date_formatted': '12/02/2025', 'hours': '12', 'minutes': '01', 'am_pm': 'AM', 'unix_timestamp': 1764633660000, 'iso_timestamp': '2025-12-02T00:01:00.000Z', 'timestamp': '12/02/2025 12:01 am', 'time': 1, 'time_formatted': '00:01', 'proper_unix_timestamp': 1764651660000, 'proper_iso_timestamp': '2025-12-02T05:01:00.000Z'}",Model,Model,Cool Peak Knee Elbow,Cool Peak Knee Elbow,Available Sizes,Available Sizes,"110-150lb,110-160lb,150-210lb,80-110lb","110-150lb,110-160lb,150-210lb,80-110lb",43,43,$38.00,38,,,40,$40,https://paintballgear.ca/tactical-elbow-knee-pad-set/,https://paintballgear.ca/tactical-elbow-knee-pad-set/,34.00,34,16.2,16,42.40,42.4,24.40,24.4,No,False,,,,,,,,,,,,,,,Yes,True
692e729598f5ae76cbef8eba,"<span class=""692e729252032e7f96786421"" data-kn=""connection-value"">Speedqb护具套装成人滑板下场护膝护肘护掌SQB水弹酷峰CNSQB竞技-淘宝网</span>","[{'id': '692e729252032e7f96786421', 'identifier': 'Speedqb护具套装成人滑板下场护膝护肘护掌SQB水弹酷峰CNSQB竞技-淘宝网'}]",Inactive,Inactive,Cool Peak Knee Elbow - 110-150lb,Cool Peak Knee Elbow - 110-150lb,,,,,,,Yes,True,13,13,12/02/2025 00:01,"{'date': '12/02/2025', 'date_formatted': '12/02/2025', 'hours': '12', 'minutes': '01', 'am_pm': 'AM', 'unix_timestamp': 1764633660000, 'iso_timestamp': '2025-12-02T00:01:00.000Z', 'timestamp': '12/02/2025 12:01 am', 'time': 1, 'time_formatted': '00:01', 'proper_unix_timestamp': 1764651660000, 'proper_iso_timestamp': '2025-12-02T05:01:00.000Z'}",12/02/2025 00:01,"{'date': '12/02/2025', 'date_formatted': '12/02/2025', 'hours': '12', 'minutes': '01', 'am_pm': 'AM', 'unix_timestamp': 1764633660000, 'iso_timestamp': '2025-12-02T00:01:00.000Z', 'timestamp': '12/02/2025 12:01 am', 'time': 1, 'time_formatted': '00:01', 'proper_unix_timestamp': 1764651660000, 'proper_iso_timestamp': '2025-12-02T05:01:00.000Z'}",Model,Model,Cool Peak Knee Elbow,Cool Peak Knee Elbow,Size,Size,110-150lb,110-150lb,43,43,$38.00,38,,,40,$40,https://paintballgear.ca/tactical-elbow-knee-pad-set/,https://paintballgear.ca/tactical-elbow-knee-pad-set/,34.00,34,16.2,16,42.40,42.4,24.40,24.4,No,False,,,,,,,,,,,,,,,Yes,True
692e7295fa364bcdfb7003de,"<span class=""692e729252032e7f96786421"" data-kn=""connection-value"">Speedqb护具套装成人滑板下场护膝护肘护掌SQB水弹酷峰CNSQB竞技-淘宝网</span>","[{'id': '692e729252032e7f96786421', 'identifier': 'Speedqb护具套装成人滑板下场护膝护肘护掌SQB水弹酷峰CNSQB竞技-淘宝网'}]",Inactive,Inactive,Cool Peak Knee Elbow - 150-210lb,Cool Peak Knee Elbow - 150-210lb,,,,,,,Yes,True,14,14,12/02/2025 00:01,"{'date': '12/02/2025', 'date_formatted': '12/02/2025', 'hours': '12', 'minutes': '01', 'am_pm': 'AM', 'unix_timestamp': 1764633660000, 'iso_timestamp': '2025-12-02T00:01:00.000Z', 'timestamp': '12/02/2025 12:01 am', 'time': 1, 'time_formatted': '00:01', 'proper_unix_timestamp': 1764651660000, 'proper_iso_timestamp': '2025-12-02T05:01:00.000Z'}",12/02/2025 00:01,"{'date': '12/02/2025', 'date_formatted': '12/02/2025', 'hours': '12', 'minutes': '01', 'am_pm': 'AM', 'unix_timestamp': 1764633660000, 'iso_timestamp': '2025-12-02T00:01:00.000Z', 'timestamp': '12/02/2025 12:01 am', 'time': 1, 'time_formatted': '00:01', 'proper_unix_timestamp': 1764651660000, 'proper_iso_timestamp': '2025-12-02T05:01:00.000Z'}",Model,Model,Cool Peak Knee Elbow,Cool Peak Knee Elbow,Size,Size,150-210lb,150-210lb,43,43,$38.00,38,,,40,$40,https://paintballgear.ca/tactical-elbow-knee-pad-set/,https://paintballgear.ca/tactical-elbow-knee-pad-set/,34.00,34,16.2,16,42.40,42.4,24.40,24.4,No,False,,,,,,,,,,,,,,,Yes,True
692e72910bbc7142021dff83,"<span class=""692e728dfa364bcdfb6f3e62"" data-kn=""connection-value"">运动护臂蜂窝加长防撞防摔擦伤加厚防晒专业袖套手臂护具篮足排球-淘宝网</span>","[{'id': '692e728dfa364bcdfb6f3e62', 'identifier': '运动护臂蜂窝加长防撞防摔擦伤加厚防晒专业袖套手臂护具篮足排球-淘宝网'}]",Active,Active,1x Extended Honeycomb Sports Arm Sleeve – White,1x Extended Honeycomb Sports Arm Sleeve – White,1只白色加长蜂窝护臂,1只白色加长蜂窝护臂,https://item.taobao.com/item.htm?_u=o20bch12k1a6e1&id=815037864475&skuId=5739993023598&spm=a1z09.2.0.0.60532e8ddrfDyH,https://item.taobao.com/item.htm?_u=o20bch12k1a6e1&id=815037864475&skuId=5739993023598&spm=a1z09.2.0.0.60532e8ddrfDyH,,,Yes,True,5,5,12/02/2025 00:01,"{'date': '12/02/2025', 'date_formatted': '12/02/2025', 'hours': '12', 'minutes': '01', 'am_pm': 'AM', 'unix_timestamp': 1764633660000, 'iso_timestamp': '2025-12-02T00:01:00.000Z', 'timestamp': '12/02/2025 12:01 am', 'time': 1, 'time_formatted': '00:01', 'proper_unix_timestamp': 1764651660000, 'proper_iso_timestamp': '2025-12-02T05:01:00.000Z'}",12/02/2025 00:01,"{'date': '12/02/2025', 'date_formatted': '12/02/2025', 'hours': '12', 'minutes': '01', 'am_pm': 'AM', 'unix_timestamp': 1764633660000, 'iso_timestamp': '2025-12-02T00:01:00.000Z', 'timestamp': '12/02/2025 12:01 am', 'time': 1, 'time_formatted': '00:01', 'proper_unix_timestamp': 1764651660000, 'proper_iso_timestamp': '2025-12-02T05:01:00.000Z'}",Model,Model,1x White,1x White,Available Sizes,Available Sizes,"XXS,XS,S,M,L","XXS,XS,S,M,L",14,14,$38.00,38,,,43.99,$44,https://www.canadiantire.ca/en/pdp/mizuno-mzo-unisex-volleyball-padded-elbow-sleeves-black-15-in-1841143p.html,https://www.canadiantire.ca/en/pdp/mizuno-mzo-unisex-volleyball-padded-elbow-sleeves-black-15-in-1841143p.html,37.40,37.4,10.4,10,62.20,62.2,44.20,44.2,,,,,,,,,,,,,,,,,Yes,True
692e72910bbc7142021deff1,"<span class=""692e728dfa364bcdfb6f3e62"" data-kn=""connection-value"">运动护臂蜂窝加长防撞防摔擦伤加厚防晒专业袖套手臂护具篮足排球-淘宝网</span>","[{'id': '692e728dfa364bcdfb6f3e62', 'identifier': '运动护臂蜂窝加长防撞防摔擦伤加厚防晒专业袖套手臂护具篮足排球-淘宝网'}]",Active,Active,2× Extended Honeycomb Sports Arm Sleeves – White,2× Extended Honeycomb Sports Arm Sleeves – White,2只白色加长蜂窝护臂,2只白色加长蜂窝护臂,https://item.taobao.com/item.htm?_u=o20bch12k1a6e1&id=815037864475&skuId=5739993023597&spm=a1z09.2.0.0.60532e8ddrfDyH,https://item.taobao.com/item.htm?_u=o20bch12k1a6e1&id=815037864475&skuId=5739993023597&spm=a1z09.2.0.0.60532e8ddrfDyH,,,Yes,True,6,6,12/02/2025 00:01,"{'date': '12/02/2025', 'date_formatted': '12/02/2025', 'hours': '12', 'minutes': '01', 'am_pm': 'AM', 'unix_timestamp': 1764633660000, 'iso_timestamp': '2025-12-02T00:01:00.000Z', 'timestamp': '12/02/2025 12:01 am', 'time': 1, 'time_formatted': '00:01', 'proper_unix_timestamp': 1764651660000, 'proper_iso_timestamp': '2025-12-02T05:01:00.000Z'}",12/02/2025 00:01,"{'date': '12/02/2025', 'date_formatted': '12/02/2025', 'hours': '12', 'minutes': '01', 'am_pm': 'AM', 'unix_timestamp': 1764633660000, 'iso_timestamp': '2025-12-02T00:01:00.000Z', 'timestamp': '12/02/2025 12:01 am', 'time': 1, 'time_formatted': '00:01', 'proper_unix_timestamp': 1764651660000, 'proper_iso_timestamp': '2025-12-02T05:01:00.000Z'}",Model,Model,2x White,2x White,Available Sizes,Available Sizes,"XXS,XS,S,M,L","XXS,XS,S,M,L",30,30,$38.00,38,,,43.99,$44,https://www.canadiantire.ca/en/pdp/mizuno-mzo-unisex-volleyball-padded-elbow-sleeves-black-15-in-1841143p.html,https://www.canadiantire.ca/en/pdp/mizuno-mzo-unisex-volleyball-padded-elbow-sleeves-black-15-in-1841143p.html,37.40,37.4,13.6,14,53.60,53.6,35.60,35.6,,,,,,,,,,,,,,,,,Yes,True
692e7290f419468df1ddf270,"<span class=""692e728dfa364bcdfb6f3e62"" data-kn=""connection-value"">运动护臂蜂窝加长防撞防摔擦伤加厚防晒专业袖套手臂护具篮足排球-淘宝网</span>","[{'id': '692e728dfa364bcdfb6f3e62', 'identifier': '运动护臂蜂窝加长防撞防摔擦伤加厚防晒专业袖套手臂护具篮足排球-淘宝网'}]",Active,Active,1x Extended Honeycomb Sports Arm Sleeve – Black,1x Extended Honeycomb Sports Arm Sleeve – Black,1只黑色加长蜂窝护臂,1只黑色加长蜂窝护臂,https://item.taobao.com/item.htm?_u=o20bch12k1a6e1&id=815037864475&skuId=5678535922039&spm=a1z09.2.0.0.60532e8ddrfDyH,https://item.taobao.com/item.htm?_u=o20bch12k1a6e1&id=815037864475&skuId=5678535922039&spm=a1z09.2.0.0.60532e8ddrfDyH,,,Yes,True,7,7,12/02/2025 00:01,"{'date': '12/02/2025', 'date_formatted': '12/02/2025', 'hours': '12', 'minutes': '01', 'am_pm': 'AM', 'unix_timestamp': 1764633660000, 'iso_timestamp': '2025-12-02T00:01:00.000Z', 'timestamp': '12/02/2025 12:01 am', 'time': 1, 'time_formatted': '00:01', 'proper_unix_timestamp': 1764651660000, 'proper_iso_timestamp': '2025-12-02T05:01:00.000Z'}",12/02/2025 00:01,"{'date': '12/02/2025', 'date_formatted': '12/02/2025', 'hours': '12', 'minutes': '01', 'am_pm': 'AM', 'unix_timestamp': 1764633660000, 'iso_timestamp': '2025-12-02T00:01:00.000Z', 'timestamp': '12/02/2025 12:01 am', 'time': 1, 'time_formatted': '00:01', 'proper_unix_timestamp': 1764651660000, 'proper_iso_timestamp': '2025-12-02T05:01:00.000Z'}",Model,Model,1x Black,1x Black,Available Sizes,Available Sizes,"XXS,XS,S,M,L","XXS,XS,S,M,L",14,14,$38.00,38,,,43.99,$44,https://www.canadiantire.ca/en/pdp/mizuno-mzo-unisex-volleyball-padded-elbow-sleeves-black-15-in-1841143p.html,https://www.canadiantire.ca/en/pdp/mizuno-mzo-unisex-volleyball-padded-elbow-sleeves-black-15-in-1841143p.html,37.40,37.4,10.4,10,62.20,62.2,44.20,44.2,,,,,,,,,,,,,,,,,Yes,True
692e7290ca52923e5b34b892,"<span class=""692e728dfa364bcdfb6f3e62"" data-kn=""connection-value"">运动护臂蜂窝加长防撞防摔擦伤加厚防晒专业袖套手臂护具篮足排球-淘宝网</span>","[{'id': '692e728dfa364bcdfb6f3e62', 'identifier': '运动护臂蜂窝加长防撞防摔擦伤加厚防晒专业袖套手臂护具篮足排球-淘宝网'}]",Active,Active,2× Extended Honeycomb Sports Arm Sleeves – Black,2× Extended Honeycomb Sports Arm Sleeves – Black,2只黑色加长蜂窝护臂,2只黑色加长蜂窝护臂,https://item.taobao.com/item.htm?_u=o20bch12k1a6e1&id=815037864475&spm=a1z09.2.0.0.60532e8ddrfDyH&skuId=5678535922038,https://item.taobao.com/item.htm?_u=o20bch12k1a6e1&id=815037864475&spm=a1z09.2.0.0.60532e8ddrfDyH&skuId=5678535922038,,,Yes,True,8,8,12/02/2025 00:01,"{'date': '12/02/2025', 'date_formatted': '12/02/2025', 'hours': '12', 'minutes': '01', 'am_pm': 'AM', 'unix_timestamp': 1764633660000, 'iso_timestamp': '2025-12-02T00:01:00.000Z', 'timestamp': '12/02/2025 12:01 am', 'time': 1, 'time_formatted': '00:01', 'proper_unix_timestamp': 1764651660000, 'proper_iso_timestamp': '2025-12-02T05:01:00.000Z'}",12/02/2025 00:01,"{'date': '12/02/2025', 'date_formatted': '12/02/2025', 'hours': '12', 'minutes': '01', 'am_pm': 'AM', 'unix_timestamp': 1764633660000, 'iso_timestamp': '2025-12-02T00:01:00.000Z', 'timestamp': '12/02/2025 12:01 am', 'time': 1, 'time_formatted': '00:01', 'proper_unix_timestamp': 1764651660000, 'proper_iso_timestamp': '2025-12-02T05:01:00.000Z'}",Model,Model,2x Black,2x Black,Available Sizes,Available Sizes,"XXS,XS,S,M,L","XXS,XS,S,M,L",30,30,$38.00,38,,,43.99,$44,https://www.canadiantire.ca/en/pdp/mizuno-mzo-unisex-volleyball-padded-elbow-sleeves-black-15-in-1841143p.html,https://www.canadiantire.ca/en/pdp/mizuno-mzo-unisex-volleyball-padded-elbow-sleeves-black-15-in-1841143p.html,37.40,37.4,13.6,14,53.60,53.6,35.60,35.6,,,,,,,,,,,,,,,,,Yes,True
692e72900bbc7142021de7e0,"<span class=""692e728dfa364bcdfb6f3e62"" data-kn=""connection-value"">运动护臂蜂窝加长防撞防摔擦伤加厚防晒专业袖套手臂护具篮足排球-淘宝网</span>","[{'id': '692e728dfa364bcdfb6f3e62', 'identifier': '运动护臂蜂窝加长防撞防摔擦伤加厚防晒专业袖套手臂护具篮足排球-淘宝网'}]",Inactive,Inactive,Size L – For 105–125 kg,Size L – For 105–125 kg,,,,,,,Yes,True,1,1,12/02/2025 00:01,"{'date': '12/02/2025', 'date_formatted': '12/02/2025', 'hours': '12', 'minutes': '01', 'am_pm': 'AM', 'unix_timestamp': 1764633660000, 'iso_timestamp': '2025-12-02T00:01:00.000Z', 'timestamp': '12/02/2025 12:01 am', 'time': 1, 'time_formatted': '00:01', 'proper_unix_timestamp': 1764651660000, 'proper_iso_timestamp': '2025-12-02T05:01:00.000Z'}",12/02/2025 00:01,"{'date': '12/02/2025', 'date_formatted': '12/02/2025', 'hours': '12', 'minutes': '01', 'am_pm': 'AM', 'unix_timestamp': 1764633660000, 'iso_timestamp': '2025-12-02T00:01:00.000Z', 'timestamp': '12/02/2025 12:01 am', 'time': 1, 'time_formatted': '00:01', 'proper_unix_timestamp': 1764651660000, 'proper_iso_timestamp': '2025-12-02T05:01:00.000Z'}",Size,Size,L,L,,,,,14,14,$38.00,38,,,15,$15,https://www.ebay.ca/itm/202795042964,https://www.ebay.ca/itm/202795042964,12.75,12.75,10.4,10,8.40,8.4,-9.60,-9.6,No,False,,,Yes,True,17,$17.00,6.8,$7,50,50.00,$30.00,30,,,Yes,True
692e72905a2c1ae3350922ee,"<span class=""692e728dfa364bcdfb6f3e62"" data-kn=""connection-value"">运动护臂蜂窝加长防撞防摔擦伤加厚防晒专业袖套手臂护具篮足排球-淘宝网</span>","[{'id': '692e728dfa364bcdfb6f3e62', 'identifier': '运动护臂蜂窝加长防撞防摔擦伤加厚防晒专业袖套手臂护具篮足排球-淘宝网'}]",Inactive,Inactive,Size M – For 85–105 kg,Size M – For 85–105 kg,2个蜂窝 加长 运动护臂黑,2个蜂窝 加长 运动护臂黑,https://item.taobao.com/item.htm?_u=o20bch12k1a6e1&id=815037864475&spm=a1z09.2.0.0.60532e8ddrfDyH,https://item.taobao.com/item.htm?_u=o20bch12k1a6e1&id=815037864475&spm=a1z09.2.0.0.60532e8ddrfDyH,,,Yes,True,2,2,12/02/2025 00:01,"{'date': '12/02/2025', 'date_formatted': '12/02/2025', 'hours': '12', 'minutes': '01', 'am_pm': 'AM', 'unix_timestamp': 1764633660000, 'iso_timestamp': '2025-12-02T00:01:00.000Z', 'timestamp': '12/02/2025 12:01 am', 'time': 1, 'time_formatted': '00:01', 'proper_unix_timestamp': 1764651660000, 'proper_iso_timestamp': '2025-12-02T05:01:00.000Z'}",12/02/2025 00:01,"{'date': '12/02/2025', 'date_formatted': '12/02/2025', 'hours': '12', 'minutes': '01', 'am_pm': 'AM', 'unix_timestamp': 1764633660000, 'iso_timestamp': '2025-12-02T00:01:00.000Z', 'timestamp': '12/02/2025 12:01 am', 'time': 1, 'time_formatted': '00:01', 'proper_unix_timestamp': 1764651660000, 'proper_iso_timestamp': '2025-12-02T05:01:00.000Z'}",Size,Size,M,M,,,,,14,14,$38.00,38,,,43.99,$44,https://www.canadiantire.ca/en/pdp/mizuno-mzo-unisex-volleyball-padded-elbow-sleeves-black-15-in-1841143p.html,https://www.canadiantire.ca/en/pdp/mizuno-mzo-unisex-volleyball-padded-elbow-sleeves-black-15-in-1841143p.html,12.75,12.75,10.4,10,8.40,8.4,-9.60,-9.6,No,False,,,,,,,,,,,,,,,Yes,True
692e7290f419468df1ddde2e,"<span class=""692e728dfa364bcdfb6f3e62"" data-kn=""connection-value"">运动护臂蜂窝加长防撞防摔擦伤加厚防晒专业袖套手臂护具篮足排球-淘宝网</span>","[{'id': '692e728dfa364bcdfb6f3e62', 'identifier': '运动护臂蜂窝加长防撞防摔擦伤加厚防晒专业袖套手臂护具篮足排球-淘宝网'}]",Inactive,Inactive,Size S – For 75–85 kg,Size S – For 75–85 kg,2只白色加长蜂窝护臂,2只白色加长蜂窝护臂,https://item.taobao.com/item.htm?_u=o20bch12k1a6e1&id=815037864475&skuId=5739993023591&spm=a1z09.2.0.0.60532e8ddrfDyH,https://item.taobao.com/item.htm?_u=o20bch12k1a6e1&id=815037864475&skuId=5739993023591&spm=a1z09.2.0.0.60532e8ddrfDyH,,,Yes,True,9,9,12/02/2025 00:01,"{'date': '12/02/2025', 'date_formatted': '12/02/2025', 'hours': '12', 'minutes': '01', 'am_pm': 'AM', 'unix_timestamp': 1764633660000, 'iso_timestamp': '2025-12-02T00:01:00.000Z', 'timestamp': '12/02/2025 12:01 am', 'time': 1, 'time_formatted': '00:01', 'proper_unix_timestamp': 1764651660000, 'proper_iso_timestamp': '2025-12-02T05:01:00.000Z'}",12/02/2025 00:01,"{'date': '12/02/2025', 'date_formatted': '12/02/2025', 'hours': '12', 'minutes': '01', 'am_pm': 'AM', 'unix_timestamp': 1764633660000, 'iso_timestamp': '2025-12-02T00:01:00.000Z', 'timestamp': '12/02/2025 12:01 am', 'time': 1, 'time_formatted': '00:01', 'proper_unix_timestamp': 1764651660000, 'proper_iso_timestamp': '2025-12-02T05:01:00.000Z'}",Size,Size,S,S,,,,,30,30,$38.00,38,,,43.99,$44,https://www.canadiantire.ca/en/pdp/mizuno-mzo-unisex-volleyball-padded-elbow-sleeves-black-15-in-1841143p.html,https://www.canadiantire.ca/en/pdp/mizuno-mzo-unisex-volleyball-padded-elbow-sleeves-black-15-in-1841143p.html,37.40,37.4,13.6,14,53.60,53.6,35.60,35.6,,,,,,,,,,,,,,,,,Yes,True
692e728f5a2c1ae335090069,"<span class=""692e728dfa364bcdfb6f3e62"" data-kn=""connection-value"">运动护臂蜂窝加长防撞防摔擦伤加厚防晒专业袖套手臂护具篮足排球-淘宝网</span>","[{'id': '692e728dfa364bcdfb6f3e62', 'identifier': '运动护臂蜂窝加长防撞防摔擦伤加厚防晒专业袖套手臂护具篮足排球-淘宝网'}]",Inactive,Inactive,Size XS – For 60–75 kg,Size XS – For 60–75 kg,,,,,,,Yes,True,3,3,12/02/2025 00:01,"{'date': '12/02/2025', 'date_formatted': '12/02/2025', 'hours': '12', 'minutes': '01', 'am_pm': 'AM', 'unix_timestamp': 1764633660000, 'iso_timestamp': '2025-12-02T00:01:00.000Z', 'timestamp': '12/02/2025 12:01 am', 'time': 1, 'time_formatted': '00:01', 'proper_unix_timestamp': 1764651660000, 'proper_iso_timestamp': '2025-12-02T05:01:00.000Z'}",12/02/2025 00:01,"{'date': '12/02/2025', 'date_formatted': '12/02/2025', 'hours': '12', 'minutes': '01', 'am_pm': 'AM', 'unix_timestamp': 1764633660000, 'iso_timestamp': '2025-12-02T00:01:00.000Z', 'timestamp': '12/02/2025 12:01 am', 'time': 1, 'time_formatted': '00:01', 'proper_unix_timestamp': 1764651660000, 'proper_iso_timestamp': '2025-12-02T05:01:00.000Z'}",Size,Size,XS,XS,,,,,14,14,$38.00,38,,,15,$15,https://www.ebay.ca/itm/202795042964,https://www.ebay.ca/itm/202795042964,12.75,12.75,10.4,10,8.40,8.4,-9.60,-9.6,No,False,,,Yes,True,17,$17.00,6.8,$7,50,50.00,$30.00,30,,,Yes,True
692e728fca52923e5b34a0a1,"<span class=""692e728dfa364bcdfb6f3e62"" data-kn=""connection-value"">运动护臂蜂窝加长防撞防摔擦伤加厚防晒专业袖套手臂护具篮足排球-淘宝网</span>","[{'id': '692e728dfa364bcdfb6f3e62', 'identifier': '运动护臂蜂窝加长防撞防摔擦伤加厚防晒专业袖套手臂护具篮足排球-淘宝网'}]",Inactive,Inactive,Size XXS – For 45–60 kg,Size XXS – For 45–60 kg,,,,,,,Yes,True,4,4,12/02/2025 00:01,"{'date': '12/02/2025', 'date_formatted': '12/02/2025', 'hours': '12', 'minutes': '01', 'am_pm': 'AM', 'unix_timestamp': 1764633660000, 'iso_timestamp': '2025-12-02T00:01:00.000Z', 'timestamp': '12/02/2025 12:01 am', 'time': 1, 'time_formatted': '00:01', 'proper_unix_timestamp': 1764651660000, 'proper_iso_timestamp': '2025-12-02T05:01:00.000Z'}",12/02/2025 00:01,"{'date': '12/02/2025', 'date_formatted': '12/02/2025', 'hours': '12', 'minutes': '01', 'am_pm': 'AM', 'unix_timestamp': 1764633660000, 'iso_timestamp': '2025-12-02T00:01:00.000Z', 'timestamp': '12/02/2025 12:01 am', 'time': 1, 'time_formatted': '00:01', 'proper_unix_timestamp': 1764651660000, 'proper_iso_timestamp': '2025-12-02T05:01:00.000Z'}",Size,Size,XXS,XXS,,,,,14,14,$38.00,38,,,15,$15,https://www.ebay.ca/itm/202795042964,https://www.ebay.ca/itm/202795042964,12.75,12.75,10.4,10,8.40,8.4,-9.60,-9.6,No,False,,,Yes,True,17,$17.00,6.8,$7,50,50.00,$30.00,30,,,Yes,True
692e728c0fa6761025466cf1,"<span class=""692e72857e25f4f438f73968"" data-kn=""connection-value"">战术激光灯PEQ15红绿镭射指示器沃德森M300/M600手电双控鼠尾套装-淘宝网</span>","[{'id': '692e72857e25f4f438f73968', 'identifier': '战术激光灯PEQ15红绿镭射指示器沃德森M300/M600手电双控鼠尾套装-淘宝网'}]",Inactive,Inactive,沙色-M600C原装鼠尾 送电池,沙色-M600C原装鼠尾 送电池,,,,,,,Yes,True,1,1,12/02/2025 00:01,"{'date': '12/02/2025', 'date_formatted': '12/02/2025', 'hours': '12', 'minutes': '01', 'am_pm': 'AM', 'unix_timestamp': 1764633660000, 'iso_timestamp': '2025-12-02T00:01:00.000Z', 'timestamp': '12/02/2025 12:01 am', 'time': 1, 'time_formatted': '00:01', 'proper_unix_timestamp': 1764651660000, 'proper_iso_timestamp': '2025-12-02T05:01:00.000Z'}",12/02/2025 00:01,"{'date': '12/02/2025', 'date_formatted': '12/02/2025', 'hours': '12', 'minutes': '01', 'am_pm': 'AM', 'unix_timestamp': 1764633660000, 'iso_timestamp': '2025-12-02T00:01:00.000Z', 'timestamp': '12/02/2025 12:01 am', 'time': 1, 'time_formatted': '00:01', 'proper_unix_timestamp': 1764651660000, 'proper_iso_timestamp': '2025-12-02T05:01:00.000Z'}",,,,,,,,,0,0,$70.00,70,,,,,,,0.00,0,,,,,,,,,,,,,,,,,,,,,,,Yes,True
692e728b0fa67610254660f6,"<span class=""692e72857e25f4f438f73968"" data-kn=""connection-value"">战术激光灯PEQ15红绿镭射指示器沃德森M300/M600手电双控鼠尾套装-淘宝网</span>","[{'id': '692e72857e25f4f438f73968', 'identifier': '战术激光灯PEQ15红绿镭射指示器沃德森M300/M600手电双控鼠尾套装-淘宝网'}]",Inactive,Inactive,黑色-M600C原装鼠尾 送电池,黑色-M600C原装鼠尾 送电池,,,,,,,Yes,True,2,2,12/02/2025 00:00,"{'date': '12/02/2025', 'date_formatted': '12/02/2025', 'hours': '12', 'minutes': '00', 'am_pm': 'AM', 'unix_timestamp': 1764633600000, 'iso_timestamp': '2025-12-02T00:00:00.000Z', 'timestamp': '12/02/2025 12:00 am', 'time': 0, 'time_formatted': '00:00', 'proper_unix_timestamp': 1764651600000, 'proper_iso_timestamp': '2025-12-02T05:00:00.000Z'}",12/02/2025 00:00,"{'date': '12/02/2025', 'date_formatted': '12/02/2025', 'hours': '12', 'minutes': '00', 'am_pm': 'AM', 'unix_timestamp': 1764633600000, 'iso_timestamp': '2025-12-02T00:00:00.000Z', 'timestamp': '12/02/2025 12:00 am', 'time': 0, 'time_formatted': '00:00', 'proper_unix_timestamp': 1764651600000, 'proper_iso_timestamp': '2025-12-02T05:00:00.000Z'}",,,,,,,,,0,0,$70.00,70,,,,,,,0.00,0,,,,,,,,,,,,,,,,,,,,,,,Yes,True
692e728b0fa6761025466083,"<span class=""692e72857e25f4f438f73968"" data-kn=""connection-value"">战术激光灯PEQ15红绿镭射指示器沃德森M300/M600手电双控鼠尾套装-淘宝网</span>","[{'id': '692e72857e25f4f438f73968', 'identifier': '战术激光灯PEQ15红绿镭射指示器沃德森M300/M600手电双控鼠尾套装-淘宝网'}]",Inactive,Inactive,黑色-M300A原装鼠尾 +长亮尾盖送电池,黑色-M300A原装鼠尾 +长亮尾盖送电池,,,,,,,Yes,True,3,3,12/02/2025 00:00,"{'date': '12/02/2025', 'date_formatted': '12/02/2025', 'hours': '12', 'minutes': '00', 'am_pm': 'AM', 'unix_timestamp': 1764633600000, 'iso_timestamp': '2025-12-02T00:00:00.000Z', 'timestamp': '12/02/2025 12:00 am', 'time': 0, 'time_formatted': '00:00', 'proper_unix_timestamp': 1764651600000, 'proper_iso_timestamp': '2025-12-02T05:00:00.000Z'}",12/02/2025 00:00,"{'date': '12/02/2025', 'date_formatted': '12/02/2025', 'hours': '12', 'minutes': '00', 'am_pm': 'AM', 'unix_timestamp': 1764633600000, 'iso_timestamp': '2025-12-02T00:00:00.000Z', 'timestamp': '12/02/2025 12:00 am', 'time': 0, 'time_formatted': '00:00', 'proper_unix_timestamp': 1764651600000, 'proper_iso_timestamp': '2025-12-02T05:00:00.000Z'}",,,,,,,,,0,0,$70.00,70,,,,,,,0.00,0,,,,,,,,,,,,,,,,,,,,,,,Yes,True
692e728bf0922057c408e1c1,"<span class=""692e72857e25f4f438f73968"" data-kn=""connection-value"">战术激光灯PEQ15红绿镭射指示器沃德森M300/M600手电双控鼠尾套装-淘宝网</span>","[{'id': '692e72857e25f4f438f73968', 'identifier': '战术激光灯PEQ15红绿镭射指示器沃德森M300/M600手电双控鼠尾套装-淘宝网'}]",Inactive,Inactive,黑色-黑色-绿激光+IR照明+爆闪+白光（全功能） 两电一充（全功能）,黑色-黑色-绿激光+IR照明+爆闪+白光（全功能） 两电一充（全功能）,,,,,,,Yes,True,4,4,12/02/2025 00:00,"{'date': '12/02/2025', 'date_formatted': '12/02/2025', 'hours': '12', 'minutes': '00', 'am_pm': 'AM', 'unix_timestamp': 1764633600000, 'iso_timestamp': '2025-12-02T00:00:00.000Z', 'timestamp': '12/02/2025 12:00 am', 'time': 0, 'time_formatted': '00:00', 'proper_unix_timestamp': 1764651600000, 'proper_iso_timestamp': '2025-12-02T05:00:00.000Z'}",12/02/2025 00:00,"{'date': '12/02/2025', 'date_formatted': '12/02/2025', 'hours': '12', 'minutes': '00', 'am_pm': 'AM', 'unix_timestamp': 1764633600000, 'iso_timestamp': '2025-12-02T00:00:00.000Z', 'timestamp': '12/02/2025 12:00 am', 'time': 0, 'time_formatted': '00:00', 'proper_unix_timestamp': 1764651600000, 'proper_iso_timestamp': '2025-12-02T05:00:00.000Z'}",,,,,,,,,0,0,$70.00,70,,,,,,,0.00,0,,,,,,,,,,,,,,,,,,,,,,,Yes,True
692e728abbb1193449cbfcc1,"<span class=""692e72857e25f4f438f73968"" data-kn=""connection-value"">战术激光灯PEQ15红绿镭射指示器沃德森M300/M600手电双控鼠尾套装-淘宝网</span>","[{'id': '692e72857e25f4f438f73968', 'identifier': '战术激光灯PEQ15红绿镭射指示器沃德森M300/M600手电双控鼠尾套装-淘宝网'}]",Inactive,Inactive,沙色-绿激光+白光+IR照明+爆闪 送电池（全功能）,沙色-绿激光+白光+IR照明+爆闪 送电池（全功能）,,,,,,,Yes,True,5,5,12/02/2025 00:00,"{'date': '12/02/2025', 'date_formatted': '12/02/2025', 'hours': '12', 'minutes': '00', 'am_pm': 'AM', 'unix_timestamp': 1764633600000, 'iso_timestamp': '2025-12-02T00:00:00.000Z', 'timestamp': '12/02/2025 12:00 am', 'time': 0, 'time_formatted': '00:00', 'proper_unix_timestamp': 1764651600000, 'proper_iso_timestamp': '2025-12-02T05:00:00.000Z'}",12/02/2025 00:00,"{'date': '12/02/2025', 'date_formatted': '12/02/2025', 'hours': '12', 'minutes': '00', 'am_pm': 'AM', 'unix_timestamp': 1764633600000, 'iso_timestamp': '2025-12-02T00:00:00.000Z', 'timestamp': '12/02/2025 12:00 am', 'time': 0, 'time_formatted': '00:00', 'proper_unix_timestamp': 1764651600000, 'proper_iso_timestamp': '2025-12-02T05:00:00.000Z'}",,,,,,,,,0,0,$70.00,70,,,,,,,0.00,0,,,,,,,,,,,,,,,,,,,,,,,Yes,True
692e728afa364bcdfb6f0aa6,"<span class=""692e72857e25f4f438f73968"" data-kn=""connection-value"">战术激光灯PEQ15红绿镭射指示器沃德森M300/M600手电双控鼠尾套装-淘宝网</span>","[{'id': '692e72857e25f4f438f73968', 'identifier': '战术激光灯PEQ15红绿镭射指示器沃德森M300/M600手电双控鼠尾套装-淘宝网'}]",Inactive,Inactive,黑色-绿激光+白光+IR照明+爆闪 送电池（全功能）,黑色-绿激光+白光+IR照明+爆闪 送电池（全功能）,,,,,,,Yes,True,6,6,12/02/2025 00:00,"{'date': '12/02/2025', 'date_formatted': '12/02/2025', 'hours': '12', 'minutes': '00', 'am_pm': 'AM', 'unix_timestamp': 1764633600000, 'iso_timestamp': '2025-12-02T00:00:00.000Z', 'timestamp': '12/02/2025 12:00 am', 'time': 0, 'time_formatted': '00:00', 'proper_unix_timestamp': 1764651600000, 'proper_iso_timestamp': '2025-12-02T05:00:00.000Z'}",12/02/2025 00:00,"{'date': '12/02/2025', 'date_formatted': '12/02/2025', 'hours': '12', 'minutes': '00', 'am_pm': 'AM', 'unix_timestamp': 1764633600000, 'iso_timestamp': '2025-12-02T00:00:00.000Z', 'timestamp': '12/02/2025 12:00 am', 'time': 0, 'time_formatted': '00:00', 'proper_unix_timestamp': 1764651600000, 'proper_iso_timestamp': '2025-12-02T05:00:00.000Z'}",,,,,,,,,0,0,$70.00,70,,,,,,,0.00,0,,,,,,,,,,,,,,,,,,,,,,,Yes,True
692e728abbb1193449cbf5ca,"<span class=""692e72857e25f4f438f73968"" data-kn=""connection-value"">战术激光灯PEQ15红绿镭射指示器沃德森M300/M600手电双控鼠尾套装-淘宝网</span>","[{'id': '692e72857e25f4f438f73968', 'identifier': '战术激光灯PEQ15红绿镭射指示器沃德森M300/M600手电双控鼠尾套装-淘宝网'}]",Inactive,Inactive,沙色-红激光+白光+IR照明+爆闪 送电池（全功能）,沙色-红激光+白光+IR照明+爆闪 送电池（全功能）,,,,,,,Yes,True,7,7,12/02/2025 00:00,"{'date': '12/02/2025', 'date_formatted': '12/02/2025', 'hours': '12', 'minutes': '00', 'am_pm': 'AM', 'unix_timestamp': 1764633600000, 'iso_timestamp': '2025-12-02T00:00:00.000Z', 'timestamp': '12/02/2025 12:00 am', 'time': 0, 'time_formatted': '00:00', 'proper_unix_timestamp': 1764651600000, 'proper_iso_timestamp': '2025-12-02T05:00:00.000Z'}",12/02/2025 00:00,"{'date': '12/02/2025', 'date_formatted': '12/02/2025', 'hours': '12', 'minutes': '00', 'am_pm': 'AM', 'unix_timestamp': 1764633600000, 'iso_timestamp': '2025-12-02T00:00:00.000Z', 'timestamp': '12/02/2025 12:00 am', 'time': 0, 'time_formatted': '00:00', 'proper_unix_timestamp': 1764651600000, 'proper_iso_timestamp': '2025-12-02T05:00:00.000Z'}",,,,,,,,,0,0,$70.00,70,,,,,,,0.00,0,,,,,,,,,,,,,,,,,,,,,,,Yes,True
692e728abbb1193449cbef7a,"<span class=""692e72857e25f4f438f73968"" data-kn=""connection-value"">战术激光灯PEQ15红绿镭射指示器沃德森M300/M600手电双控鼠尾套装-淘宝网</span>","[{'id': '692e72857e25f4f438f73968', 'identifier': '战术激光灯PEQ15红绿镭射指示器沃德森M300/M600手电双控鼠尾套装-淘宝网'}]",Inactive,Inactive,黑色-红激光+白光+IR照明+爆闪 送电池（全功能）,黑色-红激光+白光+IR照明+爆闪 送电池（全功能）,,,,,,,Yes,True,8,8,12/02/2025 00:00,"{'date': '12/02/2025', 'date_formatted': '12/02/2025', 'hours': '12', 'minutes': '00', 'am_pm': 'AM', 'unix_timestamp': 1764633600000, 'iso_timestamp': '2025-12-02T00:00:00.000Z', 'timestamp': '12/02/2025 12:00 am', 'time': 0, 'time_formatted': '00:00', 'proper_unix_timestamp': 1764651600000, 'proper_iso_timestamp': '2025-12-02T05:00:00.000Z'}",12/02/2025 00:00,"{'date': '12/02/2025', 'date_formatted': '12/02/2025', 'hours': '12', 'minutes': '00', 'am_pm': 'AM', 'unix_timestamp': 1764633600000, 'iso_timestamp': '2025-12-02T00:00:00.000Z', 'timestamp': '12/02/2025 12:00 am', 'time': 0, 'time_formatted': '00:00', 'proper_unix_timestamp': 1764651600000, 'proper_iso_timestamp': '2025-12-02T05:00:00.000Z'}",,,,,,,,,0,0,$70.00,70,,,,,,,0.00,0,,,,,,,,,,,,,,,,,,,,,,,Yes,True
692e728a09e839f3a7261f97,"<span class=""692e72857e25f4f438f73968"" data-kn=""connection-value"">战术激光灯PEQ15红绿镭射指示器沃德森M300/M600手电双控鼠尾套装-淘宝网</span>","[{'id': '692e72857e25f4f438f73968', 'identifier': '战术激光灯PEQ15红绿镭射指示器沃德森M300/M600手电双控鼠尾套装-淘宝网'}]",Inactive,Inactive,沙色-全功能绿激光+M600C+长亮双控鼠尾 含电池+充电器,沙色-全功能绿激光+M600C+长亮双控鼠尾 含电池+充电器,,,,,,,Yes,True,9,9,12/02/2025 00:00,"{'date': '12/02/2025', 'date_formatted': '12/02/2025', 'hours': '12', 'minutes': '00', 'am_pm': 'AM', 'unix_timestamp': 1764633600000, 'iso_timestamp': '2025-12-02T00:00:00.000Z', 'timestamp': '12/02/2025 12:00 am', 'time': 0, 'time_formatted': '00:00', 'proper_unix_timestamp': 1764651600000, 'proper_iso_timestamp': '2025-12-02T05:00:00.000Z'}",12/02/2025 00:00,"{'date': '12/02/2025', 'date_formatted': '12/02/2025', 'hours': '12', 'minutes': '00', 'am_pm': 'AM', 'unix_timestamp': 1764633600000, 'iso_timestamp': '2025-12-02T00:00:00.000Z', 'timestamp': '12/02/2025 12:00 am', 'time': 0, 'time_formatted': '00:00', 'proper_unix_timestamp': 1764651600000, 'proper_iso_timestamp': '2025-12-02T05:00:00.000Z'}",,,,,,,,,0,0,$70.00,70,,,,,,,0.00,0,,,,,,,,,,,,,,,,,,,,,,,Yes,True
692e728909e839f3a7261f26,"<span class=""692e72857e25f4f438f73968"" data-kn=""connection-value"">战术激光灯PEQ15红绿镭射指示器沃德森M300/M600手电双控鼠尾套装-淘宝网</span>","[{'id': '692e72857e25f4f438f73968', 'identifier': '战术激光灯PEQ15红绿镭射指示器沃德森M300/M600手电双控鼠尾套装-淘宝网'}]",Inactive,Inactive,黑色-全功能绿激光+M600C+长亮双控鼠尾 含电池+充电器,黑色-全功能绿激光+M600C+长亮双控鼠尾 含电池+充电器,,,,,,,Yes,True,10,10,12/02/2025 00:00,"{'date': '12/02/2025', 'date_formatted': '12/02/2025', 'hours': '12', 'minutes': '00', 'am_pm': 'AM', 'unix_timestamp': 1764633600000, 'iso_timestamp': '2025-12-02T00:00:00.000Z', 'timestamp': '12/02/2025 12:00 am', 'time': 0, 'time_formatted': '00:00', 'proper_unix_timestamp': 1764651600000, 'proper_iso_timestamp': '2025-12-02T05:00:00.000Z'}",12/02/2025 00:00,"{'date': '12/02/2025', 'date_formatted': '12/02/2025', 'hours': '12', 'minutes': '00', 'am_pm': 'AM', 'unix_timestamp': 1764633600000, 'iso_timestamp': '2025-12-02T00:00:00.000Z', 'timestamp': '12/02/2025 12:00 am', 'time': 0, 'time_formatted': '00:00', 'proper_unix_timestamp': 1764651600000, 'proper_iso_timestamp': '2025-12-02T05:00:00.000Z'}",,,,,,,,,0,0,$70.00,70,,,,,,,0.00,0,,,,,,,,,,,,,,,,,,,,,,,Yes,True
692e728917d38f6483a05b8b,"<span class=""692e72857e25f4f438f73968"" data-kn=""connection-value"">战术激光灯PEQ15红绿镭射指示器沃德森M300/M600手电双控鼠尾套装-淘宝网</span>","[{'id': '692e72857e25f4f438f73968', 'identifier': '战术激光灯PEQ15红绿镭射指示器沃德森M300/M600手电双控鼠尾套装-淘宝网'}]",Inactive,Inactive,沙色-全功能绿激光+M300A+长亮双控鼠尾 含电池+充电器,沙色-全功能绿激光+M300A+长亮双控鼠尾 含电池+充电器,,,,,,,Yes,True,11,11,12/02/2025 00:00,"{'date': '12/02/2025', 'date_formatted': '12/02/2025', 'hours': '12', 'minutes': '00', 'am_pm': 'AM', 'unix_timestamp': 1764633600000, 'iso_timestamp': '2025-12-02T00:00:00.000Z', 'timestamp': '12/02/2025 12:00 am', 'time': 0, 'time_formatted': '00:00', 'proper_unix_timestamp': 1764651600000, 'proper_iso_timestamp': '2025-12-02T05:00:00.000Z'}",12/02/2025 00:00,"{'date': '12/02/2025', 'date_formatted': '12/02/2025', 'hours': '12', 'minutes': '00', 'am_pm': 'AM', 'unix_timestamp': 1764633600000, 'iso_timestamp': '2025-12-02T00:00:00.000Z', 'timestamp': '12/02/2025 12:00 am', 'time': 0, 'time_formatted': '00:00', 'proper_unix_timestamp': 1764651600000, 'proper_iso_timestamp': '2025-12-02T05:00:00.000Z'}",,,,,,,,,0,0,$70.00,70,,,,,,,0.00,0,,,,,,,,,,,,,,,,,,,,,,,Yes,True
692e728917d38f6483a05b1e,"<span class=""692e72857e25f4f438f73968"" data-kn=""connection-value"">战术激光灯PEQ15红绿镭射指示器沃德森M300/M600手电双控鼠尾套装-淘宝网</span>","[{'id': '692e72857e25f4f438f73968', 'identifier': '战术激光灯PEQ15红绿镭射指示器沃德森M300/M600手电双控鼠尾套装-淘宝网'}]",Inactive,Inactive,黑色-全功能绿激光+M300A+长亮双控鼠尾 含电池+充电器,黑色-全功能绿激光+M300A+长亮双控鼠尾 含电池+充电器,,,,,,,Yes,True,12,12,12/02/2025 00:00,"{'date': '12/02/2025', 'date_formatted': '12/02/2025', 'hours': '12', 'minutes': '00', 'am_pm': 'AM', 'unix_timestamp': 1764633600000, 'iso_timestamp': '2025-12-02T00:00:00.000Z', 'timestamp': '12/02/2025 12:00 am', 'time': 0, 'time_formatted': '00:00', 'proper_unix_timestamp': 1764651600000, 'proper_iso_timestamp': '2025-12-02T05:00:00.000Z'}",12/02/2025 00:00,"{'date': '12/02/2025', 'date_formatted': '12/02/2025', 'hours': '12', 'minutes': '00', 'am_pm': 'AM', 'unix_timestamp': 1764633600000, 'iso_timestamp': '2025-12-02T00:00:00.000Z', 'timestamp': '12/02/2025 12:00 am', 'time': 0, 'time_formatted': '00:00', 'proper_unix_timestamp': 1764651600000, 'proper_iso_timestamp': '2025-12-02T05:00:00.000Z'}",,,,,,,,,0,0,$70.00,70,,,,,,,0.00,0,,,,,,,,,,,,,,,,,,,,,,,Yes,True
692e728917d38f6483a05ab1,"<span class=""692e72857e25f4f438f73968"" data-kn=""connection-value"">战术激光灯PEQ15红绿镭射指示器沃德森M300/M600手电双控鼠尾套装-淘宝网</span>","[{'id': '692e72857e25f4f438f73968', 'identifier': '战术激光灯PEQ15红绿镭射指示器沃德森M300/M600手电双控鼠尾套装-淘宝网'}]",Inactive,Inactive,沙色-全功能红激光+M600C+长亮双控鼠尾 含电池+充电器,沙色-全功能红激光+M600C+长亮双控鼠尾 含电池+充电器,,,,,,,Yes,True,13,13,12/02/2025 00:00,"{'date': '12/02/2025', 'date_formatted': '12/02/2025', 'hours': '12', 'minutes': '00', 'am_pm': 'AM', 'unix_timestamp': 1764633600000, 'iso_timestamp': '2025-12-02T00:00:00.000Z', 'timestamp': '12/02/2025 12:00 am', 'time': 0, 'time_formatted': '00:00', 'proper_unix_timestamp': 1764651600000, 'proper_iso_timestamp': '2025-12-02T05:00:00.000Z'}",12/02/2025 00:00,"{'date': '12/02/2025', 'date_formatted': '12/02/2025', 'hours': '12', 'minutes': '00', 'am_pm': 'AM', 'unix_timestamp': 1764633600000, 'iso_timestamp': '2025-12-02T00:00:00.000Z', 'timestamp': '12/02/2025 12:00 am', 'time': 0, 'time_formatted': '00:00', 'proper_unix_timestamp': 1764651600000, 'proper_iso_timestamp': '2025-12-02T05:00:00.000Z'}",,,,,,,,,0,0,$70.00,70,,,,,,,0.00,0,,,,,,,,,,,,,,,,,,,,,,,Yes,True
692e728906854af46497a304,"<span class=""692e72857e25f4f438f73968"" data-kn=""connection-value"">战术激光灯PEQ15红绿镭射指示器沃德森M300/M600手电双控鼠尾套装-淘宝网</span>","[{'id': '692e72857e25f4f438f73968', 'identifier': '战术激光灯PEQ15红绿镭射指示器沃德森M300/M600手电双控鼠尾套装-淘宝网'}]",Inactive,Inactive,黑色-全功能红激光+M600C+长亮双控鼠尾 含电池+充电器,黑色-全功能红激光+M600C+长亮双控鼠尾 含电池+充电器,,,,,,,Yes,True,14,14,12/02/2025 00:00,"{'date': '12/02/2025', 'date_formatted': '12/02/2025', 'hours': '12', 'minutes': '00', 'am_pm': 'AM', 'unix_timestamp': 1764633600000, 'iso_timestamp': '2025-12-02T00:00:00.000Z', 'timestamp': '12/02/2025 12:00 am', 'time': 0, 'time_formatted': '00:00', 'proper_unix_timestamp': 1764651600000, 'proper_iso_timestamp': '2025-12-02T05:00:00.000Z'}",12/02/2025 00:00,"{'date': '12/02/2025', 'date_formatted': '12/02/2025', 'hours': '12', 'minutes': '00', 'am_pm': 'AM', 'unix_timestamp': 1764633600000, 'iso_timestamp': '2025-12-02T00:00:00.000Z', 'timestamp': '12/02/2025 12:00 am', 'time': 0, 'time_formatted': '00:00', 'proper_unix_timestamp': 1764651600000, 'proper_iso_timestamp': '2025-12-02T05:00:00.000Z'}",,,,,,,,,0,0,$70.00,70,,,,,,,0.00,0,,,,,,,,,,,,,,,,,,,,,,,Yes,True
692e7288ebe1fe2e5f10479b,"<span class=""692e72857e25f4f438f73968"" data-kn=""connection-value"">战术激光灯PEQ15红绿镭射指示器沃德森M300/M600手电双控鼠尾套装-淘宝网</span>","[{'id': '692e72857e25f4f438f73968', 'identifier': '战术激光灯PEQ15红绿镭射指示器沃德森M300/M600手电双控鼠尾套装-淘宝网'}]",Inactive,Inactive,沙色-全功能红激光+M300A+长亮双控鼠尾 含电池+充电器,沙色-全功能红激光+M300A+长亮双控鼠尾 含电池+充电器,,,,,,,Yes,True,15,15,12/02/2025 00:00,"{'date': '12/02/2025', 'date_formatted': '12/02/2025', 'hours': '12', 'minutes': '00', 'am_pm': 'AM', 'unix_timestamp': 1764633600000, 'iso_timestamp': '2025-12-02T00:00:00.000Z', 'timestamp': '12/02/2025 12:00 am', 'time': 0, 'time_formatted': '00:00', 'proper_unix_timestamp': 1764651600000, 'proper_iso_timestamp': '2025-12-02T05:00:00.000Z'}",12/02/2025 00:00,"{'date': '12/02/2025', 'date_formatted': '12/02/2025', 'hours': '12', 'minutes': '00', 'am_pm': 'AM', 'unix_timestamp': 1764633600000, 'iso_timestamp': '2025-12-02T00:00:00.000Z', 'timestamp': '12/02/2025 12:00 am', 'time': 0, 'time_formatted': '00:00', 'proper_unix_timestamp': 1764651600000, 'proper_iso_timestamp': '2025-12-02T05:00:00.000Z'}",,,,,,,,,0,0,$70.00,70,,,,,,,0.00,0,,,,,,,,,,,,,,,,,,,,,,,Yes,True
692e7288069ca22fda157fe8,"<span class=""692e72857e25f4f438f73968"" data-kn=""connection-value"">战术激光灯PEQ15红绿镭射指示器沃德森M300/M600手电双控鼠尾套装-淘宝网</span>","[{'id': '692e72857e25f4f438f73968', 'identifier': '战术激光灯PEQ15红绿镭射指示器沃德森M300/M600手电双控鼠尾套装-淘宝网'}]",Inactive,Inactive,黑色-全功能红激光+M300A+长亮双控鼠尾 含电池+充电器,黑色-全功能红激光+M300A+长亮双控鼠尾 含电池+充电器,,,,,,,Yes,True,16,16,12/02/2025 00:00,"{'date': '12/02/2025', 'date_formatted': '12/02/2025', 'hours': '12', 'minutes': '00', 'am_pm': 'AM', 'unix_timestamp': 1764633600000, 'iso_timestamp': '2025-12-02T00:00:00.000Z', 'timestamp': '12/02/2025 12:00 am', 'time': 0, 'time_formatted': '00:00', 'proper_unix_timestamp': 1764651600000, 'proper_iso_timestamp': '2025-12-02T05:00:00.000Z'}",12/02/2025 00:00,"{'date': '12/02/2025', 'date_formatted': '12/02/2025', 'hours': '12', 'minutes': '00', 'am_pm': 'AM', 'unix_timestamp': 1764633600000, 'iso_timestamp': '2025-12-02T00:00:00.000Z', 'timestamp': '12/02/2025 12:00 am', 'time': 0, 'time_formatted': '00:00', 'proper_unix_timestamp': 1764651600000, 'proper_iso_timestamp': '2025-12-02T05:00:00.000Z'}",,,,,,,,,0,0,$70.00,70,,,,,,,0.00,0,,,,,,,,,,,,,,,,,,,,,,,Yes,True
692e7288f419468df1dd3c4d,"<span class=""692e72857e25f4f438f73968"" data-kn=""connection-value"">战术激光灯PEQ15红绿镭射指示器沃德森M300/M600手电双控鼠尾套装-淘宝网</span>","[{'id': '692e72857e25f4f438f73968', 'identifier': '战术激光灯PEQ15红绿镭射指示器沃德森M300/M600手电双控鼠尾套装-淘宝网'}]",Inactive,Inactive,沙色-全功能绿激光+M600C+点亮鼠尾 含电池+充电器,沙色-全功能绿激光+M600C+点亮鼠尾 含电池+充电器,,,,,,,Yes,True,17,17,12/02/2025 00:00,"{'date': '12/02/2025', 'date_formatted': '12/02/2025', 'hours': '12', 'minutes': '00', 'am_pm': 'AM', 'unix_timestamp': 1764633600000, 'iso_timestamp': '2025-12-02T00:00:00.000Z', 'timestamp': '12/02/2025 12:00 am', 'time': 0, 'time_formatted': '00:00', 'proper_unix_timestamp': 1764651600000, 'proper_iso_timestamp': '2025-12-02T05:00:00.000Z'}",12/02/2025 00:00,"{'date': '12/02/2025', 'date_formatted': '12/02/2025', 'hours': '12', 'minutes': '00', 'am_pm': 'AM', 'unix_timestamp': 1764633600000, 'iso_timestamp': '2025-12-02T00:00:00.000Z', 'timestamp': '12/02/2025 12:00 am', 'time': 0, 'time_formatted': '00:00', 'proper_unix_timestamp': 1764651600000, 'proper_iso_timestamp': '2025-12-02T05:00:00.000Z'}",,,,,,,,,0,0,$70.00,70,,,,,,,0.00,0,,,,,,,,,,,,,,,,,,,,,,,Yes,True
692e7288ca52923e5b3412b2,"<span class=""692e72857e25f4f438f73968"" data-kn=""connection-value"">战术激光灯PEQ15红绿镭射指示器沃德森M300/M600手电双控鼠尾套装-淘宝网</span>","[{'id': '692e72857e25f4f438f73968', 'identifier': '战术激光灯PEQ15红绿镭射指示器沃德森M300/M600手电双控鼠尾套装-淘宝网'}]",Inactive,Inactive,黑色-全功能绿激光+M600C+点亮鼠尾 含电池+充电器,黑色-全功能绿激光+M600C+点亮鼠尾 含电池+充电器,,,,,,,Yes,True,18,18,12/02/2025 00:00,"{'date': '12/02/2025', 'date_formatted': '12/02/2025', 'hours': '12', 'minutes': '00', 'am_pm': 'AM', 'unix_timestamp': 1764633600000, 'iso_timestamp': '2025-12-02T00:00:00.000Z', 'timestamp': '12/02/2025 12:00 am', 'time': 0, 'time_formatted': '00:00', 'proper_unix_timestamp': 1764651600000, 'proper_iso_timestamp': '2025-12-02T05:00:00.000Z'}",12/02/2025 00:00,"{'date': '12/02/2025', 'date_formatted': '12/02/2025', 'hours': '12', 'minutes': '00', 'am_pm': 'AM', 'unix_timestamp': 1764633600000, 'iso_timestamp': '2025-12-02T00:00:00.000Z', 'timestamp': '12/02/2025 12:00 am', 'time': 0, 'time_formatted': '00:00', 'proper_unix_timestamp': 1764651600000, 'proper_iso_timestamp': '2025-12-02T05:00:00.000Z'}",,,,,,,,,0,0,$70.00,70,,,,,,,0.00,0,,,,,,,,,,,,,,,,,,,,,,,Yes,True
692e728817d38f6483a04e35,"<span class=""692e72857e25f4f438f73968"" data-kn=""connection-value"">战术激光灯PEQ15红绿镭射指示器沃德森M300/M600手电双控鼠尾套装-淘宝网</span>","[{'id': '692e72857e25f4f438f73968', 'identifier': '战术激光灯PEQ15红绿镭射指示器沃德森M300/M600手电双控鼠尾套装-淘宝网'}]",Inactive,Inactive,沙色-全功能绿激光+M300A+点亮鼠尾 含电池+充电器,沙色-全功能绿激光+M300A+点亮鼠尾 含电池+充电器,,,,,,,Yes,True,19,19,12/02/2025 00:00,"{'date': '12/02/2025', 'date_formatted': '12/02/2025', 'hours': '12', 'minutes': '00', 'am_pm': 'AM', 'unix_timestamp': 1764633600000, 'iso_timestamp': '2025-12-02T00:00:00.000Z', 'timestamp': '12/02/2025 12:00 am', 'time': 0, 'time_formatted': '00:00', 'proper_unix_timestamp': 1764651600000, 'proper_iso_timestamp': '2025-12-02T05:00:00.000Z'}",12/02/2025 00:00,"{'date': '12/02/2025', 'date_formatted': '12/02/2025', 'hours': '12', 'minutes': '00', 'am_pm': 'AM', 'unix_timestamp': 1764633600000, 'iso_timestamp': '2025-12-02T00:00:00.000Z', 'timestamp': '12/02/2025 12:00 am', 'time': 0, 'time_formatted': '00:00', 'proper_unix_timestamp': 1764651600000, 'proper_iso_timestamp': '2025-12-02T05:00:00.000Z'}",,,,,,,,,0,0,$70.00,70,,,,,,,0.00,0,,,,,,,,,,,,,,,,,,,,,,,Yes,True
692e72870bbc7142021d3912,"<span class=""692e72857e25f4f438f73968"" data-kn=""connection-value"">战术激光灯PEQ15红绿镭射指示器沃德森M300/M600手电双控鼠尾套装-淘宝网</span>","[{'id': '692e72857e25f4f438f73968', 'identifier': '战术激光灯PEQ15红绿镭射指示器沃德森M300/M600手电双控鼠尾套装-淘宝网'}]",Inactive,Inactive,黑色-全功能绿激光+M300A+点亮鼠尾 含电池+充电器,黑色-全功能绿激光+M300A+点亮鼠尾 含电池+充电器,,,,,,,Yes,True,20,20,12/02/2025 00:00,"{'date': '12/02/2025', 'date_formatted': '12/02/2025', 'hours': '12', 'minutes': '00', 'am_pm': 'AM', 'unix_timestamp': 1764633600000, 'iso_timestamp': '2025-12-02T00:00:00.000Z', 'timestamp': '12/02/2025 12:00 am', 'time': 0, 'time_formatted': '00:00', 'proper_unix_timestamp': 1764651600000, 'proper_iso_timestamp': '2025-12-02T05:00:00.000Z'}",12/02/2025 00:00,"{'date': '12/02/2025', 'date_formatted': '12/02/2025', 'hours': '12', 'minutes': '00', 'am_pm': 'AM', 'unix_timestamp': 1764633600000, 'iso_timestamp': '2025-12-02T00:00:00.000Z', 'timestamp': '12/02/2025 12:00 am', 'time': 0, 'time_formatted': '00:00', 'proper_unix_timestamp': 1764651600000, 'proper_iso_timestamp': '2025-12-02T05:00:00.000Z'}",,,,,,,,,0,0,$70.00,70,,,,,,,0.00,0,,,,,,,,,,,,,,,,,,,,,,,Yes,True
692e72875a2c1ae335086e9c,"<span class=""692e72857e25f4f438f73968"" data-kn=""connection-value"">战术激光灯PEQ15红绿镭射指示器沃德森M300/M600手电双控鼠尾套装-淘宝网</span>","[{'id': '692e72857e25f4f438f73968', 'identifier': '战术激光灯PEQ15红绿镭射指示器沃德森M300/M600手电双控鼠尾套装-淘宝网'}]",Inactive,Inactive,沙色-全功能红激光+M600C+点亮鼠尾 含电池+充电器,沙色-全功能红激光+M600C+点亮鼠尾 含电池+充电器,,,,,,,Yes,True,21,21,12/02/2025 00:00,"{'date': '12/02/2025', 'date_formatted': '12/02/2025', 'hours': '12', 'minutes': '00', 'am_pm': 'AM', 'unix_timestamp': 1764633600000, 'iso_timestamp': '2025-12-02T00:00:00.000Z', 'timestamp': '12/02/2025 12:00 am', 'time': 0, 'time_formatted': '00:00', 'proper_unix_timestamp': 1764651600000, 'proper_iso_timestamp': '2025-12-02T05:00:00.000Z'}",12/02/2025 00:00,"{'date': '12/02/2025', 'date_formatted': '12/02/2025', 'hours': '12', 'minutes': '00', 'am_pm': 'AM', 'unix_timestamp': 1764633600000, 'iso_timestamp': '2025-12-02T00:00:00.000Z', 'timestamp': '12/02/2025 12:00 am', 'time': 0, 'time_formatted': '00:00', 'proper_unix_timestamp': 1764651600000, 'proper_iso_timestamp': '2025-12-02T05:00:00.000Z'}",,,,,,,,,0,0,$70.00,70,,,,,,,0.00,0,,,,,,,,,,,,,,,,,,,,,,,Yes,True
692e7287fa364bcdfb6ef225,"<span class=""692e72857e25f4f438f73968"" data-kn=""connection-value"">战术激光灯PEQ15红绿镭射指示器沃德森M300/M600手电双控鼠尾套装-淘宝网</span>","[{'id': '692e72857e25f4f438f73968', 'identifier': '战术激光灯PEQ15红绿镭射指示器沃德森M300/M600手电双控鼠尾套装-淘宝网'}]",Inactive,Inactive,黑色-全功能红激光+M600C+点亮鼠尾 含电池+充电器,黑色-全功能红激光+M600C+点亮鼠尾 含电池+充电器,,,,,,,Yes,True,22,22,12/02/2025 00:00,"{'date': '12/02/2025', 'date_formatted': '12/02/2025', 'hours': '12', 'minutes': '00', 'am_pm': 'AM', 'unix_timestamp': 1764633600000, 'iso_timestamp': '2025-12-02T00:00:00.000Z', 'timestamp': '12/02/2025 12:00 am', 'time': 0, 'time_formatted': '00:00', 'proper_unix_timestamp': 1764651600000, 'proper_iso_timestamp': '2025-12-02T05:00:00.000Z'}",12/02/2025 00:00,"{'date': '12/02/2025', 'date_formatted': '12/02/2025', 'hours': '12', 'minutes': '00', 'am_pm': 'AM', 'unix_timestamp': 1764633600000, 'iso_timestamp': '2025-12-02T00:00:00.000Z', 'timestamp': '12/02/2025 12:00 am', 'time': 0, 'time_formatted': '00:00', 'proper_unix_timestamp': 1764651600000, 'proper_iso_timestamp': '2025-12-02T05:00:00.000Z'}",,,,,,,,,0,0,$70.00,70,,,,,,,0.00,0,,,,,,,,,,,,,,,,,,,,,,,Yes,True
692e728706854af464978c27,"<span class=""692e72857e25f4f438f73968"" data-kn=""connection-value"">战术激光灯PEQ15红绿镭射指示器沃德森M300/M600手电双控鼠尾套装-淘宝网</span>","[{'id': '692e72857e25f4f438f73968', 'identifier': '战术激光灯PEQ15红绿镭射指示器沃德森M300/M600手电双控鼠尾套装-淘宝网'}]",Inactive,Inactive,沙色-全功能红激光+M300A+点亮鼠尾 含电池+充电器,沙色-全功能红激光+M300A+点亮鼠尾 含电池+充电器,,,,,,,Yes,True,23,23,12/02/2025 00:00,"{'date': '12/02/2025', 'date_formatted': '12/02/2025', 'hours': '12', 'minutes': '00', 'am_pm': 'AM', 'unix_timestamp': 1764633600000, 'iso_timestamp': '2025-12-02T00:00:00.000Z', 'timestamp': '12/02/2025 12:00 am', 'time': 0, 'time_formatted': '00:00', 'proper_unix_timestamp': 1764651600000, 'proper_iso_timestamp': '2025-12-02T05:00:00.000Z'}",12/02/2025 00:00,"{'date': '12/02/2025', 'date_formatted': '12/02/2025', 'hours': '12', 'minutes': '00', 'am_pm': 'AM', 'unix_timestamp': 1764633600000, 'iso_timestamp': '2025-12-02T00:00:00.000Z', 'timestamp': '12/02/2025 12:00 am', 'time': 0, 'time_formatted': '00:00', 'proper_unix_timestamp': 1764651600000, 'proper_iso_timestamp': '2025-12-02T05:00:00.000Z'}",,,,,,,,,0,0,$70.00,70,,,,,,,0.00,0,,,,,,,,,,,,,,,,,,,,,,,Yes,True
692e7286fa364bcdfb6ef1b8,"<span class=""692e72857e25f4f438f73968"" data-kn=""connection-value"">战术激光灯PEQ15红绿镭射指示器沃德森M300/M600手电双控鼠尾套装-淘宝网</span>","[{'id': '692e72857e25f4f438f73968', 'identifier': '战术激光灯PEQ15红绿镭射指示器沃德森M300/M600手电双控鼠尾套装-淘宝网'}]",Inactive,Inactive,黑色-全功能红激光+M300A+点亮鼠尾 含电池+充电器,黑色-全功能红激光+M300A+点亮鼠尾 含电池+充电器,,,,,,,Yes,True,24,24,12/02/2025 00:00,"{'date': '12/02/2025', 'date_formatted': '12/02/2025', 'hours': '12', 'minutes': '00', 'am_pm': 'AM', 'unix_timestamp': 1764633600000, 'iso_timestamp': '2025-12-02T00:00:00.000Z', 'timestamp': '12/02/2025 12:00 am', 'time': 0, 'time_formatted': '00:00', 'proper_unix_timestamp': 1764651600000, 'proper_iso_timestamp': '2025-12-02T05:00:00.000Z'}",12/02/2025 00:00,"{'date': '12/02/2025', 'date_formatted': '12/02/2025', 'hours': '12', 'minutes': '00', 'am_pm': 'AM', 'unix_timestamp': 1764633600000, 'iso_timestamp': '2025-12-02T00:00:00.000Z', 'timestamp': '12/02/2025 12:00 am', 'time': 0, 'time_formatted': '00:00', 'proper_unix_timestamp': 1764651600000, 'proper_iso_timestamp': '2025-12-02T05:00:00.000Z'}",,,,,,,,,0,0,$70.00,70,,,,,,,0.00,0,,,,,,,,,,,,,,,,,,,,,,,Yes,True
692e72840bbc7142021d0c8b,"<span class=""692e728045a61c7d1f2dfbee"" data-kn=""connection-value"">户外多功能腋下通用尼龙战术配件背带快拆肩带挂绳单点式斜跨挂带-淘宝网</span>","[{'id': '692e728045a61c7d1f2dfbee', 'identifier': '户外多功能腋下通用尼龙战术配件背带快拆肩带挂绳单点式斜跨挂带-淘宝网'}]",Inactive,Inactive,废墟绿迷彩+肩带,废墟绿迷彩+肩带,,,,,,,Yes,True,1,1,12/02/2025 00:00,"{'date': '12/02/2025', 'date_formatted': '12/02/2025', 'hours': '12', 'minutes': '00', 'am_pm': 'AM', 'unix_timestamp': 1764633600000, 'iso_timestamp': '2025-12-02T00:00:00.000Z', 'timestamp': '12/02/2025 12:00 am', 'time': 0, 'time_formatted': '00:00', 'proper_unix_timestamp': 1764651600000, 'proper_iso_timestamp': '2025-12-02T05:00:00.000Z'}",12/02/2025 00:00,"{'date': '12/02/2025', 'date_formatted': '12/02/2025', 'hours': '12', 'minutes': '00', 'am_pm': 'AM', 'unix_timestamp': 1764633600000, 'iso_timestamp': '2025-12-02T00:00:00.000Z', 'timestamp': '12/02/2025 12:00 am', 'time': 0, 'time_formatted': '00:00', 'proper_unix_timestamp': 1764651600000, 'proper_iso_timestamp': '2025-12-02T05:00:00.000Z'}",,,,,,,,,0,0,$70.00,70,,,,,,,0.00,0,,,,,,,,,,,,,,,,,,,,,,,Yes,True
692e7284069ca22fda1560db,"<span class=""692e728045a61c7d1f2dfbee"" data-kn=""connection-value"">户外多功能腋下通用尼龙战术配件背带快拆肩带挂绳单点式斜跨挂带-淘宝网</span>","[{'id': '692e728045a61c7d1f2dfbee', 'identifier': '户外多功能腋下通用尼龙战术配件背带快拆肩带挂绳单点式斜跨挂带-淘宝网'}]",Inactive,Inactive,CP迷彩+肩带,CP迷彩+肩带,,,,,,,Yes,True,2,2,12/02/2025 00:00,"{'date': '12/02/2025', 'date_formatted': '12/02/2025', 'hours': '12', 'minutes': '00', 'am_pm': 'AM', 'unix_timestamp': 1764633600000, 'iso_timestamp': '2025-12-02T00:00:00.000Z', 'timestamp': '12/02/2025 12:00 am', 'time': 0, 'time_formatted': '00:00', 'proper_unix_timestamp': 1764651600000, 'proper_iso_timestamp': '2025-12-02T05:00:00.000Z'}",12/02/2025 00:00,"{'date': '12/02/2025', 'date_formatted': '12/02/2025', 'hours': '12', 'minutes': '00', 'am_pm': 'AM', 'unix_timestamp': 1764633600000, 'iso_timestamp': '2025-12-02T00:00:00.000Z', 'timestamp': '12/02/2025 12:00 am', 'time': 0, 'time_formatted': '00:00', 'proper_unix_timestamp': 1764651600000, 'proper_iso_timestamp': '2025-12-02T05:00:00.000Z'}",,,,,,,,,0,0,$70.00,70,,,,,,,0.00,0,,,,,,,,,,,,,,,,,,,,,,,Yes,True
692e728452032e7f96779d3d,"<span class=""692e728045a61c7d1f2dfbee"" data-kn=""connection-value"">户外多功能腋下通用尼龙战术配件背带快拆肩带挂绳单点式斜跨挂带-淘宝网</span>","[{'id': '692e728045a61c7d1f2dfbee', 'identifier': '户外多功能腋下通用尼龙战术配件背带快拆肩带挂绳单点式斜跨挂带-淘宝网'}]",Inactive,Inactive,卡其+肩带,卡其+肩带,,,,,,,Yes,True,3,3,12/02/2025 00:00,"{'date': '12/02/2025', 'date_formatted': '12/02/2025', 'hours': '12', 'minutes': '00', 'am_pm': 'AM', 'unix_timestamp': 1764633600000, 'iso_timestamp': '2025-12-02T00:00:00.000Z', 'timestamp': '12/02/2025 12:00 am', 'time': 0, 'time_formatted': '00:00', 'proper_unix_timestamp': 1764651600000, 'proper_iso_timestamp': '2025-12-02T05:00:00.000Z'}",12/02/2025 00:00,"{'date': '12/02/2025', 'date_formatted': '12/02/2025', 'hours': '12', 'minutes': '00', 'am_pm': 'AM', 'unix_timestamp': 1764633600000, 'iso_timestamp': '2025-12-02T00:00:00.000Z', 'timestamp': '12/02/2025 12:00 am', 'time': 0, 'time_formatted': '00:00', 'proper_unix_timestamp': 1764651600000, 'proper_iso_timestamp': '2025-12-02T05:00:00.000Z'}",,,,,,,,,0,0,$70.00,70,,,,,,,0.00,0,,,,,,,,,,,,,,,,,,,,,,,Yes,True
692e7284206a976348119bf4,"<span class=""692e728045a61c7d1f2dfbee"" data-kn=""connection-value"">户外多功能腋下通用尼龙战术配件背带快拆肩带挂绳单点式斜跨挂带-淘宝网</span>","[{'id': '692e728045a61c7d1f2dfbee', 'identifier': '户外多功能腋下通用尼龙战术配件背带快拆肩带挂绳单点式斜跨挂带-淘宝网'}]",Inactive,Inactive,军绿+肩带,军绿+肩带,,,,,,,Yes,True,4,4,12/02/2025 00:00,"{'date': '12/02/2025', 'date_formatted': '12/02/2025', 'hours': '12', 'minutes': '00', 'am_pm': 'AM', 'unix_timestamp': 1764633600000, 'iso_timestamp': '2025-12-02T00:00:00.000Z', 'timestamp': '12/02/2025 12:00 am', 'time': 0, 'time_formatted': '00:00', 'proper_unix_timestamp': 1764651600000, 'proper_iso_timestamp': '2025-12-02T05:00:00.000Z'}",12/02/2025 00:00,"{'date': '12/02/2025', 'date_formatted': '12/02/2025', 'hours': '12', 'minutes': '00', 'am_pm': 'AM', 'unix_timestamp': 1764633600000, 'iso_timestamp': '2025-12-02T00:00:00.000Z', 'timestamp': '12/02/2025 12:00 am', 'time': 0, 'time_formatted': '00:00', 'proper_unix_timestamp': 1764651600000, 'proper_iso_timestamp': '2025-12-02T05:00:00.000Z'}",,,,,,,,,0,0,$70.00,70,,,,,,,0.00,0,,,,,,,,,,,,,,,,,,,,,,,Yes,True
692e7283a67c9b901d586e06,"<span class=""692e728045a61c7d1f2dfbee"" data-kn=""connection-value"">户外多功能腋下通用尼龙战术配件背带快拆肩带挂绳单点式斜跨挂带-淘宝网</span>","[{'id': '692e728045a61c7d1f2dfbee', 'identifier': '户外多功能腋下通用尼龙战术配件背带快拆肩带挂绳单点式斜跨挂带-淘宝网'}]",Inactive,Inactive,黑色+肩带,黑色+肩带,,,,,,,Yes,True,5,5,12/02/2025 00:00,"{'date': '12/02/2025', 'date_formatted': '12/02/2025', 'hours': '12', 'minutes': '00', 'am_pm': 'AM', 'unix_timestamp': 1764633600000, 'iso_timestamp': '2025-12-02T00:00:00.000Z', 'timestamp': '12/02/2025 12:00 am', 'time': 0, 'time_formatted': '00:00', 'proper_unix_timestamp': 1764651600000, 'proper_iso_timestamp': '2025-12-02T05:00:00.000Z'}",12/02/2025 00:00,"{'date': '12/02/2025', 'date_formatted': '12/02/2025', 'hours': '12', 'minutes': '00', 'am_pm': 'AM', 'unix_timestamp': 1764633600000, 'iso_timestamp': '2025-12-02T00:00:00.000Z', 'timestamp': '12/02/2025 12:00 am', 'time': 0, 'time_formatted': '00:00', 'proper_unix_timestamp': 1764651600000, 'proper_iso_timestamp': '2025-12-02T05:00:00.000Z'}",,,,,,,,,0,0,$70.00,70,,,,,,,0.00,0,,,,,,,,,,,,,,,,,,,,,,,Yes,True
692e728345a61c7d1f2e134c,"<span class=""692e728045a61c7d1f2dfbee"" data-kn=""connection-value"">户外多功能腋下通用尼龙战术配件背带快拆肩带挂绳单点式斜跨挂带-淘宝网</span>","[{'id': '692e728045a61c7d1f2dfbee', 'identifier': '户外多功能腋下通用尼龙战术配件背带快拆肩带挂绳单点式斜跨挂带-淘宝网'}]",Inactive,Inactive,废墟迷彩,废墟迷彩,,,,,,,Yes,True,6,6,12/02/2025 00:00,"{'date': '12/02/2025', 'date_formatted': '12/02/2025', 'hours': '12', 'minutes': '00', 'am_pm': 'AM', 'unix_timestamp': 1764633600000, 'iso_timestamp': '2025-12-02T00:00:00.000Z', 'timestamp': '12/02/2025 12:00 am', 'time': 0, 'time_formatted': '00:00', 'proper_unix_timestamp': 1764651600000, 'proper_iso_timestamp': '2025-12-02T05:00:00.000Z'}",12/02/2025 00:00,"{'date': '12/02/2025', 'date_formatted': '12/02/2025', 'hours': '12', 'minutes': '00', 'am_pm': 'AM', 'unix_timestamp': 1764633600000, 'iso_timestamp': '2025-12-02T00:00:00.000Z', 'timestamp': '12/02/2025 12:00 am', 'time': 0, 'time_formatted': '00:00', 'proper_unix_timestamp': 1764651600000, 'proper_iso_timestamp': '2025-12-02T05:00:00.000Z'}",,,,,,,,,0,0,$70.00,70,,,,,,,0.00,0,,,,,,,,,,,,,,,,,,,,,,,Yes,True
692e728306854af464971f76,"<span class=""692e728045a61c7d1f2dfbee"" data-kn=""connection-value"">户外多功能腋下通用尼龙战术配件背带快拆肩带挂绳单点式斜跨挂带-淘宝网</span>","[{'id': '692e728045a61c7d1f2dfbee', 'identifier': '户外多功能腋下通用尼龙战术配件背带快拆肩带挂绳单点式斜跨挂带-淘宝网'}]",Inactive,Inactive,迷彩CP,迷彩CP,,,,,,,Yes,True,7,7,12/02/2025 00:00,"{'date': '12/02/2025', 'date_formatted': '12/02/2025', 'hours': '12', 'minutes': '00', 'am_pm': 'AM', 'unix_timestamp': 1764633600000, 'iso_timestamp': '2025-12-02T00:00:00.000Z', 'timestamp': '12/02/2025 12:00 am', 'time': 0, 'time_formatted': '00:00', 'proper_unix_timestamp': 1764651600000, 'proper_iso_timestamp': '2025-12-02T05:00:00.000Z'}",12/02/2025 00:00,"{'date': '12/02/2025', 'date_formatted': '12/02/2025', 'hours': '12', 'minutes': '00', 'am_pm': 'AM', 'unix_timestamp': 1764633600000, 'iso_timestamp': '2025-12-02T00:00:00.000Z', 'timestamp': '12/02/2025 12:00 am', 'time': 0, 'time_formatted': '00:00', 'proper_unix_timestamp': 1764651600000, 'proper_iso_timestamp': '2025-12-02T05:00:00.000Z'}",,,,,,,,,0,0,$70.00,70,,,,,,,0.00,0,,,,,,,,,,,,,,,,,,,,,,,Yes,True
692e728306854af464971ed3,"<span class=""692e728045a61c7d1f2dfbee"" data-kn=""connection-value"">户外多功能腋下通用尼龙战术配件背带快拆肩带挂绳单点式斜跨挂带-淘宝网</span>","[{'id': '692e728045a61c7d1f2dfbee', 'identifier': '户外多功能腋下通用尼龙战术配件背带快拆肩带挂绳单点式斜跨挂带-淘宝网'}]",Inactive,Inactive,卡其,卡其,,,,,,,Yes,True,8,8,12/02/2025 00:00,"{'date': '12/02/2025', 'date_formatted': '12/02/2025', 'hours': '12', 'minutes': '00', 'am_pm': 'AM', 'unix_timestamp': 1764633600000, 'iso_timestamp': '2025-12-02T00:00:00.000Z', 'timestamp': '12/02/2025 12:00 am', 'time': 0, 'time_formatted': '00:00', 'proper_unix_timestamp': 1764651600000, 'proper_iso_timestamp': '2025-12-02T05:00:00.000Z'}",12/02/2025 00:00,"{'date': '12/02/2025', 'date_formatted': '12/02/2025', 'hours': '12', 'minutes': '00', 'am_pm': 'AM', 'unix_timestamp': 1764633600000, 'iso_timestamp': '2025-12-02T00:00:00.000Z', 'timestamp': '12/02/2025 12:00 am', 'time': 0, 'time_formatted': '00:00', 'proper_unix_timestamp': 1764651600000, 'proper_iso_timestamp': '2025-12-02T05:00:00.000Z'}",,,,,,,,,0,0,$70.00,70,,,,,,,0.00,0,,,,,,,,,,,,,,,,,,,,,,,Yes,True
692e72827e25f4f438f6fbe6,"<span class=""692e728045a61c7d1f2dfbee"" data-kn=""connection-value"">户外多功能腋下通用尼龙战术配件背带快拆肩带挂绳单点式斜跨挂带-淘宝网</span>","[{'id': '692e728045a61c7d1f2dfbee', 'identifier': '户外多功能腋下通用尼龙战术配件背带快拆肩带挂绳单点式斜跨挂带-淘宝网'}]",Inactive,Inactive,军绿,军绿,,,,,,,Yes,True,9,9,12/02/2025 00:00,"{'date': '12/02/2025', 'date_formatted': '12/02/2025', 'hours': '12', 'minutes': '00', 'am_pm': 'AM', 'unix_timestamp': 1764633600000, 'iso_timestamp': '2025-12-02T00:00:00.000Z', 'timestamp': '12/02/2025 12:00 am', 'time': 0, 'time_formatted': '00:00', 'proper_unix_timestamp': 1764651600000, 'proper_iso_timestamp': '2025-12-02T05:00:00.000Z'}",12/02/2025 00:00,"{'date': '12/02/2025', 'date_formatted': '12/02/2025', 'hours': '12', 'minutes': '00', 'am_pm': 'AM', 'unix_timestamp': 1764633600000, 'iso_timestamp': '2025-12-02T00:00:00.000Z', 'timestamp': '12/02/2025 12:00 am', 'time': 0, 'time_formatted': '00:00', 'proper_unix_timestamp': 1764651600000, 'proper_iso_timestamp': '2025-12-02T05:00:00.000Z'}",,,,,,,,,0,0,$70.00,70,,,,,,,0.00,0,,,,,,,,,,,,,,,,,,,,,,,Yes,True
692e7281a67c9b901d584fb2,"<span class=""692e728045a61c7d1f2dfbee"" data-kn=""connection-value"">户外多功能腋下通用尼龙战术配件背带快拆肩带挂绳单点式斜跨挂带-淘宝网</span>","[{'id': '692e728045a61c7d1f2dfbee', 'identifier': '户外多功能腋下通用尼龙战术配件背带快拆肩带挂绳单点式斜跨挂带-淘宝网'}]",Inactive,Inactive,黑色,黑色,,,,,,,Yes,True,10,10,12/02/2025 00:00,"{'date': '12/02/2025', 'date_formatted': '12/02/2025', 'hours': '12', 'minutes': '00', 'am_pm': 'AM', 'unix_timestamp': 1764633600000, 'iso_timestamp': '2025-12-02T00:00:00.000Z', 'timestamp': '12/02/2025 12:00 am', 'time': 0, 'time_formatted': '00:00', 'proper_unix_timestamp': 1764651600000, 'proper_iso_timestamp': '2025-12-02T05:00:00.000Z'}",12/02/2025 00:00,"{'date': '12/02/2025', 'date_formatted': '12/02/2025', 'hours': '12', 'minutes': '00', 'am_pm': 'AM', 'unix_timestamp': 1764633600000, 'iso_timestamp': '2025-12-02T00:00:00.000Z', 'timestamp': '12/02/2025 12:00 am', 'time': 0, 'time_formatted': '00:00', 'proper_unix_timestamp': 1764651600000, 'proper_iso_timestamp': '2025-12-02T05:00:00.000Z'}",,,,,,,,,0,0,$70.00,70,,,,,,,0.00,0,,,,,,,,,,,,,,,,,,,,,,,Yes,True
692e7281a67c9b901d584f45,"<span class=""692e728045a61c7d1f2dfbee"" data-kn=""connection-value"">户外多功能腋下通用尼龙战术配件背带快拆肩带挂绳单点式斜跨挂带-淘宝网</span>","[{'id': '692e728045a61c7d1f2dfbee', 'identifier': '户外多功能腋下通用尼龙战术配件背带快拆肩带挂绳单点式斜跨挂带-淘宝网'}]",Inactive,Inactive,均码,均码,,,,,,,Yes,True,11,11,12/02/2025 00:00,"{'date': '12/02/2025', 'date_formatted': '12/02/2025', 'hours': '12', 'minutes': '00', 'am_pm': 'AM', 'unix_timestamp': 1764633600000, 'iso_timestamp': '2025-12-02T00:00:00.000Z', 'timestamp': '12/02/2025 12:00 am', 'time': 0, 'time_formatted': '00:00', 'proper_unix_timestamp': 1764651600000, 'proper_iso_timestamp': '2025-12-02T05:00:00.000Z'}",12/02/2025 00:00,"{'date': '12/02/2025', 'date_formatted': '12/02/2025', 'hours': '12', 'minutes': '00', 'am_pm': 'AM', 'unix_timestamp': 1764633600000, 'iso_timestamp': '2025-12-02T00:00:00.000Z', 'timestamp': '12/02/2025 12:00 am', 'time': 0, 'time_formatted': '00:00', 'proper_unix_timestamp': 1764651600000, 'proper_iso_timestamp': '2025-12-02T05:00:00.000Z'}",,,,,,,,,0,0,$70.00,70,,,,,,,0.00,0,,,,,,,,,,,,,,,,,,,,,,,Yes,True
692e727ffa364bcdfb6e9024,"<span class=""692e727df419468df1dc7eaa"" data-kn=""connection-value"">MAG内置弹夹袋快拔固定板工具附件包战术背心5.56/7.62硬质内衬板-淘宝网</span>","[{'id': '692e727df419468df1dc7eaa', 'identifier': 'MAG内置弹夹袋快拔固定板工具附件包战术背心5.56/7.62硬质内衬板-淘宝网'}]",Active,Active,Black BK Velcro,Black BK Velcro,,,,,,,Yes,True,1,1,12/02/2025 00:00,"{'date': '12/02/2025', 'date_formatted': '12/02/2025', 'hours': '12', 'minutes': '00', 'am_pm': 'AM', 'unix_timestamp': 1764633600000, 'iso_timestamp': '2025-12-02T00:00:00.000Z', 'timestamp': '12/02/2025 12:00 am', 'time': 0, 'time_formatted': '00:00', 'proper_unix_timestamp': 1764651600000, 'proper_iso_timestamp': '2025-12-02T05:00:00.000Z'}",12/02/2025 00:00,"{'date': '12/02/2025', 'date_formatted': '12/02/2025', 'hours': '12', 'minutes': '00', 'am_pm': 'AM', 'unix_timestamp': 1764633600000, 'iso_timestamp': '2025-12-02T00:00:00.000Z', 'timestamp': '12/02/2025 12:00 am', 'time': 0, 'time_formatted': '00:00', 'proper_unix_timestamp': 1764651600000, 'proper_iso_timestamp': '2025-12-02T05:00:00.000Z'}",Color,Color,Black,Black,Style,Style,Velcro,Velcro,10,9.9,$38.00,38,,,18,$18,http://airsoftdepot.ca/store/index.php?cPath=23_59_303,http://airsoftdepot.ca/store/index.php?cPath=23_59_303,15.30,15.3,9.6,10,27.30,27.3,9.30,9.3,No,False,,,Yes,True,15,$15.00,6,$6,50,50.00,$30.00,30,,,Yes,True
692e727f45a61c7d1f2dfb7e,"<span class=""692e727df419468df1dc7eaa"" data-kn=""connection-value"">MAG内置弹夹袋快拔固定板工具附件包战术背心5.56/7.62硬质内衬板-淘宝网</span>","[{'id': '692e727df419468df1dc7eaa', 'identifier': 'MAG内置弹夹袋快拔固定板工具附件包战术背心5.56/7.62硬质内衬板-淘宝网'}]",Active,Active,Black BK Standard,Black BK Standard,,,,,,,Yes,True,2,2,12/02/2025 00:00,"{'date': '12/02/2025', 'date_formatted': '12/02/2025', 'hours': '12', 'minutes': '00', 'am_pm': 'AM', 'unix_timestamp': 1764633600000, 'iso_timestamp': '2025-12-02T00:00:00.000Z', 'timestamp': '12/02/2025 12:00 am', 'time': 0, 'time_formatted': '00:00', 'proper_unix_timestamp': 1764651600000, 'proper_iso_timestamp': '2025-12-02T05:00:00.000Z'}",12/02/2025 00:00,"{'date': '12/02/2025', 'date_formatted': '12/02/2025', 'hours': '12', 'minutes': '00', 'am_pm': 'AM', 'unix_timestamp': 1764633600000, 'iso_timestamp': '2025-12-02T00:00:00.000Z', 'timestamp': '12/02/2025 12:00 am', 'time': 0, 'time_formatted': '00:00', 'proper_unix_timestamp': 1764651600000, 'proper_iso_timestamp': '2025-12-02T05:00:00.000Z'}",Color,Color,Black,Black,Style,Style,Standard,Standard,10,9.9,$38.00,38,,,18,$18,http://airsoftdepot.ca/store/index.php?cPath=23_59_303,http://airsoftdepot.ca/store/index.php?cPath=23_59_303,15.30,15.3,9.6,10,27.30,27.3,9.30,9.3,No,False,,,Yes,True,15,$15.00,6,$6,50,50.00,$30.00,30,,,Yes,True
692e727cf0922057c407f6cc,"<span class=""692e7275fa364bcdfb6d8da6"" data-kn=""connection-value"">ARSON MACHINE电筒PEQ鼠尾开关金属卡槽导轨固定器线夹铝制导线-淘宝网</span>","[{'id': '692e7275fa364bcdfb6d8da6', 'identifier': 'ARSON MACHINE电筒PEQ鼠尾开关金属卡槽导轨固定器线夹铝制导线-淘宝网'}]",Unprofitable,Unprofitable,20MM Rail Cable Organizer Mixed Color 5 Pieces,20MM Rail Cable Organizer Mixed Color 5 Pieces,,,,,,,Yes,True,1,1,12/02/2025 00:00,"{'date': '12/02/2025', 'date_formatted': '12/02/2025', 'hours': '12', 'minutes': '00', 'am_pm': 'AM', 'unix_timestamp': 1764633600000, 'iso_timestamp': '2025-12-02T00:00:00.000Z', 'timestamp': '12/02/2025 12:00 am', 'time': 0, 'time_formatted': '00:00', 'proper_unix_timestamp': 1764651600000, 'proper_iso_timestamp': '2025-12-02T05:00:00.000Z'}",12/02/2025 00:00,"{'date': '12/02/2025', 'date_formatted': '12/02/2025', 'hours': '12', 'minutes': '00', 'am_pm': 'AM', 'unix_timestamp': 1764633600000, 'iso_timestamp': '2025-12-02T00:00:00.000Z', 'timestamp': '12/02/2025 12:00 am', 'time': 0, 'time_formatted': '00:00', 'proper_unix_timestamp': 1764651600000, 'proper_iso_timestamp': '2025-12-02T05:00:00.000Z'}",Color,Color,Mixed Color,Mixed Color,Size,Size,5 Pieces,5 Pieces,40,40,$38.00,38,,,14.95,$15,http://airsoftdepot.ca/store/index.php?cPath=40,http://airsoftdepot.ca/store/index.php?cPath=40,12.75,12.75,15.6,16,-32.40,-32.4,-50.40,-50.4,Yes,True,,,,,,,,,,,,,,,Yes,True
692e727c7e25f4f438f67d4c,"<span class=""692e7275fa364bcdfb6d8da6"" data-kn=""connection-value"">ARSON MACHINE电筒PEQ鼠尾开关金属卡槽导轨固定器线夹铝制导线-淘宝网</span>","[{'id': '692e7275fa364bcdfb6d8da6', 'identifier': 'ARSON MACHINE电筒PEQ鼠尾开关金属卡槽导轨固定器线夹铝制导线-淘宝网'}]",Unprofitable,Unprofitable,20MM Rail Cable Organizer Green 3 Pieces,20MM Rail Cable Organizer Green 3 Pieces,,,,,,,Yes,True,2,2,12/02/2025 00:00,"{'date': '12/02/2025', 'date_formatted': '12/02/2025', 'hours': '12', 'minutes': '00', 'am_pm': 'AM', 'unix_timestamp': 1764633600000, 'iso_timestamp': '2025-12-02T00:00:00.000Z', 'timestamp': '12/02/2025 12:00 am', 'time': 0, 'time_formatted': '00:00', 'proper_unix_timestamp': 1764651600000, 'proper_iso_timestamp': '2025-12-02T05:00:00.000Z'}",12/02/2025 00:00,"{'date': '12/02/2025', 'date_formatted': '12/02/2025', 'hours': '12', 'minutes': '00', 'am_pm': 'AM', 'unix_timestamp': 1764633600000, 'iso_timestamp': '2025-12-02T00:00:00.000Z', 'timestamp': '12/02/2025 12:00 am', 'time': 0, 'time_formatted': '00:00', 'proper_unix_timestamp': 1764651600000, 'proper_iso_timestamp': '2025-12-02T05:00:00.000Z'}",Color,Color,Green,Green,Size,Size,3 Pieces,3 Pieces,25,25,$38.00,38,,,14.95,$15,http://airsoftdepot.ca/store/index.php?cPath=40,http://airsoftdepot.ca/store/index.php?cPath=40,12.75,12.75,12.6,13,-8.80,-8.8,-26.80,-26.8,Yes,True,,,,,,,,,,,,,,,Yes,True
692e727c17d38f64839f7ddc,"<span class=""692e7275fa364bcdfb6d8da6"" data-kn=""connection-value"">ARSON MACHINE电筒PEQ鼠尾开关金属卡槽导轨固定器线夹铝制导线-淘宝网</span>","[{'id': '692e7275fa364bcdfb6d8da6', 'identifier': 'ARSON MACHINE电筒PEQ鼠尾开关金属卡槽导轨固定器线夹铝制导线-淘宝网'}]",Unprofitable,Unprofitable,20MM Rail Cable Organizer Blue 3 Pieces,20MM Rail Cable Organizer Blue 3 Pieces,,,,,,,Yes,True,3,3,12/02/2025 00:00,"{'date': '12/02/2025', 'date_formatted': '12/02/2025', 'hours': '12', 'minutes': '00', 'am_pm': 'AM', 'unix_timestamp': 1764633600000, 'iso_timestamp': '2025-12-02T00:00:00.000Z', 'timestamp': '12/02/2025 12:00 am', 'time': 0, 'time_formatted': '00:00', 'proper_unix_timestamp': 1764651600000, 'proper_iso_timestamp': '2025-12-02T05:00:00.000Z'}",12/02/2025 00:00,"{'date': '12/02/2025', 'date_formatted': '12/02/2025', 'hours': '12', 'minutes': '00', 'am_pm': 'AM', 'unix_timestamp': 1764633600000, 'iso_timestamp': '2025-12-02T00:00:00.000Z', 'timestamp': '12/02/2025 12:00 am', 'time': 0, 'time_formatted': '00:00', 'proper_unix_timestamp': 1764651600000, 'proper_iso_timestamp': '2025-12-02T05:00:00.000Z'}",Color,Color,Blue,Blue,Size,Size,3 Pieces,3 Pieces,25,25,$38.00,38,,,14.95,$15,http://airsoftdepot.ca/store/index.php?cPath=40,http://airsoftdepot.ca/store/index.php?cPath=40,12.75,12.75,12.6,13,-8.80,-8.8,-26.80,-26.8,Yes,True,,,,,,,,,,,,,,,Yes,True
692e727b0bbc7142021c7761,"<span class=""692e7275fa364bcdfb6d8da6"" data-kn=""connection-value"">ARSON MACHINE电筒PEQ鼠尾开关金属卡槽导轨固定器线夹铝制导线-淘宝网</span>","[{'id': '692e7275fa364bcdfb6d8da6', 'identifier': 'ARSON MACHINE电筒PEQ鼠尾开关金属卡槽导轨固定器线夹铝制导线-淘宝网'}]",Unprofitable,Unprofitable,20MM Rail Cable Organizer Red 3 Pieces,20MM Rail Cable Organizer Red 3 Pieces,,,,,,,Yes,True,4,4,12/02/2025 00:00,"{'date': '12/02/2025', 'date_formatted': '12/02/2025', 'hours': '12', 'minutes': '00', 'am_pm': 'AM', 'unix_timestamp': 1764633600000, 'iso_timestamp': '2025-12-02T00:00:00.000Z', 'timestamp': '12/02/2025 12:00 am', 'time': 0, 'time_formatted': '00:00', 'proper_unix_timestamp': 1764651600000, 'proper_iso_timestamp': '2025-12-02T05:00:00.000Z'}",12/02/2025 00:00,"{'date': '12/02/2025', 'date_formatted': '12/02/2025', 'hours': '12', 'minutes': '00', 'am_pm': 'AM', 'unix_timestamp': 1764633600000, 'iso_timestamp': '2025-12-02T00:00:00.000Z', 'timestamp': '12/02/2025 12:00 am', 'time': 0, 'time_formatted': '00:00', 'proper_unix_timestamp': 1764651600000, 'proper_iso_timestamp': '2025-12-02T05:00:00.000Z'}",Color,Color,Red,Red,Size,Size,3 Pieces,3 Pieces,25,25,$38.00,38,,,14.95,$15,http://airsoftdepot.ca/store/index.php?cPath=40,http://airsoftdepot.ca/store/index.php?cPath=40,12.75,12.75,12.6,13,-8.80,-8.8,-26.80,-26.8,Yes,True,,,,,,,,,,,,,,,Yes,True
692e727b09e839f3a725b21b,"<span class=""692e7275fa364bcdfb6d8da6"" data-kn=""connection-value"">ARSON MACHINE电筒PEQ鼠尾开关金属卡槽导轨固定器线夹铝制导线-淘宝网</span>","[{'id': '692e7275fa364bcdfb6d8da6', 'identifier': 'ARSON MACHINE电筒PEQ鼠尾开关金属卡槽导轨固定器线夹铝制导线-淘宝网'}]",Unprofitable,Unprofitable,20MM Rail Cable Organizer Sand 3 Pieces,20MM Rail Cable Organizer Sand 3 Pieces,,,,,,,Yes,True,5,5,12/02/2025 00:00,"{'date': '12/02/2025', 'date_formatted': '12/02/2025', 'hours': '12', 'minutes': '00', 'am_pm': 'AM', 'unix_timestamp': 1764633600000, 'iso_timestamp': '2025-12-02T00:00:00.000Z', 'timestamp': '12/02/2025 12:00 am', 'time': 0, 'time_formatted': '00:00', 'proper_unix_timestamp': 1764651600000, 'proper_iso_timestamp': '2025-12-02T05:00:00.000Z'}",12/02/2025 00:00,"{'date': '12/02/2025', 'date_formatted': '12/02/2025', 'hours': '12', 'minutes': '00', 'am_pm': 'AM', 'unix_timestamp': 1764633600000, 'iso_timestamp': '2025-12-02T00:00:00.000Z', 'timestamp': '12/02/2025 12:00 am', 'time': 0, 'time_formatted': '00:00', 'proper_unix_timestamp': 1764651600000, 'proper_iso_timestamp': '2025-12-02T05:00:00.000Z'}",Color,Color,Sand,Sand,Size,Size,3 Pieces,3 Pieces,25,25,$38.00,38,,,14.95,$15,https://airsoftdepot.ca/store/product_info.php?cPath=40&products_id=8666,https://airsoftdepot.ca/store/product_info.php?cPath=40&products_id=8666,12.75,12.75,12.6,13,-8.80,-8.8,-26.80,-26.8,Yes,True,,,,,,,,,,,,,,,Yes,True
692e727b0fa67610254590c4,"<span class=""692e7275fa364bcdfb6d8da6"" data-kn=""connection-value"">ARSON MACHINE电筒PEQ鼠尾开关金属卡槽导轨固定器线夹铝制导线-淘宝网</span>","[{'id': '692e7275fa364bcdfb6d8da6', 'identifier': 'ARSON MACHINE电筒PEQ鼠尾开关金属卡槽导轨固定器线夹铝制导线-淘宝网'}]",Unprofitable,Unprofitable,20MM Rail Cable Organizer Black 3 Pieces,20MM Rail Cable Organizer Black 3 Pieces,,,,,,,Yes,True,6,6,12/02/2025 00:00,"{'date': '12/02/2025', 'date_formatted': '12/02/2025', 'hours': '12', 'minutes': '00', 'am_pm': 'AM', 'unix_timestamp': 1764633600000, 'iso_timestamp': '2025-12-02T00:00:00.000Z', 'timestamp': '12/02/2025 12:00 am', 'time': 0, 'time_formatted': '00:00', 'proper_unix_timestamp': 1764651600000, 'proper_iso_timestamp': '2025-12-02T05:00:00.000Z'}",12/02/2025 00:00,"{'date': '12/02/2025', 'date_formatted': '12/02/2025', 'hours': '12', 'minutes': '00', 'am_pm': 'AM', 'unix_timestamp': 1764633600000, 'iso_timestamp': '2025-12-02T00:00:00.000Z', 'timestamp': '12/02/2025 12:00 am', 'time': 0, 'time_formatted': '00:00', 'proper_unix_timestamp': 1764651600000, 'proper_iso_timestamp': '2025-12-02T05:00:00.000Z'}",Color,Color,Black,Black,Size,Size,3 Pieces,3 Pieces,25,25,$38.00,38,,,14.95,$15,http://airsoftdepot.ca/store/index.php?cPath=40,http://airsoftdepot.ca/store/index.php?cPath=40,12.75,12.75,12.6,13,-8.80,-8.8,-26.80,-26.8,Yes,True,,,,,,,,,,,,,,,Yes,True
692e727a52032e7f9676b85e,"<span class=""692e7275fa364bcdfb6d8da6"" data-kn=""connection-value"">ARSON MACHINE电筒PEQ鼠尾开关金属卡槽导轨固定器线夹铝制导线-淘宝网</span>","[{'id': '692e7275fa364bcdfb6d8da6', 'identifier': 'ARSON MACHINE电筒PEQ鼠尾开关金属卡槽导轨固定器线夹铝制导线-淘宝网'}]",Unprofitable,Unprofitable,20MM Rail Cable Organizer Green 1 Piece,20MM Rail Cable Organizer Green 1 Piece,,,,,,,Yes,True,7,7,12/02/2025 00:00,"{'date': '12/02/2025', 'date_formatted': '12/02/2025', 'hours': '12', 'minutes': '00', 'am_pm': 'AM', 'unix_timestamp': 1764633600000, 'iso_timestamp': '2025-12-02T00:00:00.000Z', 'timestamp': '12/02/2025 12:00 am', 'time': 0, 'time_formatted': '00:00', 'proper_unix_timestamp': 1764651600000, 'proper_iso_timestamp': '2025-12-02T05:00:00.000Z'}",12/02/2025 00:00,"{'date': '12/02/2025', 'date_formatted': '12/02/2025', 'hours': '12', 'minutes': '00', 'am_pm': 'AM', 'unix_timestamp': 1764633600000, 'iso_timestamp': '2025-12-02T00:00:00.000Z', 'timestamp': '12/02/2025 12:00 am', 'time': 0, 'time_formatted': '00:00', 'proper_unix_timestamp': 1764651600000, 'proper_iso_timestamp': '2025-12-02T05:00:00.000Z'}",Color,Color,Green,Green,,,,,9,8.7,$38.00,38,Yes,True,14.95,$15,http://airsoftdepot.ca/store/index.php?cPath=40,http://airsoftdepot.ca/store/index.php?cPath=40,12.75,12.75,9.4,9,16.30,16.3,-1.70,-1.7,No,False,,,Yes,True,14.5,$14.50,5.8,$6,50,50.00,$30.00,30,,,Yes,True
692e727af419468df1dc762f,"<span class=""692e7275fa364bcdfb6d8da6"" data-kn=""connection-value"">ARSON MACHINE电筒PEQ鼠尾开关金属卡槽导轨固定器线夹铝制导线-淘宝网</span>","[{'id': '692e7275fa364bcdfb6d8da6', 'identifier': 'ARSON MACHINE电筒PEQ鼠尾开关金属卡槽导轨固定器线夹铝制导线-淘宝网'}]",Unprofitable,Unprofitable,20MM Rail Cable Organizer Blue 1 Piece,20MM Rail Cable Organizer Blue 1 Piece,,,,,,,Yes,True,8,8,12/02/2025 00:00,"{'date': '12/02/2025', 'date_formatted': '12/02/2025', 'hours': '12', 'minutes': '00', 'am_pm': 'AM', 'unix_timestamp': 1764633600000, 'iso_timestamp': '2025-12-02T00:00:00.000Z', 'timestamp': '12/02/2025 12:00 am', 'time': 0, 'time_formatted': '00:00', 'proper_unix_timestamp': 1764651600000, 'proper_iso_timestamp': '2025-12-02T05:00:00.000Z'}",12/02/2025 00:00,"{'date': '12/02/2025', 'date_formatted': '12/02/2025', 'hours': '12', 'minutes': '00', 'am_pm': 'AM', 'unix_timestamp': 1764633600000, 'iso_timestamp': '2025-12-02T00:00:00.000Z', 'timestamp': '12/02/2025 12:00 am', 'time': 0, 'time_formatted': '00:00', 'proper_unix_timestamp': 1764651600000, 'proper_iso_timestamp': '2025-12-02T05:00:00.000Z'}",Color,Color,Blue,Blue,,,,,9,8.7,$38.00,38,Yes,True,14.95,$15,http://airsoftdepot.ca/store/index.php?cPath=40,http://airsoftdepot.ca/store/index.php?cPath=40,12.75,12.75,9.4,9,16.30,16.3,-1.70,-1.7,No,False,,,Yes,True,14.5,$14.50,5.8,$6,50,50.00,$30.00,30,,,Yes,True
692e727af0922057c4079391,"<span class=""692e7275fa364bcdfb6d8da6"" data-kn=""connection-value"">ARSON MACHINE电筒PEQ鼠尾开关金属卡槽导轨固定器线夹铝制导线-淘宝网</span>","[{'id': '692e7275fa364bcdfb6d8da6', 'identifier': 'ARSON MACHINE电筒PEQ鼠尾开关金属卡槽导轨固定器线夹铝制导线-淘宝网'}]",Unprofitable,Unprofitable,20MM Rail Cable Organizer Red 1 Piece,20MM Rail Cable Organizer Red 1 Piece,,,,,,,Yes,True,9,9,12/02/2025 00:00,"{'date': '12/02/2025', 'date_formatted': '12/02/2025', 'hours': '12', 'minutes': '00', 'am_pm': 'AM', 'unix_timestamp': 1764633600000, 'iso_timestamp': '2025-12-02T00:00:00.000Z', 'timestamp': '12/02/2025 12:00 am', 'time': 0, 'time_formatted': '00:00', 'proper_unix_timestamp': 1764651600000, 'proper_iso_timestamp': '2025-12-02T05:00:00.000Z'}",12/02/2025 00:00,"{'date': '12/02/2025', 'date_formatted': '12/02/2025', 'hours': '12', 'minutes': '00', 'am_pm': 'AM', 'unix_timestamp': 1764633600000, 'iso_timestamp': '2025-12-02T00:00:00.000Z', 'timestamp': '12/02/2025 12:00 am', 'time': 0, 'time_formatted': '00:00', 'proper_unix_timestamp': 1764651600000, 'proper_iso_timestamp': '2025-12-02T05:00:00.000Z'}",Color,Color,Red,Red,,,,,9,8.7,$38.00,38,Yes,True,14.95,$15,http://airsoftdepot.ca/store/index.php?cPath=40,http://airsoftdepot.ca/store/index.php?cPath=40,12.75,12.75,9.4,9,16.30,16.3,-1.70,-1.7,No,False,,,Yes,True,14.5,$14.50,5.8,$6,50,50.00,$30.00,30,,,Yes,True
692e7279069ca22fda149159,"<span class=""692e7275fa364bcdfb6d8da6"" data-kn=""connection-value"">ARSON MACHINE电筒PEQ鼠尾开关金属卡槽导轨固定器线夹铝制导线-淘宝网</span>","[{'id': '692e7275fa364bcdfb6d8da6', 'identifier': 'ARSON MACHINE电筒PEQ鼠尾开关金属卡槽导轨固定器线夹铝制导线-淘宝网'}]",Unprofitable,Unprofitable,20MM Rail Cable Organizer Sand 1 Piece,20MM Rail Cable Organizer Sand 1 Piece,,,,,,,Yes,True,10,10,12/02/2025 00:00,"{'date': '12/02/2025', 'date_formatted': '12/02/2025', 'hours': '12', 'minutes': '00', 'am_pm': 'AM', 'unix_timestamp': 1764633600000, 'iso_timestamp': '2025-12-02T00:00:00.000Z', 'timestamp': '12/02/2025 12:00 am', 'time': 0, 'time_formatted': '00:00', 'proper_unix_timestamp': 1764651600000, 'proper_iso_timestamp': '2025-12-02T05:00:00.000Z'}",12/02/2025 00:00,"{'date': '12/02/2025', 'date_formatted': '12/02/2025', 'hours': '12', 'minutes': '00', 'am_pm': 'AM', 'unix_timestamp': 1764633600000, 'iso_timestamp': '2025-12-02T00:00:00.000Z', 'timestamp': '12/02/2025 12:00 am', 'time': 0, 'time_formatted': '00:00', 'proper_unix_timestamp': 1764651600000, 'proper_iso_timestamp': '2025-12-02T05:00:00.000Z'}",Color,Color,Sand,Sand,,,,,9,8.7,$38.00,38,Yes,True,14.95,$15,http://airsoftdepot.ca/store/index.php?cPath=40,http://airsoftdepot.ca/store/index.php?cPath=40,12.75,12.75,9.4,9,16.30,16.3,-1.70,-1.7,No,False,,,Yes,True,14.5,$14.50,5.8,$6,50,50.00,$30.00,30,,,Yes,True
692e727917d38f64839f2ed3,"<span class=""692e7275fa364bcdfb6d8da6"" data-kn=""connection-value"">ARSON MACHINE电筒PEQ鼠尾开关金属卡槽导轨固定器线夹铝制导线-淘宝网</span>","[{'id': '692e7275fa364bcdfb6d8da6', 'identifier': 'ARSON MACHINE电筒PEQ鼠尾开关金属卡槽导轨固定器线夹铝制导线-淘宝网'}]",Unprofitable,Unprofitable,20MM Rail Cable Organizer Black 1 Piece,20MM Rail Cable Organizer Black 1 Piece,,,,,,,Yes,True,11,11,12/02/2025 00:00,"{'date': '12/02/2025', 'date_formatted': '12/02/2025', 'hours': '12', 'minutes': '00', 'am_pm': 'AM', 'unix_timestamp': 1764633600000, 'iso_timestamp': '2025-12-02T00:00:00.000Z', 'timestamp': '12/02/2025 12:00 am', 'time': 0, 'time_formatted': '00:00', 'proper_unix_timestamp': 1764651600000, 'proper_iso_timestamp': '2025-12-02T05:00:00.000Z'}",12/02/2025 00:00,"{'date': '12/02/2025', 'date_formatted': '12/02/2025', 'hours': '12', 'minutes': '00', 'am_pm': 'AM', 'unix_timestamp': 1764633600000, 'iso_timestamp': '2025-12-02T00:00:00.000Z', 'timestamp': '12/02/2025 12:00 am', 'time': 0, 'time_formatted': '00:00', 'proper_unix_timestamp': 1764651600000, 'proper_iso_timestamp': '2025-12-02T05:00:00.000Z'}",Color,Color,Black,Black,,,,,9,8.7,$38.00,38,Yes,True,14.95,$15,http://airsoftdepot.ca/store/index.php?cPath=40,http://airsoftdepot.ca/store/index.php?cPath=40,12.75,12.75,9.4,9,16.30,16.3,-1.70,-1.7,No,False,,,Yes,True,14.5,$14.50,5.8,$6,50,50.00,$30.00,30,,,Yes,True
692e7278206a976348105fb1,"<span class=""692e7275fa364bcdfb6d8da6"" data-kn=""connection-value"">ARSON MACHINE电筒PEQ鼠尾开关金属卡槽导轨固定器线夹铝制导线-淘宝网</span>","[{'id': '692e7275fa364bcdfb6d8da6', 'identifier': 'ARSON MACHINE电筒PEQ鼠尾开关金属卡槽导轨固定器线夹铝制导线-淘宝网'}]",Unprofitable,Unprofitable,20MM Rail Cable Organizer Green 3 Pieces,20MM Rail Cable Organizer Green 3 Pieces,,,,,,,Yes,True,12,12,12/02/2025 00:00,"{'date': '12/02/2025', 'date_formatted': '12/02/2025', 'hours': '12', 'minutes': '00', 'am_pm': 'AM', 'unix_timestamp': 1764633600000, 'iso_timestamp': '2025-12-02T00:00:00.000Z', 'timestamp': '12/02/2025 12:00 am', 'time': 0, 'time_formatted': '00:00', 'proper_unix_timestamp': 1764651600000, 'proper_iso_timestamp': '2025-12-02T05:00:00.000Z'}",12/02/2025 00:00,"{'date': '12/02/2025', 'date_formatted': '12/02/2025', 'hours': '12', 'minutes': '00', 'am_pm': 'AM', 'unix_timestamp': 1764633600000, 'iso_timestamp': '2025-12-02T00:00:00.000Z', 'timestamp': '12/02/2025 12:00 am', 'time': 0, 'time_formatted': '00:00', 'proper_unix_timestamp': 1764651600000, 'proper_iso_timestamp': '2025-12-02T05:00:00.000Z'}",Color,Color,Green,Green,,,,,25,25,$38.00,38,Yes,True,14.95,$15,http://airsoftdepot.ca/store/index.php?cPath=40,http://airsoftdepot.ca/store/index.php?cPath=40,12.75,12.75,12.6,13,-8.80,-8.8,-26.80,-26.8,No,False,,,Yes,True,22.5,$22.50,9,$9,50,50.00,$30.00,30,,,Yes,True
692e727345a61c7d1f2d32bd,"<span class=""692e726e0fa67610254476b6"" data-kn=""connection-value"">2011战斗大师快拔枪套带灯下挂战术手电UDL P8M N8弹夹套TTI塔兰-淘宝网</span>","[{'id': '692e726e0fa67610254476b6', 'identifier': '2011战斗大师快拔枪套带灯下挂战术手电UDL P8M N8弹夹套TTI塔兰-淘宝网'}]",Active,Active,2011 Waist MOLLE Belt + Leg Straps,2011 Waist MOLLE Belt + Leg Straps,,,,,,,Yes,True,6,6,12/02/2025 00:00,"{'date': '12/02/2025', 'date_formatted': '12/02/2025', 'hours': '12', 'minutes': '00', 'am_pm': 'AM', 'unix_timestamp': 1764633600000, 'iso_timestamp': '2025-12-02T00:00:00.000Z', 'timestamp': '12/02/2025 12:00 am', 'time': 0, 'time_formatted': '00:00', 'proper_unix_timestamp': 1764651600000, 'proper_iso_timestamp': '2025-12-02T05:00:00.000Z'}",12/02/2025 00:00,"{'date': '12/02/2025', 'date_formatted': '12/02/2025', 'hours': '12', 'minutes': '00', 'am_pm': 'AM', 'unix_timestamp': 1764633600000, 'iso_timestamp': '2025-12-02T00:00:00.000Z', 'timestamp': '12/02/2025 12:00 am', 'time': 0, 'time_formatted': '00:00', 'proper_unix_timestamp': 1764651600000, 'proper_iso_timestamp': '2025-12-02T05:00:00.000Z'}",Style,Style,Waist MOLLE Belt + Leg Straps,Waist MOLLE Belt + Leg Straps,,,,,88,88,$38.00,38,,,25,$25,https://andysairsoft.ca/holsters,https://andysairsoft.ca/holsters,45.80,45.8,25.2,25,35.00,35,17.00,17,Yes,True,,,,,,,,,,,,,,,Yes,True
692e727398f5ae76cbec3bec,"<span class=""692e726e0fa67610254476b6"" data-kn=""connection-value"">2011战斗大师快拔枪套带灯下挂战术手电UDL P8M N8弹夹套TTI塔兰-淘宝网</span>","[{'id': '692e726e0fa67610254476b6', 'identifier': '2011战斗大师快拔枪套带灯下挂战术手电UDL P8M N8弹夹套TTI塔兰-淘宝网'}]",Active,Active,2011 Waist MOLLE Belt Holster Light-Bearing,2011 Waist MOLLE Belt Holster Light-Bearing,,,,,,,Yes,True,5,5,12/02/2025 00:00,"{'date': '12/02/2025', 'date_formatted': '12/02/2025', 'hours': '12', 'minutes': '00', 'am_pm': 'AM', 'unix_timestamp': 1764633600000, 'iso_timestamp': '2025-12-02T00:00:00.000Z', 'timestamp': '12/02/2025 12:00 am', 'time': 0, 'time_formatted': '00:00', 'proper_unix_timestamp': 1764651600000, 'proper_iso_timestamp': '2025-12-02T05:00:00.000Z'}",12/02/2025 00:00,"{'date': '12/02/2025', 'date_formatted': '12/02/2025', 'hours': '12', 'minutes': '00', 'am_pm': 'AM', 'unix_timestamp': 1764633600000, 'iso_timestamp': '2025-12-02T00:00:00.000Z', 'timestamp': '12/02/2025 12:00 am', 'time': 0, 'time_formatted': '00:00', 'proper_unix_timestamp': 1764651600000, 'proper_iso_timestamp': '2025-12-02T05:00:00.000Z'}",Style,Style,Waist MOLLE Belt Light-Bearing,Waist MOLLE Belt Light-Bearing,,,,,78,78,$38.00,38,,,25,$25,https://andysairsoft.ca/holsters,https://andysairsoft.ca/holsters,40.59,40.59,23.2,23,32.80,32.8,14.80,14.8,Yes,True,,,,,,,,,,,,,,,Yes,True
692e7273392bfc02f074c2a6,"<span class=""692e726e0fa67610254476b6"" data-kn=""connection-value"">2011战斗大师快拔枪套带灯下挂战术手电UDL P8M N8弹夹套TTI塔兰-淘宝网</span>","[{'id': '692e726e0fa67610254476b6', 'identifier': '2011战斗大师快拔枪套带灯下挂战术手电UDL P8M N8弹夹套TTI塔兰-淘宝网'}]",Active,Active,2011 Thigh-Mounted Holster Light-Bearing,2011 Thigh-Mounted Holster Light-Bearing,,,,,,,Yes,True,8,8,12/02/2025 00:00,"{'date': '12/02/2025', 'date_formatted': '12/02/2025', 'hours': '12', 'minutes': '00', 'am_pm': 'AM', 'unix_timestamp': 1764633600000, 'iso_timestamp': '2025-12-02T00:00:00.000Z', 'timestamp': '12/02/2025 12:00 am', 'time': 0, 'time_formatted': '00:00', 'proper_unix_timestamp': 1764651600000, 'proper_iso_timestamp': '2025-12-02T05:00:00.000Z'}",12/02/2025 00:00,"{'date': '12/02/2025', 'date_formatted': '12/02/2025', 'hours': '12', 'minutes': '00', 'am_pm': 'AM', 'unix_timestamp': 1764633600000, 'iso_timestamp': '2025-12-02T00:00:00.000Z', 'timestamp': '12/02/2025 12:00 am', 'time': 0, 'time_formatted': '00:00', 'proper_unix_timestamp': 1764651600000, 'proper_iso_timestamp': '2025-12-02T05:00:00.000Z'}",Style,Style,Thigh-Mounted Light-Bearing,Thigh-Mounted Light-Bearing,,,,,98,98,$38.00,38,Yes,True,60,$60,https://andysairsoft.ca/holsters,https://andysairsoft.ca/holsters,51.00,51,27.2,27,36.70,36.7,18.70,18.7,No,False,,,,,,,,,,,,,,,Yes,True
692e727298f5ae76cbec1dc6,"<span class=""692e726e0fa67610254476b6"" data-kn=""connection-value"">2011战斗大师快拔枪套带灯下挂战术手电UDL P8M N8弹夹套TTI塔兰-淘宝网</span>","[{'id': '692e726e0fa67610254476b6', 'identifier': '2011战斗大师快拔枪套带灯下挂战术手电UDL P8M N8弹夹套TTI塔兰-淘宝网'}]",Archive,Archive,Outer Belt,Outer Belt,,,,,,,Yes,True,1,1,12/02/2025 00:00,"{'date': '12/02/2025', 'date_formatted': '12/02/2025', 'hours': '12', 'minutes': '00', 'am_pm': 'AM', 'unix_timestamp': 1764633600000, 'iso_timestamp': '2025-12-02T00:00:00.000Z', 'timestamp': '12/02/2025 12:00 am', 'time': 0, 'time_formatted': '00:00', 'proper_unix_timestamp': 1764651600000, 'proper_iso_timestamp': '2025-12-02T05:00:00.000Z'}",12/02/2025 00:00,"{'date': '12/02/2025', 'date_formatted': '12/02/2025', 'hours': '12', 'minutes': '00', 'am_pm': 'AM', 'unix_timestamp': 1764633600000, 'iso_timestamp': '2025-12-02T00:00:00.000Z', 'timestamp': '12/02/2025 12:00 am', 'time': 0, 'time_formatted': '00:00', 'proper_unix_timestamp': 1764651600000, 'proper_iso_timestamp': '2025-12-02T05:00:00.000Z'}",Style,Style,Outer Belt,Outer Belt,,,,,12,12,$38.00,38,Yes,True,15,$15,https://andysairsoft.ca/holsters,https://andysairsoft.ca/holsters,12.75,12.75,10,10,11.60,11.6,-6.40,-6.4,No,False,,,Yes,True,16,$16.00,6.4,$6,50,50.00,$30.00,30,,,Yes,True
692e7272ebe1fe2e5f0ef1d5,"<span class=""692e726e0fa67610254476b6"" data-kn=""connection-value"">2011战斗大师快拔枪套带灯下挂战术手电UDL P8M N8弹夹套TTI塔兰-淘宝网</span>","[{'id': '692e726e0fa67610254476b6', 'identifier': '2011战斗大师快拔枪套带灯下挂战术手电UDL P8M N8弹夹套TTI塔兰-淘宝网'}]",Archive,Archive,Outer Belt + 2011 Quick-Draw Holster Light-Bearing + Double Magazine Pouch,Outer Belt + 2011 Quick-Draw Holster Light-Bearing + Double Magazine Pouch,,,,,,,Yes,True,9,9,12/02/2025 00:00,"{'date': '12/02/2025', 'date_formatted': '12/02/2025', 'hours': '12', 'minutes': '00', 'am_pm': 'AM', 'unix_timestamp': 1764633600000, 'iso_timestamp': '2025-12-02T00:00:00.000Z', 'timestamp': '12/02/2025 12:00 am', 'time': 0, 'time_formatted': '00:00', 'proper_unix_timestamp': 1764651600000, 'proper_iso_timestamp': '2025-12-02T05:00:00.000Z'}",12/02/2025 00:00,"{'date': '12/02/2025', 'date_formatted': '12/02/2025', 'hours': '12', 'minutes': '00', 'am_pm': 'AM', 'unix_timestamp': 1764633600000, 'iso_timestamp': '2025-12-02T00:00:00.000Z', 'timestamp': '12/02/2025 12:00 am', 'time': 0, 'time_formatted': '00:00', 'proper_unix_timestamp': 1764651600000, 'proper_iso_timestamp': '2025-12-02T05:00:00.000Z'}",Style,Style,Outer Belt + 2011 Quick-Draw Holster Light-Bearing + Double Magazine Pouch,Outer Belt + 2011 Quick-Draw Holster Light-Bearing + Double Magazine Pouch,,,,,106,106,$38.00,38,,,25,$25,https://andysairsoft.ca/holsters,https://andysairsoft.ca/holsters,55.16,55.16,28.8,29,37.80,37.8,19.80,19.8,Yes,True,,,,,,,,,,,,,,,Yes,True
692e72715a2c1ae33507160e,"<span class=""692e726e0fa67610254476b6"" data-kn=""connection-value"">2011战斗大师快拔枪套带灯下挂战术手电UDL P8M N8弹夹套TTI塔兰-淘宝网</span>","[{'id': '692e726e0fa67610254476b6', 'identifier': '2011战斗大师快拔枪套带灯下挂战术手电UDL P8M N8弹夹套TTI塔兰-淘宝网'}]",Archive,Archive,Outer Belt + 2011 Quick-Draw Holster Light-Bearing + Single Magazine Pouch,Outer Belt + 2011 Quick-Draw Holster Light-Bearing + Single Magazine Pouch,,,,,,,Yes,True,7,7,12/02/2025 00:00,"{'date': '12/02/2025', 'date_formatted': '12/02/2025', 'hours': '12', 'minutes': '00', 'am_pm': 'AM', 'unix_timestamp': 1764633600000, 'iso_timestamp': '2025-12-02T00:00:00.000Z', 'timestamp': '12/02/2025 12:00 am', 'time': 0, 'time_formatted': '00:00', 'proper_unix_timestamp': 1764651600000, 'proper_iso_timestamp': '2025-12-02T05:00:00.000Z'}",12/02/2025 00:00,"{'date': '12/02/2025', 'date_formatted': '12/02/2025', 'hours': '12', 'minutes': '00', 'am_pm': 'AM', 'unix_timestamp': 1764633600000, 'iso_timestamp': '2025-12-02T00:00:00.000Z', 'timestamp': '12/02/2025 12:00 am', 'time': 0, 'time_formatted': '00:00', 'proper_unix_timestamp': 1764651600000, 'proper_iso_timestamp': '2025-12-02T05:00:00.000Z'}",Style,Style,Outer Belt + 2011 Quick-Draw Holster Light-Bearing + Single Magazine Pouch,Outer Belt + 2011 Quick-Draw Holster Light-Bearing + Single Magazine Pouch,,,,,88,88,$38.00,38,,,25,$25,https://andysairsoft.ca/holsters,https://andysairsoft.ca/holsters,45.80,45.8,25.2,25,35.00,35,17.00,17,Yes,True,,,,,,,,,,,,,,,Yes,True
692e7271069ca22fda13c05d,"<span class=""692e726e0fa67610254476b6"" data-kn=""connection-value"">2011战斗大师快拔枪套带灯下挂战术手电UDL P8M N8弹夹套TTI塔兰-淘宝网</span>","[{'id': '692e726e0fa67610254476b6', 'identifier': '2011战斗大师快拔枪套带灯下挂战术手电UDL P8M N8弹夹套TTI塔兰-淘宝网'}]",Archive,Archive,Outer Belt + 2011 Quick-Draw Holster Light-Bearing,Outer Belt + 2011 Quick-Draw Holster Light-Bearing,,,,,,,Yes,True,4,4,12/02/2025 00:00,"{'date': '12/02/2025', 'date_formatted': '12/02/2025', 'hours': '12', 'minutes': '00', 'am_pm': 'AM', 'unix_timestamp': 1764633600000, 'iso_timestamp': '2025-12-02T00:00:00.000Z', 'timestamp': '12/02/2025 12:00 am', 'time': 0, 'time_formatted': '00:00', 'proper_unix_timestamp': 1764651600000, 'proper_iso_timestamp': '2025-12-02T05:00:00.000Z'}",12/02/2025 00:00,"{'date': '12/02/2025', 'date_formatted': '12/02/2025', 'hours': '12', 'minutes': '00', 'am_pm': 'AM', 'unix_timestamp': 1764633600000, 'iso_timestamp': '2025-12-02T00:00:00.000Z', 'timestamp': '12/02/2025 12:00 am', 'time': 0, 'time_formatted': '00:00', 'proper_unix_timestamp': 1764651600000, 'proper_iso_timestamp': '2025-12-02T05:00:00.000Z'}",Style,Style,Outer Belt + 2011 Quick-Draw Holster Light-Bearing,Outer Belt + 2011 Quick-Draw Holster Light-Bearing,,,,,70,70,$38.00,38,,,25,$25,https://andysairsoft.ca/holsters,https://andysairsoft.ca/holsters,36.43,36.43,21.6,22,30.70,30.7,12.70,12.7,Yes,True,,,,,,,,,,,,,,,Yes,True
692e7270392bfc02f074916d,"<span class=""692e726e0fa67610254476b6"" data-kn=""connection-value"">2011战斗大师快拔枪套带灯下挂战术手电UDL P8M N8弹夹套TTI塔兰-淘宝网</span>","[{'id': '692e726e0fa67610254476b6', 'identifier': '2011战斗大师快拔枪套带灯下挂战术手电UDL P8M N8弹夹套TTI塔兰-淘宝网'}]",Active,Active,2011 Quick-Draw Holster Light-Bearing,2011 Quick-Draw Holster Light-Bearing,,,,,,,Yes,True,10,10,12/02/2025 00:00,"{'date': '12/02/2025', 'date_formatted': '12/02/2025', 'hours': '12', 'minutes': '00', 'am_pm': 'AM', 'unix_timestamp': 1764633600000, 'iso_timestamp': '2025-12-02T00:00:00.000Z', 'timestamp': '12/02/2025 12:00 am', 'time': 0, 'time_formatted': '00:00', 'proper_unix_timestamp': 1764651600000, 'proper_iso_timestamp': '2025-12-02T05:00:00.000Z'}",12/02/2025 00:00,"{'date': '12/02/2025', 'date_formatted': '12/02/2025', 'hours': '12', 'minutes': '00', 'am_pm': 'AM', 'unix_timestamp': 1764633600000, 'iso_timestamp': '2025-12-02T00:00:00.000Z', 'timestamp': '12/02/2025 12:00 am', 'time': 0, 'time_formatted': '00:00', 'proper_unix_timestamp': 1764651600000, 'proper_iso_timestamp': '2025-12-02T05:00:00.000Z'}",Style,Style,Quick-Draw Holster Light-Bearing,Quick-Draw Holster Light-Bearing,,,,,58,58,$38.00,38,Yes,True,65,$65,https://andysairsoft.ca/holsters,https://andysairsoft.ca/holsters,55.25,55.25,19.2,19,55.20,55.2,37.20,37.2,No,False,,,,,,,,,,,,,,,Yes,True
692e727006854af464956201,"<span class=""692e726e0fa67610254476b6"" data-kn=""connection-value"">2011战斗大师快拔枪套带灯下挂战术手电UDL P8M N8弹夹套TTI塔兰-淘宝网</span>","[{'id': '692e726e0fa67610254476b6', 'identifier': '2011战斗大师快拔枪套带灯下挂战术手电UDL P8M N8弹夹套TTI塔兰-淘宝网'}]",Active,Active,2011 Double Magazine Pouch,2011 Double Magazine Pouch,,,,,,,Yes,True,2,2,12/02/2025 00:00,"{'date': '12/02/2025', 'date_formatted': '12/02/2025', 'hours': '12', 'minutes': '00', 'am_pm': 'AM', 'unix_timestamp': 1764633600000, 'iso_timestamp': '2025-12-02T00:00:00.000Z', 'timestamp': '12/02/2025 12:00 am', 'time': 0, 'time_formatted': '00:00', 'proper_unix_timestamp': 1764651600000, 'proper_iso_timestamp': '2025-12-02T05:00:00.000Z'}",12/02/2025 00:00,"{'date': '12/02/2025', 'date_formatted': '12/02/2025', 'hours': '12', 'minutes': '00', 'am_pm': 'AM', 'unix_timestamp': 1764633600000, 'iso_timestamp': '2025-12-02T00:00:00.000Z', 'timestamp': '12/02/2025 12:00 am', 'time': 0, 'time_formatted': '00:00', 'proper_unix_timestamp': 1764651600000, 'proper_iso_timestamp': '2025-12-02T05:00:00.000Z'}",Style,Style,Double Magazine Pouch,Double Magazine Pouch,,,,,36,36,$38.00,38,Yes,True,30,$30,https://www.canadiancartel.ca/products/shadow-strategic-pochette-mag-pistolet-simple-single-pistol-mag-pouch,https://www.canadiancartel.ca/products/shadow-strategic-pochette-mag-pistolet-simple-single-pistol-mag-pouch,25.50,25.5,14.8,15,32.00,32,14.00,14,No,False,,,,,,,,,,,,,,,Yes,True
692e727006854af464955e57,"<span class=""692e726e0fa67610254476b6"" data-kn=""connection-value"">2011战斗大师快拔枪套带灯下挂战术手电UDL P8M N8弹夹套TTI塔兰-淘宝网</span>","[{'id': '692e726e0fa67610254476b6', 'identifier': '2011战斗大师快拔枪套带灯下挂战术手电UDL P8M N8弹夹套TTI塔兰-淘宝网'}]",Active,Active,2011 Single Magazine Pouch,2011 Single Magazine Pouch,,,,,,,Yes,True,3,3,12/02/2025 00:00,"{'date': '12/02/2025', 'date_formatted': '12/02/2025', 'hours': '12', 'minutes': '00', 'am_pm': 'AM', 'unix_timestamp': 1764633600000, 'iso_timestamp': '2025-12-02T00:00:00.000Z', 'timestamp': '12/02/2025 12:00 am', 'time': 0, 'time_formatted': '00:00', 'proper_unix_timestamp': 1764651600000, 'proper_iso_timestamp': '2025-12-02T05:00:00.000Z'}",12/02/2025 00:00,"{'date': '12/02/2025', 'date_formatted': '12/02/2025', 'hours': '12', 'minutes': '00', 'am_pm': 'AM', 'unix_timestamp': 1764633600000, 'iso_timestamp': '2025-12-02T00:00:00.000Z', 'timestamp': '12/02/2025 12:00 am', 'time': 0, 'time_formatted': '00:00', 'proper_unix_timestamp': 1764651600000, 'proper_iso_timestamp': '2025-12-02T05:00:00.000Z'}",Style,Style,Single Magazine Pouch,Single Magazine Pouch,,,,,18,18,$38.00,38,Yes,True,30,$30,https://www.canadiancartel.ca/products/shadow-strategic-pochette-mag-pistolet-simple-single-pistol-mag-pouch,https://www.canadiancartel.ca/products/shadow-strategic-pochette-mag-pistolet-simple-single-pistol-mag-pouch,25.50,25.5,11.2,11,46.10,46.1,28.10,28.1,No,False,,,Yes,True,19,$19.00,7.6,$8,50,50.00,$30.00,30,,,Yes,True
692e726d0bbc7142021b7254,"<span class=""692e726618f8102e61ac21b2"" data-kn=""connection-value"">蝮蛇2011 hi capa快速拉柄模型G17 TTiG34蛋夹底盖握把井制退器-淘宝网</span>","[{'id': '692e726618f8102e61ac21b2', 'identifier': '蝮蛇2011 hi capa快速拉柄模型G17 TTiG34蛋夹底盖握把井制退器-淘宝网'}]",Inactive,Inactive,蓝鲸WK蝮蛇2011,蓝鲸WK蝮蛇2011,,,,,,,Yes,True,1,1,12/02/2025 00:00,"{'date': '12/02/2025', 'date_formatted': '12/02/2025', 'hours': '12', 'minutes': '00', 'am_pm': 'AM', 'unix_timestamp': 1764633600000, 'iso_timestamp': '2025-12-02T00:00:00.000Z', 'timestamp': '12/02/2025 12:00 am', 'time': 0, 'time_formatted': '00:00', 'proper_unix_timestamp': 1764651600000, 'proper_iso_timestamp': '2025-12-02T05:00:00.000Z'}",12/02/2025 00:00,"{'date': '12/02/2025', 'date_formatted': '12/02/2025', 'hours': '12', 'minutes': '00', 'am_pm': 'AM', 'unix_timestamp': 1764633600000, 'iso_timestamp': '2025-12-02T00:00:00.000Z', 'timestamp': '12/02/2025 12:00 am', 'time': 0, 'time_formatted': '00:00', 'proper_unix_timestamp': 1764651600000, 'proper_iso_timestamp': '2025-12-02T05:00:00.000Z'}",,,,,,,,,0,0,$70.00,70,,,,,,,0.00,0,,,,,,,,,,,,,,,,,,,,,,,Yes,True
692e726d0bbc7142021b71b6,"<span class=""692e726618f8102e61ac21b2"" data-kn=""connection-value"">蝮蛇2011 hi capa快速拉柄模型G17 TTiG34蛋夹底盖握把井制退器-淘宝网</span>","[{'id': '692e726618f8102e61ac21b2', 'identifier': '蝮蛇2011 hi capa快速拉柄模型G17 TTiG34蛋夹底盖握把井制退器-淘宝网'}]",Inactive,Inactive,路西法2011,路西法2011,,,,,,,Yes,True,2,2,12/02/2025 00:00,"{'date': '12/02/2025', 'date_formatted': '12/02/2025', 'hours': '12', 'minutes': '00', 'am_pm': 'AM', 'unix_timestamp': 1764633600000, 'iso_timestamp': '2025-12-02T00:00:00.000Z', 'timestamp': '12/02/2025 12:00 am', 'time': 0, 'time_formatted': '00:00', 'proper_unix_timestamp': 1764651600000, 'proper_iso_timestamp': '2025-12-02T05:00:00.000Z'}",12/02/2025 00:00,"{'date': '12/02/2025', 'date_formatted': '12/02/2025', 'hours': '12', 'minutes': '00', 'am_pm': 'AM', 'unix_timestamp': 1764633600000, 'iso_timestamp': '2025-12-02T00:00:00.000Z', 'timestamp': '12/02/2025 12:00 am', 'time': 0, 'time_formatted': '00:00', 'proper_unix_timestamp': 1764651600000, 'proper_iso_timestamp': '2025-12-02T05:00:00.000Z'}",,,,,,,,,0,0,$70.00,70,,,,,,,0.00,0,,,,,,,,,,,,,,,,,,,,,,,Yes,True
692e726cfa364bcdfb6c9768,"<span class=""692e726618f8102e61ac21b2"" data-kn=""connection-value"">蝮蛇2011 hi capa快速拉柄模型G17 TTiG34蛋夹底盖握把井制退器-淘宝网</span>","[{'id': '692e726618f8102e61ac21b2', 'identifier': '蝮蛇2011 hi capa快速拉柄模型G17 TTiG34蛋夹底盖握把井制退器-淘宝网'}]",Inactive,Inactive,JMT蝮蛇2011,JMT蝮蛇2011,,,,,,,Yes,True,3,3,12/02/2025 00:00,"{'date': '12/02/2025', 'date_formatted': '12/02/2025', 'hours': '12', 'minutes': '00', 'am_pm': 'AM', 'unix_timestamp': 1764633600000, 'iso_timestamp': '2025-12-02T00:00:00.000Z', 'timestamp': '12/02/2025 12:00 am', 'time': 0, 'time_formatted': '00:00', 'proper_unix_timestamp': 1764651600000, 'proper_iso_timestamp': '2025-12-02T05:00:00.000Z'}",12/02/2025 00:00,"{'date': '12/02/2025', 'date_formatted': '12/02/2025', 'hours': '12', 'minutes': '00', 'am_pm': 'AM', 'unix_timestamp': 1764633600000, 'iso_timestamp': '2025-12-02T00:00:00.000Z', 'timestamp': '12/02/2025 12:00 am', 'time': 0, 'time_formatted': '00:00', 'proper_unix_timestamp': 1764651600000, 'proper_iso_timestamp': '2025-12-02T05:00:00.000Z'}",,,,,,,,,0,0,$70.00,70,,,,,,,0.00,0,,,,,,,,,,,,,,,,,,,,,,,Yes,True
692e726c52032e7f967562fd,"<span class=""692e726618f8102e61ac21b2"" data-kn=""connection-value"">蝮蛇2011 hi capa快速拉柄模型G17 TTiG34蛋夹底盖握把井制退器-淘宝网</span>","[{'id': '692e726618f8102e61ac21b2', 'identifier': '蝮蛇2011 hi capa快速拉柄模型G17 TTiG34蛋夹底盖握把井制退器-淘宝网'}]",Inactive,Inactive,番茄蝮蛇2011,番茄蝮蛇2011,,,,,,,Yes,True,4,4,12/02/2025 00:00,"{'date': '12/02/2025', 'date_formatted': '12/02/2025', 'hours': '12', 'minutes': '00', 'am_pm': 'AM', 'unix_timestamp': 1764633600000, 'iso_timestamp': '2025-12-02T00:00:00.000Z', 'timestamp': '12/02/2025 12:00 am', 'time': 0, 'time_formatted': '00:00', 'proper_unix_timestamp': 1764651600000, 'proper_iso_timestamp': '2025-12-02T05:00:00.000Z'}",12/02/2025 00:00,"{'date': '12/02/2025', 'date_formatted': '12/02/2025', 'hours': '12', 'minutes': '00', 'am_pm': 'AM', 'unix_timestamp': 1764633600000, 'iso_timestamp': '2025-12-02T00:00:00.000Z', 'timestamp': '12/02/2025 12:00 am', 'time': 0, 'time_formatted': '00:00', 'proper_unix_timestamp': 1764651600000, 'proper_iso_timestamp': '2025-12-02T05:00:00.000Z'}",,,,,,,,,0,0,$70.00,70,,,,,,,0.00,0,,,,,,,,,,,,,,,,,,,,,,,Yes,True
692e726bebe1fe2e5f0e9914,"<span class=""692e726618f8102e61ac21b2"" data-kn=""connection-value"">蝮蛇2011 hi capa快速拉柄模型G17 TTiG34蛋夹底盖握把井制退器-淘宝网</span>","[{'id': '692e726618f8102e61ac21b2', 'identifier': '蝮蛇2011 hi capa快速拉柄模型G17 TTiG34蛋夹底盖握把井制退器-淘宝网'}]",Inactive,Inactive,Japan Marui hi–capa,Japan Marui hi–capa,,,,,,,Yes,True,5,5,12/02/2025 00:00,"{'date': '12/02/2025', 'date_formatted': '12/02/2025', 'hours': '12', 'minutes': '00', 'am_pm': 'AM', 'unix_timestamp': 1764633600000, 'iso_timestamp': '2025-12-02T00:00:00.000Z', 'timestamp': '12/02/2025 12:00 am', 'time': 0, 'time_formatted': '00:00', 'proper_unix_timestamp': 1764651600000, 'proper_iso_timestamp': '2025-12-02T05:00:00.000Z'}",12/02/2025 00:00,"{'date': '12/02/2025', 'date_formatted': '12/02/2025', 'hours': '12', 'minutes': '00', 'am_pm': 'AM', 'unix_timestamp': 1764633600000, 'iso_timestamp': '2025-12-02T00:00:00.000Z', 'timestamp': '12/02/2025 12:00 am', 'time': 0, 'time_formatted': '00:00', 'proper_unix_timestamp': 1764651600000, 'proper_iso_timestamp': '2025-12-02T05:00:00.000Z'}",,,,,,,,,0,0,$70.00,70,,,,,,,0.00,0,,,,,,,,,,,,,,,,,,,,,,,Yes,True
692e726ba67c9b901d56b7cf,"<span class=""692e726618f8102e61ac21b2"" data-kn=""connection-value"">蝮蛇2011 hi capa快速拉柄模型G17 TTiG34蛋夹底盖握把井制退器-淘宝网</span>","[{'id': '692e726618f8102e61ac21b2', 'identifier': '蝮蛇2011 hi capa快速拉柄模型G17 TTiG34蛋夹底盖握把井制退器-淘宝网'}]",Margins Added,Margins Added,金柄,金柄,金柄,金柄,https://item.taobao.com/item.htm?id=846296600859,https://item.taobao.com/item.htm?id=846296600859,,,Yes,True,6,6,12/02/2025 00:00,"{'date': '12/02/2025', 'date_formatted': '12/02/2025', 'hours': '12', 'minutes': '00', 'am_pm': 'AM', 'unix_timestamp': 1764633600000, 'iso_timestamp': '2025-12-02T00:00:00.000Z', 'timestamp': '12/02/2025 12:00 am', 'time': 0, 'time_formatted': '00:00', 'proper_unix_timestamp': 1764651600000, 'proper_iso_timestamp': '2025-12-02T05:00:00.000Z'}",12/02/2025 00:00,"{'date': '12/02/2025', 'date_formatted': '12/02/2025', 'hours': '12', 'minutes': '00', 'am_pm': 'AM', 'unix_timestamp': 1764633600000, 'iso_timestamp': '2025-12-02T00:00:00.000Z', 'timestamp': '12/02/2025 12:00 am', 'time': 0, 'time_formatted': '00:00', 'proper_unix_timestamp': 1764651600000, 'proper_iso_timestamp': '2025-12-02T05:00:00.000Z'}",,,,,,,,,37,36.88,$70.00,70,,,,,,,0.00,0,,,,,,,,,,,,,,,,,,,,,,,Yes,True
692e726b8d168de47b32ec2c,"<span class=""692e726618f8102e61ac21b2"" data-kn=""connection-value"">蝮蛇2011 hi capa快速拉柄模型G17 TTiG34蛋夹底盖握把井制退器-淘宝网</span>","[{'id': '692e726618f8102e61ac21b2', 'identifier': '蝮蛇2011 hi capa快速拉柄模型G17 TTiG34蛋夹底盖握把井制退器-淘宝网'}]",Margins Added,Margins Added,绿柄,绿柄,绿柄,绿柄,https://item.taobao.com/item.htm?id=846296600859,https://item.taobao.com/item.htm?id=846296600859,,,Yes,True,7,7,12/02/2025 00:00,"{'date': '12/02/2025', 'date_formatted': '12/02/2025', 'hours': '12', 'minutes': '00', 'am_pm': 'AM', 'unix_timestamp': 1764633600000, 'iso_timestamp': '2025-12-02T00:00:00.000Z', 'timestamp': '12/02/2025 12:00 am', 'time': 0, 'time_formatted': '00:00', 'proper_unix_timestamp': 1764651600000, 'proper_iso_timestamp': '2025-12-02T05:00:00.000Z'}",12/02/2025 00:00,"{'date': '12/02/2025', 'date_formatted': '12/02/2025', 'hours': '12', 'minutes': '00', 'am_pm': 'AM', 'unix_timestamp': 1764633600000, 'iso_timestamp': '2025-12-02T00:00:00.000Z', 'timestamp': '12/02/2025 12:00 am', 'time': 0, 'time_formatted': '00:00', 'proper_unix_timestamp': 1764651600000, 'proper_iso_timestamp': '2025-12-02T05:00:00.000Z'}",,,,,,,,,37,36.88,$70.00,70,,,,,,,0.00,0,,,,,,,,,,,,,,,,,,,,,,,Yes,True
692e726b0bbc7142021b4fec,"<span class=""692e726618f8102e61ac21b2"" data-kn=""connection-value"">蝮蛇2011 hi capa快速拉柄模型G17 TTiG34蛋夹底盖握把井制退器-淘宝网</span>","[{'id': '692e726618f8102e61ac21b2', 'identifier': '蝮蛇2011 hi capa快速拉柄模型G17 TTiG34蛋夹底盖握把井制退器-淘宝网'}]",Margins Added,Margins Added,紫柄,紫柄,紫柄,紫柄,https://item.taobao.com/item.htm?id=846296600859,https://item.taobao.com/item.htm?id=846296600859,,,Yes,True,8,8,12/02/2025 00:00,"{'date': '12/02/2025', 'date_formatted': '12/02/2025', 'hours': '12', 'minutes': '00', 'am_pm': 'AM', 'unix_timestamp': 1764633600000, 'iso_timestamp': '2025-12-02T00:00:00.000Z', 'timestamp': '12/02/2025 12:00 am', 'time': 0, 'time_formatted': '00:00', 'proper_unix_timestamp': 1764651600000, 'proper_iso_timestamp': '2025-12-02T05:00:00.000Z'}",12/02/2025 00:00,"{'date': '12/02/2025', 'date_formatted': '12/02/2025', 'hours': '12', 'minutes': '00', 'am_pm': 'AM', 'unix_timestamp': 1764633600000, 'iso_timestamp': '2025-12-02T00:00:00.000Z', 'timestamp': '12/02/2025 12:00 am', 'time': 0, 'time_formatted': '00:00', 'proper_unix_timestamp': 1764651600000, 'proper_iso_timestamp': '2025-12-02T05:00:00.000Z'}",,,,,,,,,37,36.88,$70.00,70,,,,,,,0.00,0,,,,,,,,,,,,,,,,,,,,,,,Yes,True
692e726af0922057c4063faa,"<span class=""692e726618f8102e61ac21b2"" data-kn=""connection-value"">蝮蛇2011 hi capa快速拉柄模型G17 TTiG34蛋夹底盖握把井制退器-淘宝网</span>","[{'id': '692e726618f8102e61ac21b2', 'identifier': '蝮蛇2011 hi capa快速拉柄模型G17 TTiG34蛋夹底盖握把井制退器-淘宝网'}]",Margins Added,Margins Added,红柄,红柄,红柄,红柄,https://item.taobao.com/item.htm?id=846296600859,https://item.taobao.com/item.htm?id=846296600859,,,Yes,True,9,9,12/02/2025 00:00,"{'date': '12/02/2025', 'date_formatted': '12/02/2025', 'hours': '12', 'minutes': '00', 'am_pm': 'AM', 'unix_timestamp': 1764633600000, 'iso_timestamp': '2025-12-02T00:00:00.000Z', 'timestamp': '12/02/2025 12:00 am', 'time': 0, 'time_formatted': '00:00', 'proper_unix_timestamp': 1764651600000, 'proper_iso_timestamp': '2025-12-02T05:00:00.000Z'}",12/02/2025 00:00,"{'date': '12/02/2025', 'date_formatted': '12/02/2025', 'hours': '12', 'minutes': '00', 'am_pm': 'AM', 'unix_timestamp': 1764633600000, 'iso_timestamp': '2025-12-02T00:00:00.000Z', 'timestamp': '12/02/2025 12:00 am', 'time': 0, 'time_formatted': '00:00', 'proper_unix_timestamp': 1764651600000, 'proper_iso_timestamp': '2025-12-02T05:00:00.000Z'}",,,,,,,,,37,36.88,$70.00,70,,,,,,,0.00,0,,,,,,,,,,,,,,,,,,,,,,,Yes,True
692e726a52032e7f96752b4f,"<span class=""692e726618f8102e61ac21b2"" data-kn=""connection-value"">蝮蛇2011 hi capa快速拉柄模型G17 TTiG34蛋夹底盖握把井制退器-淘宝网</span>","[{'id': '692e726618f8102e61ac21b2', 'identifier': '蝮蛇2011 hi capa快速拉柄模型G17 TTiG34蛋夹底盖握把井制退器-淘宝网'}]",Margins Added,Margins Added,钛灰柄,钛灰柄,钛灰柄,钛灰柄,https://item.taobao.com/item.htm?id=846296600859,https://item.taobao.com/item.htm?id=846296600859,,,Yes,True,10,10,12/02/2025 00:00,"{'date': '12/02/2025', 'date_formatted': '12/02/2025', 'hours': '12', 'minutes': '00', 'am_pm': 'AM', 'unix_timestamp': 1764633600000, 'iso_timestamp': '2025-12-02T00:00:00.000Z', 'timestamp': '12/02/2025 12:00 am', 'time': 0, 'time_formatted': '00:00', 'proper_unix_timestamp': 1764651600000, 'proper_iso_timestamp': '2025-12-02T05:00:00.000Z'}",12/02/2025 00:00,"{'date': '12/02/2025', 'date_formatted': '12/02/2025', 'hours': '12', 'minutes': '00', 'am_pm': 'AM', 'unix_timestamp': 1764633600000, 'iso_timestamp': '2025-12-02T00:00:00.000Z', 'timestamp': '12/02/2025 12:00 am', 'time': 0, 'time_formatted': '00:00', 'proper_unix_timestamp': 1764651600000, 'proper_iso_timestamp': '2025-12-02T05:00:00.000Z'}",,,,,,,,,37,36.88,$70.00,70,,,,,,,0.00,0,,,,,,,,,,,,,,,,,,,,,,,Yes,True
692e726a52032e7f96752ae2,"<span class=""692e726618f8102e61ac21b2"" data-kn=""connection-value"">蝮蛇2011 hi capa快速拉柄模型G17 TTiG34蛋夹底盖握把井制退器-淘宝网</span>","[{'id': '692e726618f8102e61ac21b2', 'identifier': '蝮蛇2011 hi capa快速拉柄模型G17 TTiG34蛋夹底盖握把井制退器-淘宝网'}]",Inactive,Inactive,黑柄,黑柄,,,,,,,Yes,True,11,11,12/02/2025 00:00,"{'date': '12/02/2025', 'date_formatted': '12/02/2025', 'hours': '12', 'minutes': '00', 'am_pm': 'AM', 'unix_timestamp': 1764633600000, 'iso_timestamp': '2025-12-02T00:00:00.000Z', 'timestamp': '12/02/2025 12:00 am', 'time': 0, 'time_formatted': '00:00', 'proper_unix_timestamp': 1764651600000, 'proper_iso_timestamp': '2025-12-02T05:00:00.000Z'}",12/02/2025 00:00,"{'date': '12/02/2025', 'date_formatted': '12/02/2025', 'hours': '12', 'minutes': '00', 'am_pm': 'AM', 'unix_timestamp': 1764633600000, 'iso_timestamp': '2025-12-02T00:00:00.000Z', 'timestamp': '12/02/2025 12:00 am', 'time': 0, 'time_formatted': '00:00', 'proper_unix_timestamp': 1764651600000, 'proper_iso_timestamp': '2025-12-02T05:00:00.000Z'}",,,,,,,,,0,0,$70.00,70,,,,,,,0.00,0,,,,,,,,,,,,,,,,,,,,,,,Yes,True
692e7269a67c9b901d569c38,"<span class=""692e726618f8102e61ac21b2"" data-kn=""connection-value"">蝮蛇2011 hi capa快速拉柄模型G17 TTiG34蛋夹底盖握把井制退器-淘宝网</span>","[{'id': '692e726618f8102e61ac21b2', 'identifier': '蝮蛇2011 hi capa快速拉柄模型G17 TTiG34蛋夹底盖握把井制退器-淘宝网'}]",Margins Added,Margins Added,银柄,银柄,银柄,银柄,https://item.taobao.com/item.htm?id=846296600859,https://item.taobao.com/item.htm?id=846296600859,,,Yes,True,12,12,12/02/2025 00:00,"{'date': '12/02/2025', 'date_formatted': '12/02/2025', 'hours': '12', 'minutes': '00', 'am_pm': 'AM', 'unix_timestamp': 1764633600000, 'iso_timestamp': '2025-12-02T00:00:00.000Z', 'timestamp': '12/02/2025 12:00 am', 'time': 0, 'time_formatted': '00:00', 'proper_unix_timestamp': 1764651600000, 'proper_iso_timestamp': '2025-12-02T05:00:00.000Z'}",12/02/2025 00:00,"{'date': '12/02/2025', 'date_formatted': '12/02/2025', 'hours': '12', 'minutes': '00', 'am_pm': 'AM', 'unix_timestamp': 1764633600000, 'iso_timestamp': '2025-12-02T00:00:00.000Z', 'timestamp': '12/02/2025 12:00 am', 'time': 0, 'time_formatted': '00:00', 'proper_unix_timestamp': 1764651600000, 'proper_iso_timestamp': '2025-12-02T05:00:00.000Z'}",,,,,,,,,37,36.88,$70.00,70,,,,,,,0.00,0,,,,,,,,,,,,,,,,,,,,,,,Yes,True
692e726598f5ae76cbeaeba7,"<span class=""692e7261392bfc02f0730548"" data-kn=""connection-value"">FMA 蝎式软壳快拔旦夹套5.56/7.62\9mm旦匣包 军迷射击MOLLE包-淘宝网</span>","[{'id': '692e7261392bfc02f0730548', 'identifier': 'FMA 蝎式软壳快拔旦夹套5.56/7.62\\9mm旦匣包 军迷射击MOLLE包-淘宝网'}]",Inactive,Inactive,短款,短款,,,,,,,Yes,True,1,1,12/02/2025 00:00,"{'date': '12/02/2025', 'date_formatted': '12/02/2025', 'hours': '12', 'minutes': '00', 'am_pm': 'AM', 'unix_timestamp': 1764633600000, 'iso_timestamp': '2025-12-02T00:00:00.000Z', 'timestamp': '12/02/2025 12:00 am', 'time': 0, 'time_formatted': '00:00', 'proper_unix_timestamp': 1764651600000, 'proper_iso_timestamp': '2025-12-02T05:00:00.000Z'}",12/02/2025 00:00,"{'date': '12/02/2025', 'date_formatted': '12/02/2025', 'hours': '12', 'minutes': '00', 'am_pm': 'AM', 'unix_timestamp': 1764633600000, 'iso_timestamp': '2025-12-02T00:00:00.000Z', 'timestamp': '12/02/2025 12:00 am', 'time': 0, 'time_formatted': '00:00', 'proper_unix_timestamp': 1764651600000, 'proper_iso_timestamp': '2025-12-02T05:00:00.000Z'}",,,,,,,,,0,0,$70.00,70,,,,,,,0.00,0,,,,,,,,,,,,,,,,,,,,,,,Yes,True
692e726598f5ae76cbeaeb35,"<span class=""692e7261392bfc02f0730548"" data-kn=""connection-value"">FMA 蝎式软壳快拔旦夹套5.56/7.62\9mm旦匣包 军迷射击MOLLE包-淘宝网</span>","[{'id': '692e7261392bfc02f0730548', 'identifier': 'FMA 蝎式软壳快拔旦夹套5.56/7.62\\9mm旦匣包 军迷射击MOLLE包-淘宝网'}]",Inactive,Inactive,小款,小款,,,,,,,Yes,True,2,2,12/02/2025 00:00,"{'date': '12/02/2025', 'date_formatted': '12/02/2025', 'hours': '12', 'minutes': '00', 'am_pm': 'AM', 'unix_timestamp': 1764633600000, 'iso_timestamp': '2025-12-02T00:00:00.000Z', 'timestamp': '12/02/2025 12:00 am', 'time': 0, 'time_formatted': '00:00', 'proper_unix_timestamp': 1764651600000, 'proper_iso_timestamp': '2025-12-02T05:00:00.000Z'}",12/02/2025 00:00,"{'date': '12/02/2025', 'date_formatted': '12/02/2025', 'hours': '12', 'minutes': '00', 'am_pm': 'AM', 'unix_timestamp': 1764633600000, 'iso_timestamp': '2025-12-02T00:00:00.000Z', 'timestamp': '12/02/2025 12:00 am', 'time': 0, 'time_formatted': '00:00', 'proper_unix_timestamp': 1764651600000, 'proper_iso_timestamp': '2025-12-02T05:00:00.000Z'}",,,,,,,,,0,0,$70.00,70,,,,,,,0.00,0,,,,,,,,,,,,,,,,,,,,,,,Yes,True
692e7264a67c9b901d566558,"<span class=""692e7261392bfc02f0730548"" data-kn=""connection-value"">FMA 蝎式软壳快拔旦夹套5.56/7.62\9mm旦匣包 军迷射击MOLLE包-淘宝网</span>","[{'id': '692e7261392bfc02f0730548', 'identifier': 'FMA 蝎式软壳快拔旦夹套5.56/7.62\\9mm旦匣包 军迷射击MOLLE包-淘宝网'}]",Inactive,Inactive,大款,大款,,,,,,,Yes,True,3,3,12/02/2025 00:00,"{'date': '12/02/2025', 'date_formatted': '12/02/2025', 'hours': '12', 'minutes': '00', 'am_pm': 'AM', 'unix_timestamp': 1764633600000, 'iso_timestamp': '2025-12-02T00:00:00.000Z', 'timestamp': '12/02/2025 12:00 am', 'time': 0, 'time_formatted': '00:00', 'proper_unix_timestamp': 1764651600000, 'proper_iso_timestamp': '2025-12-02T05:00:00.000Z'}",12/02/2025 00:00,"{'date': '12/02/2025', 'date_formatted': '12/02/2025', 'hours': '12', 'minutes': '00', 'am_pm': 'AM', 'unix_timestamp': 1764633600000, 'iso_timestamp': '2025-12-02T00:00:00.000Z', 'timestamp': '12/02/2025 12:00 am', 'time': 0, 'time_formatted': '00:00', 'proper_unix_timestamp': 1764651600000, 'proper_iso_timestamp': '2025-12-02T05:00:00.000Z'}",,,,,,,,,0,0,$70.00,70,,,,,,,0.00,0,,,,,,,,,,,,,,,,,,,,,,,Yes,True
692e7264f419468df1db1ecc,"<span class=""692e7261392bfc02f0730548"" data-kn=""connection-value"">FMA 蝎式软壳快拔旦夹套5.56/7.62\9mm旦匣包 军迷射击MOLLE包-淘宝网</span>","[{'id': '692e7261392bfc02f0730548', 'identifier': 'FMA 蝎式软壳快拔旦夹套5.56/7.62\\9mm旦匣包 军迷射击MOLLE包-淘宝网'}]",Inactive,Inactive,并联夹子-通用不分大小,并联夹子-通用不分大小,,,,,,,Yes,True,4,4,12/02/2025 00:00,"{'date': '12/02/2025', 'date_formatted': '12/02/2025', 'hours': '12', 'minutes': '00', 'am_pm': 'AM', 'unix_timestamp': 1764633600000, 'iso_timestamp': '2025-12-02T00:00:00.000Z', 'timestamp': '12/02/2025 12:00 am', 'time': 0, 'time_formatted': '00:00', 'proper_unix_timestamp': 1764651600000, 'proper_iso_timestamp': '2025-12-02T05:00:00.000Z'}",12/02/2025 00:00,"{'date': '12/02/2025', 'date_formatted': '12/02/2025', 'hours': '12', 'minutes': '00', 'am_pm': 'AM', 'unix_timestamp': 1764633600000, 'iso_timestamp': '2025-12-02T00:00:00.000Z', 'timestamp': '12/02/2025 12:00 am', 'time': 0, 'time_formatted': '00:00', 'proper_unix_timestamp': 1764651600000, 'proper_iso_timestamp': '2025-12-02T05:00:00.000Z'}",,,,,,,,,0,0,$70.00,70,,,,,,,0.00,0,,,,,,,,,,,,,,,,,,,,,,,Yes,True
692e726409e839f3a724bfab,"<span class=""692e7261392bfc02f0730548"" data-kn=""connection-value"">FMA 蝎式软壳快拔旦夹套5.56/7.62\9mm旦匣包 军迷射击MOLLE包-淘宝网</span>","[{'id': '692e7261392bfc02f0730548', 'identifier': 'FMA 蝎式软壳快拔旦夹套5.56/7.62\\9mm旦匣包 军迷射击MOLLE包-淘宝网'}]",Inactive,Inactive,BKOD黑绿,BKOD黑绿,,,,,,,Yes,True,5,5,12/02/2025 00:00,"{'date': '12/02/2025', 'date_formatted': '12/02/2025', 'hours': '12', 'minutes': '00', 'am_pm': 'AM', 'unix_timestamp': 1764633600000, 'iso_timestamp': '2025-12-02T00:00:00.000Z', 'timestamp': '12/02/2025 12:00 am', 'time': 0, 'time_formatted': '00:00', 'proper_unix_timestamp': 1764651600000, 'proper_iso_timestamp': '2025-12-02T05:00:00.000Z'}",12/02/2025 00:00,"{'date': '12/02/2025', 'date_formatted': '12/02/2025', 'hours': '12', 'minutes': '00', 'am_pm': 'AM', 'unix_timestamp': 1764633600000, 'iso_timestamp': '2025-12-02T00:00:00.000Z', 'timestamp': '12/02/2025 12:00 am', 'time': 0, 'time_formatted': '00:00', 'proper_unix_timestamp': 1764651600000, 'proper_iso_timestamp': '2025-12-02T05:00:00.000Z'}",,,,,,,,,0,0,$70.00,70,,,,,,,0.00,0,,,,,,,,,,,,,,,,,,,,,,,Yes,True
692e7263392bfc02f07368dc,"<span class=""692e7261392bfc02f0730548"" data-kn=""connection-value"">FMA 蝎式软壳快拔旦夹套5.56/7.62\9mm旦匣包 军迷射击MOLLE包-淘宝网</span>","[{'id': '692e7261392bfc02f0730548', 'identifier': 'FMA 蝎式软壳快拔旦夹套5.56/7.62\\9mm旦匣包 军迷射击MOLLE包-淘宝网'}]",Inactive,Inactive,BKR黑红,BKR黑红,,,,,,,Yes,True,6,6,12/02/2025 00:00,"{'date': '12/02/2025', 'date_formatted': '12/02/2025', 'hours': '12', 'minutes': '00', 'am_pm': 'AM', 'unix_timestamp': 1764633600000, 'iso_timestamp': '2025-12-02T00:00:00.000Z', 'timestamp': '12/02/2025 12:00 am', 'time': 0, 'time_formatted': '00:00', 'proper_unix_timestamp': 1764651600000, 'proper_iso_timestamp': '2025-12-02T05:00:00.000Z'}",12/02/2025 00:00,"{'date': '12/02/2025', 'date_formatted': '12/02/2025', 'hours': '12', 'minutes': '00', 'am_pm': 'AM', 'unix_timestamp': 1764633600000, 'iso_timestamp': '2025-12-02T00:00:00.000Z', 'timestamp': '12/02/2025 12:00 am', 'time': 0, 'time_formatted': '00:00', 'proper_unix_timestamp': 1764651600000, 'proper_iso_timestamp': '2025-12-02T05:00:00.000Z'}",,,,,,,,,0,0,$70.00,70,,,,,,,0.00,0,,,,,,,,,,,,,,,,,,,,,,,Yes,True
692e72637e25f4f438f4b7b5,"<span class=""692e7261392bfc02f0730548"" data-kn=""connection-value"">FMA 蝎式软壳快拔旦夹套5.56/7.62\9mm旦匣包 军迷射击MOLLE包-淘宝网</span>","[{'id': '692e7261392bfc02f0730548', 'identifier': 'FMA 蝎式软壳快拔旦夹套5.56/7.62\\9mm旦匣包 军迷射击MOLLE包-淘宝网'}]",Inactive,Inactive,BKT黑泥,BKT黑泥,,,,,,,Yes,True,7,7,12/02/2025 00:00,"{'date': '12/02/2025', 'date_formatted': '12/02/2025', 'hours': '12', 'minutes': '00', 'am_pm': 'AM', 'unix_timestamp': 1764633600000, 'iso_timestamp': '2025-12-02T00:00:00.000Z', 'timestamp': '12/02/2025 12:00 am', 'time': 0, 'time_formatted': '00:00', 'proper_unix_timestamp': 1764651600000, 'proper_iso_timestamp': '2025-12-02T05:00:00.000Z'}",12/02/2025 00:00,"{'date': '12/02/2025', 'date_formatted': '12/02/2025', 'hours': '12', 'minutes': '00', 'am_pm': 'AM', 'unix_timestamp': 1764633600000, 'iso_timestamp': '2025-12-02T00:00:00.000Z', 'timestamp': '12/02/2025 12:00 am', 'time': 0, 'time_formatted': '00:00', 'proper_unix_timestamp': 1764651600000, 'proper_iso_timestamp': '2025-12-02T05:00:00.000Z'}",,,,,,,,,0,0,$70.00,70,,,,,,,0.00,0,,,,,,,,,,,,,,,,,,,,,,,Yes,True
692e7263069ca22fda12a6de,"<span class=""692e7261392bfc02f0730548"" data-kn=""connection-value"">FMA 蝎式软壳快拔旦夹套5.56/7.62\9mm旦匣包 军迷射击MOLLE包-淘宝网</span>","[{'id': '692e7261392bfc02f0730548', 'identifier': 'FMA 蝎式软壳快拔旦夹套5.56/7.62\\9mm旦匣包 军迷射击MOLLE包-淘宝网'}]",Inactive,Inactive,FG游骑兵绿,FG游骑兵绿,,,,,,,Yes,True,8,8,12/02/2025 00:00,"{'date': '12/02/2025', 'date_formatted': '12/02/2025', 'hours': '12', 'minutes': '00', 'am_pm': 'AM', 'unix_timestamp': 1764633600000, 'iso_timestamp': '2025-12-02T00:00:00.000Z', 'timestamp': '12/02/2025 12:00 am', 'time': 0, 'time_formatted': '00:00', 'proper_unix_timestamp': 1764651600000, 'proper_iso_timestamp': '2025-12-02T05:00:00.000Z'}",12/02/2025 00:00,"{'date': '12/02/2025', 'date_formatted': '12/02/2025', 'hours': '12', 'minutes': '00', 'am_pm': 'AM', 'unix_timestamp': 1764633600000, 'iso_timestamp': '2025-12-02T00:00:00.000Z', 'timestamp': '12/02/2025 12:00 am', 'time': 0, 'time_formatted': '00:00', 'proper_unix_timestamp': 1764651600000, 'proper_iso_timestamp': '2025-12-02T05:00:00.000Z'}",,,,,,,,,0,0,$70.00,70,,,,,,,0.00,0,,,,,,,,,,,,,,,,,,,,,,,Yes,True
692e7263f0922057c405a2f0,"<span class=""692e7261392bfc02f0730548"" data-kn=""connection-value"">FMA 蝎式软壳快拔旦夹套5.56/7.62\9mm旦匣包 军迷射击MOLLE包-淘宝网</span>","[{'id': '692e7261392bfc02f0730548', 'identifier': 'FMA 蝎式软壳快拔旦夹套5.56/7.62\\9mm旦匣包 军迷射击MOLLE包-淘宝网'}]",Inactive,Inactive,BK黑色,BK黑色,,,,,,,Yes,True,9,9,12/02/2025 00:00,"{'date': '12/02/2025', 'date_formatted': '12/02/2025', 'hours': '12', 'minutes': '00', 'am_pm': 'AM', 'unix_timestamp': 1764633600000, 'iso_timestamp': '2025-12-02T00:00:00.000Z', 'timestamp': '12/02/2025 12:00 am', 'time': 0, 'time_formatted': '00:00', 'proper_unix_timestamp': 1764651600000, 'proper_iso_timestamp': '2025-12-02T05:00:00.000Z'}",12/02/2025 00:00,"{'date': '12/02/2025', 'date_formatted': '12/02/2025', 'hours': '12', 'minutes': '00', 'am_pm': 'AM', 'unix_timestamp': 1764633600000, 'iso_timestamp': '2025-12-02T00:00:00.000Z', 'timestamp': '12/02/2025 12:00 am', 'time': 0, 'time_formatted': '00:00', 'proper_unix_timestamp': 1764651600000, 'proper_iso_timestamp': '2025-12-02T05:00:00.000Z'}",,,,,,,,,0,0,$70.00,70,,,,,,,0.00,0,,,,,,,,,,,,,,,,,,,,,,,Yes,True
692e72627a558fba7c86240c,"<span class=""692e7261392bfc02f0730548"" data-kn=""connection-value"">FMA 蝎式软壳快拔旦夹套5.56/7.62\9mm旦匣包 军迷射击MOLLE包-淘宝网</span>","[{'id': '692e7261392bfc02f0730548', 'identifier': 'FMA 蝎式软壳快拔旦夹套5.56/7.62\\9mm旦匣包 军迷射击MOLLE包-淘宝网'}]",Inactive,Inactive,DE泥色,DE泥色,,,,,,,Yes,True,10,10,12/02/2025 00:00,"{'date': '12/02/2025', 'date_formatted': '12/02/2025', 'hours': '12', 'minutes': '00', 'am_pm': 'AM', 'unix_timestamp': 1764633600000, 'iso_timestamp': '2025-12-02T00:00:00.000Z', 'timestamp': '12/02/2025 12:00 am', 'time': 0, 'time_formatted': '00:00', 'proper_unix_timestamp': 1764651600000, 'proper_iso_timestamp': '2025-12-02T05:00:00.000Z'}",12/02/2025 00:00,"{'date': '12/02/2025', 'date_formatted': '12/02/2025', 'hours': '12', 'minutes': '00', 'am_pm': 'AM', 'unix_timestamp': 1764633600000, 'iso_timestamp': '2025-12-02T00:00:00.000Z', 'timestamp': '12/02/2025 12:00 am', 'time': 0, 'time_formatted': '00:00', 'proper_unix_timestamp': 1764651600000, 'proper_iso_timestamp': '2025-12-02T05:00:00.000Z'}",,,,,,,,,0,0,$70.00,70,,,,,,,0.00,0,,,,,,,,,,,,,,,,,,,,,,,Yes,True
692e72627e25f4f438f49586,"<span class=""692e7261392bfc02f0730548"" data-kn=""connection-value"">FMA 蝎式软壳快拔旦夹套5.56/7.62\9mm旦匣包 军迷射击MOLLE包-淘宝网</span>","[{'id': '692e7261392bfc02f0730548', 'identifier': 'FMA 蝎式软壳快拔旦夹套5.56/7.62\\9mm旦匣包 军迷射击MOLLE包-淘宝网'}]",Inactive,Inactive,OD军绿色,OD军绿色,,,,,,,Yes,True,11,11,12/02/2025 00:00,"{'date': '12/02/2025', 'date_formatted': '12/02/2025', 'hours': '12', 'minutes': '00', 'am_pm': 'AM', 'unix_timestamp': 1764633600000, 'iso_timestamp': '2025-12-02T00:00:00.000Z', 'timestamp': '12/02/2025 12:00 am', 'time': 0, 'time_formatted': '00:00', 'proper_unix_timestamp': 1764651600000, 'proper_iso_timestamp': '2025-12-02T05:00:00.000Z'}",12/02/2025 00:00,"{'date': '12/02/2025', 'date_formatted': '12/02/2025', 'hours': '12', 'minutes': '00', 'am_pm': 'AM', 'unix_timestamp': 1764633600000, 'iso_timestamp': '2025-12-02T00:00:00.000Z', 'timestamp': '12/02/2025 12:00 am', 'time': 0, 'time_formatted': '00:00', 'proper_unix_timestamp': 1764651600000, 'proper_iso_timestamp': '2025-12-02T05:00:00.000Z'}",,,,,,,,,0,0,$70.00,70,,,,,,,0.00,0,,,,,,,,,,,,,,,,,,,,,,,Yes,True
692e726017d38f64839cd512,"<span class=""692e725c7e25f4f438f430e8"" data-kn=""connection-value"">七彩喷火夜光消荧光玩具喷火战术夜光激发装置软弹感应器影视装备-淘宝网</span>","[{'id': '692e725c7e25f4f438f430e8', 'identifier': '七彩喷火夜光消荧光玩具喷火战术夜光激发装置软弹感应器影视装备-淘宝网'}]",Inactive,Inactive,蜂巢彩虹夜光消音,蜂巢彩虹夜光消音,,,,,,,Yes,True,1,1,12/02/2025 00:00,"{'date': '12/02/2025', 'date_formatted': '12/02/2025', 'hours': '12', 'minutes': '00', 'am_pm': 'AM', 'unix_timestamp': 1764633600000, 'iso_timestamp': '2025-12-02T00:00:00.000Z', 'timestamp': '12/02/2025 12:00 am', 'time': 0, 'time_formatted': '00:00', 'proper_unix_timestamp': 1764651600000, 'proper_iso_timestamp': '2025-12-02T05:00:00.000Z'}",12/02/2025 00:00,"{'date': '12/02/2025', 'date_formatted': '12/02/2025', 'hours': '12', 'minutes': '00', 'am_pm': 'AM', 'unix_timestamp': 1764633600000, 'iso_timestamp': '2025-12-02T00:00:00.000Z', 'timestamp': '12/02/2025 12:00 am', 'time': 0, 'time_formatted': '00:00', 'proper_unix_timestamp': 1764651600000, 'proper_iso_timestamp': '2025-12-02T05:00:00.000Z'}",,,,,,,,,0,0,$70.00,70,,,,,,,0.00,0,,,,,,,,,,,,,,,,,,,,,,,Yes,True
692e725f06854af464938eb8,"<span class=""692e725c7e25f4f438f430e8"" data-kn=""connection-value"">七彩喷火夜光消荧光玩具喷火战术夜光激发装置软弹感应器影视装备-淘宝网</span>","[{'id': '692e725c7e25f4f438f430e8', 'identifier': '七彩喷火夜光消荧光玩具喷火战术夜光激发装置软弹感应器影视装备-淘宝网'}]",Inactive,Inactive,压迫者彩虹夜光消音,压迫者彩虹夜光消音,,,,,,,Yes,True,2,2,12/02/2025 00:00,"{'date': '12/02/2025', 'date_formatted': '12/02/2025', 'hours': '12', 'minutes': '00', 'am_pm': 'AM', 'unix_timestamp': 1764633600000, 'iso_timestamp': '2025-12-02T00:00:00.000Z', 'timestamp': '12/02/2025 12:00 am', 'time': 0, 'time_formatted': '00:00', 'proper_unix_timestamp': 1764651600000, 'proper_iso_timestamp': '2025-12-02T05:00:00.000Z'}",12/02/2025 00:00,"{'date': '12/02/2025', 'date_formatted': '12/02/2025', 'hours': '12', 'minutes': '00', 'am_pm': 'AM', 'unix_timestamp': 1764633600000, 'iso_timestamp': '2025-12-02T00:00:00.000Z', 'timestamp': '12/02/2025 12:00 am', 'time': 0, 'time_formatted': '00:00', 'proper_unix_timestamp': 1764651600000, 'proper_iso_timestamp': '2025-12-02T05:00:00.000Z'}",,,,,,,,,0,0,$70.00,70,,,,,,,0.00,0,,,,,,,,,,,,,,,,,,,,,,,Yes,True
692e725f09e839f3a72457b6,"<span class=""692e725c7e25f4f438f430e8"" data-kn=""connection-value"">七彩喷火夜光消荧光玩具喷火战术夜光激发装置软弹感应器影视装备-淘宝网</span>","[{'id': '692e725c7e25f4f438f430e8', 'identifier': '七彩喷火夜光消荧光玩具喷火战术夜光激发装置软弹感应器影视装备-淘宝网'}]",Inactive,Inactive,7彩slr夜光消音,7彩slr夜光消音,,,,,,,Yes,True,3,3,12/02/2025 00:00,"{'date': '12/02/2025', 'date_formatted': '12/02/2025', 'hours': '12', 'minutes': '00', 'am_pm': 'AM', 'unix_timestamp': 1764633600000, 'iso_timestamp': '2025-12-02T00:00:00.000Z', 'timestamp': '12/02/2025 12:00 am', 'time': 0, 'time_formatted': '00:00', 'proper_unix_timestamp': 1764651600000, 'proper_iso_timestamp': '2025-12-02T05:00:00.000Z'}",12/02/2025 00:00,"{'date': '12/02/2025', 'date_formatted': '12/02/2025', 'hours': '12', 'minutes': '00', 'am_pm': 'AM', 'unix_timestamp': 1764633600000, 'iso_timestamp': '2025-12-02T00:00:00.000Z', 'timestamp': '12/02/2025 12:00 am', 'time': 0, 'time_formatted': '00:00', 'proper_unix_timestamp': 1764651600000, 'proper_iso_timestamp': '2025-12-02T05:00:00.000Z'}",,,,,,,,,0,0,$70.00,70,,,,,,,0.00,0,,,,,,,,,,,,,,,,,,,,,,,Yes,True
692e725e18f8102e61abab3f,"<span class=""692e725c7e25f4f438f430e8"" data-kn=""connection-value"">七彩喷火夜光消荧光玩具喷火战术夜光激发装置软弹感应器影视装备-淘宝网</span>","[{'id': '692e725c7e25f4f438f430e8', 'identifier': '七彩喷火夜光消荧光玩具喷火战术夜光激发装置软弹感应器影视装备-淘宝网'}]",Active,Active,7彩夜光消音沙色,7彩夜光消音沙色,,,,,,,Yes,True,4,4,12/02/2025 00:00,"{'date': '12/02/2025', 'date_formatted': '12/02/2025', 'hours': '12', 'minutes': '00', 'am_pm': 'AM', 'unix_timestamp': 1764633600000, 'iso_timestamp': '2025-12-02T00:00:00.000Z', 'timestamp': '12/02/2025 12:00 am', 'time': 0, 'time_formatted': '00:00', 'proper_unix_timestamp': 1764651600000, 'proper_iso_timestamp': '2025-12-02T05:00:00.000Z'}",12/02/2025 00:00,"{'date': '12/02/2025', 'date_formatted': '12/02/2025', 'hours': '12', 'minutes': '00', 'am_pm': 'AM', 'unix_timestamp': 1764633600000, 'iso_timestamp': '2025-12-02T00:00:00.000Z', 'timestamp': '12/02/2025 12:00 am', 'time': 0, 'time_formatted': '00:00', 'proper_unix_timestamp': 1764651600000, 'proper_iso_timestamp': '2025-12-02T05:00:00.000Z'}",,,,,,,,,185,185,$30.00,30,,,,,,,67.99,67.99,,,29.90,29.9,13.20,13.2,,,,,,,,,,,,,,,$40.85,40.85,Yes,True
692e725e52032e7f9674b73c,"<span class=""692e725c7e25f4f438f430e8"" data-kn=""connection-value"">七彩喷火夜光消荧光玩具喷火战术夜光激发装置软弹感应器影视装备-淘宝网</span>","[{'id': '692e725c7e25f4f438f430e8', 'identifier': '七彩喷火夜光消荧光玩具喷火战术夜光激发装置软弹感应器影视装备-淘宝网'}]",Active,Active,7彩夜光消音黑色,7彩夜光消音黑色,,,,,,,Yes,True,5,5,12/02/2025 00:00,"{'date': '12/02/2025', 'date_formatted': '12/02/2025', 'hours': '12', 'minutes': '00', 'am_pm': 'AM', 'unix_timestamp': 1764633600000, 'iso_timestamp': '2025-12-02T00:00:00.000Z', 'timestamp': '12/02/2025 12:00 am', 'time': 0, 'time_formatted': '00:00', 'proper_unix_timestamp': 1764651600000, 'proper_iso_timestamp': '2025-12-02T05:00:00.000Z'}",12/02/2025 00:00,"{'date': '12/02/2025', 'date_formatted': '12/02/2025', 'hours': '12', 'minutes': '00', 'am_pm': 'AM', 'unix_timestamp': 1764633600000, 'iso_timestamp': '2025-12-02T00:00:00.000Z', 'timestamp': '12/02/2025 12:00 am', 'time': 0, 'time_formatted': '00:00', 'proper_unix_timestamp': 1764651600000, 'proper_iso_timestamp': '2025-12-02T05:00:00.000Z'}",,,,,,,,,185,185,$30.00,30,,,,,,,67.99,67.99,,,29.90,29.9,13.20,13.2,,,,,,,,,,,,,,,$40.85,40.85,Yes,True
692e725e52032e7f9674b6c7,"<span class=""692e725c7e25f4f438f430e8"" data-kn=""connection-value"">七彩喷火夜光消荧光玩具喷火战术夜光激发装置软弹感应器影视装备-淘宝网</span>","[{'id': '692e725c7e25f4f438f430e8', 'identifier': '七彩喷火夜光消荧光玩具喷火战术夜光激发装置软弹感应器影视装备-淘宝网'}]",Inactive,Inactive,喷火猪夜光消音,喷火猪夜光消音,,,,,,,Yes,True,6,6,12/02/2025 00:00,"{'date': '12/02/2025', 'date_formatted': '12/02/2025', 'hours': '12', 'minutes': '00', 'am_pm': 'AM', 'unix_timestamp': 1764633600000, 'iso_timestamp': '2025-12-02T00:00:00.000Z', 'timestamp': '12/02/2025 12:00 am', 'time': 0, 'time_formatted': '00:00', 'proper_unix_timestamp': 1764651600000, 'proper_iso_timestamp': '2025-12-02T05:00:00.000Z'}",12/02/2025 00:00,"{'date': '12/02/2025', 'date_formatted': '12/02/2025', 'hours': '12', 'minutes': '00', 'am_pm': 'AM', 'unix_timestamp': 1764633600000, 'iso_timestamp': '2025-12-02T00:00:00.000Z', 'timestamp': '12/02/2025 12:00 am', 'time': 0, 'time_formatted': '00:00', 'proper_unix_timestamp': 1764651600000, 'proper_iso_timestamp': '2025-12-02T05:00:00.000Z'}",,,,,,,,,0,0,$70.00,70,,,,,,,0.00,0,,,,,,,,,,,,,,,,,,,,,,,Yes,True
692e725b17d38f64839c6a80,"<span class=""692e72567a558fba7c850e06"" data-kn=""connection-value"">NGD北境防务 ""FPS""运动相机战术连接臂-淘宝网</span>","[{'id': '692e72567a558fba7c850e06', 'identifier': 'NGD北境防务 ""FPS""运动相机战术连接臂-淘宝网'}]",Active,Active,规格说明：适用大疆及影石等通用转接接口,规格说明：适用大疆及影石等通用转接接口,,,,,,,Yes,True,1,1,12/02/2025 00:00,"{'date': '12/02/2025', 'date_formatted': '12/02/2025', 'hours': '12', 'minutes': '00', 'am_pm': 'AM', 'unix_timestamp': 1764633600000, 'iso_timestamp': '2025-12-02T00:00:00.000Z', 'timestamp': '12/02/2025 12:00 am', 'time': 0, 'time_formatted': '00:00', 'proper_unix_timestamp': 1764651600000, 'proper_iso_timestamp': '2025-12-02T05:00:00.000Z'}",12/02/2025 00:00,"{'date': '12/02/2025', 'date_formatted': '12/02/2025', 'hours': '12', 'minutes': '00', 'am_pm': 'AM', 'unix_timestamp': 1764633600000, 'iso_timestamp': '2025-12-02T00:00:00.000Z', 'timestamp': '12/02/2025 12:00 am', 'time': 0, 'time_formatted': '00:00', 'proper_unix_timestamp': 1764651600000, 'proper_iso_timestamp': '2025-12-02T05:00:00.000Z'}",,,,,,,,,158,158,$30.00,30,,,,,,,59.99,59.99,,,30.50,30.5,13.80,13.8,,,,,,,,,,,,,,,$35.72,35.72,Yes,True
692e725a7a558fba7c8594be,"<span class=""692e72567a558fba7c850e06"" data-kn=""connection-value"">NGD北境防务 ""FPS""运动相机战术连接臂-淘宝网</span>","[{'id': '692e72567a558fba7c850e06', 'identifier': 'NGD北境防务 ""FPS""运动相机战术连接臂-淘宝网'}]",Active,Active,NGD FPS沙色,NGD FPS沙色,,,,,,,Yes,True,2,2,12/02/2025 00:00,"{'date': '12/02/2025', 'date_formatted': '12/02/2025', 'hours': '12', 'minutes': '00', 'am_pm': 'AM', 'unix_timestamp': 1764633600000, 'iso_timestamp': '2025-12-02T00:00:00.000Z', 'timestamp': '12/02/2025 12:00 am', 'time': 0, 'time_formatted': '00:00', 'proper_unix_timestamp': 1764651600000, 'proper_iso_timestamp': '2025-12-02T05:00:00.000Z'}",12/02/2025 00:00,"{'date': '12/02/2025', 'date_formatted': '12/02/2025', 'hours': '12', 'minutes': '00', 'am_pm': 'AM', 'unix_timestamp': 1764633600000, 'iso_timestamp': '2025-12-02T00:00:00.000Z', 'timestamp': '12/02/2025 12:00 am', 'time': 0, 'time_formatted': '00:00', 'proper_unix_timestamp': 1764651600000, 'proper_iso_timestamp': '2025-12-02T05:00:00.000Z'}",,,,,,,,,158,158,$30.00,30,,,,,,,59.99,59.99,,,30.50,30.5,13.80,13.8,,,,,,,,,,,,,,,$35.72,35.72,Yes,True
692e7258ca52923e5b3183c5,"<span class=""692e72567a558fba7c850e06"" data-kn=""connection-value"">NGD北境防务 ""FPS""运动相机战术连接臂-淘宝网</span>","[{'id': '692e72567a558fba7c850e06', 'identifier': 'NGD北境防务 ""FPS""运动相机战术连接臂-淘宝网'}]",Active,Active,NGD FPS黑色,NGD FPS黑色,,,,,,,Yes,True,3,3,12/02/2025 00:00,"{'date': '12/02/2025', 'date_formatted': '12/02/2025', 'hours': '12', 'minutes': '00', 'am_pm': 'AM', 'unix_timestamp': 1764633600000, 'iso_timestamp': '2025-12-02T00:00:00.000Z', 'timestamp': '12/02/2025 12:00 am', 'time': 0, 'time_formatted': '00:00', 'proper_unix_timestamp': 1764651600000, 'proper_iso_timestamp': '2025-12-02T05:00:00.000Z'}",12/02/2025 00:00,"{'date': '12/02/2025', 'date_formatted': '12/02/2025', 'hours': '12', 'minutes': '00', 'am_pm': 'AM', 'unix_timestamp': 1764633600000, 'iso_timestamp': '2025-12-02T00:00:00.000Z', 'timestamp': '12/02/2025 12:00 am', 'time': 0, 'time_formatted': '00:00', 'proper_unix_timestamp': 1764651600000, 'proper_iso_timestamp': '2025-12-02T05:00:00.000Z'}",,,,,,,,,158,158,$30.00,30,,,,,,,59.99,59.99,,,30.50,30.5,13.80,13.8,,,,,,,,,,,,,,,$35.72,35.72,Yes,True
692e725598f5ae76cbe97823,"<span class=""692e724ea67c9b901d556a91"" data-kn=""connection-value"">WST风镜防雾器电动除雾TYPE-C充电风速可调搭配头盔使用战术配件-淘宝网</span>","[{'id': '692e724ea67c9b901d556a91', 'identifier': 'WST风镜防雾器电动除雾TYPE-C充电风速可调搭配头盔使用战术配件-淘宝网'}]",Active,Active,OD军绿色风镜一套（一块镜片）,OD军绿色风镜一套（一块镜片）,,,,,,,Yes,True,1,1,12/02/2025 00:00,"{'date': '12/02/2025', 'date_formatted': '12/02/2025', 'hours': '12', 'minutes': '00', 'am_pm': 'AM', 'unix_timestamp': 1764633600000, 'iso_timestamp': '2025-12-02T00:00:00.000Z', 'timestamp': '12/02/2025 12:00 am', 'time': 0, 'time_formatted': '00:00', 'proper_unix_timestamp': 1764651600000, 'proper_iso_timestamp': '2025-12-02T05:00:00.000Z'}",12/02/2025 00:00,"{'date': '12/02/2025', 'date_formatted': '12/02/2025', 'hours': '12', 'minutes': '00', 'am_pm': 'AM', 'unix_timestamp': 1764633600000, 'iso_timestamp': '2025-12-02T00:00:00.000Z', 'timestamp': '12/02/2025 12:00 am', 'time': 0, 'time_formatted': '00:00', 'proper_unix_timestamp': 1764651600000, 'proper_iso_timestamp': '2025-12-02T05:00:00.000Z'}",,,,,,,,,58,58,$30.00,30,,,,,,,27.99,27.99,,,30.30,30.3,13.60,13.6,,,,,,,,,,,,,,,$16.72,16.72,Yes,True
692e72547a558fba7c84e224,"<span class=""692e724ea67c9b901d556a91"" data-kn=""connection-value"">WST风镜防雾器电动除雾TYPE-C充电风速可调搭配头盔使用战术配件-淘宝网</span>","[{'id': '692e724ea67c9b901d556a91', 'identifier': 'WST风镜防雾器电动除雾TYPE-C充电风速可调搭配头盔使用战术配件-淘宝网'}]",Active,Active,T泥色风镜一套（一块镜片）,T泥色风镜一套（一块镜片）,,,,,,,Yes,True,2,2,12/02/2025 00:00,"{'date': '12/02/2025', 'date_formatted': '12/02/2025', 'hours': '12', 'minutes': '00', 'am_pm': 'AM', 'unix_timestamp': 1764633600000, 'iso_timestamp': '2025-12-02T00:00:00.000Z', 'timestamp': '12/02/2025 12:00 am', 'time': 0, 'time_formatted': '00:00', 'proper_unix_timestamp': 1764651600000, 'proper_iso_timestamp': '2025-12-02T05:00:00.000Z'}",12/02/2025 00:00,"{'date': '12/02/2025', 'date_formatted': '12/02/2025', 'hours': '12', 'minutes': '00', 'am_pm': 'AM', 'unix_timestamp': 1764633600000, 'iso_timestamp': '2025-12-02T00:00:00.000Z', 'timestamp': '12/02/2025 12:00 am', 'time': 0, 'time_formatted': '00:00', 'proper_unix_timestamp': 1764651600000, 'proper_iso_timestamp': '2025-12-02T05:00:00.000Z'}",,,,,,,,,58,58,$30.00,30,,,,,,,27.99,27.99,,,30.30,30.3,13.60,13.6,,,,,,,,,,,,,,,$16.72,16.72,Yes,True
692e725317d38f64839b7de3,"<span class=""692e724ea67c9b901d556a91"" data-kn=""connection-value"">WST风镜防雾器电动除雾TYPE-C充电风速可调搭配头盔使用战术配件-淘宝网</span>","[{'id': '692e724ea67c9b901d556a91', 'identifier': 'WST风镜防雾器电动除雾TYPE-C充电风速可调搭配头盔使用战术配件-淘宝网'}]",Active,Active,BK黑色风镜一套（一块镜片）,BK黑色风镜一套（一块镜片）,,,,,,,Yes,True,3,3,12/02/2025 00:00,"{'date': '12/02/2025', 'date_formatted': '12/02/2025', 'hours': '12', 'minutes': '00', 'am_pm': 'AM', 'unix_timestamp': 1764633600000, 'iso_timestamp': '2025-12-02T00:00:00.000Z', 'timestamp': '12/02/2025 12:00 am', 'time': 0, 'time_formatted': '00:00', 'proper_unix_timestamp': 1764651600000, 'proper_iso_timestamp': '2025-12-02T05:00:00.000Z'}",12/02/2025 00:00,"{'date': '12/02/2025', 'date_formatted': '12/02/2025', 'hours': '12', 'minutes': '00', 'am_pm': 'AM', 'unix_timestamp': 1764633600000, 'iso_timestamp': '2025-12-02T00:00:00.000Z', 'timestamp': '12/02/2025 12:00 am', 'time': 0, 'time_formatted': '00:00', 'proper_unix_timestamp': 1764651600000, 'proper_iso_timestamp': '2025-12-02T05:00:00.000Z'}",,,,,,,,,58,58,$30.00,30,,,,,,,27.99,27.99,,,30.30,30.3,13.60,13.6,,,,,,,,,,,,,,,$16.72,16.72,Yes,True
692e725345a61c7d1f2bd5b0,"<span class=""692e724ea67c9b901d556a91"" data-kn=""connection-value"">WST风镜防雾器电动除雾TYPE-C充电风速可调搭配头盔使用战术配件-淘宝网</span>","[{'id': '692e724ea67c9b901d556a91', 'identifier': 'WST风镜防雾器电动除雾TYPE-C充电风速可调搭配头盔使用战术配件-淘宝网'}]",Active,Active,OD军绿色风镜一套（三块镜片）,OD军绿色风镜一套（三块镜片）,,,,,,,Yes,True,4,4,12/02/2025 00:00,"{'date': '12/02/2025', 'date_formatted': '12/02/2025', 'hours': '12', 'minutes': '00', 'am_pm': 'AM', 'unix_timestamp': 1764633600000, 'iso_timestamp': '2025-12-02T00:00:00.000Z', 'timestamp': '12/02/2025 12:00 am', 'time': 0, 'time_formatted': '00:00', 'proper_unix_timestamp': 1764651600000, 'proper_iso_timestamp': '2025-12-02T05:00:00.000Z'}",12/02/2025 00:00,"{'date': '12/02/2025', 'date_formatted': '12/02/2025', 'hours': '12', 'minutes': '00', 'am_pm': 'AM', 'unix_timestamp': 1764633600000, 'iso_timestamp': '2025-12-02T00:00:00.000Z', 'timestamp': '12/02/2025 12:00 am', 'time': 0, 'time_formatted': '00:00', 'proper_unix_timestamp': 1764651600000, 'proper_iso_timestamp': '2025-12-02T05:00:00.000Z'}",,,,,,,,,85,85,$30.00,30,,,,,,,35.99,35.99,,,29.30,29.3,12.50,12.5,,,,,,,,,,,,,,,$21.85,21.85,Yes,True
692e7252fa364bcdfb6ab896,"<span class=""692e724ea67c9b901d556a91"" data-kn=""connection-value"">WST风镜防雾器电动除雾TYPE-C充电风速可调搭配头盔使用战术配件-淘宝网</span>","[{'id': '692e724ea67c9b901d556a91', 'identifier': 'WST风镜防雾器电动除雾TYPE-C充电风速可调搭配头盔使用战术配件-淘宝网'}]",Active,Active,T泥色风镜一套（三块镜片）,T泥色风镜一套（三块镜片）,,,,,,,Yes,True,5,5,12/02/2025 00:00,"{'date': '12/02/2025', 'date_formatted': '12/02/2025', 'hours': '12', 'minutes': '00', 'am_pm': 'AM', 'unix_timestamp': 1764633600000, 'iso_timestamp': '2025-12-02T00:00:00.000Z', 'timestamp': '12/02/2025 12:00 am', 'time': 0, 'time_formatted': '00:00', 'proper_unix_timestamp': 1764651600000, 'proper_iso_timestamp': '2025-12-02T05:00:00.000Z'}",12/02/2025 00:00,"{'date': '12/02/2025', 'date_formatted': '12/02/2025', 'hours': '12', 'minutes': '00', 'am_pm': 'AM', 'unix_timestamp': 1764633600000, 'iso_timestamp': '2025-12-02T00:00:00.000Z', 'timestamp': '12/02/2025 12:00 am', 'time': 0, 'time_formatted': '00:00', 'proper_unix_timestamp': 1764651600000, 'proper_iso_timestamp': '2025-12-02T05:00:00.000Z'}",,,,,,,,,85,85,$30.00,30,,,,,,,35.99,35.99,,,29.30,29.3,12.50,12.5,,,,,,,,,,,,,,,$21.85,21.85,Yes,True
692e7252fa364bcdfb6ab5f8,"<span class=""692e724ea67c9b901d556a91"" data-kn=""connection-value"">WST风镜防雾器电动除雾TYPE-C充电风速可调搭配头盔使用战术配件-淘宝网</span>","[{'id': '692e724ea67c9b901d556a91', 'identifier': 'WST风镜防雾器电动除雾TYPE-C充电风速可调搭配头盔使用战术配件-淘宝网'}]",Active,Active,BK黑色风镜一套（三块镜片）,BK黑色风镜一套（三块镜片）,,,,,,,Yes,True,6,6,12/02/2025 00:00,"{'date': '12/02/2025', 'date_formatted': '12/02/2025', 'hours': '12', 'minutes': '00', 'am_pm': 'AM', 'unix_timestamp': 1764633600000, 'iso_timestamp': '2025-12-02T00:00:00.000Z', 'timestamp': '12/02/2025 12:00 am', 'time': 0, 'time_formatted': '00:00', 'proper_unix_timestamp': 1764651600000, 'proper_iso_timestamp': '2025-12-02T05:00:00.000Z'}",12/02/2025 00:00,"{'date': '12/02/2025', 'date_formatted': '12/02/2025', 'hours': '12', 'minutes': '00', 'am_pm': 'AM', 'unix_timestamp': 1764633600000, 'iso_timestamp': '2025-12-02T00:00:00.000Z', 'timestamp': '12/02/2025 12:00 am', 'time': 0, 'time_formatted': '00:00', 'proper_unix_timestamp': 1764651600000, 'proper_iso_timestamp': '2025-12-02T05:00:00.000Z'}",,,,,,,,,85,85,$30.00,30,,,,,,,35.99,35.99,,,29.30,29.3,12.50,12.5,,,,,,,,,,,,,,,$21.85,21.85,Yes,True
692e72520fa6761025432382,"<span class=""692e724ea67c9b901d556a91"" data-kn=""connection-value"">WST风镜防雾器电动除雾TYPE-C充电风速可调搭配头盔使用战术配件-淘宝网</span>","[{'id': '692e724ea67c9b901d556a91', 'identifier': 'WST风镜防雾器电动除雾TYPE-C充电风速可调搭配头盔使用战术配件-淘宝网'}]",Active,Active,BK黑色（除雾器）,BK黑色（除雾器）,,,,,,,Yes,True,7,7,12/02/2025 00:00,"{'date': '12/02/2025', 'date_formatted': '12/02/2025', 'hours': '12', 'minutes': '00', 'am_pm': 'AM', 'unix_timestamp': 1764633600000, 'iso_timestamp': '2025-12-02T00:00:00.000Z', 'timestamp': '12/02/2025 12:00 am', 'time': 0, 'time_formatted': '00:00', 'proper_unix_timestamp': 1764651600000, 'proper_iso_timestamp': '2025-12-02T05:00:00.000Z'}",12/02/2025 00:00,"{'date': '12/02/2025', 'date_formatted': '12/02/2025', 'hours': '12', 'minutes': '00', 'am_pm': 'AM', 'unix_timestamp': 1764633600000, 'iso_timestamp': '2025-12-02T00:00:00.000Z', 'timestamp': '12/02/2025 12:00 am', 'time': 0, 'time_formatted': '00:00', 'proper_unix_timestamp': 1764651600000, 'proper_iso_timestamp': '2025-12-02T05:00:00.000Z'}",,,,,,,,,115,115,$30.00,30,,,,,,,45.99,45.99,,,30.10,30.1,13.40,13.4,,,,,,,,,,,,,,,$27.55,27.55,Yes,True
692e724e17d38f64839b56b6,"<span class=""692e7249bbb1193449c6c364"" data-kn=""connection-value"">金属增高支架镜桥GBRS Hydra九头蛇UNITY EXPS底座T1 T2 H1 2红点-淘宝网</span>","[{'id': '692e7249bbb1193449c6c364', 'identifier': '金属增高支架镜桥GBRS Hydra九头蛇UNITY EXPS底座T1 T2 H1 2红点-淘宝网'}]",Margins Added,Margins Added,Coyote Brown - UNITY EXPS,Coyote Brown - UNITY EXPS,金棕色-UNITY EXPS,金棕色-UNITY EXPS,https://item.taobao.com/item.htm?id=853328243320,https://item.taobao.com/item.htm?id=853328243320,,,Yes,True,1,1,12/01/2025 23:59,"{'date': '12/01/2025', 'date_formatted': '12/01/2025', 'hours': '11', 'minutes': '59', 'am_pm': 'PM', 'unix_timestamp': 1764633540000, 'iso_timestamp': '2025-12-01T23:59:00.000Z', 'timestamp': '12/01/2025 11:59 pm', 'time': 1439, 'time_formatted': '23:59', 'proper_unix_timestamp': 1764651540000, 'proper_iso_timestamp': '2025-12-02T04:59:00.000Z'}",12/01/2025 23:59,"{'date': '12/01/2025', 'date_formatted': '12/01/2025', 'hours': '11', 'minutes': '59', 'am_pm': 'PM', 'unix_timestamp': 1764633540000, 'iso_timestamp': '2025-12-01T23:59:00.000Z', 'timestamp': '12/01/2025 11:59 pm', 'time': 1439, 'time_formatted': '23:59', 'proper_unix_timestamp': 1764651540000, 'proper_iso_timestamp': '2025-12-02T04:59:00.000Z'}",Color,Color,Coyote Brown,Coyote Brown,,,,,38,38,$70.00,70,,,140,$140,https://rdsc.ca/optics-mounts/unity-tactical.html,https://rdsc.ca/optics-mounts/unity-tactical.html,0.00,0,,,,,,,,,,,,,,,,,,,,,,,Yes,True
692e724e17d38f64839b5649,"<span class=""692e7249bbb1193449c6c364"" data-kn=""connection-value"">金属增高支架镜桥GBRS Hydra九头蛇UNITY EXPS底座T1 T2 H1 2红点-淘宝网</span>","[{'id': '692e7249bbb1193449c6c364', 'identifier': '金属增高支架镜桥GBRS Hydra九头蛇UNITY EXPS底座T1 T2 H1 2红点-淘宝网'}]",Active,Active,Black - UNITY EXPS,Black - UNITY EXPS,黑色-UNITY EXPS,黑色-UNITY EXPS,https://item.taobao.com/item.htm?from=cart&id=853328243320&mi_id=0000DYqd-9XBoSgJTlcVA9tuUrcP89JSTiVIRBTpInbF4MI&skuId=5820993846241&spm=a1z0d.6639537%2F202410.item.d853328243320.6c8b7484YUvCoG&upStreamPrice=12800,https://item.taobao.com/item.htm?from=cart&id=853328243320&mi_id=0000DYqd-9XBoSgJTlcVA9tuUrcP89JSTiVIRBTpInbF4MI&skuId=5820993846241&spm=a1z0d.6639537%2F202410.item.d853328243320.6c8b7484YUvCoG&upStreamPrice=12800,,,Yes,True,2,2,12/01/2025 23:59,"{'date': '12/01/2025', 'date_formatted': '12/01/2025', 'hours': '11', 'minutes': '59', 'am_pm': 'PM', 'unix_timestamp': 1764633540000, 'iso_timestamp': '2025-12-01T23:59:00.000Z', 'timestamp': '12/01/2025 11:59 pm', 'time': 1439, 'time_formatted': '23:59', 'proper_unix_timestamp': 1764651540000, 'proper_iso_timestamp': '2025-12-02T04:59:00.000Z'}",12/01/2025 23:59,"{'date': '12/01/2025', 'date_formatted': '12/01/2025', 'hours': '11', 'minutes': '59', 'am_pm': 'PM', 'unix_timestamp': 1764633540000, 'iso_timestamp': '2025-12-01T23:59:00.000Z', 'timestamp': '12/01/2025 11:59 pm', 'time': 1439, 'time_formatted': '23:59', 'proper_unix_timestamp': 1764651540000, 'proper_iso_timestamp': '2025-12-02T04:59:00.000Z'}",,,,,,,,,38,38,$30.00,30,,,140,$140,https://rdsc.ca/optics-mounts/unity-tactical.html,https://rdsc.ca/optics-mounts/unity-tactical.html,21.99,21.99,,,31.20,31.2,14.70,14.7,,,,,,,,,,,,,,,$12.92,12.92,Yes,True
692e724d98f5ae76cbe8f513,"<span class=""692e7249bbb1193449c6c364"" data-kn=""connection-value"">金属增高支架镜桥GBRS Hydra九头蛇UNITY EXPS底座T1 T2 H1 2红点-淘宝网</span>","[{'id': '692e7249bbb1193449c6c364', 'identifier': '金属增高支架镜桥GBRS Hydra九头蛇UNITY EXPS底座T1 T2 H1 2红点-淘宝网'}]",Margins Added,Margins Added,Coyote Brown Tall - UNITY FAST,Coyote Brown Tall - UNITY FAST,金棕色高款–UNITY FAST,金棕色高款–UNITY FAST,https://item.taobao.com/item.htm?from=cart&id=853328243320&mi_id=0000DYqd-9XBoSgJTlcVA9tuUrcP89JSTiVIRBTpInbF4MI&skuId=5820993846240&spm=a1z0d.6639537%2F202410.item.d853328243320.6c8b7484YUvCoG&upStreamPrice=12800,https://item.taobao.com/item.htm?from=cart&id=853328243320&mi_id=0000DYqd-9XBoSgJTlcVA9tuUrcP89JSTiVIRBTpInbF4MI&skuId=5820993846240&spm=a1z0d.6639537%2F202410.item.d853328243320.6c8b7484YUvCoG&upStreamPrice=12800,,,Yes,True,3,3,12/01/2025 23:59,"{'date': '12/01/2025', 'date_formatted': '12/01/2025', 'hours': '11', 'minutes': '59', 'am_pm': 'PM', 'unix_timestamp': 1764633540000, 'iso_timestamp': '2025-12-01T23:59:00.000Z', 'timestamp': '12/01/2025 11:59 pm', 'time': 1439, 'time_formatted': '23:59', 'proper_unix_timestamp': 1764651540000, 'proper_iso_timestamp': '2025-12-02T04:59:00.000Z'}",12/01/2025 23:59,"{'date': '12/01/2025', 'date_formatted': '12/01/2025', 'hours': '11', 'minutes': '59', 'am_pm': 'PM', 'unix_timestamp': 1764633540000, 'iso_timestamp': '2025-12-01T23:59:00.000Z', 'timestamp': '12/01/2025 11:59 pm', 'time': 1439, 'time_formatted': '23:59', 'proper_unix_timestamp': 1764651540000, 'proper_iso_timestamp': '2025-12-02T04:59:00.000Z'}",Color,Color,Coyote Brown,Coyote Brown,Style,Style,Tall,Tall,128,128,$70.00,70,,,60,$60,https://andysairsoft.ca/index.php?route=product%2Fproduct&product_id=5680,https://andysairsoft.ca/index.php?route=product%2Fproduct&product_id=5680,0.00,0,,,,,,,,,,,,,,,,,,,,,,,Yes,True
692e724dfa364bcdfb6a739f,"<span class=""692e7249bbb1193449c6c364"" data-kn=""connection-value"">金属增高支架镜桥GBRS Hydra九头蛇UNITY EXPS底座T1 T2 H1 2红点-淘宝网</span>","[{'id': '692e7249bbb1193449c6c364', 'identifier': '金属增高支架镜桥GBRS Hydra九头蛇UNITY EXPS底座T1 T2 H1 2红点-淘宝网'}]",Margins Added,Margins Added,Black Tall - UNITY FAST,Black Tall - UNITY FAST,黑色高款-UNITY FAST,黑色高款-UNITY FAST,https://item.taobao.com/item.htm?from=cart&id=853328243320&mi_id=0000DYqd-9XBoSgJTlcVA9tuUrcP89JSTiVIRBTpInbF4MI&skuId=5820993846239&spm=a1z0d.6639537%2F202410.item.d853328243320.6c8b7484YUvCoG&upStreamPrice=12800,https://item.taobao.com/item.htm?from=cart&id=853328243320&mi_id=0000DYqd-9XBoSgJTlcVA9tuUrcP89JSTiVIRBTpInbF4MI&skuId=5820993846239&spm=a1z0d.6639537%2F202410.item.d853328243320.6c8b7484YUvCoG&upStreamPrice=12800,,,Yes,True,4,4,12/01/2025 23:59,"{'date': '12/01/2025', 'date_formatted': '12/01/2025', 'hours': '11', 'minutes': '59', 'am_pm': 'PM', 'unix_timestamp': 1764633540000, 'iso_timestamp': '2025-12-01T23:59:00.000Z', 'timestamp': '12/01/2025 11:59 pm', 'time': 1439, 'time_formatted': '23:59', 'proper_unix_timestamp': 1764651540000, 'proper_iso_timestamp': '2025-12-02T04:59:00.000Z'}",12/01/2025 23:59,"{'date': '12/01/2025', 'date_formatted': '12/01/2025', 'hours': '11', 'minutes': '59', 'am_pm': 'PM', 'unix_timestamp': 1764633540000, 'iso_timestamp': '2025-12-01T23:59:00.000Z', 'timestamp': '12/01/2025 11:59 pm', 'time': 1439, 'time_formatted': '23:59', 'proper_unix_timestamp': 1764651540000, 'proper_iso_timestamp': '2025-12-02T04:59:00.000Z'}",Color,Color,Black,Black,Style,Style,Tall,Tall,68,68,$70.00,70,,,140,$140,https://rdsc.ca/optics-mounts/unity-tactical.html,https://rdsc.ca/optics-mounts/unity-tactical.html,0.00,0,,,,,,,,,,,,,,,,,,,,,,,Yes,True
692e724dfa364bcdfb6a7332,"<span class=""692e7249bbb1193449c6c364"" data-kn=""connection-value"">金属增高支架镜桥GBRS Hydra九头蛇UNITY EXPS底座T1 T2 H1 2红点-淘宝网</span>","[{'id': '692e7249bbb1193449c6c364', 'identifier': '金属增高支架镜桥GBRS Hydra九头蛇UNITY EXPS底座T1 T2 H1 2红点-淘宝网'}]",Margins Added,Margins Added,Sand Tall - GBRS Hydra Mount,Sand Tall - GBRS Hydra Mount,沙色高款-GBRS Hydra Mount九头蛇,沙色高款-GBRS Hydra Mount九头蛇,https://item.taobao.com/item.htm?from=cart&id=853328243320&mi_id=0000DYqd-9XBoSgJTlcVA9tuUrcP89JSTiVIRBTpInbF4MI&skuId=5772975821234&spm=a1z0d.6639537%2F202410.item.d853328243320.6c8b7484YUvCoG&upStreamPrice=12800,https://item.taobao.com/item.htm?from=cart&id=853328243320&mi_id=0000DYqd-9XBoSgJTlcVA9tuUrcP89JSTiVIRBTpInbF4MI&skuId=5772975821234&spm=a1z0d.6639537%2F202410.item.d853328243320.6c8b7484YUvCoG&upStreamPrice=12800,,,Yes,True,5,5,12/01/2025 23:59,"{'date': '12/01/2025', 'date_formatted': '12/01/2025', 'hours': '11', 'minutes': '59', 'am_pm': 'PM', 'unix_timestamp': 1764633540000, 'iso_timestamp': '2025-12-01T23:59:00.000Z', 'timestamp': '12/01/2025 11:59 pm', 'time': 1439, 'time_formatted': '23:59', 'proper_unix_timestamp': 1764651540000, 'proper_iso_timestamp': '2025-12-02T04:59:00.000Z'}",12/01/2025 23:59,"{'date': '12/01/2025', 'date_formatted': '12/01/2025', 'hours': '11', 'minutes': '59', 'am_pm': 'PM', 'unix_timestamp': 1764633540000, 'iso_timestamp': '2025-12-01T23:59:00.000Z', 'timestamp': '12/01/2025 11:59 pm', 'time': 1439, 'time_formatted': '23:59', 'proper_unix_timestamp': 1764651540000, 'proper_iso_timestamp': '2025-12-02T04:59:00.000Z'}",Color,Color,Sand,Sand,Style,Style,Tall,Tall,128,128,$70.00,70,,,60,$60,https://andysairsoft.ca/index.php?route=product%2Fproduct&product_id=5680,https://andysairsoft.ca/index.php?route=product%2Fproduct&product_id=5680,0.00,0,,,,,,,,,,,,,,,,,,,,,,,Yes,True
692e724dfa364bcdfb6a72c5,"<span class=""692e7249bbb1193449c6c364"" data-kn=""connection-value"">金属增高支架镜桥GBRS Hydra九头蛇UNITY EXPS底座T1 T2 H1 2红点-淘宝网</span>","[{'id': '692e7249bbb1193449c6c364', 'identifier': '金属增高支架镜桥GBRS Hydra九头蛇UNITY EXPS底座T1 T2 H1 2红点-淘宝网'}]",Margins Added,Margins Added,Black Tall - GBRS Hydra Mount,Black Tall - GBRS Hydra Mount,黑色高款-GBRS Hydra Mount九头蛇,黑色高款-GBRS Hydra Mount九头蛇,https://item.taobao.com/item.htm?from=cart&id=853328243320&mi_id=0000DYqd-9XBoSgJTlcVA9tuUrcP89JSTiVIRBTpInbF4MI&skuId=5772975821233&spm=a1z0d.6639537%2F202410.item.d853328243320.6c8b7484YUvCoG&upStreamPrice=12800,https://item.taobao.com/item.htm?from=cart&id=853328243320&mi_id=0000DYqd-9XBoSgJTlcVA9tuUrcP89JSTiVIRBTpInbF4MI&skuId=5772975821233&spm=a1z0d.6639537%2F202410.item.d853328243320.6c8b7484YUvCoG&upStreamPrice=12800,,,Yes,True,6,6,12/01/2025 23:59,"{'date': '12/01/2025', 'date_formatted': '12/01/2025', 'hours': '11', 'minutes': '59', 'am_pm': 'PM', 'unix_timestamp': 1764633540000, 'iso_timestamp': '2025-12-01T23:59:00.000Z', 'timestamp': '12/01/2025 11:59 pm', 'time': 1439, 'time_formatted': '23:59', 'proper_unix_timestamp': 1764651540000, 'proper_iso_timestamp': '2025-12-02T04:59:00.000Z'}",12/01/2025 23:59,"{'date': '12/01/2025', 'date_formatted': '12/01/2025', 'hours': '11', 'minutes': '59', 'am_pm': 'PM', 'unix_timestamp': 1764633540000, 'iso_timestamp': '2025-12-01T23:59:00.000Z', 'timestamp': '12/01/2025 11:59 pm', 'time': 1439, 'time_formatted': '23:59', 'proper_unix_timestamp': 1764651540000, 'proper_iso_timestamp': '2025-12-02T04:59:00.000Z'}",Color,Color,Black,Black,Style,Style,Tall,Tall,128,128,$70.00,70,,,60,$60,https://andysairsoft.ca/index.php?route=product%2Fproduct&product_id=5680,https://andysairsoft.ca/index.php?route=product%2Fproduct&product_id=5680,0.00,0,,,,,,,,,,,,,,,,,,,,,,,Yes,True
692e724d0bbc7142021983cf,"<span class=""692e7249bbb1193449c6c364"" data-kn=""connection-value"">金属增高支架镜桥GBRS Hydra九头蛇UNITY EXPS底座T1 T2 H1 2红点-淘宝网</span>","[{'id': '692e7249bbb1193449c6c364', 'identifier': '金属增高支架镜桥GBRS Hydra九头蛇UNITY EXPS底座T1 T2 H1 2红点-淘宝网'}]",Margins Added,Margins Added,Coyote Brown Short - GBRS Hydra Mount,Coyote Brown Short - GBRS Hydra Mount,金棕色矮款–GBRS Hydra Mount九头蛇,金棕色矮款–GBRS Hydra Mount九头蛇,https://item.taobao.com/item.htm?from=cart&id=853328243320&mi_id=0000DYqd-9XBoSgJTlcVA9tuUrcP89JSTiVIRBTpInbF4MI&skuId=5820993846238&spm=a1z0d.6639537%2F202410.item.d853328243320.6c8b7484YUvCoG&upStreamPrice=12800,https://item.taobao.com/item.htm?from=cart&id=853328243320&mi_id=0000DYqd-9XBoSgJTlcVA9tuUrcP89JSTiVIRBTpInbF4MI&skuId=5820993846238&spm=a1z0d.6639537%2F202410.item.d853328243320.6c8b7484YUvCoG&upStreamPrice=12800,,,Yes,True,7,7,12/01/2025 23:59,"{'date': '12/01/2025', 'date_formatted': '12/01/2025', 'hours': '11', 'minutes': '59', 'am_pm': 'PM', 'unix_timestamp': 1764633540000, 'iso_timestamp': '2025-12-01T23:59:00.000Z', 'timestamp': '12/01/2025 11:59 pm', 'time': 1439, 'time_formatted': '23:59', 'proper_unix_timestamp': 1764651540000, 'proper_iso_timestamp': '2025-12-02T04:59:00.000Z'}",12/01/2025 23:59,"{'date': '12/01/2025', 'date_formatted': '12/01/2025', 'hours': '11', 'minutes': '59', 'am_pm': 'PM', 'unix_timestamp': 1764633540000, 'iso_timestamp': '2025-12-01T23:59:00.000Z', 'timestamp': '12/01/2025 11:59 pm', 'time': 1439, 'time_formatted': '23:59', 'proper_unix_timestamp': 1764651540000, 'proper_iso_timestamp': '2025-12-02T04:59:00.000Z'}",Color,Color,Coyote Brown,Coyote Brown,Style,Style,Short,Short,128,128,$70.00,70,,,60,$60,https://andysairsoft.ca/index.php?route=product%2Fproduct&product_id=5680,https://andysairsoft.ca/index.php?route=product%2Fproduct&product_id=5680,0.00,0,,,,,,,,,,,,,,,,,,,,,,,Yes,True
692e724dfa364bcdfb6a7256,"<span class=""692e7249bbb1193449c6c364"" data-kn=""connection-value"">金属增高支架镜桥GBRS Hydra九头蛇UNITY EXPS底座T1 T2 H1 2红点-淘宝网</span>","[{'id': '692e7249bbb1193449c6c364', 'identifier': '金属增高支架镜桥GBRS Hydra九头蛇UNITY EXPS底座T1 T2 H1 2红点-淘宝网'}]",Margins Added,Margins Added,Black Short - GBRS Hydra Mount,Black Short - GBRS Hydra Mount,黑色矮款-GBRS Hydra Mount九头蛇,黑色矮款-GBRS Hydra Mount九头蛇,https://item.taobao.com/item.htm?from=cart&id=853328243320&mi_id=0000DYqd-9XBoSgJTlcVA9tuUrcP89JSTiVIRBTpInbF4MI&skuId=5820993846237&spm=a1z0d.6639537%2F202410.item.d853328243320.6c8b7484YUvCoG&upStreamPrice=12800,https://item.taobao.com/item.htm?from=cart&id=853328243320&mi_id=0000DYqd-9XBoSgJTlcVA9tuUrcP89JSTiVIRBTpInbF4MI&skuId=5820993846237&spm=a1z0d.6639537%2F202410.item.d853328243320.6c8b7484YUvCoG&upStreamPrice=12800,,,Yes,True,8,8,12/01/2025 23:59,"{'date': '12/01/2025', 'date_formatted': '12/01/2025', 'hours': '11', 'minutes': '59', 'am_pm': 'PM', 'unix_timestamp': 1764633540000, 'iso_timestamp': '2025-12-01T23:59:00.000Z', 'timestamp': '12/01/2025 11:59 pm', 'time': 1439, 'time_formatted': '23:59', 'proper_unix_timestamp': 1764651540000, 'proper_iso_timestamp': '2025-12-02T04:59:00.000Z'}",12/01/2025 23:59,"{'date': '12/01/2025', 'date_formatted': '12/01/2025', 'hours': '11', 'minutes': '59', 'am_pm': 'PM', 'unix_timestamp': 1764633540000, 'iso_timestamp': '2025-12-01T23:59:00.000Z', 'timestamp': '12/01/2025 11:59 pm', 'time': 1439, 'time_formatted': '23:59', 'proper_unix_timestamp': 1764651540000, 'proper_iso_timestamp': '2025-12-02T04:59:00.000Z'}",Color,Color,Black,Black,Style,Style,Short,Short,128,128,$70.00,70,,,60,$60,https://andysairsoft.ca/index.php?route=product%2Fproduct&product_id=5680,https://andysairsoft.ca/index.php?route=product%2Fproduct&product_id=5680,0.00,0,,,,,,,,,,,,,,,,,,,,,,,Yes,True
692e7248f0922057c403fcc7,"<span class=""692e7244206a9763480dd922"" data-kn=""connection-value"">【MST2011底盖/井合集】CNC金属护边铝合金底盖底座配件-淘宝网</span>","[{'id': '692e7244206a9763480dd922', 'identifier': '【MST2011底盖/井合集】CNC金属护边铝合金底盖底座配件-淘宝网'}]",Unprofitable,Unprofitable,MST2011 Well# - Black,MST2011 Well# - Black,,,,,,,Yes,True,1,1,12/01/2025 23:59,"{'date': '12/01/2025', 'date_formatted': '12/01/2025', 'hours': '11', 'minutes': '59', 'am_pm': 'PM', 'unix_timestamp': 1764633540000, 'iso_timestamp': '2025-12-01T23:59:00.000Z', 'timestamp': '12/01/2025 11:59 pm', 'time': 1439, 'time_formatted': '23:59', 'proper_unix_timestamp': 1764651540000, 'proper_iso_timestamp': '2025-12-02T04:59:00.000Z'}",12/01/2025 23:59,"{'date': '12/01/2025', 'date_formatted': '12/01/2025', 'hours': '11', 'minutes': '59', 'am_pm': 'PM', 'unix_timestamp': 1764633540000, 'iso_timestamp': '2025-12-01T23:59:00.000Z', 'timestamp': '12/01/2025 11:59 pm', 'time': 1439, 'time_formatted': '23:59', 'proper_unix_timestamp': 1764651540000, 'proper_iso_timestamp': '2025-12-02T04:59:00.000Z'}",Style,Style,Well#,Well#,Color,Color,Black,Black,56,56,$38.00,38,,,25,$25,http://airsoftdepot.ca/store/product_info.php?products_id=6860,http://airsoftdepot.ca/store/product_info.php?products_id=6860,21.25,21.25,18.8,19,1.50,1.5,-16.50,-16.5,No,False,,,Yes,True,38,$38.00,15.2,$15,50,50.00,$30.00,30,,,Yes,True
692e724809e839f3a722e0bf,"<span class=""692e7244206a9763480dd922"" data-kn=""connection-value"">【MST2011底盖/井合集】CNC金属护边铝合金底盖底座配件-淘宝网</span>","[{'id': '692e7244206a9763480dd922', 'identifier': '【MST2011底盖/井合集】CNC金属护边铝合金底盖底座配件-淘宝网'}]",Unprofitable,Unprofitable,MST2011 Well# - Silver,MST2011 Well# - Silver,,,,,,,Yes,True,2,2,12/01/2025 23:59,"{'date': '12/01/2025', 'date_formatted': '12/01/2025', 'hours': '11', 'minutes': '59', 'am_pm': 'PM', 'unix_timestamp': 1764633540000, 'iso_timestamp': '2025-12-01T23:59:00.000Z', 'timestamp': '12/01/2025 11:59 pm', 'time': 1439, 'time_formatted': '23:59', 'proper_unix_timestamp': 1764651540000, 'proper_iso_timestamp': '2025-12-02T04:59:00.000Z'}",12/01/2025 23:59,"{'date': '12/01/2025', 'date_formatted': '12/01/2025', 'hours': '11', 'minutes': '59', 'am_pm': 'PM', 'unix_timestamp': 1764633540000, 'iso_timestamp': '2025-12-01T23:59:00.000Z', 'timestamp': '12/01/2025 11:59 pm', 'time': 1439, 'time_formatted': '23:59', 'proper_unix_timestamp': 1764651540000, 'proper_iso_timestamp': '2025-12-02T04:59:00.000Z'}",Style,Style,Well#,Well#,Color,Color,Silver,Silver,56,56,$38.00,38,,,25,$25,http://airsoftdepot.ca/store/product_info.php?products_id=6860,http://airsoftdepot.ca/store/product_info.php?products_id=6860,21.25,21.25,18.8,19,1.50,1.5,-16.50,-16.5,No,False,,,Yes,True,38,$38.00,15.2,$15,50,50.00,$30.00,30,,,Yes,True
692e7248392bfc02f0710fc1,"<span class=""692e7244206a9763480dd922"" data-kn=""connection-value"">【MST2011底盖/井合集】CNC金属护边铝合金底盖底座配件-淘宝网</span>","[{'id': '692e7244206a9763480dd922', 'identifier': '【MST2011底盖/井合集】CNC金属护边铝合金底盖底座配件-淘宝网'}]",Unprofitable,Unprofitable,MST2011 Well# - Gold,MST2011 Well# - Gold,,,,,,,Yes,True,3,3,12/01/2025 23:59,"{'date': '12/01/2025', 'date_formatted': '12/01/2025', 'hours': '11', 'minutes': '59', 'am_pm': 'PM', 'unix_timestamp': 1764633540000, 'iso_timestamp': '2025-12-01T23:59:00.000Z', 'timestamp': '12/01/2025 11:59 pm', 'time': 1439, 'time_formatted': '23:59', 'proper_unix_timestamp': 1764651540000, 'proper_iso_timestamp': '2025-12-02T04:59:00.000Z'}",12/01/2025 23:59,"{'date': '12/01/2025', 'date_formatted': '12/01/2025', 'hours': '11', 'minutes': '59', 'am_pm': 'PM', 'unix_timestamp': 1764633540000, 'iso_timestamp': '2025-12-01T23:59:00.000Z', 'timestamp': '12/01/2025 11:59 pm', 'time': 1439, 'time_formatted': '23:59', 'proper_unix_timestamp': 1764651540000, 'proper_iso_timestamp': '2025-12-02T04:59:00.000Z'}",Style,Style,Well#,Well#,Color,Color,Gold,Gold,56,56,$38.00,38,,,25,$25,http://airsoftdepot.ca/store/product_info.php?products_id=6860,http://airsoftdepot.ca/store/product_info.php?products_id=6860,21.25,21.25,18.8,19,1.50,1.5,-16.50,-16.5,No,False,,,Yes,True,38,$38.00,15.2,$15,50,50.00,$30.00,30,,,Yes,True
692e7247fa364bcdfb6a2e16,"<span class=""692e7244206a9763480dd922"" data-kn=""connection-value"">【MST2011底盖/井合集】CNC金属护边铝合金底盖底座配件-淘宝网</span>","[{'id': '692e7244206a9763480dd922', 'identifier': '【MST2011底盖/井合集】CNC金属护边铝合金底盖底座配件-淘宝网'}]",Unprofitable,Unprofitable,MST2011 Well# (Engraved) - Silver,MST2011 Well# (Engraved) - Silver,,,,,,,Yes,True,4,4,12/01/2025 23:59,"{'date': '12/01/2025', 'date_formatted': '12/01/2025', 'hours': '11', 'minutes': '59', 'am_pm': 'PM', 'unix_timestamp': 1764633540000, 'iso_timestamp': '2025-12-01T23:59:00.000Z', 'timestamp': '12/01/2025 11:59 pm', 'time': 1439, 'time_formatted': '23:59', 'proper_unix_timestamp': 1764651540000, 'proper_iso_timestamp': '2025-12-02T04:59:00.000Z'}",12/01/2025 23:59,"{'date': '12/01/2025', 'date_formatted': '12/01/2025', 'hours': '11', 'minutes': '59', 'am_pm': 'PM', 'unix_timestamp': 1764633540000, 'iso_timestamp': '2025-12-01T23:59:00.000Z', 'timestamp': '12/01/2025 11:59 pm', 'time': 1439, 'time_formatted': '23:59', 'proper_unix_timestamp': 1764651540000, 'proper_iso_timestamp': '2025-12-02T04:59:00.000Z'}",Style,Style,Engraved,Engraved,Color,Color,Silver,Silver,56,56,$38.00,38,,,30,$30,http://airsoftdepot.ca/store/product_info.php?products_id=6860,http://airsoftdepot.ca/store/product_info.php?products_id=6860,21.25,21.25,18.8,19,1.50,1.5,-16.50,-16.5,No,False,,,Yes,True,38,$38.00,15.2,$15,50,50.00,$30.00,30,,,Yes,True
692e7247a67c9b901d55470a,"<span class=""692e7244206a9763480dd922"" data-kn=""connection-value"">【MST2011底盖/井合集】CNC金属护边铝合金底盖底座配件-淘宝网</span>","[{'id': '692e7244206a9763480dd922', 'identifier': '【MST2011底盖/井合集】CNC金属护边铝合金底盖底座配件-淘宝网'}]",Unprofitable,Unprofitable,MST2011 Well# (Engraved) - Black,MST2011 Well# (Engraved) - Black,,,,,,,Yes,True,5,5,12/01/2025 23:59,"{'date': '12/01/2025', 'date_formatted': '12/01/2025', 'hours': '11', 'minutes': '59', 'am_pm': 'PM', 'unix_timestamp': 1764633540000, 'iso_timestamp': '2025-12-01T23:59:00.000Z', 'timestamp': '12/01/2025 11:59 pm', 'time': 1439, 'time_formatted': '23:59', 'proper_unix_timestamp': 1764651540000, 'proper_iso_timestamp': '2025-12-02T04:59:00.000Z'}",12/01/2025 23:59,"{'date': '12/01/2025', 'date_formatted': '12/01/2025', 'hours': '11', 'minutes': '59', 'am_pm': 'PM', 'unix_timestamp': 1764633540000, 'iso_timestamp': '2025-12-01T23:59:00.000Z', 'timestamp': '12/01/2025 11:59 pm', 'time': 1439, 'time_formatted': '23:59', 'proper_unix_timestamp': 1764651540000, 'proper_iso_timestamp': '2025-12-02T04:59:00.000Z'}",Style,Style,Engraved,Engraved,Color,Color,Black,Black,56,56,$38.00,38,,,30,$30,http://airsoftdepot.ca/store/product_info.php?products_id=6860,http://airsoftdepot.ca/store/product_info.php?products_id=6860,21.25,21.25,18.8,19,1.50,1.5,-16.50,-16.5,No,False,,,Yes,True,38,$38.00,15.2,$15,50,50.00,$30.00,30,,,Yes,True
692e7247f419468df1d9714d,"<span class=""692e7244206a9763480dd922"" data-kn=""connection-value"">【MST2011底盖/井合集】CNC金属护边铝合金底盖底座配件-淘宝网</span>","[{'id': '692e7244206a9763480dd922', 'identifier': '【MST2011底盖/井合集】CNC金属护边铝合金底盖底座配件-淘宝网'}]",Unprofitable,Unprofitable,MST2011 Well# (Engraved) - Grey,MST2011 Well# (Engraved) - Grey,,,,,,,Yes,True,6,6,12/01/2025 23:59,"{'date': '12/01/2025', 'date_formatted': '12/01/2025', 'hours': '11', 'minutes': '59', 'am_pm': 'PM', 'unix_timestamp': 1764633540000, 'iso_timestamp': '2025-12-01T23:59:00.000Z', 'timestamp': '12/01/2025 11:59 pm', 'time': 1439, 'time_formatted': '23:59', 'proper_unix_timestamp': 1764651540000, 'proper_iso_timestamp': '2025-12-02T04:59:00.000Z'}",12/01/2025 23:59,"{'date': '12/01/2025', 'date_formatted': '12/01/2025', 'hours': '11', 'minutes': '59', 'am_pm': 'PM', 'unix_timestamp': 1764633540000, 'iso_timestamp': '2025-12-01T23:59:00.000Z', 'timestamp': '12/01/2025 11:59 pm', 'time': 1439, 'time_formatted': '23:59', 'proper_unix_timestamp': 1764651540000, 'proper_iso_timestamp': '2025-12-02T04:59:00.000Z'}",Style,Style,Engraved,Engraved,Color,Color,Grey,Grey,56,56,$38.00,38,,,30,$30,http://airsoftdepot.ca/store/product_info.php?products_id=6860,http://airsoftdepot.ca/store/product_info.php?products_id=6860,21.25,21.25,18.8,19,1.50,1.5,-16.50,-16.5,No,False,,,Yes,True,38,$38.00,15.2,$15,50,50.00,$30.00,30,,,Yes,True
692e724706854af4649230fb,"<span class=""692e7244206a9763480dd922"" data-kn=""connection-value"">【MST2011底盖/井合集】CNC金属护边铝合金底盖底座配件-淘宝网</span>","[{'id': '692e7244206a9763480dd922', 'identifier': '【MST2011底盖/井合集】CNC金属护边铝合金底盖底座配件-淘宝网'}]",Unprofitable,Unprofitable,MST2011 Well# (Engraved) - Red,MST2011 Well# (Engraved) - Red,,,,,,,Yes,True,7,7,12/01/2025 23:59,"{'date': '12/01/2025', 'date_formatted': '12/01/2025', 'hours': '11', 'minutes': '59', 'am_pm': 'PM', 'unix_timestamp': 1764633540000, 'iso_timestamp': '2025-12-01T23:59:00.000Z', 'timestamp': '12/01/2025 11:59 pm', 'time': 1439, 'time_formatted': '23:59', 'proper_unix_timestamp': 1764651540000, 'proper_iso_timestamp': '2025-12-02T04:59:00.000Z'}",12/01/2025 23:59,"{'date': '12/01/2025', 'date_formatted': '12/01/2025', 'hours': '11', 'minutes': '59', 'am_pm': 'PM', 'unix_timestamp': 1764633540000, 'iso_timestamp': '2025-12-01T23:59:00.000Z', 'timestamp': '12/01/2025 11:59 pm', 'time': 1439, 'time_formatted': '23:59', 'proper_unix_timestamp': 1764651540000, 'proper_iso_timestamp': '2025-12-02T04:59:00.000Z'}",Style,Style,Engraved,Engraved,Color,Color,Red,Red,56,56,$38.00,38,,,30,$30,http://airsoftdepot.ca/store/product_info.php?products_id=6860,http://airsoftdepot.ca/store/product_info.php?products_id=6860,21.25,21.25,18.8,19,1.50,1.5,-16.50,-16.5,No,False,,,Yes,True,38,$38.00,15.2,$15,50,50.00,$30.00,30,,,Yes,True
692e72475a2c1ae3350525c6,"<span class=""692e7244206a9763480dd922"" data-kn=""connection-value"">【MST2011底盖/井合集】CNC金属护边铝合金底盖底座配件-淘宝网</span>","[{'id': '692e7244206a9763480dd922', 'identifier': '【MST2011底盖/井合集】CNC金属护边铝合金底盖底座配件-淘宝网'}]",Unprofitable,Unprofitable,MST2011 Base Cover - Grey,MST2011 Base Cover - Grey,,,,,,,Yes,True,8,8,12/01/2025 23:59,"{'date': '12/01/2025', 'date_formatted': '12/01/2025', 'hours': '11', 'minutes': '59', 'am_pm': 'PM', 'unix_timestamp': 1764633540000, 'iso_timestamp': '2025-12-01T23:59:00.000Z', 'timestamp': '12/01/2025 11:59 pm', 'time': 1439, 'time_formatted': '23:59', 'proper_unix_timestamp': 1764651540000, 'proper_iso_timestamp': '2025-12-02T04:59:00.000Z'}",12/01/2025 23:59,"{'date': '12/01/2025', 'date_formatted': '12/01/2025', 'hours': '11', 'minutes': '59', 'am_pm': 'PM', 'unix_timestamp': 1764633540000, 'iso_timestamp': '2025-12-01T23:59:00.000Z', 'timestamp': '12/01/2025 11:59 pm', 'time': 1439, 'time_formatted': '23:59', 'proper_unix_timestamp': 1764651540000, 'proper_iso_timestamp': '2025-12-02T04:59:00.000Z'}",Color,Color,Grey,Grey,,,,,56,56,$38.00,38,,,14.95,$15,http://airsoftdepot.ca/store/product_info.php?products_id=6860,http://airsoftdepot.ca/store/product_info.php?products_id=6860,21.25,21.25,18.8,19,1.50,1.5,-16.50,-16.5,No,False,,,Yes,True,38,$38.00,15.2,$15,50,50.00,$30.00,30,,,Yes,True
692e72475a2c1ae335052559,"<span class=""692e7244206a9763480dd922"" data-kn=""connection-value"">【MST2011底盖/井合集】CNC金属护边铝合金底盖底座配件-淘宝网</span>","[{'id': '692e7244206a9763480dd922', 'identifier': '【MST2011底盖/井合集】CNC金属护边铝合金底盖底座配件-淘宝网'}]",Unprofitable,Unprofitable,MST2011 Base Cover - Red,MST2011 Base Cover - Red,,,,,,,Yes,True,9,9,12/01/2025 23:59,"{'date': '12/01/2025', 'date_formatted': '12/01/2025', 'hours': '11', 'minutes': '59', 'am_pm': 'PM', 'unix_timestamp': 1764633540000, 'iso_timestamp': '2025-12-01T23:59:00.000Z', 'timestamp': '12/01/2025 11:59 pm', 'time': 1439, 'time_formatted': '23:59', 'proper_unix_timestamp': 1764651540000, 'proper_iso_timestamp': '2025-12-02T04:59:00.000Z'}",12/01/2025 23:59,"{'date': '12/01/2025', 'date_formatted': '12/01/2025', 'hours': '11', 'minutes': '59', 'am_pm': 'PM', 'unix_timestamp': 1764633540000, 'iso_timestamp': '2025-12-01T23:59:00.000Z', 'timestamp': '12/01/2025 11:59 pm', 'time': 1439, 'time_formatted': '23:59', 'proper_unix_timestamp': 1764651540000, 'proper_iso_timestamp': '2025-12-02T04:59:00.000Z'}",Color,Color,Red,Red,,,,,56,56,$38.00,38,,,14.95,$15,http://airsoftdepot.ca/store/product_info.php?products_id=6860,http://airsoftdepot.ca/store/product_info.php?products_id=6860,21.25,21.25,18.8,19,1.50,1.5,-16.50,-16.5,No,False,,,Yes,True,38,$38.00,15.2,$15,50,50.00,$30.00,30,,,Yes,True
692e72475a2c1ae3350524ec,"<span class=""692e7244206a9763480dd922"" data-kn=""connection-value"">【MST2011底盖/井合集】CNC金属护边铝合金底盖底座配件-淘宝网</span>","[{'id': '692e7244206a9763480dd922', 'identifier': '【MST2011底盖/井合集】CNC金属护边铝合金底盖底座配件-淘宝网'}]",Unprofitable,Unprofitable,MST2011 Base Cover - Silver,MST2011 Base Cover - Silver,,,,,,,Yes,True,10,10,12/01/2025 23:59,"{'date': '12/01/2025', 'date_formatted': '12/01/2025', 'hours': '11', 'minutes': '59', 'am_pm': 'PM', 'unix_timestamp': 1764633540000, 'iso_timestamp': '2025-12-01T23:59:00.000Z', 'timestamp': '12/01/2025 11:59 pm', 'time': 1439, 'time_formatted': '23:59', 'proper_unix_timestamp': 1764651540000, 'proper_iso_timestamp': '2025-12-02T04:59:00.000Z'}",12/01/2025 23:59,"{'date': '12/01/2025', 'date_formatted': '12/01/2025', 'hours': '11', 'minutes': '59', 'am_pm': 'PM', 'unix_timestamp': 1764633540000, 'iso_timestamp': '2025-12-01T23:59:00.000Z', 'timestamp': '12/01/2025 11:59 pm', 'time': 1439, 'time_formatted': '23:59', 'proper_unix_timestamp': 1764651540000, 'proper_iso_timestamp': '2025-12-02T04:59:00.000Z'}",Color,Color,Silver,Silver,,,,,56,56,$38.00,38,,,14.95,$15,http://airsoftdepot.ca/store/product_info.php?products_id=6860,http://airsoftdepot.ca/store/product_info.php?products_id=6860,21.25,21.25,18.8,19,1.50,1.5,-16.50,-16.5,No,False,,,Yes,True,38,$38.00,15.2,$15,50,50.00,$30.00,30,,,Yes,True
692e72465a2c1ae33505247f,"<span class=""692e7244206a9763480dd922"" data-kn=""connection-value"">【MST2011底盖/井合集】CNC金属护边铝合金底盖底座配件-淘宝网</span>","[{'id': '692e7244206a9763480dd922', 'identifier': '【MST2011底盖/井合集】CNC金属护边铝合金底盖底座配件-淘宝网'}]",Unprofitable,Unprofitable,MST2011 Base Cover - Black,MST2011 Base Cover - Black,,,,,,,Yes,True,11,11,12/01/2025 23:59,"{'date': '12/01/2025', 'date_formatted': '12/01/2025', 'hours': '11', 'minutes': '59', 'am_pm': 'PM', 'unix_timestamp': 1764633540000, 'iso_timestamp': '2025-12-01T23:59:00.000Z', 'timestamp': '12/01/2025 11:59 pm', 'time': 1439, 'time_formatted': '23:59', 'proper_unix_timestamp': 1764651540000, 'proper_iso_timestamp': '2025-12-02T04:59:00.000Z'}",12/01/2025 23:59,"{'date': '12/01/2025', 'date_formatted': '12/01/2025', 'hours': '11', 'minutes': '59', 'am_pm': 'PM', 'unix_timestamp': 1764633540000, 'iso_timestamp': '2025-12-01T23:59:00.000Z', 'timestamp': '12/01/2025 11:59 pm', 'time': 1439, 'time_formatted': '23:59', 'proper_unix_timestamp': 1764651540000, 'proper_iso_timestamp': '2025-12-02T04:59:00.000Z'}",Color,Color,Black,Black,,,,,56,56,$38.00,38,,,14.95,$15,http://airsoftdepot.ca/store/product_info.php?products_id=6860,http://airsoftdepot.ca/store/product_info.php?products_id=6860,21.25,21.25,18.8,19,1.50,1.5,-16.50,-16.5,No,False,,,Yes,True,38,$38.00,15.2,$15,50,50.00,$30.00,30,,,Yes,True
692e72447a558fba7c8489aa,"<span class=""692e72410bbc71420219577f"" data-kn=""connection-value"">雅科达jpc 6094 cpc AVS战术背心水壶插板内胆降温防护板通用PE板-淘宝网</span>","[{'id': '692e72410bbc71420219577f', 'identifier': '雅科达jpc 6094 cpc AVS战术背心水壶插板内胆降温防护板通用PE板-淘宝网'}]",Inactive,Inactive,军绿 一块,军绿 一块,,,,,,,Yes,True,1,1,12/01/2025 23:59,"{'date': '12/01/2025', 'date_formatted': '12/01/2025', 'hours': '11', 'minutes': '59', 'am_pm': 'PM', 'unix_timestamp': 1764633540000, 'iso_timestamp': '2025-12-01T23:59:00.000Z', 'timestamp': '12/01/2025 11:59 pm', 'time': 1439, 'time_formatted': '23:59', 'proper_unix_timestamp': 1764651540000, 'proper_iso_timestamp': '2025-12-02T04:59:00.000Z'}",12/01/2025 23:59,"{'date': '12/01/2025', 'date_formatted': '12/01/2025', 'hours': '11', 'minutes': '59', 'am_pm': 'PM', 'unix_timestamp': 1764633540000, 'iso_timestamp': '2025-12-01T23:59:00.000Z', 'timestamp': '12/01/2025 11:59 pm', 'time': 1439, 'time_formatted': '23:59', 'proper_unix_timestamp': 1764651540000, 'proper_iso_timestamp': '2025-12-02T04:59:00.000Z'}",,,,,,,,,0,0,$70.00,70,,,,,,,0.00,0,,,,,,,,,,,,,,,,,,,,,,,Yes,True
692e7243fa364bcdfb69eaf1,"<span class=""692e72410bbc71420219577f"" data-kn=""connection-value"">雅科达jpc 6094 cpc AVS战术背心水壶插板内胆降温防护板通用PE板-淘宝网</span>","[{'id': '692e72410bbc71420219577f', 'identifier': '雅科达jpc 6094 cpc AVS战术背心水壶插板内胆降温防护板通用PE板-淘宝网'}]",Inactive,Inactive,橙色 一块,橙色 一块,,,,,,,Yes,True,2,2,12/01/2025 23:59,"{'date': '12/01/2025', 'date_formatted': '12/01/2025', 'hours': '11', 'minutes': '59', 'am_pm': 'PM', 'unix_timestamp': 1764633540000, 'iso_timestamp': '2025-12-01T23:59:00.000Z', 'timestamp': '12/01/2025 11:59 pm', 'time': 1439, 'time_formatted': '23:59', 'proper_unix_timestamp': 1764651540000, 'proper_iso_timestamp': '2025-12-02T04:59:00.000Z'}",12/01/2025 23:59,"{'date': '12/01/2025', 'date_formatted': '12/01/2025', 'hours': '11', 'minutes': '59', 'am_pm': 'PM', 'unix_timestamp': 1764633540000, 'iso_timestamp': '2025-12-01T23:59:00.000Z', 'timestamp': '12/01/2025 11:59 pm', 'time': 1439, 'time_formatted': '23:59', 'proper_unix_timestamp': 1764651540000, 'proper_iso_timestamp': '2025-12-02T04:59:00.000Z'}",,,,,,,,,0,0,$70.00,70,,,,,,,0.00,0,,,,,,,,,,,,,,,,,,,,,,,Yes,True
692e7243fa364bcdfb69ea7b,"<span class=""692e72410bbc71420219577f"" data-kn=""connection-value"">雅科达jpc 6094 cpc AVS战术背心水壶插板内胆降温防护板通用PE板-淘宝网</span>","[{'id': '692e72410bbc71420219577f', 'identifier': '雅科达jpc 6094 cpc AVS战术背心水壶插板内胆降温防护板通用PE板-淘宝网'}]",Inactive,Inactive,泥色 一块,泥色 一块,,,,,,,Yes,True,3,3,12/01/2025 23:59,"{'date': '12/01/2025', 'date_formatted': '12/01/2025', 'hours': '11', 'minutes': '59', 'am_pm': 'PM', 'unix_timestamp': 1764633540000, 'iso_timestamp': '2025-12-01T23:59:00.000Z', 'timestamp': '12/01/2025 11:59 pm', 'time': 1439, 'time_formatted': '23:59', 'proper_unix_timestamp': 1764651540000, 'proper_iso_timestamp': '2025-12-02T04:59:00.000Z'}",12/01/2025 23:59,"{'date': '12/01/2025', 'date_formatted': '12/01/2025', 'hours': '11', 'minutes': '59', 'am_pm': 'PM', 'unix_timestamp': 1764633540000, 'iso_timestamp': '2025-12-01T23:59:00.000Z', 'timestamp': '12/01/2025 11:59 pm', 'time': 1439, 'time_formatted': '23:59', 'proper_unix_timestamp': 1764651540000, 'proper_iso_timestamp': '2025-12-02T04:59:00.000Z'}",,,,,,,,,0,0,$70.00,70,,,,,,,0.00,0,,,,,,,,,,,,,,,,,,,,,,,Yes,True
692e7243069ca22fda110e30,"<span class=""692e72410bbc71420219577f"" data-kn=""connection-value"">雅科达jpc 6094 cpc AVS战术背心水壶插板内胆降温防护板通用PE板-淘宝网</span>","[{'id': '692e72410bbc71420219577f', 'identifier': '雅科达jpc 6094 cpc AVS战术背心水壶插板内胆降温防护板通用PE板-淘宝网'}]",Inactive,Inactive,黑色 一块,黑色 一块,,,,,,,Yes,True,4,4,12/01/2025 23:59,"{'date': '12/01/2025', 'date_formatted': '12/01/2025', 'hours': '11', 'minutes': '59', 'am_pm': 'PM', 'unix_timestamp': 1764633540000, 'iso_timestamp': '2025-12-01T23:59:00.000Z', 'timestamp': '12/01/2025 11:59 pm', 'time': 1439, 'time_formatted': '23:59', 'proper_unix_timestamp': 1764651540000, 'proper_iso_timestamp': '2025-12-02T04:59:00.000Z'}",12/01/2025 23:59,"{'date': '12/01/2025', 'date_formatted': '12/01/2025', 'hours': '11', 'minutes': '59', 'am_pm': 'PM', 'unix_timestamp': 1764633540000, 'iso_timestamp': '2025-12-01T23:59:00.000Z', 'timestamp': '12/01/2025 11:59 pm', 'time': 1439, 'time_formatted': '23:59', 'proper_unix_timestamp': 1764651540000, 'proper_iso_timestamp': '2025-12-02T04:59:00.000Z'}",,,,,,,,,0,0,$70.00,70,,,,,,,0.00,0,,,,,,,,,,,,,,,,,,,,,,,Yes,True
692e7240206a9763480dd8ad,"<span class=""692e723e45a61c7d1f2b7a2d"" data-kn=""connection-value"">左右手转换快拔枪套 G17 G19 2011 VP9 P320带下挂万用型导轨枪套-淘宝网</span>","[{'id': '692e723e45a61c7d1f2b7a2d', 'identifier': '左右手转换快拔枪套 G17 G19 2011 VP9 P320带下挂万用型导轨枪套-淘宝网'}]",Active,Active,Leg Panel,Leg Panel,,,,,,,Yes,True,1,1,12/01/2025 23:59,"{'date': '12/01/2025', 'date_formatted': '12/01/2025', 'hours': '11', 'minutes': '59', 'am_pm': 'PM', 'unix_timestamp': 1764633540000, 'iso_timestamp': '2025-12-01T23:59:00.000Z', 'timestamp': '12/01/2025 11:59 pm', 'time': 1439, 'time_formatted': '23:59', 'proper_unix_timestamp': 1764651540000, 'proper_iso_timestamp': '2025-12-02T04:59:00.000Z'}",12/01/2025 23:59,"{'date': '12/01/2025', 'date_formatted': '12/01/2025', 'hours': '11', 'minutes': '59', 'am_pm': 'PM', 'unix_timestamp': 1764633540000, 'iso_timestamp': '2025-12-01T23:59:00.000Z', 'timestamp': '12/01/2025 11:59 pm', 'time': 1439, 'time_formatted': '23:59', 'proper_unix_timestamp': 1764651540000, 'proper_iso_timestamp': '2025-12-02T04:59:00.000Z'}",Style,Style,Leg Panel,Leg Panel,,,,,18,18,$38.00,38,Yes,True,29.95,$30,https://airsoftdepot.ca/store/product_info.php?cPath=23_58&products_id=6008,https://airsoftdepot.ca/store/product_info.php?cPath=23_58&products_id=6008,25.50,25.5,11.2,11,46.10,46.1,28.10,28.1,No,False,,,,,,,,,,,,,,,Yes,True
692e7240206a9763480dd840,"<span class=""692e723e45a61c7d1f2b7a2d"" data-kn=""connection-value"">左右手转换快拔枪套 G17 G19 2011 VP9 P320带下挂万用型导轨枪套-淘宝网</span>","[{'id': '692e723e45a61c7d1f2b7a2d', 'identifier': '左右手转换快拔枪套 G17 G19 2011 VP9 P320带下挂万用型导轨枪套-淘宝网'}]",Active,Active,Chest Rig Plate,Chest Rig Plate,胸挂板,胸挂板,https://www.prefair.ca/en/category/tactical/vests-pouches/474-chest-rig.html,https://www.prefair.ca/en/category/tactical/vests-pouches/474-chest-rig.html,,,Yes,True,2,2,12/01/2025 23:59,"{'date': '12/01/2025', 'date_formatted': '12/01/2025', 'hours': '11', 'minutes': '59', 'am_pm': 'PM', 'unix_timestamp': 1764633540000, 'iso_timestamp': '2025-12-01T23:59:00.000Z', 'timestamp': '12/01/2025 11:59 pm', 'time': 1439, 'time_formatted': '23:59', 'proper_unix_timestamp': 1764651540000, 'proper_iso_timestamp': '2025-12-02T04:59:00.000Z'}",12/01/2025 23:59,"{'date': '12/01/2025', 'date_formatted': '12/01/2025', 'hours': '11', 'minutes': '59', 'am_pm': 'PM', 'unix_timestamp': 1764633540000, 'iso_timestamp': '2025-12-01T23:59:00.000Z', 'timestamp': '12/01/2025 11:59 pm', 'time': 1439, 'time_formatted': '23:59', 'proper_unix_timestamp': 1764651540000, 'proper_iso_timestamp': '2025-12-02T04:59:00.000Z'}",Style,Style,,,,,,,40,40,$38.00,38,Yes,True,30,$30,,,25.50,25.5,15.6,16,28.80,28.8,10.80,10.8,No,False,,,,,,,,,,,,,,,Yes,True
692e72400bbc714202194f90,"<span class=""692e723e45a61c7d1f2b7a2d"" data-kn=""connection-value"">左右手转换快拔枪套 G17 G19 2011 VP9 P320带下挂万用型导轨枪套-淘宝网</span>","[{'id': '692e723e45a61c7d1f2b7a2d', 'identifier': '左右手转换快拔枪套 G17 G19 2011 VP9 P320带下挂万用型导轨枪套-淘宝网'}]",Active,Active,Belt Clip,Belt Clip,,,,,,,Yes,True,3,3,12/01/2025 23:59,"{'date': '12/01/2025', 'date_formatted': '12/01/2025', 'hours': '11', 'minutes': '59', 'am_pm': 'PM', 'unix_timestamp': 1764633540000, 'iso_timestamp': '2025-12-01T23:59:00.000Z', 'timestamp': '12/01/2025 11:59 pm', 'time': 1439, 'time_formatted': '23:59', 'proper_unix_timestamp': 1764651540000, 'proper_iso_timestamp': '2025-12-02T04:59:00.000Z'}",12/01/2025 23:59,"{'date': '12/01/2025', 'date_formatted': '12/01/2025', 'hours': '11', 'minutes': '59', 'am_pm': 'PM', 'unix_timestamp': 1764633540000, 'iso_timestamp': '2025-12-01T23:59:00.000Z', 'timestamp': '12/01/2025 11:59 pm', 'time': 1439, 'time_formatted': '23:59', 'proper_unix_timestamp': 1764651540000, 'proper_iso_timestamp': '2025-12-02T04:59:00.000Z'}",Style,Style,Belt Clip,Belt Clip,,,,,18,18,$38.00,38,Yes,True,29.95,$30,https://airsoftdepot.ca/store/product_info.php?cPath=23_58&products_id=6008,https://airsoftdepot.ca/store/product_info.php?cPath=23_58&products_id=6008,25.50,25.5,11.2,11,46.10,46.1,28.10,28.1,No,False,,,,,,,,,,,,,,,Yes,True
692e72400bbc714202194f23,"<span class=""692e723e45a61c7d1f2b7a2d"" data-kn=""connection-value"">左右手转换快拔枪套 G17 G19 2011 VP9 P320带下挂万用型导轨枪套-淘宝网</span>","[{'id': '692e723e45a61c7d1f2b7a2d', 'identifier': '左右手转换快拔枪套 G17 G19 2011 VP9 P320带下挂万用型导轨枪套-淘宝网'}]",Active,Active,Black Standard,Black Standard,,,https://item.taobao.com/item.htm?from=cart&id=708088774060&mi_id=00000Dl6Yto0A-QIVlqXsg56sBv96wXXlL80VCMH2b_Um5U&skuId=5000133305622&spm=a1z0d.6639537%2F202410.item.d708088774060.5b4b74841fAyC5&upStreamPrice=5900,https://item.taobao.com/item.htm?from=cart&id=708088774060&mi_id=00000Dl6Yto0A-QIVlqXsg56sBv96wXXlL80VCMH2b_Um5U&skuId=5000133305622&spm=a1z0d.6639537%2F202410.item.d708088774060.5b4b74841fAyC5&upStreamPrice=5900,,,Yes,True,4,4,12/01/2025 23:59,"{'date': '12/01/2025', 'date_formatted': '12/01/2025', 'hours': '11', 'minutes': '59', 'am_pm': 'PM', 'unix_timestamp': 1764633540000, 'iso_timestamp': '2025-12-01T23:59:00.000Z', 'timestamp': '12/01/2025 11:59 pm', 'time': 1439, 'time_formatted': '23:59', 'proper_unix_timestamp': 1764651540000, 'proper_iso_timestamp': '2025-12-02T04:59:00.000Z'}",12/01/2025 23:59,"{'date': '12/01/2025', 'date_formatted': '12/01/2025', 'hours': '11', 'minutes': '59', 'am_pm': 'PM', 'unix_timestamp': 1764633540000, 'iso_timestamp': '2025-12-01T23:59:00.000Z', 'timestamp': '12/01/2025 11:59 pm', 'time': 1439, 'time_formatted': '23:59', 'proper_unix_timestamp': 1764651540000, 'proper_iso_timestamp': '2025-12-02T04:59:00.000Z'}",Color,Color,Black,Black,,,,,25,25,$38.00,38,Yes,True,50,$50,http://airsoftdepot.ca/store/index.php?cPath=23_58,http://airsoftdepot.ca/store/index.php?cPath=23_58,42.50,42.5,12.6,13,60.40,60.4,42.40,42.4,No,False,,,,,,,,,,,,,,,Yes,True
692e723d06854af4649203c0,"<span class=""692e72387a558fba7c844bf5"" data-kn=""connection-value"">九头蛇增高支架 UNITY战术GBRS全金属底座T1 T2 H1 H2 R5镜桥创研-淘宝网</span>","[{'id': '692e72387a558fba7c844bf5', 'identifier': '九头蛇增高支架 UNITY战术GBRS全金属底座T1 T2 H1 H2 R5镜桥创研-淘宝网'}]",Inactive,Inactive,黑色-含拓展导轨的UNITY CNC高品质,黑色-含拓展导轨的UNITY CNC高品质,,,,,,,Yes,True,1,1,12/01/2025 23:59,"{'date': '12/01/2025', 'date_formatted': '12/01/2025', 'hours': '11', 'minutes': '59', 'am_pm': 'PM', 'unix_timestamp': 1764633540000, 'iso_timestamp': '2025-12-01T23:59:00.000Z', 'timestamp': '12/01/2025 11:59 pm', 'time': 1439, 'time_formatted': '23:59', 'proper_unix_timestamp': 1764651540000, 'proper_iso_timestamp': '2025-12-02T04:59:00.000Z'}",12/01/2025 23:59,"{'date': '12/01/2025', 'date_formatted': '12/01/2025', 'hours': '11', 'minutes': '59', 'am_pm': 'PM', 'unix_timestamp': 1764633540000, 'iso_timestamp': '2025-12-01T23:59:00.000Z', 'timestamp': '12/01/2025 11:59 pm', 'time': 1439, 'time_formatted': '23:59', 'proper_unix_timestamp': 1764651540000, 'proper_iso_timestamp': '2025-12-02T04:59:00.000Z'}",,,,,,,,,0,0,$70.00,70,,,,,,,0.00,0,,,,,,,,,,,,,,,,,,,,,,,Yes,True
692e723d06854af464920353,"<span class=""692e72387a558fba7c844bf5"" data-kn=""connection-value"">九头蛇增高支架 UNITY战术GBRS全金属底座T1 T2 H1 H2 R5镜桥创研-淘宝网</span>","[{'id': '692e72387a558fba7c844bf5', 'identifier': '九头蛇增高支架 UNITY战术GBRS全金属底座T1 T2 H1 H2 R5镜桥创研-淘宝网'}]",Inactive,Inactive,黑色-专用拓展导轨 单导轨,黑色-专用拓展导轨 单导轨,,,,,,,Yes,True,2,2,12/01/2025 23:59,"{'date': '12/01/2025', 'date_formatted': '12/01/2025', 'hours': '11', 'minutes': '59', 'am_pm': 'PM', 'unix_timestamp': 1764633540000, 'iso_timestamp': '2025-12-01T23:59:00.000Z', 'timestamp': '12/01/2025 11:59 pm', 'time': 1439, 'time_formatted': '23:59', 'proper_unix_timestamp': 1764651540000, 'proper_iso_timestamp': '2025-12-02T04:59:00.000Z'}",12/01/2025 23:59,"{'date': '12/01/2025', 'date_formatted': '12/01/2025', 'hours': '11', 'minutes': '59', 'am_pm': 'PM', 'unix_timestamp': 1764633540000, 'iso_timestamp': '2025-12-01T23:59:00.000Z', 'timestamp': '12/01/2025 11:59 pm', 'time': 1439, 'time_formatted': '23:59', 'proper_unix_timestamp': 1764651540000, 'proper_iso_timestamp': '2025-12-02T04:59:00.000Z'}",,,,,,,,,0,0,$70.00,70,,,,,,,0.00,0,,,,,,,,,,,,,,,,,,,,,,,Yes,True
692e723debe1fe2e5f0c1275,"<span class=""692e72387a558fba7c844bf5"" data-kn=""connection-value"">九头蛇增高支架 UNITY战术GBRS全金属底座T1 T2 H1 H2 R5镜桥创研-淘宝网</span>","[{'id': '692e72387a558fba7c844bf5', 'identifier': '九头蛇增高支架 UNITY战术GBRS全金属底座T1 T2 H1 H2 R5镜桥创研-淘宝网'}]",Inactive,Inactive,粉色-含拓展导轨的UNITY CNC高品质,粉色-含拓展导轨的UNITY CNC高品质,,,,,,,Yes,True,3,3,12/01/2025 23:59,"{'date': '12/01/2025', 'date_formatted': '12/01/2025', 'hours': '11', 'minutes': '59', 'am_pm': 'PM', 'unix_timestamp': 1764633540000, 'iso_timestamp': '2025-12-01T23:59:00.000Z', 'timestamp': '12/01/2025 11:59 pm', 'time': 1439, 'time_formatted': '23:59', 'proper_unix_timestamp': 1764651540000, 'proper_iso_timestamp': '2025-12-02T04:59:00.000Z'}",12/01/2025 23:59,"{'date': '12/01/2025', 'date_formatted': '12/01/2025', 'hours': '11', 'minutes': '59', 'am_pm': 'PM', 'unix_timestamp': 1764633540000, 'iso_timestamp': '2025-12-01T23:59:00.000Z', 'timestamp': '12/01/2025 11:59 pm', 'time': 1439, 'time_formatted': '23:59', 'proper_unix_timestamp': 1764651540000, 'proper_iso_timestamp': '2025-12-02T04:59:00.000Z'}",,,,,,,,,0,0,$70.00,70,,,,,,,0.00,0,,,,,,,,,,,,,,,,,,,,,,,Yes,True
692e723d45a61c7d1f2b7127,"<span class=""692e72387a558fba7c844bf5"" data-kn=""connection-value"">九头蛇增高支架 UNITY战术GBRS全金属底座T1 T2 H1 H2 R5镜桥创研-淘宝网</span>","[{'id': '692e72387a558fba7c844bf5', 'identifier': '九头蛇增高支架 UNITY战术GBRS全金属底座T1 T2 H1 H2 R5镜桥创研-淘宝网'}]",Inactive,Inactive,蓝色-含拓展导轨的UNITY CNC高品质,蓝色-含拓展导轨的UNITY CNC高品质,,,,,,,Yes,True,4,4,12/01/2025 23:59,"{'date': '12/01/2025', 'date_formatted': '12/01/2025', 'hours': '11', 'minutes': '59', 'am_pm': 'PM', 'unix_timestamp': 1764633540000, 'iso_timestamp': '2025-12-01T23:59:00.000Z', 'timestamp': '12/01/2025 11:59 pm', 'time': 1439, 'time_formatted': '23:59', 'proper_unix_timestamp': 1764651540000, 'proper_iso_timestamp': '2025-12-02T04:59:00.000Z'}",12/01/2025 23:59,"{'date': '12/01/2025', 'date_formatted': '12/01/2025', 'hours': '11', 'minutes': '59', 'am_pm': 'PM', 'unix_timestamp': 1764633540000, 'iso_timestamp': '2025-12-01T23:59:00.000Z', 'timestamp': '12/01/2025 11:59 pm', 'time': 1439, 'time_formatted': '23:59', 'proper_unix_timestamp': 1764651540000, 'proper_iso_timestamp': '2025-12-02T04:59:00.000Z'}",,,,,,,,,0,0,$70.00,70,,,,,,,0.00,0,,,,,,,,,,,,,,,,,,,,,,,Yes,True
692e723d45a61c7d1f2b70ba,"<span class=""692e72387a558fba7c844bf5"" data-kn=""connection-value"">九头蛇增高支架 UNITY战术GBRS全金属底座T1 T2 H1 H2 R5镜桥创研-淘宝网</span>","[{'id': '692e72387a558fba7c844bf5', 'identifier': '九头蛇增高支架 UNITY战术GBRS全金属底座T1 T2 H1 H2 R5镜桥创研-淘宝网'}]",Inactive,Inactive,棕色-GE增高 CNC高品质,棕色-GE增高 CNC高品质,,,,,,,Yes,True,5,5,12/01/2025 23:59,"{'date': '12/01/2025', 'date_formatted': '12/01/2025', 'hours': '11', 'minutes': '59', 'am_pm': 'PM', 'unix_timestamp': 1764633540000, 'iso_timestamp': '2025-12-01T23:59:00.000Z', 'timestamp': '12/01/2025 11:59 pm', 'time': 1439, 'time_formatted': '23:59', 'proper_unix_timestamp': 1764651540000, 'proper_iso_timestamp': '2025-12-02T04:59:00.000Z'}",12/01/2025 23:59,"{'date': '12/01/2025', 'date_formatted': '12/01/2025', 'hours': '11', 'minutes': '59', 'am_pm': 'PM', 'unix_timestamp': 1764633540000, 'iso_timestamp': '2025-12-01T23:59:00.000Z', 'timestamp': '12/01/2025 11:59 pm', 'time': 1439, 'time_formatted': '23:59', 'proper_unix_timestamp': 1764651540000, 'proper_iso_timestamp': '2025-12-02T04:59:00.000Z'}",,,,,,,,,0,0,$70.00,70,,,,,,,0.00,0,,,,,,,,,,,,,,,,,,,,,,,Yes,True
692e723d45a61c7d1f2b704d,"<span class=""692e72387a558fba7c844bf5"" data-kn=""connection-value"">九头蛇增高支架 UNITY战术GBRS全金属底座T1 T2 H1 H2 R5镜桥创研-淘宝网</span>","[{'id': '692e72387a558fba7c844bf5', 'identifier': '九头蛇增高支架 UNITY战术GBRS全金属底座T1 T2 H1 H2 R5镜桥创研-淘宝网'}]",Inactive,Inactive,黑色-GE增高 CNC高品质,黑色-GE增高 CNC高品质,,,,,,,Yes,True,6,6,12/01/2025 23:59,"{'date': '12/01/2025', 'date_formatted': '12/01/2025', 'hours': '11', 'minutes': '59', 'am_pm': 'PM', 'unix_timestamp': 1764633540000, 'iso_timestamp': '2025-12-01T23:59:00.000Z', 'timestamp': '12/01/2025 11:59 pm', 'time': 1439, 'time_formatted': '23:59', 'proper_unix_timestamp': 1764651540000, 'proper_iso_timestamp': '2025-12-02T04:59:00.000Z'}",12/01/2025 23:59,"{'date': '12/01/2025', 'date_formatted': '12/01/2025', 'hours': '11', 'minutes': '59', 'am_pm': 'PM', 'unix_timestamp': 1764633540000, 'iso_timestamp': '2025-12-01T23:59:00.000Z', 'timestamp': '12/01/2025 11:59 pm', 'time': 1439, 'time_formatted': '23:59', 'proper_unix_timestamp': 1764651540000, 'proper_iso_timestamp': '2025-12-02T04:59:00.000Z'}",,,,,,,,,0,0,$70.00,70,,,,,,,0.00,0,,,,,,,,,,,,,,,,,,,,,,,Yes,True
692e723c45a61c7d1f2b6aa2,"<span class=""692e72387a558fba7c844bf5"" data-kn=""connection-value"">九头蛇增高支架 UNITY战术GBRS全金属底座T1 T2 H1 H2 R5镜桥创研-淘宝网</span>","[{'id': '692e72387a558fba7c844bf5', 'identifier': '九头蛇增高支架 UNITY战术GBRS全金属底座T1 T2 H1 H2 R5镜桥创研-淘宝网'}]",Inactive,Inactive,蓝色-矮款/九头蛇 CNC高品质,蓝色-矮款/九头蛇 CNC高品质,,,,,,,Yes,True,7,7,12/01/2025 23:59,"{'date': '12/01/2025', 'date_formatted': '12/01/2025', 'hours': '11', 'minutes': '59', 'am_pm': 'PM', 'unix_timestamp': 1764633540000, 'iso_timestamp': '2025-12-01T23:59:00.000Z', 'timestamp': '12/01/2025 11:59 pm', 'time': 1439, 'time_formatted': '23:59', 'proper_unix_timestamp': 1764651540000, 'proper_iso_timestamp': '2025-12-02T04:59:00.000Z'}",12/01/2025 23:59,"{'date': '12/01/2025', 'date_formatted': '12/01/2025', 'hours': '11', 'minutes': '59', 'am_pm': 'PM', 'unix_timestamp': 1764633540000, 'iso_timestamp': '2025-12-01T23:59:00.000Z', 'timestamp': '12/01/2025 11:59 pm', 'time': 1439, 'time_formatted': '23:59', 'proper_unix_timestamp': 1764651540000, 'proper_iso_timestamp': '2025-12-02T04:59:00.000Z'}",,,,,,,,,0,0,$70.00,70,,,,,,,0.00,0,,,,,,,,,,,,,,,,,,,,,,,Yes,True
692e723c45a61c7d1f2b5e95,"<span class=""692e72387a558fba7c844bf5"" data-kn=""connection-value"">九头蛇增高支架 UNITY战术GBRS全金属底座T1 T2 H1 H2 R5镜桥创研-淘宝网</span>","[{'id': '692e72387a558fba7c844bf5', 'identifier': '九头蛇增高支架 UNITY战术GBRS全金属底座T1 T2 H1 H2 R5镜桥创研-淘宝网'}]",Inactive,Inactive,粉红色-矮款/九头蛇 CNC高品质,粉红色-矮款/九头蛇 CNC高品质,,,,,,,Yes,True,8,8,12/01/2025 23:59,"{'date': '12/01/2025', 'date_formatted': '12/01/2025', 'hours': '11', 'minutes': '59', 'am_pm': 'PM', 'unix_timestamp': 1764633540000, 'iso_timestamp': '2025-12-01T23:59:00.000Z', 'timestamp': '12/01/2025 11:59 pm', 'time': 1439, 'time_formatted': '23:59', 'proper_unix_timestamp': 1764651540000, 'proper_iso_timestamp': '2025-12-02T04:59:00.000Z'}",12/01/2025 23:59,"{'date': '12/01/2025', 'date_formatted': '12/01/2025', 'hours': '11', 'minutes': '59', 'am_pm': 'PM', 'unix_timestamp': 1764633540000, 'iso_timestamp': '2025-12-01T23:59:00.000Z', 'timestamp': '12/01/2025 11:59 pm', 'time': 1439, 'time_formatted': '23:59', 'proper_unix_timestamp': 1764651540000, 'proper_iso_timestamp': '2025-12-02T04:59:00.000Z'}",,,,,,,,,0,0,$70.00,70,,,,,,,0.00,0,,,,,,,,,,,,,,,,,,,,,,,Yes,True
692e723c45a61c7d1f2b5e28,"<span class=""692e72387a558fba7c844bf5"" data-kn=""connection-value"">九头蛇增高支架 UNITY战术GBRS全金属底座T1 T2 H1 H2 R5镜桥创研-淘宝网</span>","[{'id': '692e72387a558fba7c844bf5', 'identifier': '九头蛇增高支架 UNITY战术GBRS全金属底座T1 T2 H1 H2 R5镜桥创研-淘宝网'}]",Inactive,Inactive,棕色-矮款/九头蛇 CNC高品质,棕色-矮款/九头蛇 CNC高品质,,,,,,,Yes,True,9,9,12/01/2025 23:59,"{'date': '12/01/2025', 'date_formatted': '12/01/2025', 'hours': '11', 'minutes': '59', 'am_pm': 'PM', 'unix_timestamp': 1764633540000, 'iso_timestamp': '2025-12-01T23:59:00.000Z', 'timestamp': '12/01/2025 11:59 pm', 'time': 1439, 'time_formatted': '23:59', 'proper_unix_timestamp': 1764651540000, 'proper_iso_timestamp': '2025-12-02T04:59:00.000Z'}",12/01/2025 23:59,"{'date': '12/01/2025', 'date_formatted': '12/01/2025', 'hours': '11', 'minutes': '59', 'am_pm': 'PM', 'unix_timestamp': 1764633540000, 'iso_timestamp': '2025-12-01T23:59:00.000Z', 'timestamp': '12/01/2025 11:59 pm', 'time': 1439, 'time_formatted': '23:59', 'proper_unix_timestamp': 1764651540000, 'proper_iso_timestamp': '2025-12-02T04:59:00.000Z'}",,,,,,,,,0,0,$70.00,70,,,,,,,0.00,0,,,,,,,,,,,,,,,,,,,,,,,Yes,True
692e723cca52923e5b302736,"<span class=""692e72387a558fba7c844bf5"" data-kn=""connection-value"">九头蛇增高支架 UNITY战术GBRS全金属底座T1 T2 H1 H2 R5镜桥创研-淘宝网</span>","[{'id': '692e72387a558fba7c844bf5', 'identifier': '九头蛇增高支架 UNITY战术GBRS全金属底座T1 T2 H1 H2 R5镜桥创研-淘宝网'}]",Inactive,Inactive,黑色-矮款/九头蛇 CNC高品质,黑色-矮款/九头蛇 CNC高品质,,,,,,,Yes,True,10,10,12/01/2025 23:59,"{'date': '12/01/2025', 'date_formatted': '12/01/2025', 'hours': '11', 'minutes': '59', 'am_pm': 'PM', 'unix_timestamp': 1764633540000, 'iso_timestamp': '2025-12-01T23:59:00.000Z', 'timestamp': '12/01/2025 11:59 pm', 'time': 1439, 'time_formatted': '23:59', 'proper_unix_timestamp': 1764651540000, 'proper_iso_timestamp': '2025-12-02T04:59:00.000Z'}",12/01/2025 23:59,"{'date': '12/01/2025', 'date_formatted': '12/01/2025', 'hours': '11', 'minutes': '59', 'am_pm': 'PM', 'unix_timestamp': 1764633540000, 'iso_timestamp': '2025-12-01T23:59:00.000Z', 'timestamp': '12/01/2025 11:59 pm', 'time': 1439, 'time_formatted': '23:59', 'proper_unix_timestamp': 1764651540000, 'proper_iso_timestamp': '2025-12-02T04:59:00.000Z'}",,,,,,,,,0,0,$70.00,70,,,,,,,0.00,0,,,,,,,,,,,,,,,,,,,,,,,Yes,True
692e723cf419468df1d96472,"<span class=""692e72387a558fba7c844bf5"" data-kn=""connection-value"">九头蛇增高支架 UNITY战术GBRS全金属底座T1 T2 H1 H2 R5镜桥创研-淘宝网</span>","[{'id': '692e72387a558fba7c844bf5', 'identifier': '九头蛇增高支架 UNITY战术GBRS全金属底座T1 T2 H1 H2 R5镜桥创研-淘宝网'}]",Inactive,Inactive,棕色--九头蛇增高支架 CNC高品质,棕色--九头蛇增高支架 CNC高品质,,,,,,,Yes,True,11,11,12/01/2025 23:59,"{'date': '12/01/2025', 'date_formatted': '12/01/2025', 'hours': '11', 'minutes': '59', 'am_pm': 'PM', 'unix_timestamp': 1764633540000, 'iso_timestamp': '2025-12-01T23:59:00.000Z', 'timestamp': '12/01/2025 11:59 pm', 'time': 1439, 'time_formatted': '23:59', 'proper_unix_timestamp': 1764651540000, 'proper_iso_timestamp': '2025-12-02T04:59:00.000Z'}",12/01/2025 23:59,"{'date': '12/01/2025', 'date_formatted': '12/01/2025', 'hours': '11', 'minutes': '59', 'am_pm': 'PM', 'unix_timestamp': 1764633540000, 'iso_timestamp': '2025-12-01T23:59:00.000Z', 'timestamp': '12/01/2025 11:59 pm', 'time': 1439, 'time_formatted': '23:59', 'proper_unix_timestamp': 1764651540000, 'proper_iso_timestamp': '2025-12-02T04:59:00.000Z'}",,,,,,,,,0,0,$70.00,70,,,,,,,0.00,0,,,,,,,,,,,,,,,,,,,,,,,Yes,True
692e723bf419468df1d96405,"<span class=""692e72387a558fba7c844bf5"" data-kn=""connection-value"">九头蛇增高支架 UNITY战术GBRS全金属底座T1 T2 H1 H2 R5镜桥创研-淘宝网</span>","[{'id': '692e72387a558fba7c844bf5', 'identifier': '九头蛇增高支架 UNITY战术GBRS全金属底座T1 T2 H1 H2 R5镜桥创研-淘宝网'}]",Inactive,Inactive,黑色-九头蛇增高支架 CNC高品质,黑色-九头蛇增高支架 CNC高品质,,,,,,,Yes,True,12,12,12/01/2025 23:59,"{'date': '12/01/2025', 'date_formatted': '12/01/2025', 'hours': '11', 'minutes': '59', 'am_pm': 'PM', 'unix_timestamp': 1764633540000, 'iso_timestamp': '2025-12-01T23:59:00.000Z', 'timestamp': '12/01/2025 11:59 pm', 'time': 1439, 'time_formatted': '23:59', 'proper_unix_timestamp': 1764651540000, 'proper_iso_timestamp': '2025-12-02T04:59:00.000Z'}",12/01/2025 23:59,"{'date': '12/01/2025', 'date_formatted': '12/01/2025', 'hours': '11', 'minutes': '59', 'am_pm': 'PM', 'unix_timestamp': 1764633540000, 'iso_timestamp': '2025-12-01T23:59:00.000Z', 'timestamp': '12/01/2025 11:59 pm', 'time': 1439, 'time_formatted': '23:59', 'proper_unix_timestamp': 1764651540000, 'proper_iso_timestamp': '2025-12-02T04:59:00.000Z'}",,,,,,,,,0,0,$70.00,70,,,,,,,0.00,0,,,,,,,,,,,,,,,,,,,,,,,Yes,True
692e723bfa364bcdfb69d13b,"<span class=""692e72387a558fba7c844bf5"" data-kn=""connection-value"">九头蛇增高支架 UNITY战术GBRS全金属底座T1 T2 H1 H2 R5镜桥创研-淘宝网</span>","[{'id': '692e72387a558fba7c844bf5', 'identifier': '九头蛇增高支架 UNITY战术GBRS全金属底座T1 T2 H1 H2 R5镜桥创研-淘宝网'}]",Inactive,Inactive,黑色-DD增高支架,黑色-DD增高支架,,,,,,,Yes,True,13,13,12/01/2025 23:59,"{'date': '12/01/2025', 'date_formatted': '12/01/2025', 'hours': '11', 'minutes': '59', 'am_pm': 'PM', 'unix_timestamp': 1764633540000, 'iso_timestamp': '2025-12-01T23:59:00.000Z', 'timestamp': '12/01/2025 11:59 pm', 'time': 1439, 'time_formatted': '23:59', 'proper_unix_timestamp': 1764651540000, 'proper_iso_timestamp': '2025-12-02T04:59:00.000Z'}",12/01/2025 23:59,"{'date': '12/01/2025', 'date_formatted': '12/01/2025', 'hours': '11', 'minutes': '59', 'am_pm': 'PM', 'unix_timestamp': 1764633540000, 'iso_timestamp': '2025-12-01T23:59:00.000Z', 'timestamp': '12/01/2025 11:59 pm', 'time': 1439, 'time_formatted': '23:59', 'proper_unix_timestamp': 1764651540000, 'proper_iso_timestamp': '2025-12-02T04:59:00.000Z'}",,,,,,,,,0,0,$70.00,70,,,,,,,0.00,0,,,,,,,,,,,,,,,,,,,,,,,Yes,True
692e723b0bbc714202192fb7,"<span class=""692e72387a558fba7c844bf5"" data-kn=""connection-value"">九头蛇增高支架 UNITY战术GBRS全金属底座T1 T2 H1 H2 R5镜桥创研-淘宝网</span>","[{'id': '692e72387a558fba7c844bf5', 'identifier': '九头蛇增高支架 UNITY战术GBRS全金属底座T1 T2 H1 H2 R5镜桥创研-淘宝网'}]",Inactive,Inactive,黑色 SLR增高支架,黑色 SLR增高支架,,,,,,,Yes,True,14,14,12/01/2025 23:59,"{'date': '12/01/2025', 'date_formatted': '12/01/2025', 'hours': '11', 'minutes': '59', 'am_pm': 'PM', 'unix_timestamp': 1764633540000, 'iso_timestamp': '2025-12-01T23:59:00.000Z', 'timestamp': '12/01/2025 11:59 pm', 'time': 1439, 'time_formatted': '23:59', 'proper_unix_timestamp': 1764651540000, 'proper_iso_timestamp': '2025-12-02T04:59:00.000Z'}",12/01/2025 23:59,"{'date': '12/01/2025', 'date_formatted': '12/01/2025', 'hours': '11', 'minutes': '59', 'am_pm': 'PM', 'unix_timestamp': 1764633540000, 'iso_timestamp': '2025-12-01T23:59:00.000Z', 'timestamp': '12/01/2025 11:59 pm', 'time': 1439, 'time_formatted': '23:59', 'proper_unix_timestamp': 1764651540000, 'proper_iso_timestamp': '2025-12-02T04:59:00.000Z'}",,,,,,,,,0,0,$70.00,70,,,,,,,0.00,0,,,,,,,,,,,,,,,,,,,,,,,Yes,True
692e723b09e839f3a7229c8c,"<span class=""692e72387a558fba7c844bf5"" data-kn=""connection-value"">九头蛇增高支架 UNITY战术GBRS全金属底座T1 T2 H1 H2 R5镜桥创研-淘宝网</span>","[{'id': '692e72387a558fba7c844bf5', 'identifier': '九头蛇增高支架 UNITY战术GBRS全金属底座T1 T2 H1 H2 R5镜桥创研-淘宝网'}]",Inactive,Inactive,黑色-SIG增高支架,黑色-SIG增高支架,,,,,,,Yes,True,15,15,12/01/2025 23:59,"{'date': '12/01/2025', 'date_formatted': '12/01/2025', 'hours': '11', 'minutes': '59', 'am_pm': 'PM', 'unix_timestamp': 1764633540000, 'iso_timestamp': '2025-12-01T23:59:00.000Z', 'timestamp': '12/01/2025 11:59 pm', 'time': 1439, 'time_formatted': '23:59', 'proper_unix_timestamp': 1764651540000, 'proper_iso_timestamp': '2025-12-02T04:59:00.000Z'}",12/01/2025 23:59,"{'date': '12/01/2025', 'date_formatted': '12/01/2025', 'hours': '11', 'minutes': '59', 'am_pm': 'PM', 'unix_timestamp': 1764633540000, 'iso_timestamp': '2025-12-01T23:59:00.000Z', 'timestamp': '12/01/2025 11:59 pm', 'time': 1439, 'time_formatted': '23:59', 'proper_unix_timestamp': 1764651540000, 'proper_iso_timestamp': '2025-12-02T04:59:00.000Z'}",,,,,,,,,0,0,$70.00,70,,,,,,,0.00,0,,,,,,,,,,,,,,,,,,,,,,,Yes,True
692e723bca52923e5b30187b,"<span class=""692e72387a558fba7c844bf5"" data-kn=""connection-value"">九头蛇增高支架 UNITY战术GBRS全金属底座T1 T2 H1 H2 R5镜桥创研-淘宝网</span>","[{'id': '692e72387a558fba7c844bf5', 'identifier': '九头蛇增高支架 UNITY战术GBRS全金属底座T1 T2 H1 H2 R5镜桥创研-淘宝网'}]",Inactive,Inactive,黑色-SISRO45度侧支架 CNC高品质,黑色-SISRO45度侧支架 CNC高品质,,,,,,,Yes,True,16,16,12/01/2025 23:59,"{'date': '12/01/2025', 'date_formatted': '12/01/2025', 'hours': '11', 'minutes': '59', 'am_pm': 'PM', 'unix_timestamp': 1764633540000, 'iso_timestamp': '2025-12-01T23:59:00.000Z', 'timestamp': '12/01/2025 11:59 pm', 'time': 1439, 'time_formatted': '23:59', 'proper_unix_timestamp': 1764651540000, 'proper_iso_timestamp': '2025-12-02T04:59:00.000Z'}",12/01/2025 23:59,"{'date': '12/01/2025', 'date_formatted': '12/01/2025', 'hours': '11', 'minutes': '59', 'am_pm': 'PM', 'unix_timestamp': 1764633540000, 'iso_timestamp': '2025-12-01T23:59:00.000Z', 'timestamp': '12/01/2025 11:59 pm', 'time': 1439, 'time_formatted': '23:59', 'proper_unix_timestamp': 1764651540000, 'proper_iso_timestamp': '2025-12-02T04:59:00.000Z'}",,,,,,,,,0,0,$70.00,70,,,,,,,0.00,0,,,,,,,,,,,,,,,,,,,,,,,Yes,True
692e723bfa364bcdfb69d0c4,"<span class=""692e72387a558fba7c844bf5"" data-kn=""connection-value"">九头蛇增高支架 UNITY战术GBRS全金属底座T1 T2 H1 H2 R5镜桥创研-淘宝网</span>","[{'id': '692e72387a558fba7c844bf5', 'identifier': '九头蛇增高支架 UNITY战术GBRS全金属底座T1 T2 H1 H2 R5镜桥创研-淘宝网'}]",Inactive,Inactive,蓝色-UNIT Exps增高 CNC高品质,蓝色-UNIT Exps增高 CNC高品质,,,,,,,Yes,True,17,17,12/01/2025 23:59,"{'date': '12/01/2025', 'date_formatted': '12/01/2025', 'hours': '11', 'minutes': '59', 'am_pm': 'PM', 'unix_timestamp': 1764633540000, 'iso_timestamp': '2025-12-01T23:59:00.000Z', 'timestamp': '12/01/2025 11:59 pm', 'time': 1439, 'time_formatted': '23:59', 'proper_unix_timestamp': 1764651540000, 'proper_iso_timestamp': '2025-12-02T04:59:00.000Z'}",12/01/2025 23:59,"{'date': '12/01/2025', 'date_formatted': '12/01/2025', 'hours': '11', 'minutes': '59', 'am_pm': 'PM', 'unix_timestamp': 1764633540000, 'iso_timestamp': '2025-12-01T23:59:00.000Z', 'timestamp': '12/01/2025 11:59 pm', 'time': 1439, 'time_formatted': '23:59', 'proper_unix_timestamp': 1764651540000, 'proper_iso_timestamp': '2025-12-02T04:59:00.000Z'}",,,,,,,,,0,0,$70.00,70,,,,,,,0.00,0,,,,,,,,,,,,,,,,,,,,,,,Yes,True
692e723bbbb1193449c69c0c,"<span class=""692e72387a558fba7c844bf5"" data-kn=""connection-value"">九头蛇增高支架 UNITY战术GBRS全金属底座T1 T2 H1 H2 R5镜桥创研-淘宝网</span>","[{'id': '692e72387a558fba7c844bf5', 'identifier': '九头蛇增高支架 UNITY战术GBRS全金属底座T1 T2 H1 H2 R5镜桥创研-淘宝网'}]",Inactive,Inactive,粉色-UNIT Exps增高 CNC高品质,粉色-UNIT Exps增高 CNC高品质,,,,,,,Yes,True,18,18,12/01/2025 23:59,"{'date': '12/01/2025', 'date_formatted': '12/01/2025', 'hours': '11', 'minutes': '59', 'am_pm': 'PM', 'unix_timestamp': 1764633540000, 'iso_timestamp': '2025-12-01T23:59:00.000Z', 'timestamp': '12/01/2025 11:59 pm', 'time': 1439, 'time_formatted': '23:59', 'proper_unix_timestamp': 1764651540000, 'proper_iso_timestamp': '2025-12-02T04:59:00.000Z'}",12/01/2025 23:59,"{'date': '12/01/2025', 'date_formatted': '12/01/2025', 'hours': '11', 'minutes': '59', 'am_pm': 'PM', 'unix_timestamp': 1764633540000, 'iso_timestamp': '2025-12-01T23:59:00.000Z', 'timestamp': '12/01/2025 11:59 pm', 'time': 1439, 'time_formatted': '23:59', 'proper_unix_timestamp': 1764651540000, 'proper_iso_timestamp': '2025-12-02T04:59:00.000Z'}",,,,,,,,,0,0,$70.00,70,,,,,,,0.00,0,,,,,,,,,,,,,,,,,,,,,,,Yes,True
692e723afa364bcdfb69cd1a,"<span class=""692e72387a558fba7c844bf5"" data-kn=""connection-value"">九头蛇增高支架 UNITY战术GBRS全金属底座T1 T2 H1 H2 R5镜桥创研-淘宝网</span>","[{'id': '692e72387a558fba7c844bf5', 'identifier': '九头蛇增高支架 UNITY战术GBRS全金属底座T1 T2 H1 H2 R5镜桥创研-淘宝网'}]",Inactive,Inactive,玫红色-UNIT Exps增高 CNC高品质,玫红色-UNIT Exps增高 CNC高品质,,,,,,,Yes,True,19,19,12/01/2025 23:59,"{'date': '12/01/2025', 'date_formatted': '12/01/2025', 'hours': '11', 'minutes': '59', 'am_pm': 'PM', 'unix_timestamp': 1764633540000, 'iso_timestamp': '2025-12-01T23:59:00.000Z', 'timestamp': '12/01/2025 11:59 pm', 'time': 1439, 'time_formatted': '23:59', 'proper_unix_timestamp': 1764651540000, 'proper_iso_timestamp': '2025-12-02T04:59:00.000Z'}",12/01/2025 23:59,"{'date': '12/01/2025', 'date_formatted': '12/01/2025', 'hours': '11', 'minutes': '59', 'am_pm': 'PM', 'unix_timestamp': 1764633540000, 'iso_timestamp': '2025-12-01T23:59:00.000Z', 'timestamp': '12/01/2025 11:59 pm', 'time': 1439, 'time_formatted': '23:59', 'proper_unix_timestamp': 1764651540000, 'proper_iso_timestamp': '2025-12-02T04:59:00.000Z'}",,,,,,,,,0,0,$70.00,70,,,,,,,0.00,0,,,,,,,,,,,,,,,,,,,,,,,Yes,True
692e723afa364bcdfb69ccac,"<span class=""692e72387a558fba7c844bf5"" data-kn=""connection-value"">九头蛇增高支架 UNITY战术GBRS全金属底座T1 T2 H1 H2 R5镜桥创研-淘宝网</span>","[{'id': '692e72387a558fba7c844bf5', 'identifier': '九头蛇增高支架 UNITY战术GBRS全金属底座T1 T2 H1 H2 R5镜桥创研-淘宝网'}]",Inactive,Inactive,红色-UNIT Exps增高,红色-UNIT Exps增高,,,,,,,Yes,True,20,20,12/01/2025 23:59,"{'date': '12/01/2025', 'date_formatted': '12/01/2025', 'hours': '11', 'minutes': '59', 'am_pm': 'PM', 'unix_timestamp': 1764633540000, 'iso_timestamp': '2025-12-01T23:59:00.000Z', 'timestamp': '12/01/2025 11:59 pm', 'time': 1439, 'time_formatted': '23:59', 'proper_unix_timestamp': 1764651540000, 'proper_iso_timestamp': '2025-12-02T04:59:00.000Z'}",12/01/2025 23:59,"{'date': '12/01/2025', 'date_formatted': '12/01/2025', 'hours': '11', 'minutes': '59', 'am_pm': 'PM', 'unix_timestamp': 1764633540000, 'iso_timestamp': '2025-12-01T23:59:00.000Z', 'timestamp': '12/01/2025 11:59 pm', 'time': 1439, 'time_formatted': '23:59', 'proper_unix_timestamp': 1764651540000, 'proper_iso_timestamp': '2025-12-02T04:59:00.000Z'}",,,,,,,,,0,0,$70.00,70,,,,,,,0.00,0,,,,,,,,,,,,,,,,,,,,,,,Yes,True
692e723a09e839f3a722864d,"<span class=""692e72387a558fba7c844bf5"" data-kn=""connection-value"">九头蛇增高支架 UNITY战术GBRS全金属底座T1 T2 H1 H2 R5镜桥创研-淘宝网</span>","[{'id': '692e72387a558fba7c844bf5', 'identifier': '九头蛇增高支架 UNITY战术GBRS全金属底座T1 T2 H1 H2 R5镜桥创研-淘宝网'}]",Inactive,Inactive,棕色-UNIT Exps增高 CNC高品质,棕色-UNIT Exps增高 CNC高品质,,,,,,,Yes,True,21,21,12/01/2025 23:59,"{'date': '12/01/2025', 'date_formatted': '12/01/2025', 'hours': '11', 'minutes': '59', 'am_pm': 'PM', 'unix_timestamp': 1764633540000, 'iso_timestamp': '2025-12-01T23:59:00.000Z', 'timestamp': '12/01/2025 11:59 pm', 'time': 1439, 'time_formatted': '23:59', 'proper_unix_timestamp': 1764651540000, 'proper_iso_timestamp': '2025-12-02T04:59:00.000Z'}",12/01/2025 23:59,"{'date': '12/01/2025', 'date_formatted': '12/01/2025', 'hours': '11', 'minutes': '59', 'am_pm': 'PM', 'unix_timestamp': 1764633540000, 'iso_timestamp': '2025-12-01T23:59:00.000Z', 'timestamp': '12/01/2025 11:59 pm', 'time': 1439, 'time_formatted': '23:59', 'proper_unix_timestamp': 1764651540000, 'proper_iso_timestamp': '2025-12-02T04:59:00.000Z'}",,,,,,,,,0,0,$70.00,70,,,,,,,0.00,0,,,,,,,,,,,,,,,,,,,,,,,Yes,True
692e723a17d38f64839b0b72,"<span class=""692e72387a558fba7c844bf5"" data-kn=""connection-value"">九头蛇增高支架 UNITY战术GBRS全金属底座T1 T2 H1 H2 R5镜桥创研-淘宝网</span>","[{'id': '692e72387a558fba7c844bf5', 'identifier': '九头蛇增高支架 UNITY战术GBRS全金属底座T1 T2 H1 H2 R5镜桥创研-淘宝网'}]",Inactive,Inactive,沙色-电锯支架套装 CNC高品质,沙色-电锯支架套装 CNC高品质,,,,,,,Yes,True,22,22,12/01/2025 23:59,"{'date': '12/01/2025', 'date_formatted': '12/01/2025', 'hours': '11', 'minutes': '59', 'am_pm': 'PM', 'unix_timestamp': 1764633540000, 'iso_timestamp': '2025-12-01T23:59:00.000Z', 'timestamp': '12/01/2025 11:59 pm', 'time': 1439, 'time_formatted': '23:59', 'proper_unix_timestamp': 1764651540000, 'proper_iso_timestamp': '2025-12-02T04:59:00.000Z'}",12/01/2025 23:59,"{'date': '12/01/2025', 'date_formatted': '12/01/2025', 'hours': '11', 'minutes': '59', 'am_pm': 'PM', 'unix_timestamp': 1764633540000, 'iso_timestamp': '2025-12-01T23:59:00.000Z', 'timestamp': '12/01/2025 11:59 pm', 'time': 1439, 'time_formatted': '23:59', 'proper_unix_timestamp': 1764651540000, 'proper_iso_timestamp': '2025-12-02T04:59:00.000Z'}",,,,,,,,,0,0,$70.00,70,,,,,,,0.00,0,,,,,,,,,,,,,,,,,,,,,,,Yes,True
692e723a17d38f64839b0b05,"<span class=""692e72387a558fba7c844bf5"" data-kn=""connection-value"">九头蛇增高支架 UNITY战术GBRS全金属底座T1 T2 H1 H2 R5镜桥创研-淘宝网</span>","[{'id': '692e72387a558fba7c844bf5', 'identifier': '九头蛇增高支架 UNITY战术GBRS全金属底座T1 T2 H1 H2 R5镜桥创研-淘宝网'}]",Inactive,Inactive,黑色-电锯支架套装 CNC高品质,黑色-电锯支架套装 CNC高品质,,,,,,,Yes,True,23,23,12/01/2025 23:59,"{'date': '12/01/2025', 'date_formatted': '12/01/2025', 'hours': '11', 'minutes': '59', 'am_pm': 'PM', 'unix_timestamp': 1764633540000, 'iso_timestamp': '2025-12-01T23:59:00.000Z', 'timestamp': '12/01/2025 11:59 pm', 'time': 1439, 'time_formatted': '23:59', 'proper_unix_timestamp': 1764651540000, 'proper_iso_timestamp': '2025-12-02T04:59:00.000Z'}",12/01/2025 23:59,"{'date': '12/01/2025', 'date_formatted': '12/01/2025', 'hours': '11', 'minutes': '59', 'am_pm': 'PM', 'unix_timestamp': 1764633540000, 'iso_timestamp': '2025-12-01T23:59:00.000Z', 'timestamp': '12/01/2025 11:59 pm', 'time': 1439, 'time_formatted': '23:59', 'proper_unix_timestamp': 1764651540000, 'proper_iso_timestamp': '2025-12-02T04:59:00.000Z'}",,,,,,,,,0,0,$70.00,70,,,,,,,0.00,0,,,,,,,,,,,,,,,,,,,,,,,Yes,True
692e723a0fa676102542d7cb,"<span class=""692e72387a558fba7c844bf5"" data-kn=""connection-value"">九头蛇增高支架 UNITY战术GBRS全金属底座T1 T2 H1 H2 R5镜桥创研-淘宝网</span>","[{'id': '692e72387a558fba7c844bf5', 'identifier': '九头蛇增高支架 UNITY战术GBRS全金属底座T1 T2 H1 H2 R5镜桥创研-淘宝网'}]",Inactive,Inactive,黑色-UNIT Exps增高 CNC高品质,黑色-UNIT Exps增高 CNC高品质,,,,,,,Yes,True,24,24,12/01/2025 23:59,"{'date': '12/01/2025', 'date_formatted': '12/01/2025', 'hours': '11', 'minutes': '59', 'am_pm': 'PM', 'unix_timestamp': 1764633540000, 'iso_timestamp': '2025-12-01T23:59:00.000Z', 'timestamp': '12/01/2025 11:59 pm', 'time': 1439, 'time_formatted': '23:59', 'proper_unix_timestamp': 1764651540000, 'proper_iso_timestamp': '2025-12-02T04:59:00.000Z'}",12/01/2025 23:59,"{'date': '12/01/2025', 'date_formatted': '12/01/2025', 'hours': '11', 'minutes': '59', 'am_pm': 'PM', 'unix_timestamp': 1764633540000, 'iso_timestamp': '2025-12-01T23:59:00.000Z', 'timestamp': '12/01/2025 11:59 pm', 'time': 1439, 'time_formatted': '23:59', 'proper_unix_timestamp': 1764651540000, 'proper_iso_timestamp': '2025-12-02T04:59:00.000Z'}",,,,,,,,,0,0,$70.00,70,,,,,,,0.00,0,,,,,,,,,,,,,,,,,,,,,,,Yes,True
692e723909e839f3a72285d8,"<span class=""692e72387a558fba7c844bf5"" data-kn=""connection-value"">九头蛇增高支架 UNITY战术GBRS全金属底座T1 T2 H1 H2 R5镜桥创研-淘宝网</span>","[{'id': '692e72387a558fba7c844bf5', 'identifier': '九头蛇增高支架 UNITY战术GBRS全金属底座T1 T2 H1 H2 R5镜桥创研-淘宝网'}]",Inactive,Inactive,黑色-UNITY增高 CNC高品质,黑色-UNITY增高 CNC高品质,,,,,,,Yes,True,25,25,12/01/2025 23:59,"{'date': '12/01/2025', 'date_formatted': '12/01/2025', 'hours': '11', 'minutes': '59', 'am_pm': 'PM', 'unix_timestamp': 1764633540000, 'iso_timestamp': '2025-12-01T23:59:00.000Z', 'timestamp': '12/01/2025 11:59 pm', 'time': 1439, 'time_formatted': '23:59', 'proper_unix_timestamp': 1764651540000, 'proper_iso_timestamp': '2025-12-02T04:59:00.000Z'}",12/01/2025 23:59,"{'date': '12/01/2025', 'date_formatted': '12/01/2025', 'hours': '11', 'minutes': '59', 'am_pm': 'PM', 'unix_timestamp': 1764633540000, 'iso_timestamp': '2025-12-01T23:59:00.000Z', 'timestamp': '12/01/2025 11:59 pm', 'time': 1439, 'time_formatted': '23:59', 'proper_unix_timestamp': 1764651540000, 'proper_iso_timestamp': '2025-12-02T04:59:00.000Z'}",,,,,,,,,0,0,$70.00,70,,,,,,,0.00,0,,,,,,,,,,,,,,,,,,,,,,,Yes,True
692e7237bbb1193449c68995,"<span class=""692e72367e25f4f438f27da7"" data-kn=""connection-value"">跨境新品Clay the Claymore呆萌小方块毛绒公仔节日赠礼好物-淘宝网</span>","[{'id': '692e72367e25f4f438f27da7', 'identifier': '跨境新品Clay the Claymore呆萌小方块毛绒公仔节日赠礼好物-淘宝网'}]",Active,Active,Small Square,Small Square,,,,,,,Yes,True,1,1,12/01/2025 23:59,"{'date': '12/01/2025', 'date_formatted': '12/01/2025', 'hours': '11', 'minutes': '59', 'am_pm': 'PM', 'unix_timestamp': 1764633540000, 'iso_timestamp': '2025-12-01T23:59:00.000Z', 'timestamp': '12/01/2025 11:59 pm', 'time': 1439, 'time_formatted': '23:59', 'proper_unix_timestamp': 1764651540000, 'proper_iso_timestamp': '2025-12-02T04:59:00.000Z'}",12/01/2025 23:59,"{'date': '12/01/2025', 'date_formatted': '12/01/2025', 'hours': '11', 'minutes': '59', 'am_pm': 'PM', 'unix_timestamp': 1764633540000, 'iso_timestamp': '2025-12-01T23:59:00.000Z', 'timestamp': '12/01/2025 11:59 pm', 'time': 1439, 'time_formatted': '23:59', 'proper_unix_timestamp': 1764651540000, 'proper_iso_timestamp': '2025-12-02T04:59:00.000Z'}",Style,Style,Small Square,Small Square,,,,,24,24,$38.00,38,,,33.85,$34,https://www.ebay.ca/itm/236224084422,https://www.ebay.ca/itm/236224084422,28.90,28.9,12.4,12,47.10,47.1,29.10,29.1,No,False,,,,,,,,,,,,,,,Yes,True
692e72358d168de47b31d7d9,"<span class=""692e72328d168de47b31cbd8"" data-kn=""connection-value"">战术多功能手雷模型装备包 手榴弹道具molle同尺寸弹力收纳附件包-淘宝网</span>","[{'id': '692e72328d168de47b31cbd8', 'identifier': '战术多功能手雷模型装备包 手榴弹道具molle同尺寸弹力收纳附件包-淘宝网'}]",Inactive,Inactive,【考度拉】暗夜迷彩 BCP,【考度拉】暗夜迷彩 BCP,,,,,,,Yes,True,1,1,12/01/2025 23:59,"{'date': '12/01/2025', 'date_formatted': '12/01/2025', 'hours': '11', 'minutes': '59', 'am_pm': 'PM', 'unix_timestamp': 1764633540000, 'iso_timestamp': '2025-12-01T23:59:00.000Z', 'timestamp': '12/01/2025 11:59 pm', 'time': 1439, 'time_formatted': '23:59', 'proper_unix_timestamp': 1764651540000, 'proper_iso_timestamp': '2025-12-02T04:59:00.000Z'}",12/01/2025 23:59,"{'date': '12/01/2025', 'date_formatted': '12/01/2025', 'hours': '11', 'minutes': '59', 'am_pm': 'PM', 'unix_timestamp': 1764633540000, 'iso_timestamp': '2025-12-01T23:59:00.000Z', 'timestamp': '12/01/2025 11:59 pm', 'time': 1439, 'time_formatted': '23:59', 'proper_unix_timestamp': 1764651540000, 'proper_iso_timestamp': '2025-12-02T04:59:00.000Z'}",,,,,,,,,0,0,$70.00,70,,,,,,,0.00,0,,,,,,,,,,,,,,,,,,,,,,,Yes,True
692e723506854af46491ea72,"<span class=""692e72328d168de47b31cbd8"" data-kn=""connection-value"">战术多功能手雷模型装备包 手榴弹道具molle同尺寸弹力收纳附件包-淘宝网</span>","[{'id': '692e72328d168de47b31cbd8', 'identifier': '战术多功能手雷模型装备包 手榴弹道具molle同尺寸弹力收纳附件包-淘宝网'}]",Inactive,Inactive,【考度拉】CP迷彩,【考度拉】CP迷彩,,,,,,,Yes,True,2,2,12/01/2025 23:59,"{'date': '12/01/2025', 'date_formatted': '12/01/2025', 'hours': '11', 'minutes': '59', 'am_pm': 'PM', 'unix_timestamp': 1764633540000, 'iso_timestamp': '2025-12-01T23:59:00.000Z', 'timestamp': '12/01/2025 11:59 pm', 'time': 1439, 'time_formatted': '23:59', 'proper_unix_timestamp': 1764651540000, 'proper_iso_timestamp': '2025-12-02T04:59:00.000Z'}",12/01/2025 23:59,"{'date': '12/01/2025', 'date_formatted': '12/01/2025', 'hours': '11', 'minutes': '59', 'am_pm': 'PM', 'unix_timestamp': 1764633540000, 'iso_timestamp': '2025-12-01T23:59:00.000Z', 'timestamp': '12/01/2025 11:59 pm', 'time': 1439, 'time_formatted': '23:59', 'proper_unix_timestamp': 1764651540000, 'proper_iso_timestamp': '2025-12-02T04:59:00.000Z'}",,,,,,,,,0,0,$70.00,70,,,,,,,0.00,0,,,,,,,,,,,,,,,,,,,,,,,Yes,True
692e723552032e7f96734832,"<span class=""692e72328d168de47b31cbd8"" data-kn=""connection-value"">战术多功能手雷模型装备包 手榴弹道具molle同尺寸弹力收纳附件包-淘宝网</span>","[{'id': '692e72328d168de47b31cbd8', 'identifier': '战术多功能手雷模型装备包 手榴弹道具molle同尺寸弹力收纳附件包-淘宝网'}]",Inactive,Inactive,【考度拉】游骑兵绿色 RG,【考度拉】游骑兵绿色 RG,,,,,,,Yes,True,3,3,12/01/2025 23:59,"{'date': '12/01/2025', 'date_formatted': '12/01/2025', 'hours': '11', 'minutes': '59', 'am_pm': 'PM', 'unix_timestamp': 1764633540000, 'iso_timestamp': '2025-12-01T23:59:00.000Z', 'timestamp': '12/01/2025 11:59 pm', 'time': 1439, 'time_formatted': '23:59', 'proper_unix_timestamp': 1764651540000, 'proper_iso_timestamp': '2025-12-02T04:59:00.000Z'}",12/01/2025 23:59,"{'date': '12/01/2025', 'date_formatted': '12/01/2025', 'hours': '11', 'minutes': '59', 'am_pm': 'PM', 'unix_timestamp': 1764633540000, 'iso_timestamp': '2025-12-01T23:59:00.000Z', 'timestamp': '12/01/2025 11:59 pm', 'time': 1439, 'time_formatted': '23:59', 'proper_unix_timestamp': 1764651540000, 'proper_iso_timestamp': '2025-12-02T04:59:00.000Z'}",,,,,,,,,0,0,$70.00,70,,,,,,,0.00,0,,,,,,,,,,,,,,,,,,,,,,,Yes,True
692e72350fa676102542d753,"<span class=""692e72328d168de47b31cbd8"" data-kn=""connection-value"">战术多功能手雷模型装备包 手榴弹道具molle同尺寸弹力收纳附件包-淘宝网</span>","[{'id': '692e72328d168de47b31cbd8', 'identifier': '战术多功能手雷模型装备包 手榴弹道具molle同尺寸弹力收纳附件包-淘宝网'}]",Inactive,Inactive,【考度拉】狼灰色 WG,【考度拉】狼灰色 WG,,,,,,,Yes,True,4,4,12/01/2025 23:59,"{'date': '12/01/2025', 'date_formatted': '12/01/2025', 'hours': '11', 'minutes': '59', 'am_pm': 'PM', 'unix_timestamp': 1764633540000, 'iso_timestamp': '2025-12-01T23:59:00.000Z', 'timestamp': '12/01/2025 11:59 pm', 'time': 1439, 'time_formatted': '23:59', 'proper_unix_timestamp': 1764651540000, 'proper_iso_timestamp': '2025-12-02T04:59:00.000Z'}",12/01/2025 23:59,"{'date': '12/01/2025', 'date_formatted': '12/01/2025', 'hours': '11', 'minutes': '59', 'am_pm': 'PM', 'unix_timestamp': 1764633540000, 'iso_timestamp': '2025-12-01T23:59:00.000Z', 'timestamp': '12/01/2025 11:59 pm', 'time': 1439, 'time_formatted': '23:59', 'proper_unix_timestamp': 1764651540000, 'proper_iso_timestamp': '2025-12-02T04:59:00.000Z'}",,,,,,,,,0,0,$70.00,70,,,,,,,0.00,0,,,,,,,,,,,,,,,,,,,,,,,Yes,True
692e72340fa676102542d6e6,"<span class=""692e72328d168de47b31cbd8"" data-kn=""connection-value"">战术多功能手雷模型装备包 手榴弹道具molle同尺寸弹力收纳附件包-淘宝网</span>","[{'id': '692e72328d168de47b31cbd8', 'identifier': '战术多功能手雷模型装备包 手榴弹道具molle同尺寸弹力收纳附件包-淘宝网'}]",Inactive,Inactive,【考度拉】狼棕色 CB,【考度拉】狼棕色 CB,,,,,,,Yes,True,5,5,12/01/2025 23:59,"{'date': '12/01/2025', 'date_formatted': '12/01/2025', 'hours': '11', 'minutes': '59', 'am_pm': 'PM', 'unix_timestamp': 1764633540000, 'iso_timestamp': '2025-12-01T23:59:00.000Z', 'timestamp': '12/01/2025 11:59 pm', 'time': 1439, 'time_formatted': '23:59', 'proper_unix_timestamp': 1764651540000, 'proper_iso_timestamp': '2025-12-02T04:59:00.000Z'}",12/01/2025 23:59,"{'date': '12/01/2025', 'date_formatted': '12/01/2025', 'hours': '11', 'minutes': '59', 'am_pm': 'PM', 'unix_timestamp': 1764633540000, 'iso_timestamp': '2025-12-01T23:59:00.000Z', 'timestamp': '12/01/2025 11:59 pm', 'time': 1439, 'time_formatted': '23:59', 'proper_unix_timestamp': 1764651540000, 'proper_iso_timestamp': '2025-12-02T04:59:00.000Z'}",,,,,,,,,0,0,$70.00,70,,,,,,,0.00,0,,,,,,,,,,,,,,,,,,,,,,,Yes,True
692e72347e25f4f438f277eb,"<span class=""692e72328d168de47b31cbd8"" data-kn=""connection-value"">战术多功能手雷模型装备包 手榴弹道具molle同尺寸弹力收纳附件包-淘宝网</span>","[{'id': '692e72328d168de47b31cbd8', 'identifier': '战术多功能手雷模型装备包 手榴弹道具molle同尺寸弹力收纳附件包-淘宝网'}]",Inactive,Inactive,【考度拉】黑色 BK,【考度拉】黑色 BK,,,,,,,Yes,True,6,6,12/01/2025 23:59,"{'date': '12/01/2025', 'date_formatted': '12/01/2025', 'hours': '11', 'minutes': '59', 'am_pm': 'PM', 'unix_timestamp': 1764633540000, 'iso_timestamp': '2025-12-01T23:59:00.000Z', 'timestamp': '12/01/2025 11:59 pm', 'time': 1439, 'time_formatted': '23:59', 'proper_unix_timestamp': 1764651540000, 'proper_iso_timestamp': '2025-12-02T04:59:00.000Z'}",12/01/2025 23:59,"{'date': '12/01/2025', 'date_formatted': '12/01/2025', 'hours': '11', 'minutes': '59', 'am_pm': 'PM', 'unix_timestamp': 1764633540000, 'iso_timestamp': '2025-12-01T23:59:00.000Z', 'timestamp': '12/01/2025 11:59 pm', 'time': 1439, 'time_formatted': '23:59', 'proper_unix_timestamp': 1764651540000, 'proper_iso_timestamp': '2025-12-02T04:59:00.000Z'}",,,,,,,,,0,0,$70.00,70,,,,,,,0.00,0,,,,,,,,,,,,,,,,,,,,,,,Yes,True
692e72327e25f4f438f2709c,"<span class=""692e723006854af46491d3e4"" data-kn=""connection-value"">WOSPORT L4G24 夜视仪支架（铝合金版）-淘宝网</span>","[{'id': '692e723006854af46491d3e4', 'identifier': 'WOSPORT L4G24 夜视仪支架（铝合金版）-淘宝网'}]",Inactive,Inactive,HL-ACC-73-BK 金属黑色,HL-ACC-73-BK 金属黑色,,,,,,,Yes,True,1,1,12/01/2025 23:59,"{'date': '12/01/2025', 'date_formatted': '12/01/2025', 'hours': '11', 'minutes': '59', 'am_pm': 'PM', 'unix_timestamp': 1764633540000, 'iso_timestamp': '2025-12-01T23:59:00.000Z', 'timestamp': '12/01/2025 11:59 pm', 'time': 1439, 'time_formatted': '23:59', 'proper_unix_timestamp': 1764651540000, 'proper_iso_timestamp': '2025-12-02T04:59:00.000Z'}",12/01/2025 23:59,"{'date': '12/01/2025', 'date_formatted': '12/01/2025', 'hours': '11', 'minutes': '59', 'am_pm': 'PM', 'unix_timestamp': 1764633540000, 'iso_timestamp': '2025-12-01T23:59:00.000Z', 'timestamp': '12/01/2025 11:59 pm', 'time': 1439, 'time_formatted': '23:59', 'proper_unix_timestamp': 1764651540000, 'proper_iso_timestamp': '2025-12-02T04:59:00.000Z'}",,,,,,,,,0,0,$70.00,70,,,,,,,0.00,0,,,,,,,,,,,,,,,,,,,,,,,Yes,True
692e72328d168de47b31c5eb,"<span class=""692e723006854af46491d3e4"" data-kn=""connection-value"">WOSPORT L4G24 夜视仪支架（铝合金版）-淘宝网</span>","[{'id': '692e723006854af46491d3e4', 'identifier': 'WOSPORT L4G24 夜视仪支架（铝合金版）-淘宝网'}]",Inactive,Inactive,HL-ACC-73-T 金属泥色,HL-ACC-73-T 金属泥色,,,,,,,Yes,True,2,2,12/01/2025 23:59,"{'date': '12/01/2025', 'date_formatted': '12/01/2025', 'hours': '11', 'minutes': '59', 'am_pm': 'PM', 'unix_timestamp': 1764633540000, 'iso_timestamp': '2025-12-01T23:59:00.000Z', 'timestamp': '12/01/2025 11:59 pm', 'time': 1439, 'time_formatted': '23:59', 'proper_unix_timestamp': 1764651540000, 'proper_iso_timestamp': '2025-12-02T04:59:00.000Z'}",12/01/2025 23:59,"{'date': '12/01/2025', 'date_formatted': '12/01/2025', 'hours': '11', 'minutes': '59', 'am_pm': 'PM', 'unix_timestamp': 1764633540000, 'iso_timestamp': '2025-12-01T23:59:00.000Z', 'timestamp': '12/01/2025 11:59 pm', 'time': 1439, 'time_formatted': '23:59', 'proper_unix_timestamp': 1764651540000, 'proper_iso_timestamp': '2025-12-02T04:59:00.000Z'}",,,,,,,,,0,0,$70.00,70,,,,,,,0.00,0,,,,,,,,,,,,,,,,,,,,,,,Yes,True
