id,field_61,field_61_raw,field_67,field_67_raw,field_62,field_62_raw,field_149_raw,field_149,field_150_raw,field_150,field_63_raw,field_63,field_66,field_66_raw,field_68,field_68_raw,field_69,field_69_raw,field_70,field_70_raw,field_145,field_145_raw,field_146,field_146_raw,field_147_raw,field_147,field_148_raw,field_148,field_64,field_64_raw,field_151,field_151_raw,field_152,field_152_raw,field_139_raw,field_139,field_137_raw,field_137,field_138,field_138_raw,field_153_raw,field_153,field_154,field_154_raw,field_155,field_155_raw,field_156,field_156_raw,field_157_raw,field_157,field_158,field_158_raw,field_159_raw,field_159,field_160_raw,field_160,field_161_raw,field_161,field_162,field_162_raw,field_173,field_173_raw,field_175,field_175_raw
695c33dde3d1a0c3719a6e57,"<span class=""695c32e18c1c28d3136ab815"" data-kn=""connection-value"">WOSPORT L4G24 夜视仪支架（铝合金版）-淘宝网</span>","[{'id': '695c32e18c1c28d3136ab815', 'identifier': 'WOSPORT L4G24 夜视仪支架（铝合金版）-淘宝网'}]",Inactive,Inactive,HL-ACC-73-T 金属泥色,HL-ACC-73-T 金属泥色,,,,,,,Yes,True,2,2,01/05/2026 16:57,"{'date': '01/05/2026', 'date_formatted': '01/05/2026', 'hours': '04', 'minutes': '57', 'am_pm': 'PM', 'unix_timestamp': 1767632220000, 'iso_timestamp': '2026-01-05T16:57:00.000Z', 'timestamp': '01/05/2026 04:57 pm', 'time': 1017, 'time_formatted': '16:57', 'proper_unix_timestamp': 1767650220000, 'proper_iso_timestamp': '2026-01-05T21:57:00.000Z'}",01/05/2026 16:57,"{'date': '01/05/2026', 'date_formatted': '01/05/2026', 'hours': '04', 'minutes': '57', 'am_pm': 'PM', 'unix_timestamp': 1767632220000, 'iso_timestamp': '2026-01-05T16:57:00.000Z', 'timestamp': '01/05/2026 04:57 pm', 'time': 1017, 'time_formatted': '16:57', 'proper_unix_timestamp': 1767650220000, 'proper_iso_timestamp': '2026-01-05T21:57:00.000Z'}",Style,Style,HL-ACC-73-T 金属泥色,HL-ACC-73-T 金属泥色,,,,,0,0,$30.00,30,No,False,,,,,0.00,0,,,0.00,0,0.00,0,No,False,,,Yes,True,,,,,,,$30.00,30,$0.00,0,No,False
695c33dde6dc404973120293,"<span class=""695c32e18c1c28d3136ab815"" data-kn=""connection-value"">WOSPORT L4G24 夜视仪支架（铝合金版）-淘宝网</span>","[{'id': '695c32e18c1c28d3136ab815', 'identifier': 'WOSPORT L4G24 夜视仪支架（铝合金版）-淘宝网'}]",Inactive,Inactive,HL-ACC-73-BK 金属黑色,HL-ACC-73-BK 金属黑色,,,,,,,Yes,True,1,1,01/05/2026 16:57,"{'date': '01/05/2026', 'date_formatted': '01/05/2026', 'hours': '04', 'minutes': '57', 'am_pm': 'PM', 'unix_timestamp': 1767632220000, 'iso_timestamp': '2026-01-05T16:57:00.000Z', 'timestamp': '01/05/2026 04:57 pm', 'time': 1017, 'time_formatted': '16:57', 'proper_unix_timestamp': 1767650220000, 'proper_iso_timestamp': '2026-01-05T21:57:00.000Z'}",01/05/2026 16:57,"{'date': '01/05/2026', 'date_formatted': '01/05/2026', 'hours': '04', 'minutes': '57', 'am_pm': 'PM', 'unix_timestamp': 1767632220000, 'iso_timestamp': '2026-01-05T16:57:00.000Z', 'timestamp': '01/05/2026 04:57 pm', 'time': 1017, 'time_formatted': '16:57', 'proper_unix_timestamp': 1767650220000, 'proper_iso_timestamp': '2026-01-05T21:57:00.000Z'}",Style,Style,HL-ACC-73-BK 金属黑色,HL-ACC-73-BK 金属黑色,,,,,0,0,$30.00,30,No,False,,,,,0.00,0,,,0.00,0,0.00,0,No,False,,,Yes,True,,,,,,,$30.00,30,$0.00,0,No,False
695c33dcbde2c63e6cb73fcf,"<span class=""695c32e61e9722c9bff9e448"" data-kn=""connection-value"">战术多功能手雷模型装备包 手榴弹道具molle同尺寸弹力收纳附件包-淘宝网</span>","[{'id': '695c32e61e9722c9bff9e448', 'identifier': '战术多功能手雷模型装备包 手榴弹道具molle同尺寸弹力收纳附件包-淘宝网'}]",Inactive,Inactive,【考度拉】黑色 BK,【考度拉】黑色 BK,,,,,,,Yes,True,6,6,01/05/2026 16:57,"{'date': '01/05/2026', 'date_formatted': '01/05/2026', 'hours': '04', 'minutes': '57', 'am_pm': 'PM', 'unix_timestamp': 1767632220000, 'iso_timestamp': '2026-01-05T16:57:00.000Z', 'timestamp': '01/05/2026 04:57 pm', 'time': 1017, 'time_formatted': '16:57', 'proper_unix_timestamp': 1767650220000, 'proper_iso_timestamp': '2026-01-05T21:57:00.000Z'}",01/05/2026 16:57,"{'date': '01/05/2026', 'date_formatted': '01/05/2026', 'hours': '04', 'minutes': '57', 'am_pm': 'PM', 'unix_timestamp': 1767632220000, 'iso_timestamp': '2026-01-05T16:57:00.000Z', 'timestamp': '01/05/2026 04:57 pm', 'time': 1017, 'time_formatted': '16:57', 'proper_unix_timestamp': 1767650220000, 'proper_iso_timestamp': '2026-01-05T21:57:00.000Z'}",Style,Style,【考度拉】黑色 BK,【考度拉】黑色 BK,,,,,0,0,$30.00,30,No,False,,,,,0.00,0,,,0.00,0,0.00,0,No,False,,,Yes,True,,,,,,,$30.00,30,$0.00,0,No,False
695c33dcd745a52edae7feb2,"<span class=""695c32e61e9722c9bff9e448"" data-kn=""connection-value"">战术多功能手雷模型装备包 手榴弹道具molle同尺寸弹力收纳附件包-淘宝网</span>","[{'id': '695c32e61e9722c9bff9e448', 'identifier': '战术多功能手雷模型装备包 手榴弹道具molle同尺寸弹力收纳附件包-淘宝网'}]",Inactive,Inactive,【考度拉】狼棕色 CB,【考度拉】狼棕色 CB,,,,,,,Yes,True,5,5,01/05/2026 16:57,"{'date': '01/05/2026', 'date_formatted': '01/05/2026', 'hours': '04', 'minutes': '57', 'am_pm': 'PM', 'unix_timestamp': 1767632220000, 'iso_timestamp': '2026-01-05T16:57:00.000Z', 'timestamp': '01/05/2026 04:57 pm', 'time': 1017, 'time_formatted': '16:57', 'proper_unix_timestamp': 1767650220000, 'proper_iso_timestamp': '2026-01-05T21:57:00.000Z'}",01/05/2026 16:57,"{'date': '01/05/2026', 'date_formatted': '01/05/2026', 'hours': '04', 'minutes': '57', 'am_pm': 'PM', 'unix_timestamp': 1767632220000, 'iso_timestamp': '2026-01-05T16:57:00.000Z', 'timestamp': '01/05/2026 04:57 pm', 'time': 1017, 'time_formatted': '16:57', 'proper_unix_timestamp': 1767650220000, 'proper_iso_timestamp': '2026-01-05T21:57:00.000Z'}",Style,Style,【考度拉】狼棕色 CB,【考度拉】狼棕色 CB,,,,,0,0,$30.00,30,No,False,,,,,0.00,0,,,0.00,0,0.00,0,No,False,,,Yes,True,,,,,,,$30.00,30,$0.00,0,No,False
695c33dc28a735d447d8ac6e,"<span class=""695c32e61e9722c9bff9e448"" data-kn=""connection-value"">战术多功能手雷模型装备包 手榴弹道具molle同尺寸弹力收纳附件包-淘宝网</span>","[{'id': '695c32e61e9722c9bff9e448', 'identifier': '战术多功能手雷模型装备包 手榴弹道具molle同尺寸弹力收纳附件包-淘宝网'}]",Inactive,Inactive,【考度拉】狼灰色 WG,【考度拉】狼灰色 WG,,,,,,,Yes,True,4,4,01/05/2026 16:57,"{'date': '01/05/2026', 'date_formatted': '01/05/2026', 'hours': '04', 'minutes': '57', 'am_pm': 'PM', 'unix_timestamp': 1767632220000, 'iso_timestamp': '2026-01-05T16:57:00.000Z', 'timestamp': '01/05/2026 04:57 pm', 'time': 1017, 'time_formatted': '16:57', 'proper_unix_timestamp': 1767650220000, 'proper_iso_timestamp': '2026-01-05T21:57:00.000Z'}",01/05/2026 16:57,"{'date': '01/05/2026', 'date_formatted': '01/05/2026', 'hours': '04', 'minutes': '57', 'am_pm': 'PM', 'unix_timestamp': 1767632220000, 'iso_timestamp': '2026-01-05T16:57:00.000Z', 'timestamp': '01/05/2026 04:57 pm', 'time': 1017, 'time_formatted': '16:57', 'proper_unix_timestamp': 1767650220000, 'proper_iso_timestamp': '2026-01-05T21:57:00.000Z'}",Style,Style,【考度拉】狼灰色 WG,【考度拉】狼灰色 WG,,,,,0,0,$30.00,30,No,False,,,,,0.00,0,,,0.00,0,0.00,0,No,False,,,Yes,True,,,,,,,$30.00,30,$0.00,0,No,False
695c33db7051e7c103536d6a,"<span class=""695c32e61e9722c9bff9e448"" data-kn=""connection-value"">战术多功能手雷模型装备包 手榴弹道具molle同尺寸弹力收纳附件包-淘宝网</span>","[{'id': '695c32e61e9722c9bff9e448', 'identifier': '战术多功能手雷模型装备包 手榴弹道具molle同尺寸弹力收纳附件包-淘宝网'}]",Inactive,Inactive,【考度拉】游骑兵绿色 RG,【考度拉】游骑兵绿色 RG,,,,,,,Yes,True,3,3,01/05/2026 16:57,"{'date': '01/05/2026', 'date_formatted': '01/05/2026', 'hours': '04', 'minutes': '57', 'am_pm': 'PM', 'unix_timestamp': 1767632220000, 'iso_timestamp': '2026-01-05T16:57:00.000Z', 'timestamp': '01/05/2026 04:57 pm', 'time': 1017, 'time_formatted': '16:57', 'proper_unix_timestamp': 1767650220000, 'proper_iso_timestamp': '2026-01-05T21:57:00.000Z'}",01/05/2026 16:57,"{'date': '01/05/2026', 'date_formatted': '01/05/2026', 'hours': '04', 'minutes': '57', 'am_pm': 'PM', 'unix_timestamp': 1767632220000, 'iso_timestamp': '2026-01-05T16:57:00.000Z', 'timestamp': '01/05/2026 04:57 pm', 'time': 1017, 'time_formatted': '16:57', 'proper_unix_timestamp': 1767650220000, 'proper_iso_timestamp': '2026-01-05T21:57:00.000Z'}",Style,Style,【考度拉】游骑兵绿色 RG,【考度拉】游骑兵绿色 RG,,,,,0,0,$30.00,30,No,False,,,,,0.00,0,,,0.00,0,0.00,0,No,False,,,Yes,True,,,,,,,$30.00,30,$0.00,0,No,False
695c33db3b63f2dd235f26e4,"<span class=""695c32e61e9722c9bff9e448"" data-kn=""connection-value"">战术多功能手雷模型装备包 手榴弹道具molle同尺寸弹力收纳附件包-淘宝网</span>","[{'id': '695c32e61e9722c9bff9e448', 'identifier': '战术多功能手雷模型装备包 手榴弹道具molle同尺寸弹力收纳附件包-淘宝网'}]",Inactive,Inactive,【考度拉】CP迷彩,【考度拉】CP迷彩,,,,,,,Yes,True,2,2,01/05/2026 16:57,"{'date': '01/05/2026', 'date_formatted': '01/05/2026', 'hours': '04', 'minutes': '57', 'am_pm': 'PM', 'unix_timestamp': 1767632220000, 'iso_timestamp': '2026-01-05T16:57:00.000Z', 'timestamp': '01/05/2026 04:57 pm', 'time': 1017, 'time_formatted': '16:57', 'proper_unix_timestamp': 1767650220000, 'proper_iso_timestamp': '2026-01-05T21:57:00.000Z'}",01/05/2026 16:57,"{'date': '01/05/2026', 'date_formatted': '01/05/2026', 'hours': '04', 'minutes': '57', 'am_pm': 'PM', 'unix_timestamp': 1767632220000, 'iso_timestamp': '2026-01-05T16:57:00.000Z', 'timestamp': '01/05/2026 04:57 pm', 'time': 1017, 'time_formatted': '16:57', 'proper_unix_timestamp': 1767650220000, 'proper_iso_timestamp': '2026-01-05T21:57:00.000Z'}",Style,Style,【考度拉】CP迷彩,【考度拉】CP迷彩,,,,,0,0,$30.00,30,No,False,,,,,0.00,0,,,0.00,0,0.00,0,No,False,,,Yes,True,,,,,,,$30.00,30,$0.00,0,No,False
695c33da1d735f55f7433b63,"<span class=""695c32e61e9722c9bff9e448"" data-kn=""connection-value"">战术多功能手雷模型装备包 手榴弹道具molle同尺寸弹力收纳附件包-淘宝网</span>","[{'id': '695c32e61e9722c9bff9e448', 'identifier': '战术多功能手雷模型装备包 手榴弹道具molle同尺寸弹力收纳附件包-淘宝网'}]",Inactive,Inactive,【考度拉】暗夜迷彩 BCP,【考度拉】暗夜迷彩 BCP,,,,,,,Yes,True,1,1,01/05/2026 16:57,"{'date': '01/05/2026', 'date_formatted': '01/05/2026', 'hours': '04', 'minutes': '57', 'am_pm': 'PM', 'unix_timestamp': 1767632220000, 'iso_timestamp': '2026-01-05T16:57:00.000Z', 'timestamp': '01/05/2026 04:57 pm', 'time': 1017, 'time_formatted': '16:57', 'proper_unix_timestamp': 1767650220000, 'proper_iso_timestamp': '2026-01-05T21:57:00.000Z'}",01/05/2026 16:57,"{'date': '01/05/2026', 'date_formatted': '01/05/2026', 'hours': '04', 'minutes': '57', 'am_pm': 'PM', 'unix_timestamp': 1767632220000, 'iso_timestamp': '2026-01-05T16:57:00.000Z', 'timestamp': '01/05/2026 04:57 pm', 'time': 1017, 'time_formatted': '16:57', 'proper_unix_timestamp': 1767650220000, 'proper_iso_timestamp': '2026-01-05T21:57:00.000Z'}",Color,Color,BCP,BCP,,,,,0,0,$30.00,30,No,False,,,,,0.00,0,,,0.00,0,0.00,0,No,False,,,Yes,True,,,,,,,$30.00,30,$0.00,0,No,False
695c33da1d735f55f74338ff,"<span class=""695c32db4e794334fd5045dc"" data-kn=""connection-value"">跨境新品Clay the Claymore呆萌小方块毛绒公仔节日赠礼好物-淘宝网</span>","[{'id': '695c32db4e794334fd5045dc', 'identifier': '跨境新品Clay the Claymore呆萌小方块毛绒公仔节日赠礼好物-淘宝网'}]",Active,Active,Small Square,Small Square,,,,,,,Yes,True,1,1,01/05/2026 16:57,"{'date': '01/05/2026', 'date_formatted': '01/05/2026', 'hours': '04', 'minutes': '57', 'am_pm': 'PM', 'unix_timestamp': 1767632220000, 'iso_timestamp': '2026-01-05T16:57:00.000Z', 'timestamp': '01/05/2026 04:57 pm', 'time': 1017, 'time_formatted': '16:57', 'proper_unix_timestamp': 1767650220000, 'proper_iso_timestamp': '2026-01-05T21:57:00.000Z'}",01/05/2026 16:57,"{'date': '01/05/2026', 'date_formatted': '01/05/2026', 'hours': '04', 'minutes': '57', 'am_pm': 'PM', 'unix_timestamp': 1767632220000, 'iso_timestamp': '2026-01-05T16:57:00.000Z', 'timestamp': '01/05/2026 04:57 pm', 'time': 1017, 'time_formatted': '16:57', 'proper_unix_timestamp': 1767650220000, 'proper_iso_timestamp': '2026-01-05T21:57:00.000Z'}",Profile,Profile,Small Square,Small Square,,,,,24,24,$30.00,30,No,False,,,,,16.99,16.99,,,29.60,29.6,12.90,12.9,No,False,,,Yes,True,,,,,,,$30.00,30,$10.26,10.26,No,False
695c33da37eef90c93b71764,"<span class=""695c32e18c1c28d3136a9fbc"" data-kn=""connection-value"">九头蛇增高支架 UNITY战术GBRS全金属底座T1 T2 H1 H2 R5镜桥创研-淘宝网</span>","[{'id': '695c32e18c1c28d3136a9fbc', 'identifier': '九头蛇增高支架 UNITY战术GBRS全金属底座T1 T2 H1 H2 R5镜桥创研-淘宝网'}]",Inactive,Inactive,黑色-UNITY增高 CNC高品质,黑色-UNITY增高 CNC高品质,,,,,,,Yes,True,25,25,01/05/2026 16:57,"{'date': '01/05/2026', 'date_formatted': '01/05/2026', 'hours': '04', 'minutes': '57', 'am_pm': 'PM', 'unix_timestamp': 1767632220000, 'iso_timestamp': '2026-01-05T16:57:00.000Z', 'timestamp': '01/05/2026 04:57 pm', 'time': 1017, 'time_formatted': '16:57', 'proper_unix_timestamp': 1767650220000, 'proper_iso_timestamp': '2026-01-05T21:57:00.000Z'}",01/05/2026 16:57,"{'date': '01/05/2026', 'date_formatted': '01/05/2026', 'hours': '04', 'minutes': '57', 'am_pm': 'PM', 'unix_timestamp': 1767632220000, 'iso_timestamp': '2026-01-05T16:57:00.000Z', 'timestamp': '01/05/2026 04:57 pm', 'time': 1017, 'time_formatted': '16:57', 'proper_unix_timestamp': 1767650220000, 'proper_iso_timestamp': '2026-01-05T21:57:00.000Z'}",Style,Style,黑色-UNITY增高 CNC高品质,黑色-UNITY增高 CNC高品质,,,,,0,0,$30.00,30,No,False,,,,,0.00,0,,,0.00,0,0.00,0,No,False,,,Yes,True,,,,,,,$30.00,30,$0.00,0,No,False
695c33d9ce1739befd247621,"<span class=""695c32e18c1c28d3136a9fbc"" data-kn=""connection-value"">九头蛇增高支架 UNITY战术GBRS全金属底座T1 T2 H1 H2 R5镜桥创研-淘宝网</span>","[{'id': '695c32e18c1c28d3136a9fbc', 'identifier': '九头蛇增高支架 UNITY战术GBRS全金属底座T1 T2 H1 H2 R5镜桥创研-淘宝网'}]",Inactive,Inactive,黑色-UNIT Exps增高 CNC高品质,黑色-UNIT Exps增高 CNC高品质,,,,,,,Yes,True,24,24,01/05/2026 16:57,"{'date': '01/05/2026', 'date_formatted': '01/05/2026', 'hours': '04', 'minutes': '57', 'am_pm': 'PM', 'unix_timestamp': 1767632220000, 'iso_timestamp': '2026-01-05T16:57:00.000Z', 'timestamp': '01/05/2026 04:57 pm', 'time': 1017, 'time_formatted': '16:57', 'proper_unix_timestamp': 1767650220000, 'proper_iso_timestamp': '2026-01-05T21:57:00.000Z'}",01/05/2026 16:57,"{'date': '01/05/2026', 'date_formatted': '01/05/2026', 'hours': '04', 'minutes': '57', 'am_pm': 'PM', 'unix_timestamp': 1767632220000, 'iso_timestamp': '2026-01-05T16:57:00.000Z', 'timestamp': '01/05/2026 04:57 pm', 'time': 1017, 'time_formatted': '16:57', 'proper_unix_timestamp': 1767650220000, 'proper_iso_timestamp': '2026-01-05T21:57:00.000Z'}",Style,Style,黑色-UNIT Exps增高 CNC高品质,黑色-UNIT Exps增高 CNC高品质,,,,,0,0,$30.00,30,No,False,,,,,0.00,0,,,0.00,0,0.00,0,No,False,,,Yes,True,,,,,,,$30.00,30,$0.00,0,No,False
695c33d93b63f2dd235ee2f4,"<span class=""695c32e18c1c28d3136a9fbc"" data-kn=""connection-value"">九头蛇增高支架 UNITY战术GBRS全金属底座T1 T2 H1 H2 R5镜桥创研-淘宝网</span>","[{'id': '695c32e18c1c28d3136a9fbc', 'identifier': '九头蛇增高支架 UNITY战术GBRS全金属底座T1 T2 H1 H2 R5镜桥创研-淘宝网'}]",Inactive,Inactive,黑色-电锯支架套装 CNC高品质,黑色-电锯支架套装 CNC高品质,,,,,,,Yes,True,23,23,01/05/2026 16:57,"{'date': '01/05/2026', 'date_formatted': '01/05/2026', 'hours': '04', 'minutes': '57', 'am_pm': 'PM', 'unix_timestamp': 1767632220000, 'iso_timestamp': '2026-01-05T16:57:00.000Z', 'timestamp': '01/05/2026 04:57 pm', 'time': 1017, 'time_formatted': '16:57', 'proper_unix_timestamp': 1767650220000, 'proper_iso_timestamp': '2026-01-05T21:57:00.000Z'}",01/05/2026 16:57,"{'date': '01/05/2026', 'date_formatted': '01/05/2026', 'hours': '04', 'minutes': '57', 'am_pm': 'PM', 'unix_timestamp': 1767632220000, 'iso_timestamp': '2026-01-05T16:57:00.000Z', 'timestamp': '01/05/2026 04:57 pm', 'time': 1017, 'time_formatted': '16:57', 'proper_unix_timestamp': 1767650220000, 'proper_iso_timestamp': '2026-01-05T21:57:00.000Z'}",Style,Style,黑色-电锯支架套装 CNC高品质,黑色-电锯支架套装 CNC高品质,,,,,0,0,$30.00,30,No,False,,,,,0.00,0,,,0.00,0,0.00,0,No,False,,,Yes,True,,,,,,,$30.00,30,$0.00,0,No,False
695c33d9ce97e160f9760269,"<span class=""695c32e18c1c28d3136a9fbc"" data-kn=""connection-value"">九头蛇增高支架 UNITY战术GBRS全金属底座T1 T2 H1 H2 R5镜桥创研-淘宝网</span>","[{'id': '695c32e18c1c28d3136a9fbc', 'identifier': '九头蛇增高支架 UNITY战术GBRS全金属底座T1 T2 H1 H2 R5镜桥创研-淘宝网'}]",Inactive,Inactive,沙色-电锯支架套装 CNC高品质,沙色-电锯支架套装 CNC高品质,,,,,,,Yes,True,22,22,01/05/2026 16:57,"{'date': '01/05/2026', 'date_formatted': '01/05/2026', 'hours': '04', 'minutes': '57', 'am_pm': 'PM', 'unix_timestamp': 1767632220000, 'iso_timestamp': '2026-01-05T16:57:00.000Z', 'timestamp': '01/05/2026 04:57 pm', 'time': 1017, 'time_formatted': '16:57', 'proper_unix_timestamp': 1767650220000, 'proper_iso_timestamp': '2026-01-05T21:57:00.000Z'}",01/05/2026 16:57,"{'date': '01/05/2026', 'date_formatted': '01/05/2026', 'hours': '04', 'minutes': '57', 'am_pm': 'PM', 'unix_timestamp': 1767632220000, 'iso_timestamp': '2026-01-05T16:57:00.000Z', 'timestamp': '01/05/2026 04:57 pm', 'time': 1017, 'time_formatted': '16:57', 'proper_unix_timestamp': 1767650220000, 'proper_iso_timestamp': '2026-01-05T21:57:00.000Z'}",Style,Style,沙色-电锯支架套装 CNC高品质,沙色-电锯支架套装 CNC高品质,,,,,0,0,$30.00,30,No,False,,,,,0.00,0,,,0.00,0,0.00,0,No,False,,,Yes,True,,,,,,,$30.00,30,$0.00,0,No,False
695c33d8ce1739befd247065,"<span class=""695c32e18c1c28d3136a9fbc"" data-kn=""connection-value"">九头蛇增高支架 UNITY战术GBRS全金属底座T1 T2 H1 H2 R5镜桥创研-淘宝网</span>","[{'id': '695c32e18c1c28d3136a9fbc', 'identifier': '九头蛇增高支架 UNITY战术GBRS全金属底座T1 T2 H1 H2 R5镜桥创研-淘宝网'}]",Inactive,Inactive,棕色-UNIT Exps增高 CNC高品质,棕色-UNIT Exps增高 CNC高品质,,,,,,,Yes,True,21,21,01/05/2026 16:57,"{'date': '01/05/2026', 'date_formatted': '01/05/2026', 'hours': '04', 'minutes': '57', 'am_pm': 'PM', 'unix_timestamp': 1767632220000, 'iso_timestamp': '2026-01-05T16:57:00.000Z', 'timestamp': '01/05/2026 04:57 pm', 'time': 1017, 'time_formatted': '16:57', 'proper_unix_timestamp': 1767650220000, 'proper_iso_timestamp': '2026-01-05T21:57:00.000Z'}",01/05/2026 16:57,"{'date': '01/05/2026', 'date_formatted': '01/05/2026', 'hours': '04', 'minutes': '57', 'am_pm': 'PM', 'unix_timestamp': 1767632220000, 'iso_timestamp': '2026-01-05T16:57:00.000Z', 'timestamp': '01/05/2026 04:57 pm', 'time': 1017, 'time_formatted': '16:57', 'proper_unix_timestamp': 1767650220000, 'proper_iso_timestamp': '2026-01-05T21:57:00.000Z'}",Style,Style,棕色-UNIT Exps增高 CNC高品质,棕色-UNIT Exps增高 CNC高品质,,,,,0,0,$30.00,30,No,False,,,,,0.00,0,,,0.00,0,0.00,0,No,False,,,Yes,True,,,,,,,$30.00,30,$0.00,0,No,False
695c33d82bad95469c5b0974,"<span class=""695c32e18c1c28d3136a9fbc"" data-kn=""connection-value"">九头蛇增高支架 UNITY战术GBRS全金属底座T1 T2 H1 H2 R5镜桥创研-淘宝网</span>","[{'id': '695c32e18c1c28d3136a9fbc', 'identifier': '九头蛇增高支架 UNITY战术GBRS全金属底座T1 T2 H1 H2 R5镜桥创研-淘宝网'}]",Inactive,Inactive,红色-UNIT Exps增高,红色-UNIT Exps增高,,,,,,,Yes,True,20,20,01/05/2026 16:57,"{'date': '01/05/2026', 'date_formatted': '01/05/2026', 'hours': '04', 'minutes': '57', 'am_pm': 'PM', 'unix_timestamp': 1767632220000, 'iso_timestamp': '2026-01-05T16:57:00.000Z', 'timestamp': '01/05/2026 04:57 pm', 'time': 1017, 'time_formatted': '16:57', 'proper_unix_timestamp': 1767650220000, 'proper_iso_timestamp': '2026-01-05T21:57:00.000Z'}",01/05/2026 16:57,"{'date': '01/05/2026', 'date_formatted': '01/05/2026', 'hours': '04', 'minutes': '57', 'am_pm': 'PM', 'unix_timestamp': 1767632220000, 'iso_timestamp': '2026-01-05T16:57:00.000Z', 'timestamp': '01/05/2026 04:57 pm', 'time': 1017, 'time_formatted': '16:57', 'proper_unix_timestamp': 1767650220000, 'proper_iso_timestamp': '2026-01-05T21:57:00.000Z'}",Style,Style,红色-UNIT Exps增高,红色-UNIT Exps增高,,,,,0,0,$30.00,30,No,False,,,,,0.00,0,,,0.00,0,0.00,0,No,False,,,Yes,True,,,,,,,$30.00,30,$0.00,0,No,False
695c33d8e6dc40497311bdfc,"<span class=""695c32e18c1c28d3136a9fbc"" data-kn=""connection-value"">九头蛇增高支架 UNITY战术GBRS全金属底座T1 T2 H1 H2 R5镜桥创研-淘宝网</span>","[{'id': '695c32e18c1c28d3136a9fbc', 'identifier': '九头蛇增高支架 UNITY战术GBRS全金属底座T1 T2 H1 H2 R5镜桥创研-淘宝网'}]",Inactive,Inactive,玫红色-UNIT Exps增高 CNC高品质,玫红色-UNIT Exps增高 CNC高品质,,,,,,,Yes,True,19,19,01/05/2026 16:57,"{'date': '01/05/2026', 'date_formatted': '01/05/2026', 'hours': '04', 'minutes': '57', 'am_pm': 'PM', 'unix_timestamp': 1767632220000, 'iso_timestamp': '2026-01-05T16:57:00.000Z', 'timestamp': '01/05/2026 04:57 pm', 'time': 1017, 'time_formatted': '16:57', 'proper_unix_timestamp': 1767650220000, 'proper_iso_timestamp': '2026-01-05T21:57:00.000Z'}",01/05/2026 16:57,"{'date': '01/05/2026', 'date_formatted': '01/05/2026', 'hours': '04', 'minutes': '57', 'am_pm': 'PM', 'unix_timestamp': 1767632220000, 'iso_timestamp': '2026-01-05T16:57:00.000Z', 'timestamp': '01/05/2026 04:57 pm', 'time': 1017, 'time_formatted': '16:57', 'proper_unix_timestamp': 1767650220000, 'proper_iso_timestamp': '2026-01-05T21:57:00.000Z'}",Style,Style,玫红色-UNIT Exps增高 CNC高品质,玫红色-UNIT Exps增高 CNC高品质,,,,,0,0,$30.00,30,No,False,,,,,0.00,0,,,0.00,0,0.00,0,No,False,,,Yes,True,,,,,,,$30.00,30,$0.00,0,No,False
695c33d7985ba8f5254a8733,"<span class=""695c32e18c1c28d3136a9fbc"" data-kn=""connection-value"">九头蛇增高支架 UNITY战术GBRS全金属底座T1 T2 H1 H2 R5镜桥创研-淘宝网</span>","[{'id': '695c32e18c1c28d3136a9fbc', 'identifier': '九头蛇增高支架 UNITY战术GBRS全金属底座T1 T2 H1 H2 R5镜桥创研-淘宝网'}]",Inactive,Inactive,粉色-UNIT Exps增高 CNC高品质,粉色-UNIT Exps增高 CNC高品质,,,,,,,Yes,True,18,18,01/05/2026 16:57,"{'date': '01/05/2026', 'date_formatted': '01/05/2026', 'hours': '04', 'minutes': '57', 'am_pm': 'PM', 'unix_timestamp': 1767632220000, 'iso_timestamp': '2026-01-05T16:57:00.000Z', 'timestamp': '01/05/2026 04:57 pm', 'time': 1017, 'time_formatted': '16:57', 'proper_unix_timestamp': 1767650220000, 'proper_iso_timestamp': '2026-01-05T21:57:00.000Z'}",01/05/2026 16:57,"{'date': '01/05/2026', 'date_formatted': '01/05/2026', 'hours': '04', 'minutes': '57', 'am_pm': 'PM', 'unix_timestamp': 1767632220000, 'iso_timestamp': '2026-01-05T16:57:00.000Z', 'timestamp': '01/05/2026 04:57 pm', 'time': 1017, 'time_formatted': '16:57', 'proper_unix_timestamp': 1767650220000, 'proper_iso_timestamp': '2026-01-05T21:57:00.000Z'}",Style,Style,粉色-UNIT Exps增高 CNC高品质,粉色-UNIT Exps增高 CNC高品质,,,,,0,0,$30.00,30,No,False,,,,,0.00,0,,,0.00,0,0.00,0,No,False,,,Yes,True,,,,,,,$30.00,30,$0.00,0,No,False
695c33d7ce1739befd246436,"<span class=""695c32e18c1c28d3136a9fbc"" data-kn=""connection-value"">九头蛇增高支架 UNITY战术GBRS全金属底座T1 T2 H1 H2 R5镜桥创研-淘宝网</span>","[{'id': '695c32e18c1c28d3136a9fbc', 'identifier': '九头蛇增高支架 UNITY战术GBRS全金属底座T1 T2 H1 H2 R5镜桥创研-淘宝网'}]",Inactive,Inactive,蓝色-UNIT Exps增高 CNC高品质,蓝色-UNIT Exps增高 CNC高品质,,,,,,,Yes,True,17,17,01/05/2026 16:57,"{'date': '01/05/2026', 'date_formatted': '01/05/2026', 'hours': '04', 'minutes': '57', 'am_pm': 'PM', 'unix_timestamp': 1767632220000, 'iso_timestamp': '2026-01-05T16:57:00.000Z', 'timestamp': '01/05/2026 04:57 pm', 'time': 1017, 'time_formatted': '16:57', 'proper_unix_timestamp': 1767650220000, 'proper_iso_timestamp': '2026-01-05T21:57:00.000Z'}",01/05/2026 16:57,"{'date': '01/05/2026', 'date_formatted': '01/05/2026', 'hours': '04', 'minutes': '57', 'am_pm': 'PM', 'unix_timestamp': 1767632220000, 'iso_timestamp': '2026-01-05T16:57:00.000Z', 'timestamp': '01/05/2026 04:57 pm', 'time': 1017, 'time_formatted': '16:57', 'proper_unix_timestamp': 1767650220000, 'proper_iso_timestamp': '2026-01-05T21:57:00.000Z'}",Style,Style,蓝色-UNIT Exps增高 CNC高品质,蓝色-UNIT Exps增高 CNC高品质,,,,,0,0,$30.00,30,No,False,,,,,0.00,0,,,0.00,0,0.00,0,No,False,,,Yes,True,,,,,,,$30.00,30,$0.00,0,No,False
695c33d62bad95469c5afc0a,"<span class=""695c32e18c1c28d3136a9fbc"" data-kn=""connection-value"">九头蛇增高支架 UNITY战术GBRS全金属底座T1 T2 H1 H2 R5镜桥创研-淘宝网</span>","[{'id': '695c32e18c1c28d3136a9fbc', 'identifier': '九头蛇增高支架 UNITY战术GBRS全金属底座T1 T2 H1 H2 R5镜桥创研-淘宝网'}]",Inactive,Inactive,黑色-SISRO45度侧支架 CNC高品质,黑色-SISRO45度侧支架 CNC高品质,,,,,,,Yes,True,16,16,01/05/2026 16:57,"{'date': '01/05/2026', 'date_formatted': '01/05/2026', 'hours': '04', 'minutes': '57', 'am_pm': 'PM', 'unix_timestamp': 1767632220000, 'iso_timestamp': '2026-01-05T16:57:00.000Z', 'timestamp': '01/05/2026 04:57 pm', 'time': 1017, 'time_formatted': '16:57', 'proper_unix_timestamp': 1767650220000, 'proper_iso_timestamp': '2026-01-05T21:57:00.000Z'}",01/05/2026 16:57,"{'date': '01/05/2026', 'date_formatted': '01/05/2026', 'hours': '04', 'minutes': '57', 'am_pm': 'PM', 'unix_timestamp': 1767632220000, 'iso_timestamp': '2026-01-05T16:57:00.000Z', 'timestamp': '01/05/2026 04:57 pm', 'time': 1017, 'time_formatted': '16:57', 'proper_unix_timestamp': 1767650220000, 'proper_iso_timestamp': '2026-01-05T21:57:00.000Z'}",Style,Style,黑色-SISRO45度侧支架 CNC高品质,黑色-SISRO45度侧支架 CNC高品质,,,,,0,0,$30.00,30,No,False,,,,,0.00,0,,,0.00,0,0.00,0,No,False,,,Yes,True,,,,,,,$30.00,30,$0.00,0,No,False
695c33d6bd3270258c463ca6,"<span class=""695c32e18c1c28d3136a9fbc"" data-kn=""connection-value"">九头蛇增高支架 UNITY战术GBRS全金属底座T1 T2 H1 H2 R5镜桥创研-淘宝网</span>","[{'id': '695c32e18c1c28d3136a9fbc', 'identifier': '九头蛇增高支架 UNITY战术GBRS全金属底座T1 T2 H1 H2 R5镜桥创研-淘宝网'}]",Inactive,Inactive,黑色-SIG增高支架,黑色-SIG增高支架,,,,,,,Yes,True,15,15,01/05/2026 16:57,"{'date': '01/05/2026', 'date_formatted': '01/05/2026', 'hours': '04', 'minutes': '57', 'am_pm': 'PM', 'unix_timestamp': 1767632220000, 'iso_timestamp': '2026-01-05T16:57:00.000Z', 'timestamp': '01/05/2026 04:57 pm', 'time': 1017, 'time_formatted': '16:57', 'proper_unix_timestamp': 1767650220000, 'proper_iso_timestamp': '2026-01-05T21:57:00.000Z'}",01/05/2026 16:57,"{'date': '01/05/2026', 'date_formatted': '01/05/2026', 'hours': '04', 'minutes': '57', 'am_pm': 'PM', 'unix_timestamp': 1767632220000, 'iso_timestamp': '2026-01-05T16:57:00.000Z', 'timestamp': '01/05/2026 04:57 pm', 'time': 1017, 'time_formatted': '16:57', 'proper_unix_timestamp': 1767650220000, 'proper_iso_timestamp': '2026-01-05T21:57:00.000Z'}",Style,Style,黑色-SIG增高支架,黑色-SIG增高支架,,,,,0,0,$30.00,30,No,False,,,,,0.00,0,,,0.00,0,0.00,0,No,False,,,Yes,True,,,,,,,$30.00,30,$0.00,0,No,False
695c33d5bd3270258c463c1f,"<span class=""695c32e18c1c28d3136a9fbc"" data-kn=""connection-value"">九头蛇增高支架 UNITY战术GBRS全金属底座T1 T2 H1 H2 R5镜桥创研-淘宝网</span>","[{'id': '695c32e18c1c28d3136a9fbc', 'identifier': '九头蛇增高支架 UNITY战术GBRS全金属底座T1 T2 H1 H2 R5镜桥创研-淘宝网'}]",Inactive,Inactive,黑色 SLR增高支架,黑色 SLR增高支架,,,,,,,Yes,True,14,14,01/05/2026 16:57,"{'date': '01/05/2026', 'date_formatted': '01/05/2026', 'hours': '04', 'minutes': '57', 'am_pm': 'PM', 'unix_timestamp': 1767632220000, 'iso_timestamp': '2026-01-05T16:57:00.000Z', 'timestamp': '01/05/2026 04:57 pm', 'time': 1017, 'time_formatted': '16:57', 'proper_unix_timestamp': 1767650220000, 'proper_iso_timestamp': '2026-01-05T21:57:00.000Z'}",01/05/2026 16:57,"{'date': '01/05/2026', 'date_formatted': '01/05/2026', 'hours': '04', 'minutes': '57', 'am_pm': 'PM', 'unix_timestamp': 1767632220000, 'iso_timestamp': '2026-01-05T16:57:00.000Z', 'timestamp': '01/05/2026 04:57 pm', 'time': 1017, 'time_formatted': '16:57', 'proper_unix_timestamp': 1767650220000, 'proper_iso_timestamp': '2026-01-05T21:57:00.000Z'}",Style,Style,黑色 SLR增高支架,黑色 SLR增高支架,,,,,0,0,$30.00,30,No,False,,,,,0.00,0,,,0.00,0,0.00,0,No,False,,,Yes,True,,,,,,,$30.00,30,$0.00,0,No,False
695c33d53b63f2dd235e88de,"<span class=""695c32e18c1c28d3136a9fbc"" data-kn=""connection-value"">九头蛇增高支架 UNITY战术GBRS全金属底座T1 T2 H1 H2 R5镜桥创研-淘宝网</span>","[{'id': '695c32e18c1c28d3136a9fbc', 'identifier': '九头蛇增高支架 UNITY战术GBRS全金属底座T1 T2 H1 H2 R5镜桥创研-淘宝网'}]",Inactive,Inactive,黑色-DD增高支架,黑色-DD增高支架,,,,,,,Yes,True,13,13,01/05/2026 16:57,"{'date': '01/05/2026', 'date_formatted': '01/05/2026', 'hours': '04', 'minutes': '57', 'am_pm': 'PM', 'unix_timestamp': 1767632220000, 'iso_timestamp': '2026-01-05T16:57:00.000Z', 'timestamp': '01/05/2026 04:57 pm', 'time': 1017, 'time_formatted': '16:57', 'proper_unix_timestamp': 1767650220000, 'proper_iso_timestamp': '2026-01-05T21:57:00.000Z'}",01/05/2026 16:57,"{'date': '01/05/2026', 'date_formatted': '01/05/2026', 'hours': '04', 'minutes': '57', 'am_pm': 'PM', 'unix_timestamp': 1767632220000, 'iso_timestamp': '2026-01-05T16:57:00.000Z', 'timestamp': '01/05/2026 04:57 pm', 'time': 1017, 'time_formatted': '16:57', 'proper_unix_timestamp': 1767650220000, 'proper_iso_timestamp': '2026-01-05T21:57:00.000Z'}",Style,Style,黑色-DD增高支架,黑色-DD增高支架,,,,,0,0,$30.00,30,No,False,,,,,0.00,0,,,0.00,0,0.00,0,No,False,,,Yes,True,,,,,,,$30.00,30,$0.00,0,No,False
695c33d52a4e1cd21b124c87,"<span class=""695c32e18c1c28d3136a9fbc"" data-kn=""connection-value"">九头蛇增高支架 UNITY战术GBRS全金属底座T1 T2 H1 H2 R5镜桥创研-淘宝网</span>","[{'id': '695c32e18c1c28d3136a9fbc', 'identifier': '九头蛇增高支架 UNITY战术GBRS全金属底座T1 T2 H1 H2 R5镜桥创研-淘宝网'}]",Inactive,Inactive,黑色-九头蛇增高支架 CNC高品质,黑色-九头蛇增高支架 CNC高品质,,,,,,,Yes,True,12,12,01/05/2026 16:57,"{'date': '01/05/2026', 'date_formatted': '01/05/2026', 'hours': '04', 'minutes': '57', 'am_pm': 'PM', 'unix_timestamp': 1767632220000, 'iso_timestamp': '2026-01-05T16:57:00.000Z', 'timestamp': '01/05/2026 04:57 pm', 'time': 1017, 'time_formatted': '16:57', 'proper_unix_timestamp': 1767650220000, 'proper_iso_timestamp': '2026-01-05T21:57:00.000Z'}",01/05/2026 16:57,"{'date': '01/05/2026', 'date_formatted': '01/05/2026', 'hours': '04', 'minutes': '57', 'am_pm': 'PM', 'unix_timestamp': 1767632220000, 'iso_timestamp': '2026-01-05T16:57:00.000Z', 'timestamp': '01/05/2026 04:57 pm', 'time': 1017, 'time_formatted': '16:57', 'proper_unix_timestamp': 1767650220000, 'proper_iso_timestamp': '2026-01-05T21:57:00.000Z'}",Style,Style,黑色-九头蛇增高支架 CNC高品质,黑色-九头蛇增高支架 CNC高品质,,,,,0,0,$30.00,30,No,False,,,,,0.00,0,,,0.00,0,0.00,0,No,False,,,Yes,True,,,,,,,$30.00,30,$0.00,0,No,False
695c33d41e9722c9bf0674ed,"<span class=""695c32e18c1c28d3136a9fbc"" data-kn=""connection-value"">九头蛇增高支架 UNITY战术GBRS全金属底座T1 T2 H1 H2 R5镜桥创研-淘宝网</span>","[{'id': '695c32e18c1c28d3136a9fbc', 'identifier': '九头蛇增高支架 UNITY战术GBRS全金属底座T1 T2 H1 H2 R5镜桥创研-淘宝网'}]",Inactive,Inactive,棕色--九头蛇增高支架 CNC高品质,棕色--九头蛇增高支架 CNC高品质,,,,,,,Yes,True,11,11,01/05/2026 16:57,"{'date': '01/05/2026', 'date_formatted': '01/05/2026', 'hours': '04', 'minutes': '57', 'am_pm': 'PM', 'unix_timestamp': 1767632220000, 'iso_timestamp': '2026-01-05T16:57:00.000Z', 'timestamp': '01/05/2026 04:57 pm', 'time': 1017, 'time_formatted': '16:57', 'proper_unix_timestamp': 1767650220000, 'proper_iso_timestamp': '2026-01-05T21:57:00.000Z'}",01/05/2026 16:57,"{'date': '01/05/2026', 'date_formatted': '01/05/2026', 'hours': '04', 'minutes': '57', 'am_pm': 'PM', 'unix_timestamp': 1767632220000, 'iso_timestamp': '2026-01-05T16:57:00.000Z', 'timestamp': '01/05/2026 04:57 pm', 'time': 1017, 'time_formatted': '16:57', 'proper_unix_timestamp': 1767650220000, 'proper_iso_timestamp': '2026-01-05T21:57:00.000Z'}",Style,Style,棕色--九头蛇增高支架 CNC高品质,棕色--九头蛇增高支架 CNC高品质,,,,,0,0,$30.00,30,No,False,,,,,0.00,0,,,0.00,0,0.00,0,No,False,,,Yes,True,,,,,,,$30.00,30,$0.00,0,No,False
695c33d4f4bf2f7ec13b4dba,"<span class=""695c32e18c1c28d3136a9fbc"" data-kn=""connection-value"">九头蛇增高支架 UNITY战术GBRS全金属底座T1 T2 H1 H2 R5镜桥创研-淘宝网</span>","[{'id': '695c32e18c1c28d3136a9fbc', 'identifier': '九头蛇增高支架 UNITY战术GBRS全金属底座T1 T2 H1 H2 R5镜桥创研-淘宝网'}]",Inactive,Inactive,黑色-矮款/九头蛇 CNC高品质,黑色-矮款/九头蛇 CNC高品质,,,,,,,Yes,True,10,10,01/05/2026 16:57,"{'date': '01/05/2026', 'date_formatted': '01/05/2026', 'hours': '04', 'minutes': '57', 'am_pm': 'PM', 'unix_timestamp': 1767632220000, 'iso_timestamp': '2026-01-05T16:57:00.000Z', 'timestamp': '01/05/2026 04:57 pm', 'time': 1017, 'time_formatted': '16:57', 'proper_unix_timestamp': 1767650220000, 'proper_iso_timestamp': '2026-01-05T21:57:00.000Z'}",01/05/2026 16:57,"{'date': '01/05/2026', 'date_formatted': '01/05/2026', 'hours': '04', 'minutes': '57', 'am_pm': 'PM', 'unix_timestamp': 1767632220000, 'iso_timestamp': '2026-01-05T16:57:00.000Z', 'timestamp': '01/05/2026 04:57 pm', 'time': 1017, 'time_formatted': '16:57', 'proper_unix_timestamp': 1767650220000, 'proper_iso_timestamp': '2026-01-05T21:57:00.000Z'}",Style,Style,黑色-矮款/九头蛇 CNC高品质,黑色-矮款/九头蛇 CNC高品质,,,,,0,0,$30.00,30,No,False,,,,,0.00,0,,,0.00,0,0.00,0,No,False,,,Yes,True,,,,,,,$30.00,30,$0.00,0,No,False
695c33d31d735f55f742d902,"<span class=""695c32e18c1c28d3136a9fbc"" data-kn=""connection-value"">九头蛇增高支架 UNITY战术GBRS全金属底座T1 T2 H1 H2 R5镜桥创研-淘宝网</span>","[{'id': '695c32e18c1c28d3136a9fbc', 'identifier': '九头蛇增高支架 UNITY战术GBRS全金属底座T1 T2 H1 H2 R5镜桥创研-淘宝网'}]",Inactive,Inactive,棕色-矮款/九头蛇 CNC高品质,棕色-矮款/九头蛇 CNC高品质,,,,,,,Yes,True,9,9,01/05/2026 16:57,"{'date': '01/05/2026', 'date_formatted': '01/05/2026', 'hours': '04', 'minutes': '57', 'am_pm': 'PM', 'unix_timestamp': 1767632220000, 'iso_timestamp': '2026-01-05T16:57:00.000Z', 'timestamp': '01/05/2026 04:57 pm', 'time': 1017, 'time_formatted': '16:57', 'proper_unix_timestamp': 1767650220000, 'proper_iso_timestamp': '2026-01-05T21:57:00.000Z'}",01/05/2026 16:57,"{'date': '01/05/2026', 'date_formatted': '01/05/2026', 'hours': '04', 'minutes': '57', 'am_pm': 'PM', 'unix_timestamp': 1767632220000, 'iso_timestamp': '2026-01-05T16:57:00.000Z', 'timestamp': '01/05/2026 04:57 pm', 'time': 1017, 'time_formatted': '16:57', 'proper_unix_timestamp': 1767650220000, 'proper_iso_timestamp': '2026-01-05T21:57:00.000Z'}",Style,Style,棕色-矮款/九头蛇 CNC高品质,棕色-矮款/九头蛇 CNC高品质,,,,,0,0,$30.00,30,No,False,,,,,0.00,0,,,0.00,0,0.00,0,No,False,,,Yes,True,,,,,,,$30.00,30,$0.00,0,No,False
695c33d37b5e8150a9d1e784,"<span class=""695c32e18c1c28d3136a9fbc"" data-kn=""connection-value"">九头蛇增高支架 UNITY战术GBRS全金属底座T1 T2 H1 H2 R5镜桥创研-淘宝网</span>","[{'id': '695c32e18c1c28d3136a9fbc', 'identifier': '九头蛇增高支架 UNITY战术GBRS全金属底座T1 T2 H1 H2 R5镜桥创研-淘宝网'}]",Inactive,Inactive,粉红色-矮款/九头蛇 CNC高品质,粉红色-矮款/九头蛇 CNC高品质,,,,,,,Yes,True,8,8,01/05/2026 16:57,"{'date': '01/05/2026', 'date_formatted': '01/05/2026', 'hours': '04', 'minutes': '57', 'am_pm': 'PM', 'unix_timestamp': 1767632220000, 'iso_timestamp': '2026-01-05T16:57:00.000Z', 'timestamp': '01/05/2026 04:57 pm', 'time': 1017, 'time_formatted': '16:57', 'proper_unix_timestamp': 1767650220000, 'proper_iso_timestamp': '2026-01-05T21:57:00.000Z'}",01/05/2026 16:57,"{'date': '01/05/2026', 'date_formatted': '01/05/2026', 'hours': '04', 'minutes': '57', 'am_pm': 'PM', 'unix_timestamp': 1767632220000, 'iso_timestamp': '2026-01-05T16:57:00.000Z', 'timestamp': '01/05/2026 04:57 pm', 'time': 1017, 'time_formatted': '16:57', 'proper_unix_timestamp': 1767650220000, 'proper_iso_timestamp': '2026-01-05T21:57:00.000Z'}",Style,Style,粉红色-矮款/九头蛇 CNC高品质,粉红色-矮款/九头蛇 CNC高品质,,,,,0,0,$30.00,30,No,False,,,,,0.00,0,,,0.00,0,0.00,0,No,False,,,Yes,True,,,,,,,$30.00,30,$0.00,0,No,False
695c33d3f4bf2f7ec13b4ba5,"<span class=""695c32e18c1c28d3136a9fbc"" data-kn=""connection-value"">九头蛇增高支架 UNITY战术GBRS全金属底座T1 T2 H1 H2 R5镜桥创研-淘宝网</span>","[{'id': '695c32e18c1c28d3136a9fbc', 'identifier': '九头蛇增高支架 UNITY战术GBRS全金属底座T1 T2 H1 H2 R5镜桥创研-淘宝网'}]",Inactive,Inactive,蓝色-矮款/九头蛇 CNC高品质,蓝色-矮款/九头蛇 CNC高品质,,,,,,,Yes,True,7,7,01/05/2026 16:57,"{'date': '01/05/2026', 'date_formatted': '01/05/2026', 'hours': '04', 'minutes': '57', 'am_pm': 'PM', 'unix_timestamp': 1767632220000, 'iso_timestamp': '2026-01-05T16:57:00.000Z', 'timestamp': '01/05/2026 04:57 pm', 'time': 1017, 'time_formatted': '16:57', 'proper_unix_timestamp': 1767650220000, 'proper_iso_timestamp': '2026-01-05T21:57:00.000Z'}",01/05/2026 16:57,"{'date': '01/05/2026', 'date_formatted': '01/05/2026', 'hours': '04', 'minutes': '57', 'am_pm': 'PM', 'unix_timestamp': 1767632220000, 'iso_timestamp': '2026-01-05T16:57:00.000Z', 'timestamp': '01/05/2026 04:57 pm', 'time': 1017, 'time_formatted': '16:57', 'proper_unix_timestamp': 1767650220000, 'proper_iso_timestamp': '2026-01-05T21:57:00.000Z'}",Style,Style,蓝色-矮款/九头蛇 CNC高品质,蓝色-矮款/九头蛇 CNC高品质,,,,,0,0,$30.00,30,No,False,,,,,0.00,0,,,0.00,0,0.00,0,No,False,,,Yes,True,,,,,,,$30.00,30,$0.00,0,No,False
695c33d2f4bf2f7ec13b4b22,"<span class=""695c32e18c1c28d3136a9fbc"" data-kn=""connection-value"">九头蛇增高支架 UNITY战术GBRS全金属底座T1 T2 H1 H2 R5镜桥创研-淘宝网</span>","[{'id': '695c32e18c1c28d3136a9fbc', 'identifier': '九头蛇增高支架 UNITY战术GBRS全金属底座T1 T2 H1 H2 R5镜桥创研-淘宝网'}]",Inactive,Inactive,黑色-GE增高 CNC高品质,黑色-GE增高 CNC高品质,,,,,,,Yes,True,6,6,01/05/2026 16:57,"{'date': '01/05/2026', 'date_formatted': '01/05/2026', 'hours': '04', 'minutes': '57', 'am_pm': 'PM', 'unix_timestamp': 1767632220000, 'iso_timestamp': '2026-01-05T16:57:00.000Z', 'timestamp': '01/05/2026 04:57 pm', 'time': 1017, 'time_formatted': '16:57', 'proper_unix_timestamp': 1767650220000, 'proper_iso_timestamp': '2026-01-05T21:57:00.000Z'}",01/05/2026 16:57,"{'date': '01/05/2026', 'date_formatted': '01/05/2026', 'hours': '04', 'minutes': '57', 'am_pm': 'PM', 'unix_timestamp': 1767632220000, 'iso_timestamp': '2026-01-05T16:57:00.000Z', 'timestamp': '01/05/2026 04:57 pm', 'time': 1017, 'time_formatted': '16:57', 'proper_unix_timestamp': 1767650220000, 'proper_iso_timestamp': '2026-01-05T21:57:00.000Z'}",Style,Style,黑色-GE增高 CNC高品质,黑色-GE增高 CNC高品质,,,,,0,0,$30.00,30,No,False,,,,,0.00,0,,,0.00,0,0.00,0,No,False,,,Yes,True,,,,,,,$30.00,30,$0.00,0,No,False
695c33d25dd70f9684e30e88,"<span class=""695c32e18c1c28d3136a9fbc"" data-kn=""connection-value"">九头蛇增高支架 UNITY战术GBRS全金属底座T1 T2 H1 H2 R5镜桥创研-淘宝网</span>","[{'id': '695c32e18c1c28d3136a9fbc', 'identifier': '九头蛇增高支架 UNITY战术GBRS全金属底座T1 T2 H1 H2 R5镜桥创研-淘宝网'}]",Inactive,Inactive,棕色-GE增高 CNC高品质,棕色-GE增高 CNC高品质,,,,,,,Yes,True,5,5,01/05/2026 16:57,"{'date': '01/05/2026', 'date_formatted': '01/05/2026', 'hours': '04', 'minutes': '57', 'am_pm': 'PM', 'unix_timestamp': 1767632220000, 'iso_timestamp': '2026-01-05T16:57:00.000Z', 'timestamp': '01/05/2026 04:57 pm', 'time': 1017, 'time_formatted': '16:57', 'proper_unix_timestamp': 1767650220000, 'proper_iso_timestamp': '2026-01-05T21:57:00.000Z'}",01/05/2026 16:57,"{'date': '01/05/2026', 'date_formatted': '01/05/2026', 'hours': '04', 'minutes': '57', 'am_pm': 'PM', 'unix_timestamp': 1767632220000, 'iso_timestamp': '2026-01-05T16:57:00.000Z', 'timestamp': '01/05/2026 04:57 pm', 'time': 1017, 'time_formatted': '16:57', 'proper_unix_timestamp': 1767650220000, 'proper_iso_timestamp': '2026-01-05T21:57:00.000Z'}",Style,Style,棕色-GE增高 CNC高品质,棕色-GE增高 CNC高品质,,,,,0,0,$30.00,30,No,False,,,,,0.00,0,,,0.00,0,0.00,0,No,False,,,Yes,True,,,,,,,$30.00,30,$0.00,0,No,False
695c33d25dd70f9684e30d81,"<span class=""695c32e18c1c28d3136a9fbc"" data-kn=""connection-value"">九头蛇增高支架 UNITY战术GBRS全金属底座T1 T2 H1 H2 R5镜桥创研-淘宝网</span>","[{'id': '695c32e18c1c28d3136a9fbc', 'identifier': '九头蛇增高支架 UNITY战术GBRS全金属底座T1 T2 H1 H2 R5镜桥创研-淘宝网'}]",Inactive,Inactive,蓝色-含拓展导轨的UNITY CNC高品质,蓝色-含拓展导轨的UNITY CNC高品质,,,,,,,Yes,True,4,4,01/05/2026 16:57,"{'date': '01/05/2026', 'date_formatted': '01/05/2026', 'hours': '04', 'minutes': '57', 'am_pm': 'PM', 'unix_timestamp': 1767632220000, 'iso_timestamp': '2026-01-05T16:57:00.000Z', 'timestamp': '01/05/2026 04:57 pm', 'time': 1017, 'time_formatted': '16:57', 'proper_unix_timestamp': 1767650220000, 'proper_iso_timestamp': '2026-01-05T21:57:00.000Z'}",01/05/2026 16:57,"{'date': '01/05/2026', 'date_formatted': '01/05/2026', 'hours': '04', 'minutes': '57', 'am_pm': 'PM', 'unix_timestamp': 1767632220000, 'iso_timestamp': '2026-01-05T16:57:00.000Z', 'timestamp': '01/05/2026 04:57 pm', 'time': 1017, 'time_formatted': '16:57', 'proper_unix_timestamp': 1767650220000, 'proper_iso_timestamp': '2026-01-05T21:57:00.000Z'}",Style,Style,蓝色-含拓展导轨的UNITY CNC高品质,蓝色-含拓展导轨的UNITY CNC高品质,,,,,0,0,$30.00,30,No,False,,,,,0.00,0,,,0.00,0,0.00,0,No,False,,,Yes,True,,,,,,,$30.00,30,$0.00,0,No,False
695c33d1ce97e160f975883a,"<span class=""695c32e18c1c28d3136a9fbc"" data-kn=""connection-value"">九头蛇增高支架 UNITY战术GBRS全金属底座T1 T2 H1 H2 R5镜桥创研-淘宝网</span>","[{'id': '695c32e18c1c28d3136a9fbc', 'identifier': '九头蛇增高支架 UNITY战术GBRS全金属底座T1 T2 H1 H2 R5镜桥创研-淘宝网'}]",Inactive,Inactive,粉色-含拓展导轨的UNITY CNC高品质,粉色-含拓展导轨的UNITY CNC高品质,,,,,,,Yes,True,3,3,01/05/2026 16:57,"{'date': '01/05/2026', 'date_formatted': '01/05/2026', 'hours': '04', 'minutes': '57', 'am_pm': 'PM', 'unix_timestamp': 1767632220000, 'iso_timestamp': '2026-01-05T16:57:00.000Z', 'timestamp': '01/05/2026 04:57 pm', 'time': 1017, 'time_formatted': '16:57', 'proper_unix_timestamp': 1767650220000, 'proper_iso_timestamp': '2026-01-05T21:57:00.000Z'}",01/05/2026 16:57,"{'date': '01/05/2026', 'date_formatted': '01/05/2026', 'hours': '04', 'minutes': '57', 'am_pm': 'PM', 'unix_timestamp': 1767632220000, 'iso_timestamp': '2026-01-05T16:57:00.000Z', 'timestamp': '01/05/2026 04:57 pm', 'time': 1017, 'time_formatted': '16:57', 'proper_unix_timestamp': 1767650220000, 'proper_iso_timestamp': '2026-01-05T21:57:00.000Z'}",Style,Style,粉色-含拓展导轨的UNITY CNC高品质,粉色-含拓展导轨的UNITY CNC高品质,,,,,0,0,$30.00,30,No,False,,,,,0.00,0,,,0.00,0,0.00,0,No,False,,,Yes,True,,,,,,,$30.00,30,$0.00,0,No,False
695c33d18b911985b12db51c,"<span class=""695c32e18c1c28d3136a9fbc"" data-kn=""connection-value"">九头蛇增高支架 UNITY战术GBRS全金属底座T1 T2 H1 H2 R5镜桥创研-淘宝网</span>","[{'id': '695c32e18c1c28d3136a9fbc', 'identifier': '九头蛇增高支架 UNITY战术GBRS全金属底座T1 T2 H1 H2 R5镜桥创研-淘宝网'}]",Inactive,Inactive,黑色-专用拓展导轨 单导轨,黑色-专用拓展导轨 单导轨,,,,,,,Yes,True,2,2,01/05/2026 16:57,"{'date': '01/05/2026', 'date_formatted': '01/05/2026', 'hours': '04', 'minutes': '57', 'am_pm': 'PM', 'unix_timestamp': 1767632220000, 'iso_timestamp': '2026-01-05T16:57:00.000Z', 'timestamp': '01/05/2026 04:57 pm', 'time': 1017, 'time_formatted': '16:57', 'proper_unix_timestamp': 1767650220000, 'proper_iso_timestamp': '2026-01-05T21:57:00.000Z'}",01/05/2026 16:57,"{'date': '01/05/2026', 'date_formatted': '01/05/2026', 'hours': '04', 'minutes': '57', 'am_pm': 'PM', 'unix_timestamp': 1767632220000, 'iso_timestamp': '2026-01-05T16:57:00.000Z', 'timestamp': '01/05/2026 04:57 pm', 'time': 1017, 'time_formatted': '16:57', 'proper_unix_timestamp': 1767650220000, 'proper_iso_timestamp': '2026-01-05T21:57:00.000Z'}",Style,Style,黑色-专用拓展导轨 单导轨,黑色-专用拓展导轨 单导轨,,,,,0,0,$30.00,30,No,False,,,,,0.00,0,,,0.00,0,0.00,0,No,False,,,Yes,True,,,,,,,$30.00,30,$0.00,0,No,False
695c33d0ce97e160f975734b,"<span class=""695c32e18c1c28d3136a9fbc"" data-kn=""connection-value"">九头蛇增高支架 UNITY战术GBRS全金属底座T1 T2 H1 H2 R5镜桥创研-淘宝网</span>","[{'id': '695c32e18c1c28d3136a9fbc', 'identifier': '九头蛇增高支架 UNITY战术GBRS全金属底座T1 T2 H1 H2 R5镜桥创研-淘宝网'}]",Inactive,Inactive,黑色-含拓展导轨的UNITY CNC高品质,黑色-含拓展导轨的UNITY CNC高品质,,,,,,,Yes,True,1,1,01/05/2026 16:57,"{'date': '01/05/2026', 'date_formatted': '01/05/2026', 'hours': '04', 'minutes': '57', 'am_pm': 'PM', 'unix_timestamp': 1767632220000, 'iso_timestamp': '2026-01-05T16:57:00.000Z', 'timestamp': '01/05/2026 04:57 pm', 'time': 1017, 'time_formatted': '16:57', 'proper_unix_timestamp': 1767650220000, 'proper_iso_timestamp': '2026-01-05T21:57:00.000Z'}",01/05/2026 16:57,"{'date': '01/05/2026', 'date_formatted': '01/05/2026', 'hours': '04', 'minutes': '57', 'am_pm': 'PM', 'unix_timestamp': 1767632220000, 'iso_timestamp': '2026-01-05T16:57:00.000Z', 'timestamp': '01/05/2026 04:57 pm', 'time': 1017, 'time_formatted': '16:57', 'proper_unix_timestamp': 1767650220000, 'proper_iso_timestamp': '2026-01-05T21:57:00.000Z'}",Style,Style,黑色-含拓展导轨的UNITY CNC高品质,黑色-含拓展导轨的UNITY CNC高品质,,,,,0,0,$30.00,30,No,False,,,,,0.00,0,,,0.00,0,0.00,0,No,False,,,Yes,True,,,,,,,$30.00,30,$0.00,0,No,False
695c33d05dd70f9684e30bb2,"<span class=""695c32daf2f2b855f35d6f82"" data-kn=""connection-value"">左右手转换快拔枪套 G17 G19 2011 VP9 P320带下挂万用型导轨枪套-淘宝网</span>","[{'id': '695c32daf2f2b855f35d6f82', 'identifier': '左右手转换快拔枪套 G17 G19 2011 VP9 P320带下挂万用型导轨枪套-淘宝网'}]",Active,Active,Black Standard,Black Standard,,,,,,,Yes,True,4,4,01/05/2026 16:57,"{'date': '01/05/2026', 'date_formatted': '01/05/2026', 'hours': '04', 'minutes': '57', 'am_pm': 'PM', 'unix_timestamp': 1767632220000, 'iso_timestamp': '2026-01-05T16:57:00.000Z', 'timestamp': '01/05/2026 04:57 pm', 'time': 1017, 'time_formatted': '16:57', 'proper_unix_timestamp': 1767650220000, 'proper_iso_timestamp': '2026-01-05T21:57:00.000Z'}",01/05/2026 16:57,"{'date': '01/05/2026', 'date_formatted': '01/05/2026', 'hours': '04', 'minutes': '57', 'am_pm': 'PM', 'unix_timestamp': 1767632220000, 'iso_timestamp': '2026-01-05T16:57:00.000Z', 'timestamp': '01/05/2026 04:57 pm', 'time': 1017, 'time_formatted': '16:57', 'proper_unix_timestamp': 1767650220000, 'proper_iso_timestamp': '2026-01-05T21:57:00.000Z'}",Color,Color,Black,Black,Profile,Profile,Standard,Standard,25,25,$30.00,30,No,False,,,,,16.99,16.99,,,28.50,28.5,11.70,11.7,No,False,,,Yes,True,,,,,,,$30.00,30,$10.45,10.45,No,False
695c33d09cd3039a82534f0e,"<span class=""695c32daf2f2b855f35d6f82"" data-kn=""connection-value"">左右手转换快拔枪套 G17 G19 2011 VP9 P320带下挂万用型导轨枪套-淘宝网</span>","[{'id': '695c32daf2f2b855f35d6f82', 'identifier': '左右手转换快拔枪套 G17 G19 2011 VP9 P320带下挂万用型导轨枪套-淘宝网'}]",Active,Active,Belt Clip,Belt Clip,,,,,,,Yes,True,3,3,01/05/2026 16:57,"{'date': '01/05/2026', 'date_formatted': '01/05/2026', 'hours': '04', 'minutes': '57', 'am_pm': 'PM', 'unix_timestamp': 1767632220000, 'iso_timestamp': '2026-01-05T16:57:00.000Z', 'timestamp': '01/05/2026 04:57 pm', 'time': 1017, 'time_formatted': '16:57', 'proper_unix_timestamp': 1767650220000, 'proper_iso_timestamp': '2026-01-05T21:57:00.000Z'}",01/05/2026 16:57,"{'date': '01/05/2026', 'date_formatted': '01/05/2026', 'hours': '04', 'minutes': '57', 'am_pm': 'PM', 'unix_timestamp': 1767632220000, 'iso_timestamp': '2026-01-05T16:57:00.000Z', 'timestamp': '01/05/2026 04:57 pm', 'time': 1017, 'time_formatted': '16:57', 'proper_unix_timestamp': 1767650220000, 'proper_iso_timestamp': '2026-01-05T21:57:00.000Z'}",Style,Style,Belt Clip,Belt Clip,,,,,18,18,$30.00,30,No,False,,,,,14.99,14.99,,,29.20,29.2,12.40,12.4,No,False,,,Yes,True,,,,,,,$30.00,30,$9.12,9.12,No,False
695c33cfbd3270258c460e88,"<span class=""695c32daf2f2b855f35d6f82"" data-kn=""connection-value"">左右手转换快拔枪套 G17 G19 2011 VP9 P320带下挂万用型导轨枪套-淘宝网</span>","[{'id': '695c32daf2f2b855f35d6f82', 'identifier': '左右手转换快拔枪套 G17 G19 2011 VP9 P320带下挂万用型导轨枪套-淘宝网'}]",Active,Active,Chest Rig Plate,Chest Rig Plate,,,,,,,Yes,True,2,2,01/05/2026 16:57,"{'date': '01/05/2026', 'date_formatted': '01/05/2026', 'hours': '04', 'minutes': '57', 'am_pm': 'PM', 'unix_timestamp': 1767632220000, 'iso_timestamp': '2026-01-05T16:57:00.000Z', 'timestamp': '01/05/2026 04:57 pm', 'time': 1017, 'time_formatted': '16:57', 'proper_unix_timestamp': 1767650220000, 'proper_iso_timestamp': '2026-01-05T21:57:00.000Z'}",01/05/2026 16:57,"{'date': '01/05/2026', 'date_formatted': '01/05/2026', 'hours': '04', 'minutes': '57', 'am_pm': 'PM', 'unix_timestamp': 1767632220000, 'iso_timestamp': '2026-01-05T16:57:00.000Z', 'timestamp': '01/05/2026 04:57 pm', 'time': 1017, 'time_formatted': '16:57', 'proper_unix_timestamp': 1767650220000, 'proper_iso_timestamp': '2026-01-05T21:57:00.000Z'}",Style,Style,Chest Rig Plate,Chest Rig Plate,,,,,40,40,$30.00,30,No,False,,,,,21.99,21.99,,,29.50,29.5,12.80,12.8,No,False,,,Yes,True,,,,,,,$30.00,30,$13.30,13.3,No,False
695c33cf5dd70f9684e3061c,"<span class=""695c32daf2f2b855f35d6f82"" data-kn=""connection-value"">左右手转换快拔枪套 G17 G19 2011 VP9 P320带下挂万用型导轨枪套-淘宝网</span>","[{'id': '695c32daf2f2b855f35d6f82', 'identifier': '左右手转换快拔枪套 G17 G19 2011 VP9 P320带下挂万用型导轨枪套-淘宝网'}]",Active,Active,Leg Panel,Leg Panel,,,,,,,Yes,True,1,1,01/05/2026 16:57,"{'date': '01/05/2026', 'date_formatted': '01/05/2026', 'hours': '04', 'minutes': '57', 'am_pm': 'PM', 'unix_timestamp': 1767632220000, 'iso_timestamp': '2026-01-05T16:57:00.000Z', 'timestamp': '01/05/2026 04:57 pm', 'time': 1017, 'time_formatted': '16:57', 'proper_unix_timestamp': 1767650220000, 'proper_iso_timestamp': '2026-01-05T21:57:00.000Z'}",01/05/2026 16:57,"{'date': '01/05/2026', 'date_formatted': '01/05/2026', 'hours': '04', 'minutes': '57', 'am_pm': 'PM', 'unix_timestamp': 1767632220000, 'iso_timestamp': '2026-01-05T16:57:00.000Z', 'timestamp': '01/05/2026 04:57 pm', 'time': 1017, 'time_formatted': '16:57', 'proper_unix_timestamp': 1767650220000, 'proper_iso_timestamp': '2026-01-05T21:57:00.000Z'}",Style,Style,Leg Panel,Leg Panel,,,,,18,18,$30.00,30,No,False,,,,,14.99,14.99,,,29.20,29.2,12.40,12.4,No,False,,,Yes,True,,,,,,,$30.00,30,$9.12,9.12,No,False
695c33cfaae7b5b062d6f8ff,"<span class=""695c32e71d735f55f73afc99"" data-kn=""connection-value"">雅科达jpc 6094 cpc AVS战术背心水壶插板内胆降温防护板通用PE板-淘宝网</span>","[{'id': '695c32e71d735f55f73afc99', 'identifier': '雅科达jpc 6094 cpc AVS战术背心水壶插板内胆降温防护板通用PE板-淘宝网'}]",Inactive,Inactive,黑色 一块,黑色 一块,,,,,,,Yes,True,4,4,01/05/2026 16:57,"{'date': '01/05/2026', 'date_formatted': '01/05/2026', 'hours': '04', 'minutes': '57', 'am_pm': 'PM', 'unix_timestamp': 1767632220000, 'iso_timestamp': '2026-01-05T16:57:00.000Z', 'timestamp': '01/05/2026 04:57 pm', 'time': 1017, 'time_formatted': '16:57', 'proper_unix_timestamp': 1767650220000, 'proper_iso_timestamp': '2026-01-05T21:57:00.000Z'}",01/05/2026 16:57,"{'date': '01/05/2026', 'date_formatted': '01/05/2026', 'hours': '04', 'minutes': '57', 'am_pm': 'PM', 'unix_timestamp': 1767632220000, 'iso_timestamp': '2026-01-05T16:57:00.000Z', 'timestamp': '01/05/2026 04:57 pm', 'time': 1017, 'time_formatted': '16:57', 'proper_unix_timestamp': 1767650220000, 'proper_iso_timestamp': '2026-01-05T21:57:00.000Z'}",Style,Style,黑色 一块,黑色 一块,,,,,0,0,$30.00,30,No,False,,,,,0.00,0,,,0.00,0,0.00,0,No,False,,,Yes,True,,,,,,,$30.00,30,$0.00,0,No,False
695c33ce3b63f2dd235de831,"<span class=""695c32e71d735f55f73afc99"" data-kn=""connection-value"">雅科达jpc 6094 cpc AVS战术背心水壶插板内胆降温防护板通用PE板-淘宝网</span>","[{'id': '695c32e71d735f55f73afc99', 'identifier': '雅科达jpc 6094 cpc AVS战术背心水壶插板内胆降温防护板通用PE板-淘宝网'}]",Inactive,Inactive,泥色 一块,泥色 一块,,,,,,,Yes,True,3,3,01/05/2026 16:57,"{'date': '01/05/2026', 'date_formatted': '01/05/2026', 'hours': '04', 'minutes': '57', 'am_pm': 'PM', 'unix_timestamp': 1767632220000, 'iso_timestamp': '2026-01-05T16:57:00.000Z', 'timestamp': '01/05/2026 04:57 pm', 'time': 1017, 'time_formatted': '16:57', 'proper_unix_timestamp': 1767650220000, 'proper_iso_timestamp': '2026-01-05T21:57:00.000Z'}",01/05/2026 16:57,"{'date': '01/05/2026', 'date_formatted': '01/05/2026', 'hours': '04', 'minutes': '57', 'am_pm': 'PM', 'unix_timestamp': 1767632220000, 'iso_timestamp': '2026-01-05T16:57:00.000Z', 'timestamp': '01/05/2026 04:57 pm', 'time': 1017, 'time_formatted': '16:57', 'proper_unix_timestamp': 1767650220000, 'proper_iso_timestamp': '2026-01-05T21:57:00.000Z'}",Style,Style,泥色 一块,泥色 一块,,,,,0,0,$30.00,30,No,False,,,,,0.00,0,,,0.00,0,0.00,0,No,False,,,Yes,True,,,,,,,$30.00,30,$0.00,0,No,False
695c33cd66d8ef040cff6eca,"<span class=""695c32e71d735f55f73afc99"" data-kn=""connection-value"">雅科达jpc 6094 cpc AVS战术背心水壶插板内胆降温防护板通用PE板-淘宝网</span>","[{'id': '695c32e71d735f55f73afc99', 'identifier': '雅科达jpc 6094 cpc AVS战术背心水壶插板内胆降温防护板通用PE板-淘宝网'}]",Inactive,Inactive,橙色 一块,橙色 一块,,,,,,,Yes,True,2,2,01/05/2026 16:57,"{'date': '01/05/2026', 'date_formatted': '01/05/2026', 'hours': '04', 'minutes': '57', 'am_pm': 'PM', 'unix_timestamp': 1767632220000, 'iso_timestamp': '2026-01-05T16:57:00.000Z', 'timestamp': '01/05/2026 04:57 pm', 'time': 1017, 'time_formatted': '16:57', 'proper_unix_timestamp': 1767650220000, 'proper_iso_timestamp': '2026-01-05T21:57:00.000Z'}",01/05/2026 16:57,"{'date': '01/05/2026', 'date_formatted': '01/05/2026', 'hours': '04', 'minutes': '57', 'am_pm': 'PM', 'unix_timestamp': 1767632220000, 'iso_timestamp': '2026-01-05T16:57:00.000Z', 'timestamp': '01/05/2026 04:57 pm', 'time': 1017, 'time_formatted': '16:57', 'proper_unix_timestamp': 1767650220000, 'proper_iso_timestamp': '2026-01-05T21:57:00.000Z'}",Style,Style,橙色 一块,橙色 一块,,,,,0,0,$30.00,30,No,False,,,,,0.00,0,,,0.00,0,0.00,0,No,False,,,Yes,True,,,,,,,$30.00,30,$0.00,0,No,False
695c33cd3b63f2dd235dd477,"<span class=""695c32e71d735f55f73afc99"" data-kn=""connection-value"">雅科达jpc 6094 cpc AVS战术背心水壶插板内胆降温防护板通用PE板-淘宝网</span>","[{'id': '695c32e71d735f55f73afc99', 'identifier': '雅科达jpc 6094 cpc AVS战术背心水壶插板内胆降温防护板通用PE板-淘宝网'}]",Inactive,Inactive,军绿 一块,军绿 一块,,,,,,,Yes,True,1,1,01/05/2026 16:57,"{'date': '01/05/2026', 'date_formatted': '01/05/2026', 'hours': '04', 'minutes': '57', 'am_pm': 'PM', 'unix_timestamp': 1767632220000, 'iso_timestamp': '2026-01-05T16:57:00.000Z', 'timestamp': '01/05/2026 04:57 pm', 'time': 1017, 'time_formatted': '16:57', 'proper_unix_timestamp': 1767650220000, 'proper_iso_timestamp': '2026-01-05T21:57:00.000Z'}",01/05/2026 16:57,"{'date': '01/05/2026', 'date_formatted': '01/05/2026', 'hours': '04', 'minutes': '57', 'am_pm': 'PM', 'unix_timestamp': 1767632220000, 'iso_timestamp': '2026-01-05T16:57:00.000Z', 'timestamp': '01/05/2026 04:57 pm', 'time': 1017, 'time_formatted': '16:57', 'proper_unix_timestamp': 1767650220000, 'proper_iso_timestamp': '2026-01-05T21:57:00.000Z'}",Style,Style,军绿 一块,军绿 一块,,,,,0,0,$30.00,30,No,False,,,,,0.00,0,,,0.00,0,0.00,0,No,False,,,Yes,True,,,,,,,$30.00,30,$0.00,0,No,False
695c33cd37eef90c93b6f87f,"<span class=""695c32db9cd3039a824c98ad"" data-kn=""connection-value"">【MST2011底盖/井合集】CNC金属护边铝合金底盖底座配件-淘宝网</span>","[{'id': '695c32db9cd3039a824c98ad', 'identifier': '【MST2011底盖/井合集】CNC金属护边铝合金底盖底座配件-淘宝网'}]",Unprofitable,Unprofitable,MST2011 Base Cover - Black,MST2011 Base Cover - Black,,,,,,,Yes,True,11,11,01/05/2026 16:57,"{'date': '01/05/2026', 'date_formatted': '01/05/2026', 'hours': '04', 'minutes': '57', 'am_pm': 'PM', 'unix_timestamp': 1767632220000, 'iso_timestamp': '2026-01-05T16:57:00.000Z', 'timestamp': '01/05/2026 04:57 pm', 'time': 1017, 'time_formatted': '16:57', 'proper_unix_timestamp': 1767650220000, 'proper_iso_timestamp': '2026-01-05T21:57:00.000Z'}",01/05/2026 16:57,"{'date': '01/05/2026', 'date_formatted': '01/05/2026', 'hours': '04', 'minutes': '57', 'am_pm': 'PM', 'unix_timestamp': 1767632220000, 'iso_timestamp': '2026-01-05T16:57:00.000Z', 'timestamp': '01/05/2026 04:57 pm', 'time': 1017, 'time_formatted': '16:57', 'proper_unix_timestamp': 1767650220000, 'proper_iso_timestamp': '2026-01-05T21:57:00.000Z'}",Color,Color,Black,Black,,,,,56,56,$30.00,30,No,False,,,,,26.99,26.99,,,29.50,29.5,12.70,12.7,No,False,,,Yes,True,,,,,,,$30.00,30,$16.34,16.34,No,False
695c33ccaae7b5b062d6cb3a,"<span class=""695c32db9cd3039a824c98ad"" data-kn=""connection-value"">【MST2011底盖/井合集】CNC金属护边铝合金底盖底座配件-淘宝网</span>","[{'id': '695c32db9cd3039a824c98ad', 'identifier': '【MST2011底盖/井合集】CNC金属护边铝合金底盖底座配件-淘宝网'}]",Unprofitable,Unprofitable,MST2011 Base Cover - Silver,MST2011 Base Cover - Silver,,,,,,,Yes,True,10,10,01/05/2026 16:57,"{'date': '01/05/2026', 'date_formatted': '01/05/2026', 'hours': '04', 'minutes': '57', 'am_pm': 'PM', 'unix_timestamp': 1767632220000, 'iso_timestamp': '2026-01-05T16:57:00.000Z', 'timestamp': '01/05/2026 04:57 pm', 'time': 1017, 'time_formatted': '16:57', 'proper_unix_timestamp': 1767650220000, 'proper_iso_timestamp': '2026-01-05T21:57:00.000Z'}",01/05/2026 16:57,"{'date': '01/05/2026', 'date_formatted': '01/05/2026', 'hours': '04', 'minutes': '57', 'am_pm': 'PM', 'unix_timestamp': 1767632220000, 'iso_timestamp': '2026-01-05T16:57:00.000Z', 'timestamp': '01/05/2026 04:57 pm', 'time': 1017, 'time_formatted': '16:57', 'proper_unix_timestamp': 1767650220000, 'proper_iso_timestamp': '2026-01-05T21:57:00.000Z'}",Color,Color,Silver,Silver,,,,,56,56,$30.00,30,No,False,,,,,26.99,26.99,,,29.50,29.5,12.70,12.7,No,False,,,Yes,True,,,,,,,$30.00,30,$16.34,16.34,No,False
695c33ccbd3270258c460651,"<span class=""695c32db9cd3039a824c98ad"" data-kn=""connection-value"">【MST2011底盖/井合集】CNC金属护边铝合金底盖底座配件-淘宝网</span>","[{'id': '695c32db9cd3039a824c98ad', 'identifier': '【MST2011底盖/井合集】CNC金属护边铝合金底盖底座配件-淘宝网'}]",Unprofitable,Unprofitable,MST2011 Base Cover - Red,MST2011 Base Cover - Red,,,,,,,Yes,True,9,9,01/05/2026 16:57,"{'date': '01/05/2026', 'date_formatted': '01/05/2026', 'hours': '04', 'minutes': '57', 'am_pm': 'PM', 'unix_timestamp': 1767632220000, 'iso_timestamp': '2026-01-05T16:57:00.000Z', 'timestamp': '01/05/2026 04:57 pm', 'time': 1017, 'time_formatted': '16:57', 'proper_unix_timestamp': 1767650220000, 'proper_iso_timestamp': '2026-01-05T21:57:00.000Z'}",01/05/2026 16:57,"{'date': '01/05/2026', 'date_formatted': '01/05/2026', 'hours': '04', 'minutes': '57', 'am_pm': 'PM', 'unix_timestamp': 1767632220000, 'iso_timestamp': '2026-01-05T16:57:00.000Z', 'timestamp': '01/05/2026 04:57 pm', 'time': 1017, 'time_formatted': '16:57', 'proper_unix_timestamp': 1767650220000, 'proper_iso_timestamp': '2026-01-05T21:57:00.000Z'}",Color,Color,Red,Red,,,,,56,56,$30.00,30,No,False,,,,,26.99,26.99,,,29.50,29.5,12.70,12.7,No,False,,,Yes,True,,,,,,,$30.00,30,$16.34,16.34,No,False
695c33cb1d735f55f74237ca,"<span class=""695c32db9cd3039a824c98ad"" data-kn=""connection-value"">【MST2011底盖/井合集】CNC金属护边铝合金底盖底座配件-淘宝网</span>","[{'id': '695c32db9cd3039a824c98ad', 'identifier': '【MST2011底盖/井合集】CNC金属护边铝合金底盖底座配件-淘宝网'}]",Unprofitable,Unprofitable,MST2011 Base Cover - Grey,MST2011 Base Cover - Grey,,,,,,,Yes,True,8,8,01/05/2026 16:57,"{'date': '01/05/2026', 'date_formatted': '01/05/2026', 'hours': '04', 'minutes': '57', 'am_pm': 'PM', 'unix_timestamp': 1767632220000, 'iso_timestamp': '2026-01-05T16:57:00.000Z', 'timestamp': '01/05/2026 04:57 pm', 'time': 1017, 'time_formatted': '16:57', 'proper_unix_timestamp': 1767650220000, 'proper_iso_timestamp': '2026-01-05T21:57:00.000Z'}",01/05/2026 16:57,"{'date': '01/05/2026', 'date_formatted': '01/05/2026', 'hours': '04', 'minutes': '57', 'am_pm': 'PM', 'unix_timestamp': 1767632220000, 'iso_timestamp': '2026-01-05T16:57:00.000Z', 'timestamp': '01/05/2026 04:57 pm', 'time': 1017, 'time_formatted': '16:57', 'proper_unix_timestamp': 1767650220000, 'proper_iso_timestamp': '2026-01-05T21:57:00.000Z'}",Color,Color,Grey,Grey,,,,,56,56,$30.00,30,No,False,,,,,26.99,26.99,,,29.50,29.5,12.70,12.7,No,False,,,Yes,True,,,,,,,$30.00,30,$16.34,16.34,No,False
695c33cb1d735f55f7422dd9,"<span class=""695c32db9cd3039a824c98ad"" data-kn=""connection-value"">【MST2011底盖/井合集】CNC金属护边铝合金底盖底座配件-淘宝网</span>","[{'id': '695c32db9cd3039a824c98ad', 'identifier': '【MST2011底盖/井合集】CNC金属护边铝合金底盖底座配件-淘宝网'}]",Unprofitable,Unprofitable,MST2011 Well# (Engraved) - Red,MST2011 Well# (Engraved) - Red,,,,,,,Yes,True,7,7,01/05/2026 16:57,"{'date': '01/05/2026', 'date_formatted': '01/05/2026', 'hours': '04', 'minutes': '57', 'am_pm': 'PM', 'unix_timestamp': 1767632220000, 'iso_timestamp': '2026-01-05T16:57:00.000Z', 'timestamp': '01/05/2026 04:57 pm', 'time': 1017, 'time_formatted': '16:57', 'proper_unix_timestamp': 1767650220000, 'proper_iso_timestamp': '2026-01-05T21:57:00.000Z'}",01/05/2026 16:57,"{'date': '01/05/2026', 'date_formatted': '01/05/2026', 'hours': '04', 'minutes': '57', 'am_pm': 'PM', 'unix_timestamp': 1767632220000, 'iso_timestamp': '2026-01-05T16:57:00.000Z', 'timestamp': '01/05/2026 04:57 pm', 'time': 1017, 'time_formatted': '16:57', 'proper_unix_timestamp': 1767650220000, 'proper_iso_timestamp': '2026-01-05T21:57:00.000Z'}",Color,Color,Red,Red,,,,,56,56,$30.00,30,No,False,,,,,26.99,26.99,,,29.50,29.5,12.70,12.7,No,False,,,Yes,True,,,,,,,$30.00,30,$16.34,16.34,No,False
695c33cb985ba8f5254a47bc,"<span class=""695c32db9cd3039a824c98ad"" data-kn=""connection-value"">【MST2011底盖/井合集】CNC金属护边铝合金底盖底座配件-淘宝网</span>","[{'id': '695c32db9cd3039a824c98ad', 'identifier': '【MST2011底盖/井合集】CNC金属护边铝合金底盖底座配件-淘宝网'}]",Unprofitable,Unprofitable,MST2011 Well# (Engraved) - Grey,MST2011 Well# (Engraved) - Grey,,,,,,,Yes,True,6,6,01/05/2026 16:57,"{'date': '01/05/2026', 'date_formatted': '01/05/2026', 'hours': '04', 'minutes': '57', 'am_pm': 'PM', 'unix_timestamp': 1767632220000, 'iso_timestamp': '2026-01-05T16:57:00.000Z', 'timestamp': '01/05/2026 04:57 pm', 'time': 1017, 'time_formatted': '16:57', 'proper_unix_timestamp': 1767650220000, 'proper_iso_timestamp': '2026-01-05T21:57:00.000Z'}",01/05/2026 16:57,"{'date': '01/05/2026', 'date_formatted': '01/05/2026', 'hours': '04', 'minutes': '57', 'am_pm': 'PM', 'unix_timestamp': 1767632220000, 'iso_timestamp': '2026-01-05T16:57:00.000Z', 'timestamp': '01/05/2026 04:57 pm', 'time': 1017, 'time_formatted': '16:57', 'proper_unix_timestamp': 1767650220000, 'proper_iso_timestamp': '2026-01-05T21:57:00.000Z'}",Color,Color,Grey,Grey,,,,,56,56,$30.00,30,No,False,,,,,26.99,26.99,,,29.50,29.5,12.70,12.7,No,False,,,Yes,True,,,,,,,$30.00,30,$16.34,16.34,No,False
695c33cace1739befd2450c5,"<span class=""695c32db9cd3039a824c98ad"" data-kn=""connection-value"">【MST2011底盖/井合集】CNC金属护边铝合金底盖底座配件-淘宝网</span>","[{'id': '695c32db9cd3039a824c98ad', 'identifier': '【MST2011底盖/井合集】CNC金属护边铝合金底盖底座配件-淘宝网'}]",Unprofitable,Unprofitable,MST2011 Well# (Engraved) - Black,MST2011 Well# (Engraved) - Black,,,,,,,Yes,True,5,5,01/05/2026 16:57,"{'date': '01/05/2026', 'date_formatted': '01/05/2026', 'hours': '04', 'minutes': '57', 'am_pm': 'PM', 'unix_timestamp': 1767632220000, 'iso_timestamp': '2026-01-05T16:57:00.000Z', 'timestamp': '01/05/2026 04:57 pm', 'time': 1017, 'time_formatted': '16:57', 'proper_unix_timestamp': 1767650220000, 'proper_iso_timestamp': '2026-01-05T21:57:00.000Z'}",01/05/2026 16:57,"{'date': '01/05/2026', 'date_formatted': '01/05/2026', 'hours': '04', 'minutes': '57', 'am_pm': 'PM', 'unix_timestamp': 1767632220000, 'iso_timestamp': '2026-01-05T16:57:00.000Z', 'timestamp': '01/05/2026 04:57 pm', 'time': 1017, 'time_formatted': '16:57', 'proper_unix_timestamp': 1767650220000, 'proper_iso_timestamp': '2026-01-05T21:57:00.000Z'}",Color,Color,Black,Black,,,,,56,56,$30.00,30,No,False,,,,,26.99,26.99,,,29.50,29.5,12.70,12.7,No,False,,,Yes,True,,,,,,,$30.00,30,$16.34,16.34,No,False
695c33ca713127c964781a91,"<span class=""695c32db9cd3039a824c98ad"" data-kn=""connection-value"">【MST2011底盖/井合集】CNC金属护边铝合金底盖底座配件-淘宝网</span>","[{'id': '695c32db9cd3039a824c98ad', 'identifier': '【MST2011底盖/井合集】CNC金属护边铝合金底盖底座配件-淘宝网'}]",Unprofitable,Unprofitable,MST2011 Well# (Engraved) - Silver,MST2011 Well# (Engraved) - Silver,,,,,,,Yes,True,4,4,01/05/2026 16:57,"{'date': '01/05/2026', 'date_formatted': '01/05/2026', 'hours': '04', 'minutes': '57', 'am_pm': 'PM', 'unix_timestamp': 1767632220000, 'iso_timestamp': '2026-01-05T16:57:00.000Z', 'timestamp': '01/05/2026 04:57 pm', 'time': 1017, 'time_formatted': '16:57', 'proper_unix_timestamp': 1767650220000, 'proper_iso_timestamp': '2026-01-05T21:57:00.000Z'}",01/05/2026 16:57,"{'date': '01/05/2026', 'date_formatted': '01/05/2026', 'hours': '04', 'minutes': '57', 'am_pm': 'PM', 'unix_timestamp': 1767632220000, 'iso_timestamp': '2026-01-05T16:57:00.000Z', 'timestamp': '01/05/2026 04:57 pm', 'time': 1017, 'time_formatted': '16:57', 'proper_unix_timestamp': 1767650220000, 'proper_iso_timestamp': '2026-01-05T21:57:00.000Z'}",Color,Color,Silver,Silver,,,,,56,56,$30.00,30,No,False,,,,,26.99,26.99,,,29.50,29.5,12.70,12.7,No,False,,,Yes,True,,,,,,,$30.00,30,$16.34,16.34,No,False
695c33cabde2c63e6cb712e1,"<span class=""695c32db9cd3039a824c98ad"" data-kn=""connection-value"">【MST2011底盖/井合集】CNC金属护边铝合金底盖底座配件-淘宝网</span>","[{'id': '695c32db9cd3039a824c98ad', 'identifier': '【MST2011底盖/井合集】CNC金属护边铝合金底盖底座配件-淘宝网'}]",Unprofitable,Unprofitable,MST2011 Well# - Gold,MST2011 Well# - Gold,,,,,,,Yes,True,3,3,01/05/2026 16:57,"{'date': '01/05/2026', 'date_formatted': '01/05/2026', 'hours': '04', 'minutes': '57', 'am_pm': 'PM', 'unix_timestamp': 1767632220000, 'iso_timestamp': '2026-01-05T16:57:00.000Z', 'timestamp': '01/05/2026 04:57 pm', 'time': 1017, 'time_formatted': '16:57', 'proper_unix_timestamp': 1767650220000, 'proper_iso_timestamp': '2026-01-05T21:57:00.000Z'}",01/05/2026 16:57,"{'date': '01/05/2026', 'date_formatted': '01/05/2026', 'hours': '04', 'minutes': '57', 'am_pm': 'PM', 'unix_timestamp': 1767632220000, 'iso_timestamp': '2026-01-05T16:57:00.000Z', 'timestamp': '01/05/2026 04:57 pm', 'time': 1017, 'time_formatted': '16:57', 'proper_unix_timestamp': 1767650220000, 'proper_iso_timestamp': '2026-01-05T21:57:00.000Z'}",Color,Color,Gold,Gold,,,,,56,56,$30.00,30,No,False,,,,,26.99,26.99,,,29.50,29.5,12.70,12.7,No,False,,,Yes,True,,,,,,,$30.00,30,$16.34,16.34,No,False
695c33c9d31dc717397e4eee,"<span class=""695c32db9cd3039a824c98ad"" data-kn=""connection-value"">【MST2011底盖/井合集】CNC金属护边铝合金底盖底座配件-淘宝网</span>","[{'id': '695c32db9cd3039a824c98ad', 'identifier': '【MST2011底盖/井合集】CNC金属护边铝合金底盖底座配件-淘宝网'}]",Unprofitable,Unprofitable,MST2011 Well# - Silver,MST2011 Well# - Silver,,,,,,,Yes,True,2,2,01/05/2026 16:57,"{'date': '01/05/2026', 'date_formatted': '01/05/2026', 'hours': '04', 'minutes': '57', 'am_pm': 'PM', 'unix_timestamp': 1767632220000, 'iso_timestamp': '2026-01-05T16:57:00.000Z', 'timestamp': '01/05/2026 04:57 pm', 'time': 1017, 'time_formatted': '16:57', 'proper_unix_timestamp': 1767650220000, 'proper_iso_timestamp': '2026-01-05T21:57:00.000Z'}",01/05/2026 16:57,"{'date': '01/05/2026', 'date_formatted': '01/05/2026', 'hours': '04', 'minutes': '57', 'am_pm': 'PM', 'unix_timestamp': 1767632220000, 'iso_timestamp': '2026-01-05T16:57:00.000Z', 'timestamp': '01/05/2026 04:57 pm', 'time': 1017, 'time_formatted': '16:57', 'proper_unix_timestamp': 1767650220000, 'proper_iso_timestamp': '2026-01-05T21:57:00.000Z'}",Color,Color,Silver,Silver,,,,,56,56,$30.00,30,No,False,,,,,26.99,26.99,,,29.50,29.5,12.70,12.7,No,False,,,Yes,True,,,,,,,$30.00,30,$16.34,16.34,No,False
695c33c9e6dc40497311823b,"<span class=""695c32db9cd3039a824c98ad"" data-kn=""connection-value"">【MST2011底盖/井合集】CNC金属护边铝合金底盖底座配件-淘宝网</span>","[{'id': '695c32db9cd3039a824c98ad', 'identifier': '【MST2011底盖/井合集】CNC金属护边铝合金底盖底座配件-淘宝网'}]",Unprofitable,Unprofitable,MST2011 Well# - Black,MST2011 Well# - Black,,,,,,,Yes,True,1,1,01/05/2026 16:57,"{'date': '01/05/2026', 'date_formatted': '01/05/2026', 'hours': '04', 'minutes': '57', 'am_pm': 'PM', 'unix_timestamp': 1767632220000, 'iso_timestamp': '2026-01-05T16:57:00.000Z', 'timestamp': '01/05/2026 04:57 pm', 'time': 1017, 'time_formatted': '16:57', 'proper_unix_timestamp': 1767650220000, 'proper_iso_timestamp': '2026-01-05T21:57:00.000Z'}",01/05/2026 16:57,"{'date': '01/05/2026', 'date_formatted': '01/05/2026', 'hours': '04', 'minutes': '57', 'am_pm': 'PM', 'unix_timestamp': 1767632220000, 'iso_timestamp': '2026-01-05T16:57:00.000Z', 'timestamp': '01/05/2026 04:57 pm', 'time': 1017, 'time_formatted': '16:57', 'proper_unix_timestamp': 1767650220000, 'proper_iso_timestamp': '2026-01-05T21:57:00.000Z'}",Color,Color,Black,Black,,,,,56,56,$30.00,30,No,False,,,,,26.99,26.99,,,29.50,29.5,12.70,12.7,No,False,,,Yes,True,,,,,,,$30.00,30,$16.34,16.34,No,False
695c33c9cd0d7527390e7145,"<span class=""695c32e07051e7c1034c6bd3"" data-kn=""connection-value"">金属增高支架镜桥GBRS Hydra九头蛇UNITY EXPS底座T1 T2 H1 2红点-淘宝网</span>","[{'id': '695c32e07051e7c1034c6bd3', 'identifier': '金属增高支架镜桥GBRS Hydra九头蛇UNITY EXPS底座T1 T2 H1 2红点-淘宝网'}]",Margins Added,Margins Added,Black Short - GBRS Hydra Mount,Black Short - GBRS Hydra Mount,,,,,,,Yes,True,8,8,01/05/2026 16:57,"{'date': '01/05/2026', 'date_formatted': '01/05/2026', 'hours': '04', 'minutes': '57', 'am_pm': 'PM', 'unix_timestamp': 1767632220000, 'iso_timestamp': '2026-01-05T16:57:00.000Z', 'timestamp': '01/05/2026 04:57 pm', 'time': 1017, 'time_formatted': '16:57', 'proper_unix_timestamp': 1767650220000, 'proper_iso_timestamp': '2026-01-05T21:57:00.000Z'}",01/05/2026 16:57,"{'date': '01/05/2026', 'date_formatted': '01/05/2026', 'hours': '04', 'minutes': '57', 'am_pm': 'PM', 'unix_timestamp': 1767632220000, 'iso_timestamp': '2026-01-05T16:57:00.000Z', 'timestamp': '01/05/2026 04:57 pm', 'time': 1017, 'time_formatted': '16:57', 'proper_unix_timestamp': 1767650220000, 'proper_iso_timestamp': '2026-01-05T21:57:00.000Z'}",Color,Color,Black,Black,Profile,Profile,Short,Short,128,128,$30.00,30,No,False,,,,,49.99,49.99,,,29.90,29.9,13.30,13.3,No,False,,,Yes,True,,,,,,,$30.00,30,$30.02,30.02,No,False
695c33c89b815749737c1ea9,"<span class=""695c32e07051e7c1034c6bd3"" data-kn=""connection-value"">金属增高支架镜桥GBRS Hydra九头蛇UNITY EXPS底座T1 T2 H1 2红点-淘宝网</span>","[{'id': '695c32e07051e7c1034c6bd3', 'identifier': '金属增高支架镜桥GBRS Hydra九头蛇UNITY EXPS底座T1 T2 H1 2红点-淘宝网'}]",Margins Added,Margins Added,Coyote Brown Short - GBRS Hydra Mount,Coyote Brown Short - GBRS Hydra Mount,,,,,,,Yes,True,7,7,01/05/2026 16:57,"{'date': '01/05/2026', 'date_formatted': '01/05/2026', 'hours': '04', 'minutes': '57', 'am_pm': 'PM', 'unix_timestamp': 1767632220000, 'iso_timestamp': '2026-01-05T16:57:00.000Z', 'timestamp': '01/05/2026 04:57 pm', 'time': 1017, 'time_formatted': '16:57', 'proper_unix_timestamp': 1767650220000, 'proper_iso_timestamp': '2026-01-05T21:57:00.000Z'}",01/05/2026 16:57,"{'date': '01/05/2026', 'date_formatted': '01/05/2026', 'hours': '04', 'minutes': '57', 'am_pm': 'PM', 'unix_timestamp': 1767632220000, 'iso_timestamp': '2026-01-05T16:57:00.000Z', 'timestamp': '01/05/2026 04:57 pm', 'time': 1017, 'time_formatted': '16:57', 'proper_unix_timestamp': 1767650220000, 'proper_iso_timestamp': '2026-01-05T21:57:00.000Z'}",Color,Color,Coyote,Coyote,Profile,Profile,Short,Short,128,128,$30.00,30,No,False,,,,,49.99,49.99,,,29.90,29.9,13.30,13.3,No,False,,,Yes,True,,,,,,,$30.00,30,$30.02,30.02,No,False
695c33c87051e7c10352aac1,"<span class=""695c32e07051e7c1034c6bd3"" data-kn=""connection-value"">金属增高支架镜桥GBRS Hydra九头蛇UNITY EXPS底座T1 T2 H1 2红点-淘宝网</span>","[{'id': '695c32e07051e7c1034c6bd3', 'identifier': '金属增高支架镜桥GBRS Hydra九头蛇UNITY EXPS底座T1 T2 H1 2红点-淘宝网'}]",Margins Added,Margins Added,Black Tall - GBRS Hydra Mount,Black Tall - GBRS Hydra Mount,,,,,,,Yes,True,6,6,01/05/2026 16:57,"{'date': '01/05/2026', 'date_formatted': '01/05/2026', 'hours': '04', 'minutes': '57', 'am_pm': 'PM', 'unix_timestamp': 1767632220000, 'iso_timestamp': '2026-01-05T16:57:00.000Z', 'timestamp': '01/05/2026 04:57 pm', 'time': 1017, 'time_formatted': '16:57', 'proper_unix_timestamp': 1767650220000, 'proper_iso_timestamp': '2026-01-05T21:57:00.000Z'}",01/05/2026 16:57,"{'date': '01/05/2026', 'date_formatted': '01/05/2026', 'hours': '04', 'minutes': '57', 'am_pm': 'PM', 'unix_timestamp': 1767632220000, 'iso_timestamp': '2026-01-05T16:57:00.000Z', 'timestamp': '01/05/2026 04:57 pm', 'time': 1017, 'time_formatted': '16:57', 'proper_unix_timestamp': 1767650220000, 'proper_iso_timestamp': '2026-01-05T21:57:00.000Z'}",Color,Color,Black,Black,,,,,128,128,$30.00,30,No,False,,,,,49.99,49.99,,,29.90,29.9,13.30,13.3,No,False,,,Yes,True,,,,,,,$30.00,30,$30.02,30.02,No,False
695c33c71e9722c9bf06028b,"<span class=""695c32e07051e7c1034c6bd3"" data-kn=""connection-value"">金属增高支架镜桥GBRS Hydra九头蛇UNITY EXPS底座T1 T2 H1 2红点-淘宝网</span>","[{'id': '695c32e07051e7c1034c6bd3', 'identifier': '金属增高支架镜桥GBRS Hydra九头蛇UNITY EXPS底座T1 T2 H1 2红点-淘宝网'}]",Margins Added,Margins Added,Sand Tall - GBRS Hydra Mount,Sand Tall - GBRS Hydra Mount,,,,,,,Yes,True,5,5,01/05/2026 16:57,"{'date': '01/05/2026', 'date_formatted': '01/05/2026', 'hours': '04', 'minutes': '57', 'am_pm': 'PM', 'unix_timestamp': 1767632220000, 'iso_timestamp': '2026-01-05T16:57:00.000Z', 'timestamp': '01/05/2026 04:57 pm', 'time': 1017, 'time_formatted': '16:57', 'proper_unix_timestamp': 1767650220000, 'proper_iso_timestamp': '2026-01-05T21:57:00.000Z'}",01/05/2026 16:57,"{'date': '01/05/2026', 'date_formatted': '01/05/2026', 'hours': '04', 'minutes': '57', 'am_pm': 'PM', 'unix_timestamp': 1767632220000, 'iso_timestamp': '2026-01-05T16:57:00.000Z', 'timestamp': '01/05/2026 04:57 pm', 'time': 1017, 'time_formatted': '16:57', 'proper_unix_timestamp': 1767650220000, 'proper_iso_timestamp': '2026-01-05T21:57:00.000Z'}",Style,Style,Sand Tall - GBRS Hydra Mount,Sand Tall - GBRS Hydra Mount,,,,,128,128,$30.00,30,No,False,,,,,49.99,49.99,,,29.90,29.9,13.30,13.3,No,False,,,Yes,True,,,,,,,$30.00,30,$30.02,30.02,No,False
695c33c7aae7b5b062d6759d,"<span class=""695c32e07051e7c1034c6bd3"" data-kn=""connection-value"">金属增高支架镜桥GBRS Hydra九头蛇UNITY EXPS底座T1 T2 H1 2红点-淘宝网</span>","[{'id': '695c32e07051e7c1034c6bd3', 'identifier': '金属增高支架镜桥GBRS Hydra九头蛇UNITY EXPS底座T1 T2 H1 2红点-淘宝网'}]",Margins Added,Margins Added,Black Tall - UNITY FAST,Black Tall - UNITY FAST,,,,,,,Yes,True,4,4,01/05/2026 16:57,"{'date': '01/05/2026', 'date_formatted': '01/05/2026', 'hours': '04', 'minutes': '57', 'am_pm': 'PM', 'unix_timestamp': 1767632220000, 'iso_timestamp': '2026-01-05T16:57:00.000Z', 'timestamp': '01/05/2026 04:57 pm', 'time': 1017, 'time_formatted': '16:57', 'proper_unix_timestamp': 1767650220000, 'proper_iso_timestamp': '2026-01-05T21:57:00.000Z'}",01/05/2026 16:57,"{'date': '01/05/2026', 'date_formatted': '01/05/2026', 'hours': '04', 'minutes': '57', 'am_pm': 'PM', 'unix_timestamp': 1767632220000, 'iso_timestamp': '2026-01-05T16:57:00.000Z', 'timestamp': '01/05/2026 04:57 pm', 'time': 1017, 'time_formatted': '16:57', 'proper_unix_timestamp': 1767650220000, 'proper_iso_timestamp': '2026-01-05T21:57:00.000Z'}",Color,Color,Black,Black,,,,,68,68,$30.00,30,No,False,,,,,30.99,30.99,,,29.90,29.9,13.20,13.2,No,False,,,Yes,True,,,,,,,$30.00,30,$18.62,18.62,No,False
695c33c7aae7b5b062d6664e,"<span class=""695c32e07051e7c1034c6bd3"" data-kn=""connection-value"">金属增高支架镜桥GBRS Hydra九头蛇UNITY EXPS底座T1 T2 H1 2红点-淘宝网</span>","[{'id': '695c32e07051e7c1034c6bd3', 'identifier': '金属增高支架镜桥GBRS Hydra九头蛇UNITY EXPS底座T1 T2 H1 2红点-淘宝网'}]",Margins Added,Margins Added,Coyote Brown Tall - UNITY FAST,Coyote Brown Tall - UNITY FAST,,,,,,,Yes,True,3,3,01/05/2026 16:57,"{'date': '01/05/2026', 'date_formatted': '01/05/2026', 'hours': '04', 'minutes': '57', 'am_pm': 'PM', 'unix_timestamp': 1767632220000, 'iso_timestamp': '2026-01-05T16:57:00.000Z', 'timestamp': '01/05/2026 04:57 pm', 'time': 1017, 'time_formatted': '16:57', 'proper_unix_timestamp': 1767650220000, 'proper_iso_timestamp': '2026-01-05T21:57:00.000Z'}",01/05/2026 16:57,"{'date': '01/05/2026', 'date_formatted': '01/05/2026', 'hours': '04', 'minutes': '57', 'am_pm': 'PM', 'unix_timestamp': 1767632220000, 'iso_timestamp': '2026-01-05T16:57:00.000Z', 'timestamp': '01/05/2026 04:57 pm', 'time': 1017, 'time_formatted': '16:57', 'proper_unix_timestamp': 1767650220000, 'proper_iso_timestamp': '2026-01-05T21:57:00.000Z'}",Color,Color,Coyote,Coyote,,,,,128,128,$30.00,30,No,False,,,,,49.99,49.99,,,29.90,29.9,13.30,13.3,No,False,,,Yes,True,,,,,,,$30.00,30,$30.02,30.02,No,False
695c33c66e9e39d7e38359a9,"<span class=""695c32e07051e7c1034c6bd3"" data-kn=""connection-value"">金属增高支架镜桥GBRS Hydra九头蛇UNITY EXPS底座T1 T2 H1 2红点-淘宝网</span>","[{'id': '695c32e07051e7c1034c6bd3', 'identifier': '金属增高支架镜桥GBRS Hydra九头蛇UNITY EXPS底座T1 T2 H1 2红点-淘宝网'}]",Active,Active,Black - UNITY EXPS,Black - UNITY EXPS,,,,,,,Yes,True,2,2,01/05/2026 16:57,"{'date': '01/05/2026', 'date_formatted': '01/05/2026', 'hours': '04', 'minutes': '57', 'am_pm': 'PM', 'unix_timestamp': 1767632220000, 'iso_timestamp': '2026-01-05T16:57:00.000Z', 'timestamp': '01/05/2026 04:57 pm', 'time': 1017, 'time_formatted': '16:57', 'proper_unix_timestamp': 1767650220000, 'proper_iso_timestamp': '2026-01-05T21:57:00.000Z'}",01/05/2026 16:57,"{'date': '01/05/2026', 'date_formatted': '01/05/2026', 'hours': '04', 'minutes': '57', 'am_pm': 'PM', 'unix_timestamp': 1767632220000, 'iso_timestamp': '2026-01-05T16:57:00.000Z', 'timestamp': '01/05/2026 04:57 pm', 'time': 1017, 'time_formatted': '16:57', 'proper_unix_timestamp': 1767650220000, 'proper_iso_timestamp': '2026-01-05T21:57:00.000Z'}",Color,Color,Black,Black,,,,,38,38,$30.00,30,No,False,,,,,21.99,21.99,,,31.20,31.2,14.70,14.7,No,False,,,Yes,True,,,,,,,$30.00,30,$12.92,12.92,No,False
695c33c62bad95469c5a50da,"<span class=""695c32e07051e7c1034c6bd3"" data-kn=""connection-value"">金属增高支架镜桥GBRS Hydra九头蛇UNITY EXPS底座T1 T2 H1 2红点-淘宝网</span>","[{'id': '695c32e07051e7c1034c6bd3', 'identifier': '金属增高支架镜桥GBRS Hydra九头蛇UNITY EXPS底座T1 T2 H1 2红点-淘宝网'}]",Margins Added,Margins Added,Coyote Brown - UNITY EXPS,Coyote Brown - UNITY EXPS,,,,,,,Yes,True,1,1,01/05/2026 16:57,"{'date': '01/05/2026', 'date_formatted': '01/05/2026', 'hours': '04', 'minutes': '57', 'am_pm': 'PM', 'unix_timestamp': 1767632220000, 'iso_timestamp': '2026-01-05T16:57:00.000Z', 'timestamp': '01/05/2026 04:57 pm', 'time': 1017, 'time_formatted': '16:57', 'proper_unix_timestamp': 1767650220000, 'proper_iso_timestamp': '2026-01-05T21:57:00.000Z'}",01/05/2026 16:57,"{'date': '01/05/2026', 'date_formatted': '01/05/2026', 'hours': '04', 'minutes': '57', 'am_pm': 'PM', 'unix_timestamp': 1767632220000, 'iso_timestamp': '2026-01-05T16:57:00.000Z', 'timestamp': '01/05/2026 04:57 pm', 'time': 1017, 'time_formatted': '16:57', 'proper_unix_timestamp': 1767650220000, 'proper_iso_timestamp': '2026-01-05T21:57:00.000Z'}",Color,Color,Coyote,Coyote,,,,,38,38,$30.00,30,No,False,,,,,21.99,21.99,,,31.20,31.2,14.70,14.7,No,False,,,Yes,True,,,,,,,$30.00,30,$12.92,12.92,No,False
695c33c51d735f55f741f412,"<span class=""695c32e4597723b2d911e788"" data-kn=""connection-value"">WST风镜防雾器电动除雾TYPE-C充电风速可调搭配头盔使用战术配件-淘宝网</span>","[{'id': '695c32e4597723b2d911e788', 'identifier': 'WST风镜防雾器电动除雾TYPE-C充电风速可调搭配头盔使用战术配件-淘宝网'}]",Active,Active,BK黑色（除雾器）,BK黑色（除雾器）,,,,,,,Yes,True,7,7,01/05/2026 16:57,"{'date': '01/05/2026', 'date_formatted': '01/05/2026', 'hours': '04', 'minutes': '57', 'am_pm': 'PM', 'unix_timestamp': 1767632220000, 'iso_timestamp': '2026-01-05T16:57:00.000Z', 'timestamp': '01/05/2026 04:57 pm', 'time': 1017, 'time_formatted': '16:57', 'proper_unix_timestamp': 1767650220000, 'proper_iso_timestamp': '2026-01-05T21:57:00.000Z'}",01/05/2026 16:57,"{'date': '01/05/2026', 'date_formatted': '01/05/2026', 'hours': '04', 'minutes': '57', 'am_pm': 'PM', 'unix_timestamp': 1767632220000, 'iso_timestamp': '2026-01-05T16:57:00.000Z', 'timestamp': '01/05/2026 04:57 pm', 'time': 1017, 'time_formatted': '16:57', 'proper_unix_timestamp': 1767650220000, 'proper_iso_timestamp': '2026-01-05T21:57:00.000Z'}",Style,Style,BK黑色（除雾器）,BK黑色（除雾器）,,,,,115,115,$30.00,30,No,False,,,,,45.99,45.99,,,30.10,30.1,13.40,13.4,No,False,,,Yes,True,,,,,,,$30.00,30,$27.55,27.55,No,False
695c33c5cd0d7527390e3d65,"<span class=""695c32e4597723b2d911e788"" data-kn=""connection-value"">WST风镜防雾器电动除雾TYPE-C充电风速可调搭配头盔使用战术配件-淘宝网</span>","[{'id': '695c32e4597723b2d911e788', 'identifier': 'WST风镜防雾器电动除雾TYPE-C充电风速可调搭配头盔使用战术配件-淘宝网'}]",Active,Active,BK黑色风镜一套（三块镜片）,BK黑色风镜一套（三块镜片）,,,,,,,Yes,True,6,6,01/05/2026 16:57,"{'date': '01/05/2026', 'date_formatted': '01/05/2026', 'hours': '04', 'minutes': '57', 'am_pm': 'PM', 'unix_timestamp': 1767632220000, 'iso_timestamp': '2026-01-05T16:57:00.000Z', 'timestamp': '01/05/2026 04:57 pm', 'time': 1017, 'time_formatted': '16:57', 'proper_unix_timestamp': 1767650220000, 'proper_iso_timestamp': '2026-01-05T21:57:00.000Z'}",01/05/2026 16:57,"{'date': '01/05/2026', 'date_formatted': '01/05/2026', 'hours': '04', 'minutes': '57', 'am_pm': 'PM', 'unix_timestamp': 1767632220000, 'iso_timestamp': '2026-01-05T16:57:00.000Z', 'timestamp': '01/05/2026 04:57 pm', 'time': 1017, 'time_formatted': '16:57', 'proper_unix_timestamp': 1767650220000, 'proper_iso_timestamp': '2026-01-05T21:57:00.000Z'}",Style,Style,BK黑色风镜一套（三块镜片）,BK黑色风镜一套（三块镜片）,,,,,85,85,$30.00,30,No,False,,,,,35.99,35.99,,,29.30,29.3,12.50,12.5,No,False,,,Yes,True,,,,,,,$30.00,30,$21.85,21.85,No,False
695c33c49cd3039a825316a3,"<span class=""695c32e4597723b2d911e788"" data-kn=""connection-value"">WST风镜防雾器电动除雾TYPE-C充电风速可调搭配头盔使用战术配件-淘宝网</span>","[{'id': '695c32e4597723b2d911e788', 'identifier': 'WST风镜防雾器电动除雾TYPE-C充电风速可调搭配头盔使用战术配件-淘宝网'}]",Active,Active,T泥色风镜一套（三块镜片）,T泥色风镜一套（三块镜片）,,,,,,,Yes,True,5,5,01/05/2026 16:57,"{'date': '01/05/2026', 'date_formatted': '01/05/2026', 'hours': '04', 'minutes': '57', 'am_pm': 'PM', 'unix_timestamp': 1767632220000, 'iso_timestamp': '2026-01-05T16:57:00.000Z', 'timestamp': '01/05/2026 04:57 pm', 'time': 1017, 'time_formatted': '16:57', 'proper_unix_timestamp': 1767650220000, 'proper_iso_timestamp': '2026-01-05T21:57:00.000Z'}",01/05/2026 16:57,"{'date': '01/05/2026', 'date_formatted': '01/05/2026', 'hours': '04', 'minutes': '57', 'am_pm': 'PM', 'unix_timestamp': 1767632220000, 'iso_timestamp': '2026-01-05T16:57:00.000Z', 'timestamp': '01/05/2026 04:57 pm', 'time': 1017, 'time_formatted': '16:57', 'proper_unix_timestamp': 1767650220000, 'proper_iso_timestamp': '2026-01-05T21:57:00.000Z'}",Style,Style,T泥色风镜一套（三块镜片）,T泥色风镜一套（三块镜片）,,,,,85,85,$30.00,30,No,False,,,,,35.99,35.99,,,29.30,29.3,12.50,12.5,No,False,,,Yes,True,,,,,,,$30.00,30,$21.85,21.85,No,False
695c33c4e6dc404973116b2f,"<span class=""695c32e4597723b2d911e788"" data-kn=""connection-value"">WST风镜防雾器电动除雾TYPE-C充电风速可调搭配头盔使用战术配件-淘宝网</span>","[{'id': '695c32e4597723b2d911e788', 'identifier': 'WST风镜防雾器电动除雾TYPE-C充电风速可调搭配头盔使用战术配件-淘宝网'}]",Active,Active,OD军绿色风镜一套（三块镜片）,OD军绿色风镜一套（三块镜片）,,,,,,,Yes,True,4,4,01/05/2026 16:57,"{'date': '01/05/2026', 'date_formatted': '01/05/2026', 'hours': '04', 'minutes': '57', 'am_pm': 'PM', 'unix_timestamp': 1767632220000, 'iso_timestamp': '2026-01-05T16:57:00.000Z', 'timestamp': '01/05/2026 04:57 pm', 'time': 1017, 'time_formatted': '16:57', 'proper_unix_timestamp': 1767650220000, 'proper_iso_timestamp': '2026-01-05T21:57:00.000Z'}",01/05/2026 16:57,"{'date': '01/05/2026', 'date_formatted': '01/05/2026', 'hours': '04', 'minutes': '57', 'am_pm': 'PM', 'unix_timestamp': 1767632220000, 'iso_timestamp': '2026-01-05T16:57:00.000Z', 'timestamp': '01/05/2026 04:57 pm', 'time': 1017, 'time_formatted': '16:57', 'proper_unix_timestamp': 1767650220000, 'proper_iso_timestamp': '2026-01-05T21:57:00.000Z'}",Style,Style,OD军绿色风镜一套（三块镜片）,OD军绿色风镜一套（三块镜片）,,,,,85,85,$30.00,30,No,False,,,,,35.99,35.99,,,29.30,29.3,12.50,12.5,No,False,,,Yes,True,,,,,,,$30.00,30,$21.85,21.85,No,False
695c33c43f54f8d4dc499c37,"<span class=""695c32e4597723b2d911e788"" data-kn=""connection-value"">WST风镜防雾器电动除雾TYPE-C充电风速可调搭配头盔使用战术配件-淘宝网</span>","[{'id': '695c32e4597723b2d911e788', 'identifier': 'WST风镜防雾器电动除雾TYPE-C充电风速可调搭配头盔使用战术配件-淘宝网'}]",Active,Active,BK黑色风镜一套（一块镜片）,BK黑色风镜一套（一块镜片）,,,,,,,Yes,True,3,3,01/05/2026 16:57,"{'date': '01/05/2026', 'date_formatted': '01/05/2026', 'hours': '04', 'minutes': '57', 'am_pm': 'PM', 'unix_timestamp': 1767632220000, 'iso_timestamp': '2026-01-05T16:57:00.000Z', 'timestamp': '01/05/2026 04:57 pm', 'time': 1017, 'time_formatted': '16:57', 'proper_unix_timestamp': 1767650220000, 'proper_iso_timestamp': '2026-01-05T21:57:00.000Z'}",01/05/2026 16:57,"{'date': '01/05/2026', 'date_formatted': '01/05/2026', 'hours': '04', 'minutes': '57', 'am_pm': 'PM', 'unix_timestamp': 1767632220000, 'iso_timestamp': '2026-01-05T16:57:00.000Z', 'timestamp': '01/05/2026 04:57 pm', 'time': 1017, 'time_formatted': '16:57', 'proper_unix_timestamp': 1767650220000, 'proper_iso_timestamp': '2026-01-05T21:57:00.000Z'}",Style,Style,BK黑色风镜一套（一块镜片）,BK黑色风镜一套（一块镜片）,,,,,58,58,$30.00,30,No,False,,,,,27.99,27.99,,,30.30,30.3,13.60,13.6,No,False,,,Yes,True,,,,,,,$30.00,30,$16.72,16.72,No,False
695c33c3612ae4b629505d5c,"<span class=""695c32e4597723b2d911e788"" data-kn=""connection-value"">WST风镜防雾器电动除雾TYPE-C充电风速可调搭配头盔使用战术配件-淘宝网</span>","[{'id': '695c32e4597723b2d911e788', 'identifier': 'WST风镜防雾器电动除雾TYPE-C充电风速可调搭配头盔使用战术配件-淘宝网'}]",Active,Active,T泥色风镜一套（一块镜片）,T泥色风镜一套（一块镜片）,,,,,,,Yes,True,2,2,01/05/2026 16:57,"{'date': '01/05/2026', 'date_formatted': '01/05/2026', 'hours': '04', 'minutes': '57', 'am_pm': 'PM', 'unix_timestamp': 1767632220000, 'iso_timestamp': '2026-01-05T16:57:00.000Z', 'timestamp': '01/05/2026 04:57 pm', 'time': 1017, 'time_formatted': '16:57', 'proper_unix_timestamp': 1767650220000, 'proper_iso_timestamp': '2026-01-05T21:57:00.000Z'}",01/05/2026 16:57,"{'date': '01/05/2026', 'date_formatted': '01/05/2026', 'hours': '04', 'minutes': '57', 'am_pm': 'PM', 'unix_timestamp': 1767632220000, 'iso_timestamp': '2026-01-05T16:57:00.000Z', 'timestamp': '01/05/2026 04:57 pm', 'time': 1017, 'time_formatted': '16:57', 'proper_unix_timestamp': 1767650220000, 'proper_iso_timestamp': '2026-01-05T21:57:00.000Z'}",Style,Style,T泥色风镜一套（一块镜片）,T泥色风镜一套（一块镜片）,,,,,58,58,$30.00,30,No,False,,,,,27.99,27.99,,,30.30,30.3,13.60,13.6,No,False,,,Yes,True,,,,,,,$30.00,30,$16.72,16.72,No,False
695c33c35dd70f9684e2e843,"<span class=""695c32e4597723b2d911e788"" data-kn=""connection-value"">WST风镜防雾器电动除雾TYPE-C充电风速可调搭配头盔使用战术配件-淘宝网</span>","[{'id': '695c32e4597723b2d911e788', 'identifier': 'WST风镜防雾器电动除雾TYPE-C充电风速可调搭配头盔使用战术配件-淘宝网'}]",Active,Active,OD军绿色风镜一套（一块镜片）,OD军绿色风镜一套（一块镜片）,,,,,,,Yes,True,1,1,01/05/2026 16:57,"{'date': '01/05/2026', 'date_formatted': '01/05/2026', 'hours': '04', 'minutes': '57', 'am_pm': 'PM', 'unix_timestamp': 1767632220000, 'iso_timestamp': '2026-01-05T16:57:00.000Z', 'timestamp': '01/05/2026 04:57 pm', 'time': 1017, 'time_formatted': '16:57', 'proper_unix_timestamp': 1767650220000, 'proper_iso_timestamp': '2026-01-05T21:57:00.000Z'}",01/05/2026 16:57,"{'date': '01/05/2026', 'date_formatted': '01/05/2026', 'hours': '04', 'minutes': '57', 'am_pm': 'PM', 'unix_timestamp': 1767632220000, 'iso_timestamp': '2026-01-05T16:57:00.000Z', 'timestamp': '01/05/2026 04:57 pm', 'time': 1017, 'time_formatted': '16:57', 'proper_unix_timestamp': 1767650220000, 'proper_iso_timestamp': '2026-01-05T21:57:00.000Z'}",Style,Style,OD军绿色风镜一套（一块镜片）,OD军绿色风镜一套（一块镜片）,,,,,58,58,$30.00,30,No,False,,,,,27.99,27.99,,,30.30,30.3,13.60,13.6,No,False,,,Yes,True,,,,,,,$30.00,30,$16.72,16.72,No,False
695c33c22bad95469c5a218c,"<span class=""695c32e5c3a1704a5640bcfb"" data-kn=""connection-value"">NGD北境防务 ""FPS""运动相机战术连接臂-淘宝网</span>","[{'id': '695c32e5c3a1704a5640bcfb', 'identifier': 'NGD北境防务 ""FPS""运动相机战术连接臂-淘宝网'}]",Active,Active,NGD FPS黑色,NGD FPS黑色,,,,,,,Yes,True,3,3,01/05/2026 16:57,"{'date': '01/05/2026', 'date_formatted': '01/05/2026', 'hours': '04', 'minutes': '57', 'am_pm': 'PM', 'unix_timestamp': 1767632220000, 'iso_timestamp': '2026-01-05T16:57:00.000Z', 'timestamp': '01/05/2026 04:57 pm', 'time': 1017, 'time_formatted': '16:57', 'proper_unix_timestamp': 1767650220000, 'proper_iso_timestamp': '2026-01-05T21:57:00.000Z'}",01/05/2026 16:57,"{'date': '01/05/2026', 'date_formatted': '01/05/2026', 'hours': '04', 'minutes': '57', 'am_pm': 'PM', 'unix_timestamp': 1767632220000, 'iso_timestamp': '2026-01-05T16:57:00.000Z', 'timestamp': '01/05/2026 04:57 pm', 'time': 1017, 'time_formatted': '16:57', 'proper_unix_timestamp': 1767650220000, 'proper_iso_timestamp': '2026-01-05T21:57:00.000Z'}",Style,Style,NGD FPS黑色,NGD FPS黑色,,,,,158,158,$30.00,30,No,False,,,,,59.99,59.99,,,30.50,30.5,13.80,13.8,No,False,,,Yes,True,,,,,,,$30.00,30,$35.72,35.72,No,False
695c33c2612ae4b6295057a3,"<span class=""695c32e5c3a1704a5640bcfb"" data-kn=""connection-value"">NGD北境防务 ""FPS""运动相机战术连接臂-淘宝网</span>","[{'id': '695c32e5c3a1704a5640bcfb', 'identifier': 'NGD北境防务 ""FPS""运动相机战术连接臂-淘宝网'}]",Active,Active,NGD FPS沙色,NGD FPS沙色,,,,,,,Yes,True,2,2,01/05/2026 16:57,"{'date': '01/05/2026', 'date_formatted': '01/05/2026', 'hours': '04', 'minutes': '57', 'am_pm': 'PM', 'unix_timestamp': 1767632220000, 'iso_timestamp': '2026-01-05T16:57:00.000Z', 'timestamp': '01/05/2026 04:57 pm', 'time': 1017, 'time_formatted': '16:57', 'proper_unix_timestamp': 1767650220000, 'proper_iso_timestamp': '2026-01-05T21:57:00.000Z'}",01/05/2026 16:57,"{'date': '01/05/2026', 'date_formatted': '01/05/2026', 'hours': '04', 'minutes': '57', 'am_pm': 'PM', 'unix_timestamp': 1767632220000, 'iso_timestamp': '2026-01-05T16:57:00.000Z', 'timestamp': '01/05/2026 04:57 pm', 'time': 1017, 'time_formatted': '16:57', 'proper_unix_timestamp': 1767650220000, 'proper_iso_timestamp': '2026-01-05T21:57:00.000Z'}",Style,Style,NGD FPS沙色,NGD FPS沙色,,,,,158,158,$30.00,30,No,False,,,,,59.99,59.99,,,30.50,30.5,13.80,13.8,No,False,,,Yes,True,,,,,,,$30.00,30,$35.72,35.72,No,False
695c33c2c3a1704a564939fb,"<span class=""695c32e5c3a1704a5640bcfb"" data-kn=""connection-value"">NGD北境防务 ""FPS""运动相机战术连接臂-淘宝网</span>","[{'id': '695c32e5c3a1704a5640bcfb', 'identifier': 'NGD北境防务 ""FPS""运动相机战术连接臂-淘宝网'}]",Active,Active,规格说明：适用大疆及影石等通用转接接口,规格说明：适用大疆及影石等通用转接接口,,,,,,,Yes,True,1,1,01/05/2026 16:57,"{'date': '01/05/2026', 'date_formatted': '01/05/2026', 'hours': '04', 'minutes': '57', 'am_pm': 'PM', 'unix_timestamp': 1767632220000, 'iso_timestamp': '2026-01-05T16:57:00.000Z', 'timestamp': '01/05/2026 04:57 pm', 'time': 1017, 'time_formatted': '16:57', 'proper_unix_timestamp': 1767650220000, 'proper_iso_timestamp': '2026-01-05T21:57:00.000Z'}",01/05/2026 16:57,"{'date': '01/05/2026', 'date_formatted': '01/05/2026', 'hours': '04', 'minutes': '57', 'am_pm': 'PM', 'unix_timestamp': 1767632220000, 'iso_timestamp': '2026-01-05T16:57:00.000Z', 'timestamp': '01/05/2026 04:57 pm', 'time': 1017, 'time_formatted': '16:57', 'proper_unix_timestamp': 1767650220000, 'proper_iso_timestamp': '2026-01-05T21:57:00.000Z'}",Style,Style,规格说明：适用大疆及影石等通用转接接口,规格说明：适用大疆及影石等通用转接接口,,,,,158,158,$30.00,30,No,False,,,,,59.99,59.99,,,30.50,30.5,13.80,13.8,No,False,,,Yes,True,,,,,,,$30.00,30,$35.72,35.72,No,False
695c33c1b3a75d879c378486,"<span class=""695c32e3bde2c63e6cada76c"" data-kn=""connection-value"">七彩喷火夜光消荧光玩具喷火战术夜光激发装置软弹感应器影视装备-淘宝网</span>","[{'id': '695c32e3bde2c63e6cada76c', 'identifier': '七彩喷火夜光消荧光玩具喷火战术夜光激发装置软弹感应器影视装备-淘宝网'}]",Inactive,Inactive,喷火猪夜光消音,喷火猪夜光消音,,,,,,,Yes,True,6,6,01/05/2026 16:57,"{'date': '01/05/2026', 'date_formatted': '01/05/2026', 'hours': '04', 'minutes': '57', 'am_pm': 'PM', 'unix_timestamp': 1767632220000, 'iso_timestamp': '2026-01-05T16:57:00.000Z', 'timestamp': '01/05/2026 04:57 pm', 'time': 1017, 'time_formatted': '16:57', 'proper_unix_timestamp': 1767650220000, 'proper_iso_timestamp': '2026-01-05T21:57:00.000Z'}",01/05/2026 16:57,"{'date': '01/05/2026', 'date_formatted': '01/05/2026', 'hours': '04', 'minutes': '57', 'am_pm': 'PM', 'unix_timestamp': 1767632220000, 'iso_timestamp': '2026-01-05T16:57:00.000Z', 'timestamp': '01/05/2026 04:57 pm', 'time': 1017, 'time_formatted': '16:57', 'proper_unix_timestamp': 1767650220000, 'proper_iso_timestamp': '2026-01-05T21:57:00.000Z'}",Style,Style,喷火猪夜光消音,喷火猪夜光消音,,,,,0,0,$30.00,30,No,False,,,,,0.00,0,,,0.00,0,0.00,0,No,False,,,Yes,True,,,,,,,$30.00,30,$0.00,0,No,False
695c33c1bde2c63e6cb664d2,"<span class=""695c32e3bde2c63e6cada76c"" data-kn=""connection-value"">七彩喷火夜光消荧光玩具喷火战术夜光激发装置软弹感应器影视装备-淘宝网</span>","[{'id': '695c32e3bde2c63e6cada76c', 'identifier': '七彩喷火夜光消荧光玩具喷火战术夜光激发装置软弹感应器影视装备-淘宝网'}]",Active,Active,7彩夜光消音黑色,7彩夜光消音黑色,,,,,,,Yes,True,5,5,01/05/2026 16:57,"{'date': '01/05/2026', 'date_formatted': '01/05/2026', 'hours': '04', 'minutes': '57', 'am_pm': 'PM', 'unix_timestamp': 1767632220000, 'iso_timestamp': '2026-01-05T16:57:00.000Z', 'timestamp': '01/05/2026 04:57 pm', 'time': 1017, 'time_formatted': '16:57', 'proper_unix_timestamp': 1767650220000, 'proper_iso_timestamp': '2026-01-05T21:57:00.000Z'}",01/05/2026 16:57,"{'date': '01/05/2026', 'date_formatted': '01/05/2026', 'hours': '04', 'minutes': '57', 'am_pm': 'PM', 'unix_timestamp': 1767632220000, 'iso_timestamp': '2026-01-05T16:57:00.000Z', 'timestamp': '01/05/2026 04:57 pm', 'time': 1017, 'time_formatted': '16:57', 'proper_unix_timestamp': 1767650220000, 'proper_iso_timestamp': '2026-01-05T21:57:00.000Z'}",Style,Style,7彩夜光消音黑色,7彩夜光消音黑色,,,,,185,185,$30.00,30,No,False,,,,,67.99,67.99,,,29.90,29.9,13.20,13.2,No,False,,,Yes,True,,,,,,,$30.00,30,$40.85,40.85,No,False
695c33c11ad01942ad9e4a68,"<span class=""695c32e3bde2c63e6cada76c"" data-kn=""connection-value"">七彩喷火夜光消荧光玩具喷火战术夜光激发装置软弹感应器影视装备-淘宝网</span>","[{'id': '695c32e3bde2c63e6cada76c', 'identifier': '七彩喷火夜光消荧光玩具喷火战术夜光激发装置软弹感应器影视装备-淘宝网'}]",Active,Active,7彩夜光消音沙色,7彩夜光消音沙色,,,,,,,Yes,True,4,4,01/05/2026 16:57,"{'date': '01/05/2026', 'date_formatted': '01/05/2026', 'hours': '04', 'minutes': '57', 'am_pm': 'PM', 'unix_timestamp': 1767632220000, 'iso_timestamp': '2026-01-05T16:57:00.000Z', 'timestamp': '01/05/2026 04:57 pm', 'time': 1017, 'time_formatted': '16:57', 'proper_unix_timestamp': 1767650220000, 'proper_iso_timestamp': '2026-01-05T21:57:00.000Z'}",01/05/2026 16:57,"{'date': '01/05/2026', 'date_formatted': '01/05/2026', 'hours': '04', 'minutes': '57', 'am_pm': 'PM', 'unix_timestamp': 1767632220000, 'iso_timestamp': '2026-01-05T16:57:00.000Z', 'timestamp': '01/05/2026 04:57 pm', 'time': 1017, 'time_formatted': '16:57', 'proper_unix_timestamp': 1767650220000, 'proper_iso_timestamp': '2026-01-05T21:57:00.000Z'}",Style,Style,7彩夜光消音沙色,7彩夜光消音沙色,,,,,185,185,$30.00,30,No,False,,,,,67.99,67.99,,,29.90,29.9,13.20,13.2,No,False,,,Yes,True,,,,,,,$30.00,30,$40.85,40.85,No,False
695c33c01ad01942ad9e451e,"<span class=""695c32e3bde2c63e6cada76c"" data-kn=""connection-value"">七彩喷火夜光消荧光玩具喷火战术夜光激发装置软弹感应器影视装备-淘宝网</span>","[{'id': '695c32e3bde2c63e6cada76c', 'identifier': '七彩喷火夜光消荧光玩具喷火战术夜光激发装置软弹感应器影视装备-淘宝网'}]",Inactive,Inactive,7彩slr夜光消音,7彩slr夜光消音,,,,,,,Yes,True,3,3,01/05/2026 16:57,"{'date': '01/05/2026', 'date_formatted': '01/05/2026', 'hours': '04', 'minutes': '57', 'am_pm': 'PM', 'unix_timestamp': 1767632220000, 'iso_timestamp': '2026-01-05T16:57:00.000Z', 'timestamp': '01/05/2026 04:57 pm', 'time': 1017, 'time_formatted': '16:57', 'proper_unix_timestamp': 1767650220000, 'proper_iso_timestamp': '2026-01-05T21:57:00.000Z'}",01/05/2026 16:57,"{'date': '01/05/2026', 'date_formatted': '01/05/2026', 'hours': '04', 'minutes': '57', 'am_pm': 'PM', 'unix_timestamp': 1767632220000, 'iso_timestamp': '2026-01-05T16:57:00.000Z', 'timestamp': '01/05/2026 04:57 pm', 'time': 1017, 'time_formatted': '16:57', 'proper_unix_timestamp': 1767650220000, 'proper_iso_timestamp': '2026-01-05T21:57:00.000Z'}",Style,Style,7彩slr夜光消音,7彩slr夜光消音,,,,,0,0,$30.00,30,No,False,,,,,0.00,0,,,0.00,0,0.00,0,No,False,,,Yes,True,,,,,,,$30.00,30,$0.00,0,No,False
695c33bf612ae4b629503f27,"<span class=""695c32e3bde2c63e6cada76c"" data-kn=""connection-value"">七彩喷火夜光消荧光玩具喷火战术夜光激发装置软弹感应器影视装备-淘宝网</span>","[{'id': '695c32e3bde2c63e6cada76c', 'identifier': '七彩喷火夜光消荧光玩具喷火战术夜光激发装置软弹感应器影视装备-淘宝网'}]",Inactive,Inactive,压迫者彩虹夜光消音,压迫者彩虹夜光消音,,,,,,,Yes,True,2,2,01/05/2026 16:57,"{'date': '01/05/2026', 'date_formatted': '01/05/2026', 'hours': '04', 'minutes': '57', 'am_pm': 'PM', 'unix_timestamp': 1767632220000, 'iso_timestamp': '2026-01-05T16:57:00.000Z', 'timestamp': '01/05/2026 04:57 pm', 'time': 1017, 'time_formatted': '16:57', 'proper_unix_timestamp': 1767650220000, 'proper_iso_timestamp': '2026-01-05T21:57:00.000Z'}",01/05/2026 16:57,"{'date': '01/05/2026', 'date_formatted': '01/05/2026', 'hours': '04', 'minutes': '57', 'am_pm': 'PM', 'unix_timestamp': 1767632220000, 'iso_timestamp': '2026-01-05T16:57:00.000Z', 'timestamp': '01/05/2026 04:57 pm', 'time': 1017, 'time_formatted': '16:57', 'proper_unix_timestamp': 1767650220000, 'proper_iso_timestamp': '2026-01-05T21:57:00.000Z'}",Style,Style,压迫者彩虹夜光消音,压迫者彩虹夜光消音,,,,,0,0,$30.00,30,No,False,,,,,0.00,0,,,0.00,0,0.00,0,No,False,,,Yes,True,,,,,,,$30.00,30,$0.00,0,No,False
695c33bfcd0d7527390d9096,"<span class=""695c32e3bde2c63e6cada76c"" data-kn=""connection-value"">七彩喷火夜光消荧光玩具喷火战术夜光激发装置软弹感应器影视装备-淘宝网</span>","[{'id': '695c32e3bde2c63e6cada76c', 'identifier': '七彩喷火夜光消荧光玩具喷火战术夜光激发装置软弹感应器影视装备-淘宝网'}]",Inactive,Inactive,蜂巢彩虹夜光消音,蜂巢彩虹夜光消音,,,,,,,Yes,True,1,1,01/05/2026 16:57,"{'date': '01/05/2026', 'date_formatted': '01/05/2026', 'hours': '04', 'minutes': '57', 'am_pm': 'PM', 'unix_timestamp': 1767632220000, 'iso_timestamp': '2026-01-05T16:57:00.000Z', 'timestamp': '01/05/2026 04:57 pm', 'time': 1017, 'time_formatted': '16:57', 'proper_unix_timestamp': 1767650220000, 'proper_iso_timestamp': '2026-01-05T21:57:00.000Z'}",01/05/2026 16:57,"{'date': '01/05/2026', 'date_formatted': '01/05/2026', 'hours': '04', 'minutes': '57', 'am_pm': 'PM', 'unix_timestamp': 1767632220000, 'iso_timestamp': '2026-01-05T16:57:00.000Z', 'timestamp': '01/05/2026 04:57 pm', 'time': 1017, 'time_formatted': '16:57', 'proper_unix_timestamp': 1767650220000, 'proper_iso_timestamp': '2026-01-05T21:57:00.000Z'}",Style,Style,蜂巢彩虹夜光消音,蜂巢彩虹夜光消音,,,,,0,0,$30.00,30,No,False,,,,,0.00,0,,,0.00,0,0.00,0,No,False,,,Yes,True,,,,,,,$30.00,30,$0.00,0,No,False
695c33bf1ad01942ad9e2b42,"<span class=""695c32e537eef90c93aec7bb"" data-kn=""connection-value"">FMA 蝎式软壳快拔旦夹套5.56/7.62\9mm旦匣包 军迷射击MOLLE包-淘宝网</span>","[{'id': '695c32e537eef90c93aec7bb', 'identifier': 'FMA 蝎式软壳快拔旦夹套5.56/7.62\\9mm旦匣包 军迷射击MOLLE包-淘宝网'}]",Inactive,Inactive,OD军绿色,OD军绿色,,,,,,,Yes,True,11,11,01/05/2026 16:57,"{'date': '01/05/2026', 'date_formatted': '01/05/2026', 'hours': '04', 'minutes': '57', 'am_pm': 'PM', 'unix_timestamp': 1767632220000, 'iso_timestamp': '2026-01-05T16:57:00.000Z', 'timestamp': '01/05/2026 04:57 pm', 'time': 1017, 'time_formatted': '16:57', 'proper_unix_timestamp': 1767650220000, 'proper_iso_timestamp': '2026-01-05T21:57:00.000Z'}",01/05/2026 16:57,"{'date': '01/05/2026', 'date_formatted': '01/05/2026', 'hours': '04', 'minutes': '57', 'am_pm': 'PM', 'unix_timestamp': 1767632220000, 'iso_timestamp': '2026-01-05T16:57:00.000Z', 'timestamp': '01/05/2026 04:57 pm', 'time': 1017, 'time_formatted': '16:57', 'proper_unix_timestamp': 1767650220000, 'proper_iso_timestamp': '2026-01-05T21:57:00.000Z'}",Style,Style,OD军绿色,OD军绿色,,,,,0,0,$30.00,30,No,False,,,,,0.00,0,,,0.00,0,0.00,0,No,False,,,Yes,True,,,,,,,$30.00,30,$0.00,0,No,False
695c33becd0d7527390d8f3e,"<span class=""695c32e537eef90c93aec7bb"" data-kn=""connection-value"">FMA 蝎式软壳快拔旦夹套5.56/7.62\9mm旦匣包 军迷射击MOLLE包-淘宝网</span>","[{'id': '695c32e537eef90c93aec7bb', 'identifier': 'FMA 蝎式软壳快拔旦夹套5.56/7.62\\9mm旦匣包 军迷射击MOLLE包-淘宝网'}]",Inactive,Inactive,DE泥色,DE泥色,,,,,,,Yes,True,10,10,01/05/2026 16:57,"{'date': '01/05/2026', 'date_formatted': '01/05/2026', 'hours': '04', 'minutes': '57', 'am_pm': 'PM', 'unix_timestamp': 1767632220000, 'iso_timestamp': '2026-01-05T16:57:00.000Z', 'timestamp': '01/05/2026 04:57 pm', 'time': 1017, 'time_formatted': '16:57', 'proper_unix_timestamp': 1767650220000, 'proper_iso_timestamp': '2026-01-05T21:57:00.000Z'}",01/05/2026 16:57,"{'date': '01/05/2026', 'date_formatted': '01/05/2026', 'hours': '04', 'minutes': '57', 'am_pm': 'PM', 'unix_timestamp': 1767632220000, 'iso_timestamp': '2026-01-05T16:57:00.000Z', 'timestamp': '01/05/2026 04:57 pm', 'time': 1017, 'time_formatted': '16:57', 'proper_unix_timestamp': 1767650220000, 'proper_iso_timestamp': '2026-01-05T21:57:00.000Z'}",Style,Style,DE泥色,DE泥色,,,,,0,0,$30.00,30,No,False,,,,,0.00,0,,,0.00,0,0.00,0,No,False,,,Yes,True,,,,,,,$30.00,30,$0.00,0,No,False
695c33be612ae4b629502ff5,"<span class=""695c32e537eef90c93aec7bb"" data-kn=""connection-value"">FMA 蝎式软壳快拔旦夹套5.56/7.62\9mm旦匣包 军迷射击MOLLE包-淘宝网</span>","[{'id': '695c32e537eef90c93aec7bb', 'identifier': 'FMA 蝎式软壳快拔旦夹套5.56/7.62\\9mm旦匣包 军迷射击MOLLE包-淘宝网'}]",Inactive,Inactive,BK黑色,BK黑色,,,,,,,Yes,True,9,9,01/05/2026 16:57,"{'date': '01/05/2026', 'date_formatted': '01/05/2026', 'hours': '04', 'minutes': '57', 'am_pm': 'PM', 'unix_timestamp': 1767632220000, 'iso_timestamp': '2026-01-05T16:57:00.000Z', 'timestamp': '01/05/2026 04:57 pm', 'time': 1017, 'time_formatted': '16:57', 'proper_unix_timestamp': 1767650220000, 'proper_iso_timestamp': '2026-01-05T21:57:00.000Z'}",01/05/2026 16:57,"{'date': '01/05/2026', 'date_formatted': '01/05/2026', 'hours': '04', 'minutes': '57', 'am_pm': 'PM', 'unix_timestamp': 1767632220000, 'iso_timestamp': '2026-01-05T16:57:00.000Z', 'timestamp': '01/05/2026 04:57 pm', 'time': 1017, 'time_formatted': '16:57', 'proper_unix_timestamp': 1767650220000, 'proper_iso_timestamp': '2026-01-05T21:57:00.000Z'}",Style,Style,BK黑色,BK黑色,,,,,0,0,$30.00,30,No,False,,,,,0.00,0,,,0.00,0,0.00,0,No,False,,,Yes,True,,,,,,,$30.00,30,$0.00,0,No,False
695c33be2a4e1cd21b11ed6e,"<span class=""695c32e537eef90c93aec7bb"" data-kn=""connection-value"">FMA 蝎式软壳快拔旦夹套5.56/7.62\9mm旦匣包 军迷射击MOLLE包-淘宝网</span>","[{'id': '695c32e537eef90c93aec7bb', 'identifier': 'FMA 蝎式软壳快拔旦夹套5.56/7.62\\9mm旦匣包 军迷射击MOLLE包-淘宝网'}]",Inactive,Inactive,FG游骑兵绿,FG游骑兵绿,,,,,,,Yes,True,8,8,01/05/2026 16:57,"{'date': '01/05/2026', 'date_formatted': '01/05/2026', 'hours': '04', 'minutes': '57', 'am_pm': 'PM', 'unix_timestamp': 1767632220000, 'iso_timestamp': '2026-01-05T16:57:00.000Z', 'timestamp': '01/05/2026 04:57 pm', 'time': 1017, 'time_formatted': '16:57', 'proper_unix_timestamp': 1767650220000, 'proper_iso_timestamp': '2026-01-05T21:57:00.000Z'}",01/05/2026 16:57,"{'date': '01/05/2026', 'date_formatted': '01/05/2026', 'hours': '04', 'minutes': '57', 'am_pm': 'PM', 'unix_timestamp': 1767632220000, 'iso_timestamp': '2026-01-05T16:57:00.000Z', 'timestamp': '01/05/2026 04:57 pm', 'time': 1017, 'time_formatted': '16:57', 'proper_unix_timestamp': 1767650220000, 'proper_iso_timestamp': '2026-01-05T21:57:00.000Z'}",Style,Style,FG游骑兵绿,FG游骑兵绿,,,,,0,0,$30.00,30,No,False,,,,,0.00,0,,,0.00,0,0.00,0,No,False,,,Yes,True,,,,,,,$30.00,30,$0.00,0,No,False
695c33bd77fe252e9b1e3265,"<span class=""695c32e537eef90c93aec7bb"" data-kn=""connection-value"">FMA 蝎式软壳快拔旦夹套5.56/7.62\9mm旦匣包 军迷射击MOLLE包-淘宝网</span>","[{'id': '695c32e537eef90c93aec7bb', 'identifier': 'FMA 蝎式软壳快拔旦夹套5.56/7.62\\9mm旦匣包 军迷射击MOLLE包-淘宝网'}]",Inactive,Inactive,BKT黑泥,BKT黑泥,,,,,,,Yes,True,7,7,01/05/2026 16:57,"{'date': '01/05/2026', 'date_formatted': '01/05/2026', 'hours': '04', 'minutes': '57', 'am_pm': 'PM', 'unix_timestamp': 1767632220000, 'iso_timestamp': '2026-01-05T16:57:00.000Z', 'timestamp': '01/05/2026 04:57 pm', 'time': 1017, 'time_formatted': '16:57', 'proper_unix_timestamp': 1767650220000, 'proper_iso_timestamp': '2026-01-05T21:57:00.000Z'}",01/05/2026 16:57,"{'date': '01/05/2026', 'date_formatted': '01/05/2026', 'hours': '04', 'minutes': '57', 'am_pm': 'PM', 'unix_timestamp': 1767632220000, 'iso_timestamp': '2026-01-05T16:57:00.000Z', 'timestamp': '01/05/2026 04:57 pm', 'time': 1017, 'time_formatted': '16:57', 'proper_unix_timestamp': 1767650220000, 'proper_iso_timestamp': '2026-01-05T21:57:00.000Z'}",Style,Style,BKT黑泥,BKT黑泥,,,,,0,0,$30.00,30,No,False,,,,,0.00,0,,,0.00,0,0.00,0,No,False,,,Yes,True,,,,,,,$30.00,30,$0.00,0,No,False
695c33bdcd0d7527390d7f7a,"<span class=""695c32e537eef90c93aec7bb"" data-kn=""connection-value"">FMA 蝎式软壳快拔旦夹套5.56/7.62\9mm旦匣包 军迷射击MOLLE包-淘宝网</span>","[{'id': '695c32e537eef90c93aec7bb', 'identifier': 'FMA 蝎式软壳快拔旦夹套5.56/7.62\\9mm旦匣包 军迷射击MOLLE包-淘宝网'}]",Inactive,Inactive,BKR黑红,BKR黑红,,,,,,,Yes,True,6,6,01/05/2026 16:57,"{'date': '01/05/2026', 'date_formatted': '01/05/2026', 'hours': '04', 'minutes': '57', 'am_pm': 'PM', 'unix_timestamp': 1767632220000, 'iso_timestamp': '2026-01-05T16:57:00.000Z', 'timestamp': '01/05/2026 04:57 pm', 'time': 1017, 'time_formatted': '16:57', 'proper_unix_timestamp': 1767650220000, 'proper_iso_timestamp': '2026-01-05T21:57:00.000Z'}",01/05/2026 16:57,"{'date': '01/05/2026', 'date_formatted': '01/05/2026', 'hours': '04', 'minutes': '57', 'am_pm': 'PM', 'unix_timestamp': 1767632220000, 'iso_timestamp': '2026-01-05T16:57:00.000Z', 'timestamp': '01/05/2026 04:57 pm', 'time': 1017, 'time_formatted': '16:57', 'proper_unix_timestamp': 1767650220000, 'proper_iso_timestamp': '2026-01-05T21:57:00.000Z'}",Style,Style,BKR黑红,BKR黑红,,,,,0,0,$30.00,30,No,False,,,,,0.00,0,,,0.00,0,0.00,0,No,False,,,Yes,True,,,,,,,$30.00,30,$0.00,0,No,False
695c33bc1d735f55f740ec8c,"<span class=""695c32e537eef90c93aec7bb"" data-kn=""connection-value"">FMA 蝎式软壳快拔旦夹套5.56/7.62\9mm旦匣包 军迷射击MOLLE包-淘宝网</span>","[{'id': '695c32e537eef90c93aec7bb', 'identifier': 'FMA 蝎式软壳快拔旦夹套5.56/7.62\\9mm旦匣包 军迷射击MOLLE包-淘宝网'}]",Inactive,Inactive,BKOD黑绿,BKOD黑绿,,,,,,,Yes,True,5,5,01/05/2026 16:57,"{'date': '01/05/2026', 'date_formatted': '01/05/2026', 'hours': '04', 'minutes': '57', 'am_pm': 'PM', 'unix_timestamp': 1767632220000, 'iso_timestamp': '2026-01-05T16:57:00.000Z', 'timestamp': '01/05/2026 04:57 pm', 'time': 1017, 'time_formatted': '16:57', 'proper_unix_timestamp': 1767650220000, 'proper_iso_timestamp': '2026-01-05T21:57:00.000Z'}",01/05/2026 16:57,"{'date': '01/05/2026', 'date_formatted': '01/05/2026', 'hours': '04', 'minutes': '57', 'am_pm': 'PM', 'unix_timestamp': 1767632220000, 'iso_timestamp': '2026-01-05T16:57:00.000Z', 'timestamp': '01/05/2026 04:57 pm', 'time': 1017, 'time_formatted': '16:57', 'proper_unix_timestamp': 1767650220000, 'proper_iso_timestamp': '2026-01-05T21:57:00.000Z'}",Style,Style,BKOD黑绿,BKOD黑绿,,,,,0,0,$30.00,30,No,False,,,,,0.00,0,,,0.00,0,0.00,0,No,False,,,Yes,True,,,,,,,$30.00,30,$0.00,0,No,False
695c33bc2bad95469c59e7c2,"<span class=""695c32e537eef90c93aec7bb"" data-kn=""connection-value"">FMA 蝎式软壳快拔旦夹套5.56/7.62\9mm旦匣包 军迷射击MOLLE包-淘宝网</span>","[{'id': '695c32e537eef90c93aec7bb', 'identifier': 'FMA 蝎式软壳快拔旦夹套5.56/7.62\\9mm旦匣包 军迷射击MOLLE包-淘宝网'}]",Inactive,Inactive,并联夹子-通用不分大小,并联夹子-通用不分大小,,,,,,,Yes,True,4,4,01/05/2026 16:57,"{'date': '01/05/2026', 'date_formatted': '01/05/2026', 'hours': '04', 'minutes': '57', 'am_pm': 'PM', 'unix_timestamp': 1767632220000, 'iso_timestamp': '2026-01-05T16:57:00.000Z', 'timestamp': '01/05/2026 04:57 pm', 'time': 1017, 'time_formatted': '16:57', 'proper_unix_timestamp': 1767650220000, 'proper_iso_timestamp': '2026-01-05T21:57:00.000Z'}",01/05/2026 16:57,"{'date': '01/05/2026', 'date_formatted': '01/05/2026', 'hours': '04', 'minutes': '57', 'am_pm': 'PM', 'unix_timestamp': 1767632220000, 'iso_timestamp': '2026-01-05T16:57:00.000Z', 'timestamp': '01/05/2026 04:57 pm', 'time': 1017, 'time_formatted': '16:57', 'proper_unix_timestamp': 1767650220000, 'proper_iso_timestamp': '2026-01-05T21:57:00.000Z'}",Style,Style,并联夹子-通用不分大小,并联夹子-通用不分大小,,,,,0,0,$30.00,30,No,False,,,,,0.00,0,,,0.00,0,0.00,0,No,False,,,Yes,True,,,,,,,$30.00,30,$0.00,0,No,False
695c33bcf7c46330928d9583,"<span class=""695c32e537eef90c93aec7bb"" data-kn=""connection-value"">FMA 蝎式软壳快拔旦夹套5.56/7.62\9mm旦匣包 军迷射击MOLLE包-淘宝网</span>","[{'id': '695c32e537eef90c93aec7bb', 'identifier': 'FMA 蝎式软壳快拔旦夹套5.56/7.62\\9mm旦匣包 军迷射击MOLLE包-淘宝网'}]",Inactive,Inactive,大款,大款,,,,,,,Yes,True,3,3,01/05/2026 16:57,"{'date': '01/05/2026', 'date_formatted': '01/05/2026', 'hours': '04', 'minutes': '57', 'am_pm': 'PM', 'unix_timestamp': 1767632220000, 'iso_timestamp': '2026-01-05T16:57:00.000Z', 'timestamp': '01/05/2026 04:57 pm', 'time': 1017, 'time_formatted': '16:57', 'proper_unix_timestamp': 1767650220000, 'proper_iso_timestamp': '2026-01-05T21:57:00.000Z'}",01/05/2026 16:57,"{'date': '01/05/2026', 'date_formatted': '01/05/2026', 'hours': '04', 'minutes': '57', 'am_pm': 'PM', 'unix_timestamp': 1767632220000, 'iso_timestamp': '2026-01-05T16:57:00.000Z', 'timestamp': '01/05/2026 04:57 pm', 'time': 1017, 'time_formatted': '16:57', 'proper_unix_timestamp': 1767650220000, 'proper_iso_timestamp': '2026-01-05T21:57:00.000Z'}",Style,Style,大款,大款,,,,,0,0,$30.00,30,No,False,,,,,0.00,0,,,0.00,0,0.00,0,No,False,,,Yes,True,,,,,,,$30.00,30,$0.00,0,No,False
695c33bb2bad95469c59e73f,"<span class=""695c32e537eef90c93aec7bb"" data-kn=""connection-value"">FMA 蝎式软壳快拔旦夹套5.56/7.62\9mm旦匣包 军迷射击MOLLE包-淘宝网</span>","[{'id': '695c32e537eef90c93aec7bb', 'identifier': 'FMA 蝎式软壳快拔旦夹套5.56/7.62\\9mm旦匣包 军迷射击MOLLE包-淘宝网'}]",Inactive,Inactive,小款,小款,,,,,,,Yes,True,2,2,01/05/2026 16:57,"{'date': '01/05/2026', 'date_formatted': '01/05/2026', 'hours': '04', 'minutes': '57', 'am_pm': 'PM', 'unix_timestamp': 1767632220000, 'iso_timestamp': '2026-01-05T16:57:00.000Z', 'timestamp': '01/05/2026 04:57 pm', 'time': 1017, 'time_formatted': '16:57', 'proper_unix_timestamp': 1767650220000, 'proper_iso_timestamp': '2026-01-05T21:57:00.000Z'}",01/05/2026 16:57,"{'date': '01/05/2026', 'date_formatted': '01/05/2026', 'hours': '04', 'minutes': '57', 'am_pm': 'PM', 'unix_timestamp': 1767632220000, 'iso_timestamp': '2026-01-05T16:57:00.000Z', 'timestamp': '01/05/2026 04:57 pm', 'time': 1017, 'time_formatted': '16:57', 'proper_unix_timestamp': 1767650220000, 'proper_iso_timestamp': '2026-01-05T21:57:00.000Z'}",Style,Style,小款,小款,,,,,0,0,$30.00,30,No,False,,,,,0.00,0,,,0.00,0,0.00,0,No,False,,,Yes,True,,,,,,,$30.00,30,$0.00,0,No,False
695c33bb9cd3039a8252ce32,"<span class=""695c32e537eef90c93aec7bb"" data-kn=""connection-value"">FMA 蝎式软壳快拔旦夹套5.56/7.62\9mm旦匣包 军迷射击MOLLE包-淘宝网</span>","[{'id': '695c32e537eef90c93aec7bb', 'identifier': 'FMA 蝎式软壳快拔旦夹套5.56/7.62\\9mm旦匣包 军迷射击MOLLE包-淘宝网'}]",Inactive,Inactive,短款,短款,,,,,,,Yes,True,1,1,01/05/2026 16:57,"{'date': '01/05/2026', 'date_formatted': '01/05/2026', 'hours': '04', 'minutes': '57', 'am_pm': 'PM', 'unix_timestamp': 1767632220000, 'iso_timestamp': '2026-01-05T16:57:00.000Z', 'timestamp': '01/05/2026 04:57 pm', 'time': 1017, 'time_formatted': '16:57', 'proper_unix_timestamp': 1767650220000, 'proper_iso_timestamp': '2026-01-05T21:57:00.000Z'}",01/05/2026 16:57,"{'date': '01/05/2026', 'date_formatted': '01/05/2026', 'hours': '04', 'minutes': '57', 'am_pm': 'PM', 'unix_timestamp': 1767632220000, 'iso_timestamp': '2026-01-05T16:57:00.000Z', 'timestamp': '01/05/2026 04:57 pm', 'time': 1017, 'time_formatted': '16:57', 'proper_unix_timestamp': 1767650220000, 'proper_iso_timestamp': '2026-01-05T21:57:00.000Z'}",Style,Style,短款,短款,,,,,0,0,$30.00,30,No,False,,,,,0.00,0,,,0.00,0,0.00,0,No,False,,,Yes,True,,,,,,,$30.00,30,$0.00,0,No,False
695c33ba1d735f55f740d6ac,"<span class=""695c32e0e6dc40497309b467"" data-kn=""connection-value"">蝮蛇2011 hi capa快速拉柄模型G17 TTiG34蛋夹底盖握把井制退器-淘宝网</span>","[{'id': '695c32e0e6dc40497309b467', 'identifier': '蝮蛇2011 hi capa快速拉柄模型G17 TTiG34蛋夹底盖握把井制退器-淘宝网'}]",Margins Added,Margins Added,银柄,银柄,,,,,,,Yes,True,12,12,01/05/2026 16:57,"{'date': '01/05/2026', 'date_formatted': '01/05/2026', 'hours': '04', 'minutes': '57', 'am_pm': 'PM', 'unix_timestamp': 1767632220000, 'iso_timestamp': '2026-01-05T16:57:00.000Z', 'timestamp': '01/05/2026 04:57 pm', 'time': 1017, 'time_formatted': '16:57', 'proper_unix_timestamp': 1767650220000, 'proper_iso_timestamp': '2026-01-05T21:57:00.000Z'}",01/05/2026 16:57,"{'date': '01/05/2026', 'date_formatted': '01/05/2026', 'hours': '04', 'minutes': '57', 'am_pm': 'PM', 'unix_timestamp': 1767632220000, 'iso_timestamp': '2026-01-05T16:57:00.000Z', 'timestamp': '01/05/2026 04:57 pm', 'time': 1017, 'time_formatted': '16:57', 'proper_unix_timestamp': 1767650220000, 'proper_iso_timestamp': '2026-01-05T21:57:00.000Z'}",Style,Style,银柄,银柄,,,,,37,37,$30.00,30,No,False,,,,,20.99,20.99,,,29.40,29.4,12.60,12.6,No,False,,,Yes,True,,,,,,,$30.00,30,$12.73,12.73,No,False
695c33baa1a72152501347cb,"<span class=""695c32e0e6dc40497309b467"" data-kn=""connection-value"">蝮蛇2011 hi capa快速拉柄模型G17 TTiG34蛋夹底盖握把井制退器-淘宝网</span>","[{'id': '695c32e0e6dc40497309b467', 'identifier': '蝮蛇2011 hi capa快速拉柄模型G17 TTiG34蛋夹底盖握把井制退器-淘宝网'}]",Inactive,Inactive,黑柄,黑柄,,,,,,,Yes,True,11,11,01/05/2026 16:57,"{'date': '01/05/2026', 'date_formatted': '01/05/2026', 'hours': '04', 'minutes': '57', 'am_pm': 'PM', 'unix_timestamp': 1767632220000, 'iso_timestamp': '2026-01-05T16:57:00.000Z', 'timestamp': '01/05/2026 04:57 pm', 'time': 1017, 'time_formatted': '16:57', 'proper_unix_timestamp': 1767650220000, 'proper_iso_timestamp': '2026-01-05T21:57:00.000Z'}",01/05/2026 16:57,"{'date': '01/05/2026', 'date_formatted': '01/05/2026', 'hours': '04', 'minutes': '57', 'am_pm': 'PM', 'unix_timestamp': 1767632220000, 'iso_timestamp': '2026-01-05T16:57:00.000Z', 'timestamp': '01/05/2026 04:57 pm', 'time': 1017, 'time_formatted': '16:57', 'proper_unix_timestamp': 1767650220000, 'proper_iso_timestamp': '2026-01-05T21:57:00.000Z'}",Style,Style,黑柄,黑柄,,,,,0,0,$30.00,30,No,False,,,,,0.00,0,,,0.00,0,0.00,0,No,False,,,Yes,True,,,,,,,$30.00,30,$0.00,0,No,False
695c33bac3a1704a564909a5,"<span class=""695c32e0e6dc40497309b467"" data-kn=""connection-value"">蝮蛇2011 hi capa快速拉柄模型G17 TTiG34蛋夹底盖握把井制退器-淘宝网</span>","[{'id': '695c32e0e6dc40497309b467', 'identifier': '蝮蛇2011 hi capa快速拉柄模型G17 TTiG34蛋夹底盖握把井制退器-淘宝网'}]",Margins Added,Margins Added,钛灰柄,钛灰柄,,,,,,,Yes,True,10,10,01/05/2026 16:57,"{'date': '01/05/2026', 'date_formatted': '01/05/2026', 'hours': '04', 'minutes': '57', 'am_pm': 'PM', 'unix_timestamp': 1767632220000, 'iso_timestamp': '2026-01-05T16:57:00.000Z', 'timestamp': '01/05/2026 04:57 pm', 'time': 1017, 'time_formatted': '16:57', 'proper_unix_timestamp': 1767650220000, 'proper_iso_timestamp': '2026-01-05T21:57:00.000Z'}",01/05/2026 16:57,"{'date': '01/05/2026', 'date_formatted': '01/05/2026', 'hours': '04', 'minutes': '57', 'am_pm': 'PM', 'unix_timestamp': 1767632220000, 'iso_timestamp': '2026-01-05T16:57:00.000Z', 'timestamp': '01/05/2026 04:57 pm', 'time': 1017, 'time_formatted': '16:57', 'proper_unix_timestamp': 1767650220000, 'proper_iso_timestamp': '2026-01-05T21:57:00.000Z'}",Style,Style,钛灰柄,钛灰柄,,,,,37,37,$30.00,30,No,False,,,,,20.99,20.99,,,29.40,29.4,12.60,12.6,No,False,,,Yes,True,,,,,,,$30.00,30,$12.73,12.73,No,False
695c33b9913f62399ce8fe1c,"<span class=""695c32e0e6dc40497309b467"" data-kn=""connection-value"">蝮蛇2011 hi capa快速拉柄模型G17 TTiG34蛋夹底盖握把井制退器-淘宝网</span>","[{'id': '695c32e0e6dc40497309b467', 'identifier': '蝮蛇2011 hi capa快速拉柄模型G17 TTiG34蛋夹底盖握把井制退器-淘宝网'}]",Margins Added,Margins Added,红柄,红柄,,,,,,,Yes,True,9,9,01/05/2026 16:57,"{'date': '01/05/2026', 'date_formatted': '01/05/2026', 'hours': '04', 'minutes': '57', 'am_pm': 'PM', 'unix_timestamp': 1767632220000, 'iso_timestamp': '2026-01-05T16:57:00.000Z', 'timestamp': '01/05/2026 04:57 pm', 'time': 1017, 'time_formatted': '16:57', 'proper_unix_timestamp': 1767650220000, 'proper_iso_timestamp': '2026-01-05T21:57:00.000Z'}",01/05/2026 16:57,"{'date': '01/05/2026', 'date_formatted': '01/05/2026', 'hours': '04', 'minutes': '57', 'am_pm': 'PM', 'unix_timestamp': 1767632220000, 'iso_timestamp': '2026-01-05T16:57:00.000Z', 'timestamp': '01/05/2026 04:57 pm', 'time': 1017, 'time_formatted': '16:57', 'proper_unix_timestamp': 1767650220000, 'proper_iso_timestamp': '2026-01-05T21:57:00.000Z'}",Style,Style,红柄,红柄,,,,,37,37,$30.00,30,No,False,,,,,20.99,20.99,,,29.40,29.4,12.60,12.6,No,False,,,Yes,True,,,,,,,$30.00,30,$12.73,12.73,No,False
695c33b96e9e39d7e382d9c3,"<span class=""695c32e0e6dc40497309b467"" data-kn=""connection-value"">蝮蛇2011 hi capa快速拉柄模型G17 TTiG34蛋夹底盖握把井制退器-淘宝网</span>","[{'id': '695c32e0e6dc40497309b467', 'identifier': '蝮蛇2011 hi capa快速拉柄模型G17 TTiG34蛋夹底盖握把井制退器-淘宝网'}]",Margins Added,Margins Added,紫柄,紫柄,,,,,,,Yes,True,8,8,01/05/2026 16:57,"{'date': '01/05/2026', 'date_formatted': '01/05/2026', 'hours': '04', 'minutes': '57', 'am_pm': 'PM', 'unix_timestamp': 1767632220000, 'iso_timestamp': '2026-01-05T16:57:00.000Z', 'timestamp': '01/05/2026 04:57 pm', 'time': 1017, 'time_formatted': '16:57', 'proper_unix_timestamp': 1767650220000, 'proper_iso_timestamp': '2026-01-05T21:57:00.000Z'}",01/05/2026 16:57,"{'date': '01/05/2026', 'date_formatted': '01/05/2026', 'hours': '04', 'minutes': '57', 'am_pm': 'PM', 'unix_timestamp': 1767632220000, 'iso_timestamp': '2026-01-05T16:57:00.000Z', 'timestamp': '01/05/2026 04:57 pm', 'time': 1017, 'time_formatted': '16:57', 'proper_unix_timestamp': 1767650220000, 'proper_iso_timestamp': '2026-01-05T21:57:00.000Z'}",Style,Style,紫柄,紫柄,,,,,37,37,$30.00,30,No,False,,,,,20.99,20.99,,,29.40,29.4,12.60,12.6,No,False,,,Yes,True,,,,,,,$30.00,30,$12.73,12.73,No,False
695c33b81e9722c9bf058396,"<span class=""695c32e0e6dc40497309b467"" data-kn=""connection-value"">蝮蛇2011 hi capa快速拉柄模型G17 TTiG34蛋夹底盖握把井制退器-淘宝网</span>","[{'id': '695c32e0e6dc40497309b467', 'identifier': '蝮蛇2011 hi capa快速拉柄模型G17 TTiG34蛋夹底盖握把井制退器-淘宝网'}]",Margins Added,Margins Added,绿柄,绿柄,,,,,,,Yes,True,7,7,01/05/2026 16:57,"{'date': '01/05/2026', 'date_formatted': '01/05/2026', 'hours': '04', 'minutes': '57', 'am_pm': 'PM', 'unix_timestamp': 1767632220000, 'iso_timestamp': '2026-01-05T16:57:00.000Z', 'timestamp': '01/05/2026 04:57 pm', 'time': 1017, 'time_formatted': '16:57', 'proper_unix_timestamp': 1767650220000, 'proper_iso_timestamp': '2026-01-05T21:57:00.000Z'}",01/05/2026 16:57,"{'date': '01/05/2026', 'date_formatted': '01/05/2026', 'hours': '04', 'minutes': '57', 'am_pm': 'PM', 'unix_timestamp': 1767632220000, 'iso_timestamp': '2026-01-05T16:57:00.000Z', 'timestamp': '01/05/2026 04:57 pm', 'time': 1017, 'time_formatted': '16:57', 'proper_unix_timestamp': 1767650220000, 'proper_iso_timestamp': '2026-01-05T21:57:00.000Z'}",Style,Style,绿柄,绿柄,,,,,37,37,$30.00,30,No,False,,,,,20.99,20.99,,,29.40,29.4,12.60,12.6,No,False,,,Yes,True,,,,,,,$30.00,30,$12.73,12.73,No,False
695c33b8913f62399ce8ecec,"<span class=""695c32e0e6dc40497309b467"" data-kn=""connection-value"">蝮蛇2011 hi capa快速拉柄模型G17 TTiG34蛋夹底盖握把井制退器-淘宝网</span>","[{'id': '695c32e0e6dc40497309b467', 'identifier': '蝮蛇2011 hi capa快速拉柄模型G17 TTiG34蛋夹底盖握把井制退器-淘宝网'}]",Margins Added,Margins Added,金柄,金柄,,,,,,,Yes,True,6,6,01/05/2026 16:57,"{'date': '01/05/2026', 'date_formatted': '01/05/2026', 'hours': '04', 'minutes': '57', 'am_pm': 'PM', 'unix_timestamp': 1767632220000, 'iso_timestamp': '2026-01-05T16:57:00.000Z', 'timestamp': '01/05/2026 04:57 pm', 'time': 1017, 'time_formatted': '16:57', 'proper_unix_timestamp': 1767650220000, 'proper_iso_timestamp': '2026-01-05T21:57:00.000Z'}",01/05/2026 16:57,"{'date': '01/05/2026', 'date_formatted': '01/05/2026', 'hours': '04', 'minutes': '57', 'am_pm': 'PM', 'unix_timestamp': 1767632220000, 'iso_timestamp': '2026-01-05T16:57:00.000Z', 'timestamp': '01/05/2026 04:57 pm', 'time': 1017, 'time_formatted': '16:57', 'proper_unix_timestamp': 1767650220000, 'proper_iso_timestamp': '2026-01-05T21:57:00.000Z'}",Style,Style,金柄,金柄,,,,,37,37,$30.00,30,No,False,,,,,20.99,20.99,,,29.40,29.4,12.60,12.6,No,False,,,Yes,True,,,,,,,$30.00,30,$12.73,12.73,No,False
695c33b837eef90c93b61839,"<span class=""695c32e0e6dc40497309b467"" data-kn=""connection-value"">蝮蛇2011 hi capa快速拉柄模型G17 TTiG34蛋夹底盖握把井制退器-淘宝网</span>","[{'id': '695c32e0e6dc40497309b467', 'identifier': '蝮蛇2011 hi capa快速拉柄模型G17 TTiG34蛋夹底盖握把井制退器-淘宝网'}]",Inactive,Inactive,Japan Marui hi–capa,Japan Marui hi–capa,,,,,,,Yes,True,5,5,01/05/2026 16:57,"{'date': '01/05/2026', 'date_formatted': '01/05/2026', 'hours': '04', 'minutes': '57', 'am_pm': 'PM', 'unix_timestamp': 1767632220000, 'iso_timestamp': '2026-01-05T16:57:00.000Z', 'timestamp': '01/05/2026 04:57 pm', 'time': 1017, 'time_formatted': '16:57', 'proper_unix_timestamp': 1767650220000, 'proper_iso_timestamp': '2026-01-05T21:57:00.000Z'}",01/05/2026 16:57,"{'date': '01/05/2026', 'date_formatted': '01/05/2026', 'hours': '04', 'minutes': '57', 'am_pm': 'PM', 'unix_timestamp': 1767632220000, 'iso_timestamp': '2026-01-05T16:57:00.000Z', 'timestamp': '01/05/2026 04:57 pm', 'time': 1017, 'time_formatted': '16:57', 'proper_unix_timestamp': 1767650220000, 'proper_iso_timestamp': '2026-01-05T21:57:00.000Z'}",Style,Style,Japan Marui hi–capa,Japan Marui hi–capa,,,,,0,0,$30.00,30,No,False,,,,,0.00,0,,,0.00,0,0.00,0,No,False,,,Yes,True,,,,,,,$30.00,30,$0.00,0,No,False
695c33b7612ae4b629500379,"<span class=""695c32e0e6dc40497309b467"" data-kn=""connection-value"">蝮蛇2011 hi capa快速拉柄模型G17 TTiG34蛋夹底盖握把井制退器-淘宝网</span>","[{'id': '695c32e0e6dc40497309b467', 'identifier': '蝮蛇2011 hi capa快速拉柄模型G17 TTiG34蛋夹底盖握把井制退器-淘宝网'}]",Inactive,Inactive,番茄蝮蛇2011,番茄蝮蛇2011,,,,,,,Yes,True,4,4,01/05/2026 16:57,"{'date': '01/05/2026', 'date_formatted': '01/05/2026', 'hours': '04', 'minutes': '57', 'am_pm': 'PM', 'unix_timestamp': 1767632220000, 'iso_timestamp': '2026-01-05T16:57:00.000Z', 'timestamp': '01/05/2026 04:57 pm', 'time': 1017, 'time_formatted': '16:57', 'proper_unix_timestamp': 1767650220000, 'proper_iso_timestamp': '2026-01-05T21:57:00.000Z'}",01/05/2026 16:57,"{'date': '01/05/2026', 'date_formatted': '01/05/2026', 'hours': '04', 'minutes': '57', 'am_pm': 'PM', 'unix_timestamp': 1767632220000, 'iso_timestamp': '2026-01-05T16:57:00.000Z', 'timestamp': '01/05/2026 04:57 pm', 'time': 1017, 'time_formatted': '16:57', 'proper_unix_timestamp': 1767650220000, 'proper_iso_timestamp': '2026-01-05T21:57:00.000Z'}",Style,Style,番茄蝮蛇2011,番茄蝮蛇2011,,,,,0,0,$30.00,30,No,False,,,,,0.00,0,,,0.00,0,0.00,0,No,False,,,Yes,True,,,,,,,$30.00,30,$0.00,0,No,False
695c33b7f7c46330928d3189,"<span class=""695c32e0e6dc40497309b467"" data-kn=""connection-value"">蝮蛇2011 hi capa快速拉柄模型G17 TTiG34蛋夹底盖握把井制退器-淘宝网</span>","[{'id': '695c32e0e6dc40497309b467', 'identifier': '蝮蛇2011 hi capa快速拉柄模型G17 TTiG34蛋夹底盖握把井制退器-淘宝网'}]",Inactive,Inactive,JMT蝮蛇2011,JMT蝮蛇2011,,,,,,,Yes,True,3,3,01/05/2026 16:57,"{'date': '01/05/2026', 'date_formatted': '01/05/2026', 'hours': '04', 'minutes': '57', 'am_pm': 'PM', 'unix_timestamp': 1767632220000, 'iso_timestamp': '2026-01-05T16:57:00.000Z', 'timestamp': '01/05/2026 04:57 pm', 'time': 1017, 'time_formatted': '16:57', 'proper_unix_timestamp': 1767650220000, 'proper_iso_timestamp': '2026-01-05T21:57:00.000Z'}",01/05/2026 16:57,"{'date': '01/05/2026', 'date_formatted': '01/05/2026', 'hours': '04', 'minutes': '57', 'am_pm': 'PM', 'unix_timestamp': 1767632220000, 'iso_timestamp': '2026-01-05T16:57:00.000Z', 'timestamp': '01/05/2026 04:57 pm', 'time': 1017, 'time_formatted': '16:57', 'proper_unix_timestamp': 1767650220000, 'proper_iso_timestamp': '2026-01-05T21:57:00.000Z'}",Style,Style,JMT蝮蛇2011,JMT蝮蛇2011,,,,,0,0,$30.00,30,No,False,,,,,0.00,0,,,0.00,0,0.00,0,No,False,,,Yes,True,,,,,,,$30.00,30,$0.00,0,No,False
695c33b79cd3039a8252bee0,"<span class=""695c32e0e6dc40497309b467"" data-kn=""connection-value"">蝮蛇2011 hi capa快速拉柄模型G17 TTiG34蛋夹底盖握把井制退器-淘宝网</span>","[{'id': '695c32e0e6dc40497309b467', 'identifier': '蝮蛇2011 hi capa快速拉柄模型G17 TTiG34蛋夹底盖握把井制退器-淘宝网'}]",Inactive,Inactive,路西法2011,路西法2011,,,,,,,Yes,True,2,2,01/05/2026 16:57,"{'date': '01/05/2026', 'date_formatted': '01/05/2026', 'hours': '04', 'minutes': '57', 'am_pm': 'PM', 'unix_timestamp': 1767632220000, 'iso_timestamp': '2026-01-05T16:57:00.000Z', 'timestamp': '01/05/2026 04:57 pm', 'time': 1017, 'time_formatted': '16:57', 'proper_unix_timestamp': 1767650220000, 'proper_iso_timestamp': '2026-01-05T21:57:00.000Z'}",01/05/2026 16:57,"{'date': '01/05/2026', 'date_formatted': '01/05/2026', 'hours': '04', 'minutes': '57', 'am_pm': 'PM', 'unix_timestamp': 1767632220000, 'iso_timestamp': '2026-01-05T16:57:00.000Z', 'timestamp': '01/05/2026 04:57 pm', 'time': 1017, 'time_formatted': '16:57', 'proper_unix_timestamp': 1767650220000, 'proper_iso_timestamp': '2026-01-05T21:57:00.000Z'}",Style,Style,路西法2011,路西法2011,,,,,0,0,$30.00,30,No,False,,,,,0.00,0,,,0.00,0,0.00,0,No,False,,,Yes,True,,,,,,,$30.00,30,$0.00,0,No,False
695c33b62a4e1cd21b117ed5,"<span class=""695c32e0e6dc40497309b467"" data-kn=""connection-value"">蝮蛇2011 hi capa快速拉柄模型G17 TTiG34蛋夹底盖握把井制退器-淘宝网</span>","[{'id': '695c32e0e6dc40497309b467', 'identifier': '蝮蛇2011 hi capa快速拉柄模型G17 TTiG34蛋夹底盖握把井制退器-淘宝网'}]",Inactive,Inactive,蓝鲸WK蝮蛇2011,蓝鲸WK蝮蛇2011,,,,,,,Yes,True,1,1,01/05/2026 16:57,"{'date': '01/05/2026', 'date_formatted': '01/05/2026', 'hours': '04', 'minutes': '57', 'am_pm': 'PM', 'unix_timestamp': 1767632220000, 'iso_timestamp': '2026-01-05T16:57:00.000Z', 'timestamp': '01/05/2026 04:57 pm', 'time': 1017, 'time_formatted': '16:57', 'proper_unix_timestamp': 1767650220000, 'proper_iso_timestamp': '2026-01-05T21:57:00.000Z'}",01/05/2026 16:57,"{'date': '01/05/2026', 'date_formatted': '01/05/2026', 'hours': '04', 'minutes': '57', 'am_pm': 'PM', 'unix_timestamp': 1767632220000, 'iso_timestamp': '2026-01-05T16:57:00.000Z', 'timestamp': '01/05/2026 04:57 pm', 'time': 1017, 'time_formatted': '16:57', 'proper_unix_timestamp': 1767650220000, 'proper_iso_timestamp': '2026-01-05T21:57:00.000Z'}",Style,Style,蓝鲸WK蝮蛇2011,蓝鲸WK蝮蛇2011,,,,,0,0,$30.00,30,No,False,,,,,0.00,0,,,0.00,0,0.00,0,No,False,,,Yes,True,,,,,,,$30.00,30,$0.00,0,No,False
695c33b68b911985b12ce7b0,"<span class=""695c32d5713127c9646e996e"" data-kn=""connection-value"">2011战斗大师快拔枪套带灯下挂战术手电UDL P8M N8弹夹套TTI塔兰-淘宝网</span>","[{'id': '695c32d5713127c9646e996e', 'identifier': '2011战斗大师快拔枪套带灯下挂战术手电UDL P8M N8弹夹套TTI塔兰-淘宝网'}]",Active,Active,2011 Single Magazine Pouch,2011 Single Magazine Pouch,,,,,,,Yes,True,3,3,01/05/2026 16:57,"{'date': '01/05/2026', 'date_formatted': '01/05/2026', 'hours': '04', 'minutes': '57', 'am_pm': 'PM', 'unix_timestamp': 1767632220000, 'iso_timestamp': '2026-01-05T16:57:00.000Z', 'timestamp': '01/05/2026 04:57 pm', 'time': 1017, 'time_formatted': '16:57', 'proper_unix_timestamp': 1767650220000, 'proper_iso_timestamp': '2026-01-05T21:57:00.000Z'}",01/05/2026 16:57,"{'date': '01/05/2026', 'date_formatted': '01/05/2026', 'hours': '04', 'minutes': '57', 'am_pm': 'PM', 'unix_timestamp': 1767632220000, 'iso_timestamp': '2026-01-05T16:57:00.000Z', 'timestamp': '01/05/2026 04:57 pm', 'time': 1017, 'time_formatted': '16:57', 'proper_unix_timestamp': 1767650220000, 'proper_iso_timestamp': '2026-01-05T21:57:00.000Z'}",Style,Style,2011 Single Magazine Pouch,2011 Single Magazine Pouch,,,,,18,18,$30.00,30,No,False,,,,,14.99,14.99,,,29.20,29.2,12.40,12.4,No,False,,,Yes,True,,,,,,,$30.00,30,$9.12,9.12,No,False
695c33b59cd3039a82529554,"<span class=""695c32d5713127c9646e996e"" data-kn=""connection-value"">2011战斗大师快拔枪套带灯下挂战术手电UDL P8M N8弹夹套TTI塔兰-淘宝网</span>","[{'id': '695c32d5713127c9646e996e', 'identifier': '2011战斗大师快拔枪套带灯下挂战术手电UDL P8M N8弹夹套TTI塔兰-淘宝网'}]",Active,Active,2011 Double Magazine Pouch,2011 Double Magazine Pouch,,,,,,,Yes,True,2,2,01/05/2026 16:57,"{'date': '01/05/2026', 'date_formatted': '01/05/2026', 'hours': '04', 'minutes': '57', 'am_pm': 'PM', 'unix_timestamp': 1767632220000, 'iso_timestamp': '2026-01-05T16:57:00.000Z', 'timestamp': '01/05/2026 04:57 pm', 'time': 1017, 'time_formatted': '16:57', 'proper_unix_timestamp': 1767650220000, 'proper_iso_timestamp': '2026-01-05T21:57:00.000Z'}",01/05/2026 16:57,"{'date': '01/05/2026', 'date_formatted': '01/05/2026', 'hours': '04', 'minutes': '57', 'am_pm': 'PM', 'unix_timestamp': 1767632220000, 'iso_timestamp': '2026-01-05T16:57:00.000Z', 'timestamp': '01/05/2026 04:57 pm', 'time': 1017, 'time_formatted': '16:57', 'proper_unix_timestamp': 1767650220000, 'proper_iso_timestamp': '2026-01-05T21:57:00.000Z'}",Style,Style,2011 Double Magazine Pouch,2011 Double Magazine Pouch,,,,,36,36,$30.00,30,No,False,,,,,20.99,20.99,,,30.30,30.3,13.60,13.6,No,False,,,Yes,True,,,,,,,$30.00,30,$12.54,12.54,No,False
695c33b5c3a1704a5648db25,"<span class=""695c32d5713127c9646e996e"" data-kn=""connection-value"">2011战斗大师快拔枪套带灯下挂战术手电UDL P8M N8弹夹套TTI塔兰-淘宝网</span>","[{'id': '695c32d5713127c9646e996e', 'identifier': '2011战斗大师快拔枪套带灯下挂战术手电UDL P8M N8弹夹套TTI塔兰-淘宝网'}]",Active,Active,2011 Quick-Draw Holster Light-Bearing,2011 Quick-Draw Holster Light-Bearing,,,,,,,Yes,True,10,10,01/05/2026 16:57,"{'date': '01/05/2026', 'date_formatted': '01/05/2026', 'hours': '04', 'minutes': '57', 'am_pm': 'PM', 'unix_timestamp': 1767632220000, 'iso_timestamp': '2026-01-05T16:57:00.000Z', 'timestamp': '01/05/2026 04:57 pm', 'time': 1017, 'time_formatted': '16:57', 'proper_unix_timestamp': 1767650220000, 'proper_iso_timestamp': '2026-01-05T21:57:00.000Z'}",01/05/2026 16:57,"{'date': '01/05/2026', 'date_formatted': '01/05/2026', 'hours': '04', 'minutes': '57', 'am_pm': 'PM', 'unix_timestamp': 1767632220000, 'iso_timestamp': '2026-01-05T16:57:00.000Z', 'timestamp': '01/05/2026 04:57 pm', 'time': 1017, 'time_formatted': '16:57', 'proper_unix_timestamp': 1767650220000, 'proper_iso_timestamp': '2026-01-05T21:57:00.000Z'}",Style,Style,2011 Quick-Draw Holster Light-Bearing,2011 Quick-Draw Holster Light-Bearing,,,,,58,58,$30.00,30,No,False,,,,,27.99,27.99,,,30.30,30.3,13.60,13.6,No,False,,,Yes,True,,,,,,,$30.00,30,$16.72,16.72,No,False
695c33b5ce97e160f9748ba9,"<span class=""695c32d5713127c9646e996e"" data-kn=""connection-value"">2011战斗大师快拔枪套带灯下挂战术手电UDL P8M N8弹夹套TTI塔兰-淘宝网</span>","[{'id': '695c32d5713127c9646e996e', 'identifier': '2011战斗大师快拔枪套带灯下挂战术手电UDL P8M N8弹夹套TTI塔兰-淘宝网'}]",Archive,Archive,Outer Belt + 2011 Quick-Draw Holster Light-Bearing,Outer Belt + 2011 Quick-Draw Holster Light-Bearing,,,,,,,Yes,True,4,4,01/05/2026 16:57,"{'date': '01/05/2026', 'date_formatted': '01/05/2026', 'hours': '04', 'minutes': '57', 'am_pm': 'PM', 'unix_timestamp': 1767632220000, 'iso_timestamp': '2026-01-05T16:57:00.000Z', 'timestamp': '01/05/2026 04:57 pm', 'time': 1017, 'time_formatted': '16:57', 'proper_unix_timestamp': 1767650220000, 'proper_iso_timestamp': '2026-01-05T21:57:00.000Z'}",01/05/2026 16:57,"{'date': '01/05/2026', 'date_formatted': '01/05/2026', 'hours': '04', 'minutes': '57', 'am_pm': 'PM', 'unix_timestamp': 1767632220000, 'iso_timestamp': '2026-01-05T16:57:00.000Z', 'timestamp': '01/05/2026 04:57 pm', 'time': 1017, 'time_formatted': '16:57', 'proper_unix_timestamp': 1767650220000, 'proper_iso_timestamp': '2026-01-05T21:57:00.000Z'}",Style,Style,Outer Belt + 2011 Quick-Draw Holster Light-Bearing,Outer Belt + 2011 Quick-Draw Holster Light-Bearing,,,,,70,70,$30.00,30,No,False,,,,,31.99,31.99,,,30.60,30.6,14.00,14,No,False,,,Yes,True,,,,,,,$30.00,30,$19.00,19,No,False
695c33b46e9e39d7e382991b,"<span class=""695c32d5713127c9646e996e"" data-kn=""connection-value"">2011战斗大师快拔枪套带灯下挂战术手电UDL P8M N8弹夹套TTI塔兰-淘宝网</span>","[{'id': '695c32d5713127c9646e996e', 'identifier': '2011战斗大师快拔枪套带灯下挂战术手电UDL P8M N8弹夹套TTI塔兰-淘宝网'}]",Archive,Archive,Outer Belt + 2011 Quick-Draw Holster Light-Bearing + Single Magazine Pouch,Outer Belt + 2011 Quick-Draw Holster Light-Bearing + Single Magazine Pouch,,,,,,,Yes,True,7,7,01/05/2026 16:57,"{'date': '01/05/2026', 'date_formatted': '01/05/2026', 'hours': '04', 'minutes': '57', 'am_pm': 'PM', 'unix_timestamp': 1767632220000, 'iso_timestamp': '2026-01-05T16:57:00.000Z', 'timestamp': '01/05/2026 04:57 pm', 'time': 1017, 'time_formatted': '16:57', 'proper_unix_timestamp': 1767650220000, 'proper_iso_timestamp': '2026-01-05T21:57:00.000Z'}",01/05/2026 16:57,"{'date': '01/05/2026', 'date_formatted': '01/05/2026', 'hours': '04', 'minutes': '57', 'am_pm': 'PM', 'unix_timestamp': 1767632220000, 'iso_timestamp': '2026-01-05T16:57:00.000Z', 'timestamp': '01/05/2026 04:57 pm', 'time': 1017, 'time_formatted': '16:57', 'proper_unix_timestamp': 1767650220000, 'proper_iso_timestamp': '2026-01-05T21:57:00.000Z'}",Style,Style,Outer Belt + 2011 Quick-Draw Holster Light-Bearing + Single Magazine Pouch,Outer Belt + 2011 Quick-Draw Holster Light-Bearing + Single Magazine Pouch,,,,,88,88,$30.00,30,No,False,,,,,36.99,36.99,,,29.40,29.4,12.70,12.7,No,False,,,Yes,True,,,,,,,$30.00,30,$22.42,22.42,No,False
695c33b4713127c964778a3b,"<span class=""695c32d5713127c9646e996e"" data-kn=""connection-value"">2011战斗大师快拔枪套带灯下挂战术手电UDL P8M N8弹夹套TTI塔兰-淘宝网</span>","[{'id': '695c32d5713127c9646e996e', 'identifier': '2011战斗大师快拔枪套带灯下挂战术手电UDL P8M N8弹夹套TTI塔兰-淘宝网'}]",Archive,Archive,Outer Belt + 2011 Quick-Draw Holster Light-Bearing + Double Magazine Pouch,Outer Belt + 2011 Quick-Draw Holster Light-Bearing + Double Magazine Pouch,,,,,,,Yes,True,9,9,01/05/2026 16:57,"{'date': '01/05/2026', 'date_formatted': '01/05/2026', 'hours': '04', 'minutes': '57', 'am_pm': 'PM', 'unix_timestamp': 1767632220000, 'iso_timestamp': '2026-01-05T16:57:00.000Z', 'timestamp': '01/05/2026 04:57 pm', 'time': 1017, 'time_formatted': '16:57', 'proper_unix_timestamp': 1767650220000, 'proper_iso_timestamp': '2026-01-05T21:57:00.000Z'}",01/05/2026 16:57,"{'date': '01/05/2026', 'date_formatted': '01/05/2026', 'hours': '04', 'minutes': '57', 'am_pm': 'PM', 'unix_timestamp': 1767632220000, 'iso_timestamp': '2026-01-05T16:57:00.000Z', 'timestamp': '01/05/2026 04:57 pm', 'time': 1017, 'time_formatted': '16:57', 'proper_unix_timestamp': 1767650220000, 'proper_iso_timestamp': '2026-01-05T21:57:00.000Z'}",Style,Style,Outer Belt + 2011 Quick-Draw Holster Light-Bearing + Double Magazine Pouch,Outer Belt + 2011 Quick-Draw Holster Light-Bearing + Double Magazine Pouch,,,,,106,106,$30.00,30,No,False,,,,,42.99,42.99,,,29.90,29.9,13.20,13.2,No,False,,,Yes,True,,,,,,,$30.00,30,$25.84,25.84,No,False
695c33b34e794334fd56bfff,"<span class=""695c32d5713127c9646e996e"" data-kn=""connection-value"">2011战斗大师快拔枪套带灯下挂战术手电UDL P8M N8弹夹套TTI塔兰-淘宝网</span>","[{'id': '695c32d5713127c9646e996e', 'identifier': '2011战斗大师快拔枪套带灯下挂战术手电UDL P8M N8弹夹套TTI塔兰-淘宝网'}]",Archive,Archive,Outer Belt,Outer Belt,,,,,,,Yes,True,1,1,01/05/2026 16:57,"{'date': '01/05/2026', 'date_formatted': '01/05/2026', 'hours': '04', 'minutes': '57', 'am_pm': 'PM', 'unix_timestamp': 1767632220000, 'iso_timestamp': '2026-01-05T16:57:00.000Z', 'timestamp': '01/05/2026 04:57 pm', 'time': 1017, 'time_formatted': '16:57', 'proper_unix_timestamp': 1767650220000, 'proper_iso_timestamp': '2026-01-05T21:57:00.000Z'}",01/05/2026 16:57,"{'date': '01/05/2026', 'date_formatted': '01/05/2026', 'hours': '04', 'minutes': '57', 'am_pm': 'PM', 'unix_timestamp': 1767632220000, 'iso_timestamp': '2026-01-05T16:57:00.000Z', 'timestamp': '01/05/2026 04:57 pm', 'time': 1017, 'time_formatted': '16:57', 'proper_unix_timestamp': 1767650220000, 'proper_iso_timestamp': '2026-01-05T21:57:00.000Z'}",Style,Style,Outer Belt,Outer Belt,,,,,12,12,$30.00,30,No,False,,,,,12.99,12.99,,,28.60,28.6,11.70,11.7,No,False,,,Yes,True,,,,,,,$30.00,30,$7.98,7.98,No,False
695c33b37051e7c103520746,"<span class=""695c32d5713127c9646e996e"" data-kn=""connection-value"">2011战斗大师快拔枪套带灯下挂战术手电UDL P8M N8弹夹套TTI塔兰-淘宝网</span>","[{'id': '695c32d5713127c9646e996e', 'identifier': '2011战斗大师快拔枪套带灯下挂战术手电UDL P8M N8弹夹套TTI塔兰-淘宝网'}]",Active,Active,2011 Thigh-Mounted Holster Light-Bearing,2011 Thigh-Mounted Holster Light-Bearing,,,,,,,Yes,True,8,8,01/05/2026 16:57,"{'date': '01/05/2026', 'date_formatted': '01/05/2026', 'hours': '04', 'minutes': '57', 'am_pm': 'PM', 'unix_timestamp': 1767632220000, 'iso_timestamp': '2026-01-05T16:57:00.000Z', 'timestamp': '01/05/2026 04:57 pm', 'time': 1017, 'time_formatted': '16:57', 'proper_unix_timestamp': 1767650220000, 'proper_iso_timestamp': '2026-01-05T21:57:00.000Z'}",01/05/2026 16:57,"{'date': '01/05/2026', 'date_formatted': '01/05/2026', 'hours': '04', 'minutes': '57', 'am_pm': 'PM', 'unix_timestamp': 1767632220000, 'iso_timestamp': '2026-01-05T16:57:00.000Z', 'timestamp': '01/05/2026 04:57 pm', 'time': 1017, 'time_formatted': '16:57', 'proper_unix_timestamp': 1767650220000, 'proper_iso_timestamp': '2026-01-05T21:57:00.000Z'}",Style,Style,2011 Thigh-Mounted Holster Light-Bearing,2011 Thigh-Mounted Holster Light-Bearing,,,,,98,98,$30.00,30,No,False,,,,,40.99,40.99,,,30.70,30.7,14.10,14.1,No,False,,,Yes,True,,,,,,,$30.00,30,$24.32,24.32,No,False
695c33b3713127c9647771d7,"<span class=""695c32d5713127c9646e996e"" data-kn=""connection-value"">2011战斗大师快拔枪套带灯下挂战术手电UDL P8M N8弹夹套TTI塔兰-淘宝网</span>","[{'id': '695c32d5713127c9646e996e', 'identifier': '2011战斗大师快拔枪套带灯下挂战术手电UDL P8M N8弹夹套TTI塔兰-淘宝网'}]",Active,Active,2011 Waist MOLLE Belt Holster Light-Bearing,2011 Waist MOLLE Belt Holster Light-Bearing,,,,,,,Yes,True,5,5,01/05/2026 16:57,"{'date': '01/05/2026', 'date_formatted': '01/05/2026', 'hours': '04', 'minutes': '57', 'am_pm': 'PM', 'unix_timestamp': 1767632220000, 'iso_timestamp': '2026-01-05T16:57:00.000Z', 'timestamp': '01/05/2026 04:57 pm', 'time': 1017, 'time_formatted': '16:57', 'proper_unix_timestamp': 1767650220000, 'proper_iso_timestamp': '2026-01-05T21:57:00.000Z'}",01/05/2026 16:57,"{'date': '01/05/2026', 'date_formatted': '01/05/2026', 'hours': '04', 'minutes': '57', 'am_pm': 'PM', 'unix_timestamp': 1767632220000, 'iso_timestamp': '2026-01-05T16:57:00.000Z', 'timestamp': '01/05/2026 04:57 pm', 'time': 1017, 'time_formatted': '16:57', 'proper_unix_timestamp': 1767650220000, 'proper_iso_timestamp': '2026-01-05T21:57:00.000Z'}",Style,Style,2011 Waist MOLLE Belt Holster Light-Bearing,2011 Waist MOLLE Belt Holster Light-Bearing,,,,,78,78,$30.00,30,No,False,,,,,33.99,33.99,,,29.60,29.6,12.90,12.9,No,False,,,Yes,True,,,,,,,$30.00,30,$20.52,20.52,No,False
695c33b21e9722c9bf055437,"<span class=""695c32d5713127c9646e996e"" data-kn=""connection-value"">2011战斗大师快拔枪套带灯下挂战术手电UDL P8M N8弹夹套TTI塔兰-淘宝网</span>","[{'id': '695c32d5713127c9646e996e', 'identifier': '2011战斗大师快拔枪套带灯下挂战术手电UDL P8M N8弹夹套TTI塔兰-淘宝网'}]",Active,Active,2011 Waist MOLLE Belt + Leg Straps,2011 Waist MOLLE Belt + Leg Straps,,,,,,,Yes,True,6,6,01/05/2026 16:57,"{'date': '01/05/2026', 'date_formatted': '01/05/2026', 'hours': '04', 'minutes': '57', 'am_pm': 'PM', 'unix_timestamp': 1767632220000, 'iso_timestamp': '2026-01-05T16:57:00.000Z', 'timestamp': '01/05/2026 04:57 pm', 'time': 1017, 'time_formatted': '16:57', 'proper_unix_timestamp': 1767650220000, 'proper_iso_timestamp': '2026-01-05T21:57:00.000Z'}",01/05/2026 16:57,"{'date': '01/05/2026', 'date_formatted': '01/05/2026', 'hours': '04', 'minutes': '57', 'am_pm': 'PM', 'unix_timestamp': 1767632220000, 'iso_timestamp': '2026-01-05T16:57:00.000Z', 'timestamp': '01/05/2026 04:57 pm', 'time': 1017, 'time_formatted': '16:57', 'proper_unix_timestamp': 1767650220000, 'proper_iso_timestamp': '2026-01-05T21:57:00.000Z'}",Style,Style,2011 Waist MOLLE Belt + Leg Straps,2011 Waist MOLLE Belt + Leg Straps,,,,,88,88,$30.00,30,No,False,,,,,36.99,36.99,,,29.40,29.4,12.70,12.7,No,False,,,Yes,True,,,,,,,$30.00,30,$22.42,22.42,No,False
695c33b28b911985b12ca582,"<span class=""695c32d9f2f2b855f35d6ba2"" data-kn=""connection-value"">ARSON MACHINE电筒PEQ鼠尾开关金属卡槽导轨固定器线夹铝制导线-淘宝网</span>","[{'id': '695c32d9f2f2b855f35d6ba2', 'identifier': 'ARSON MACHINE电筒PEQ鼠尾开关金属卡槽导轨固定器线夹铝制导线-淘宝网'}]",Unprofitable,Unprofitable,20MM Rail Cable Organizer Green 3 Pieces,20MM Rail Cable Organizer Green 3 Pieces,,,,,,,Yes,True,12,12,01/05/2026 16:57,"{'date': '01/05/2026', 'date_formatted': '01/05/2026', 'hours': '04', 'minutes': '57', 'am_pm': 'PM', 'unix_timestamp': 1767632220000, 'iso_timestamp': '2026-01-05T16:57:00.000Z', 'timestamp': '01/05/2026 04:57 pm', 'time': 1017, 'time_formatted': '16:57', 'proper_unix_timestamp': 1767650220000, 'proper_iso_timestamp': '2026-01-05T21:57:00.000Z'}",01/05/2026 16:57,"{'date': '01/05/2026', 'date_formatted': '01/05/2026', 'hours': '04', 'minutes': '57', 'am_pm': 'PM', 'unix_timestamp': 1767632220000, 'iso_timestamp': '2026-01-05T16:57:00.000Z', 'timestamp': '01/05/2026 04:57 pm', 'time': 1017, 'time_formatted': '16:57', 'proper_unix_timestamp': 1767650220000, 'proper_iso_timestamp': '2026-01-05T21:57:00.000Z'}",Color,Color,Green,Green,,,,,25,25,$30.00,30,No,False,,,,,16.99,16.99,,,28.50,28.5,11.70,11.7,No,False,,,Yes,True,,,,,,,$30.00,30,$10.45,10.45,No,False
695c33b2a1a721525012d05b,"<span class=""695c32d9f2f2b855f35d6ba2"" data-kn=""connection-value"">ARSON MACHINE电筒PEQ鼠尾开关金属卡槽导轨固定器线夹铝制导线-淘宝网</span>","[{'id': '695c32d9f2f2b855f35d6ba2', 'identifier': 'ARSON MACHINE电筒PEQ鼠尾开关金属卡槽导轨固定器线夹铝制导线-淘宝网'}]",Unprofitable,Unprofitable,20MM Rail Cable Organizer Black 1 Piece,20MM Rail Cable Organizer Black 1 Piece,,,,,,,Yes,True,11,11,01/05/2026 16:57,"{'date': '01/05/2026', 'date_formatted': '01/05/2026', 'hours': '04', 'minutes': '57', 'am_pm': 'PM', 'unix_timestamp': 1767632220000, 'iso_timestamp': '2026-01-05T16:57:00.000Z', 'timestamp': '01/05/2026 04:57 pm', 'time': 1017, 'time_formatted': '16:57', 'proper_unix_timestamp': 1767650220000, 'proper_iso_timestamp': '2026-01-05T21:57:00.000Z'}",01/05/2026 16:57,"{'date': '01/05/2026', 'date_formatted': '01/05/2026', 'hours': '04', 'minutes': '57', 'am_pm': 'PM', 'unix_timestamp': 1767632220000, 'iso_timestamp': '2026-01-05T16:57:00.000Z', 'timestamp': '01/05/2026 04:57 pm', 'time': 1017, 'time_formatted': '16:57', 'proper_unix_timestamp': 1767650220000, 'proper_iso_timestamp': '2026-01-05T21:57:00.000Z'}",Color,Color,Black,Black,,,,,9,9,$30.00,30,No,False,,,,,11.99,11.99,,,28.20,28.2,11.30,11.3,No,False,,,Yes,True,,,,,,,$30.00,30,$7.41,7.41,No,False
695c33b14e794334fd56a87e,"<span class=""695c32d9f2f2b855f35d6ba2"" data-kn=""connection-value"">ARSON MACHINE电筒PEQ鼠尾开关金属卡槽导轨固定器线夹铝制导线-淘宝网</span>","[{'id': '695c32d9f2f2b855f35d6ba2', 'identifier': 'ARSON MACHINE电筒PEQ鼠尾开关金属卡槽导轨固定器线夹铝制导线-淘宝网'}]",Unprofitable,Unprofitable,20MM Rail Cable Organizer Sand 1 Piece,20MM Rail Cable Organizer Sand 1 Piece,,,,,,,Yes,True,10,10,01/05/2026 16:57,"{'date': '01/05/2026', 'date_formatted': '01/05/2026', 'hours': '04', 'minutes': '57', 'am_pm': 'PM', 'unix_timestamp': 1767632220000, 'iso_timestamp': '2026-01-05T16:57:00.000Z', 'timestamp': '01/05/2026 04:57 pm', 'time': 1017, 'time_formatted': '16:57', 'proper_unix_timestamp': 1767650220000, 'proper_iso_timestamp': '2026-01-05T21:57:00.000Z'}",01/05/2026 16:57,"{'date': '01/05/2026', 'date_formatted': '01/05/2026', 'hours': '04', 'minutes': '57', 'am_pm': 'PM', 'unix_timestamp': 1767632220000, 'iso_timestamp': '2026-01-05T16:57:00.000Z', 'timestamp': '01/05/2026 04:57 pm', 'time': 1017, 'time_formatted': '16:57', 'proper_unix_timestamp': 1767650220000, 'proper_iso_timestamp': '2026-01-05T21:57:00.000Z'}",Style,Style,20MM Rail Cable Organizer Sand 1 Piece,20MM Rail Cable Organizer Sand 1 Piece,,,,,9,9,$30.00,30,No,False,,,,,11.99,11.99,,,28.20,28.2,11.30,11.3,No,False,,,Yes,True,,,,,,,$30.00,30,$7.41,7.41,No,False
695c33b1bd3270258c45dc92,"<span class=""695c32d9f2f2b855f35d6ba2"" data-kn=""connection-value"">ARSON MACHINE电筒PEQ鼠尾开关金属卡槽导轨固定器线夹铝制导线-淘宝网</span>","[{'id': '695c32d9f2f2b855f35d6ba2', 'identifier': 'ARSON MACHINE电筒PEQ鼠尾开关金属卡槽导轨固定器线夹铝制导线-淘宝网'}]",Unprofitable,Unprofitable,20MM Rail Cable Organizer Red 1 Piece,20MM Rail Cable Organizer Red 1 Piece,,,,,,,Yes,True,9,9,01/05/2026 16:57,"{'date': '01/05/2026', 'date_formatted': '01/05/2026', 'hours': '04', 'minutes': '57', 'am_pm': 'PM', 'unix_timestamp': 1767632220000, 'iso_timestamp': '2026-01-05T16:57:00.000Z', 'timestamp': '01/05/2026 04:57 pm', 'time': 1017, 'time_formatted': '16:57', 'proper_unix_timestamp': 1767650220000, 'proper_iso_timestamp': '2026-01-05T21:57:00.000Z'}",01/05/2026 16:57,"{'date': '01/05/2026', 'date_formatted': '01/05/2026', 'hours': '04', 'minutes': '57', 'am_pm': 'PM', 'unix_timestamp': 1767632220000, 'iso_timestamp': '2026-01-05T16:57:00.000Z', 'timestamp': '01/05/2026 04:57 pm', 'time': 1017, 'time_formatted': '16:57', 'proper_unix_timestamp': 1767650220000, 'proper_iso_timestamp': '2026-01-05T21:57:00.000Z'}",Color,Color,Red,Red,,,,,9,9,$30.00,30,No,False,,,,,11.99,11.99,,,28.20,28.2,11.30,11.3,No,False,,,Yes,True,,,,,,,$30.00,30,$7.41,7.41,No,False
695c33b13b00921b6a910ed7,"<span class=""695c32d9f2f2b855f35d6ba2"" data-kn=""connection-value"">ARSON MACHINE电筒PEQ鼠尾开关金属卡槽导轨固定器线夹铝制导线-淘宝网</span>","[{'id': '695c32d9f2f2b855f35d6ba2', 'identifier': 'ARSON MACHINE电筒PEQ鼠尾开关金属卡槽导轨固定器线夹铝制导线-淘宝网'}]",Unprofitable,Unprofitable,20MM Rail Cable Organizer Blue 1 Piece,20MM Rail Cable Organizer Blue 1 Piece,,,,,,,Yes,True,8,8,01/05/2026 16:57,"{'date': '01/05/2026', 'date_formatted': '01/05/2026', 'hours': '04', 'minutes': '57', 'am_pm': 'PM', 'unix_timestamp': 1767632220000, 'iso_timestamp': '2026-01-05T16:57:00.000Z', 'timestamp': '01/05/2026 04:57 pm', 'time': 1017, 'time_formatted': '16:57', 'proper_unix_timestamp': 1767650220000, 'proper_iso_timestamp': '2026-01-05T21:57:00.000Z'}",01/05/2026 16:57,"{'date': '01/05/2026', 'date_formatted': '01/05/2026', 'hours': '04', 'minutes': '57', 'am_pm': 'PM', 'unix_timestamp': 1767632220000, 'iso_timestamp': '2026-01-05T16:57:00.000Z', 'timestamp': '01/05/2026 04:57 pm', 'time': 1017, 'time_formatted': '16:57', 'proper_unix_timestamp': 1767650220000, 'proper_iso_timestamp': '2026-01-05T21:57:00.000Z'}",Color,Color,Blue,Blue,,,,,9,9,$30.00,30,No,False,,,,,11.99,11.99,,,28.20,28.2,11.30,11.3,No,False,,,Yes,True,,,,,,,$30.00,30,$7.41,7.41,No,False
695c33b03b63f2dd235d74ec,"<span class=""695c32d9f2f2b855f35d6ba2"" data-kn=""connection-value"">ARSON MACHINE电筒PEQ鼠尾开关金属卡槽导轨固定器线夹铝制导线-淘宝网</span>","[{'id': '695c32d9f2f2b855f35d6ba2', 'identifier': 'ARSON MACHINE电筒PEQ鼠尾开关金属卡槽导轨固定器线夹铝制导线-淘宝网'}]",Unprofitable,Unprofitable,20MM Rail Cable Organizer Green 1 Piece,20MM Rail Cable Organizer Green 1 Piece,,,,,,,Yes,True,7,7,01/05/2026 16:57,"{'date': '01/05/2026', 'date_formatted': '01/05/2026', 'hours': '04', 'minutes': '57', 'am_pm': 'PM', 'unix_timestamp': 1767632220000, 'iso_timestamp': '2026-01-05T16:57:00.000Z', 'timestamp': '01/05/2026 04:57 pm', 'time': 1017, 'time_formatted': '16:57', 'proper_unix_timestamp': 1767650220000, 'proper_iso_timestamp': '2026-01-05T21:57:00.000Z'}",01/05/2026 16:57,"{'date': '01/05/2026', 'date_formatted': '01/05/2026', 'hours': '04', 'minutes': '57', 'am_pm': 'PM', 'unix_timestamp': 1767632220000, 'iso_timestamp': '2026-01-05T16:57:00.000Z', 'timestamp': '01/05/2026 04:57 pm', 'time': 1017, 'time_formatted': '16:57', 'proper_unix_timestamp': 1767650220000, 'proper_iso_timestamp': '2026-01-05T21:57:00.000Z'}",Color,Color,Green,Green,,,,,9,9,$30.00,30,No,False,,,,,11.99,11.99,,,28.20,28.2,11.30,11.3,No,False,,,Yes,True,,,,,,,$30.00,30,$7.41,7.41,No,False
695c33b077fe252e9b1ded15,"<span class=""695c32d9f2f2b855f35d6ba2"" data-kn=""connection-value"">ARSON MACHINE电筒PEQ鼠尾开关金属卡槽导轨固定器线夹铝制导线-淘宝网</span>","[{'id': '695c32d9f2f2b855f35d6ba2', 'identifier': 'ARSON MACHINE电筒PEQ鼠尾开关金属卡槽导轨固定器线夹铝制导线-淘宝网'}]",Unprofitable,Unprofitable,20MM Rail Cable Organizer Black 3 Pieces,20MM Rail Cable Organizer Black 3 Pieces,,,,,,,Yes,True,6,6,01/05/2026 16:57,"{'date': '01/05/2026', 'date_formatted': '01/05/2026', 'hours': '04', 'minutes': '57', 'am_pm': 'PM', 'unix_timestamp': 1767632220000, 'iso_timestamp': '2026-01-05T16:57:00.000Z', 'timestamp': '01/05/2026 04:57 pm', 'time': 1017, 'time_formatted': '16:57', 'proper_unix_timestamp': 1767650220000, 'proper_iso_timestamp': '2026-01-05T21:57:00.000Z'}",01/05/2026 16:57,"{'date': '01/05/2026', 'date_formatted': '01/05/2026', 'hours': '04', 'minutes': '57', 'am_pm': 'PM', 'unix_timestamp': 1767632220000, 'iso_timestamp': '2026-01-05T16:57:00.000Z', 'timestamp': '01/05/2026 04:57 pm', 'time': 1017, 'time_formatted': '16:57', 'proper_unix_timestamp': 1767650220000, 'proper_iso_timestamp': '2026-01-05T21:57:00.000Z'}",Color,Color,Black,Black,,,,,25,25,$30.00,30,No,False,,,,,16.99,16.99,,,28.50,28.5,11.70,11.7,No,False,,,Yes,True,,,,,,,$30.00,30,$10.45,10.45,No,False
695c33af913f62399ce865bc,"<span class=""695c32d9f2f2b855f35d6ba2"" data-kn=""connection-value"">ARSON MACHINE电筒PEQ鼠尾开关金属卡槽导轨固定器线夹铝制导线-淘宝网</span>","[{'id': '695c32d9f2f2b855f35d6ba2', 'identifier': 'ARSON MACHINE电筒PEQ鼠尾开关金属卡槽导轨固定器线夹铝制导线-淘宝网'}]",Unprofitable,Unprofitable,20MM Rail Cable Organizer Sand 3 Pieces,20MM Rail Cable Organizer Sand 3 Pieces,,,,,,,Yes,True,5,5,01/05/2026 16:57,"{'date': '01/05/2026', 'date_formatted': '01/05/2026', 'hours': '04', 'minutes': '57', 'am_pm': 'PM', 'unix_timestamp': 1767632220000, 'iso_timestamp': '2026-01-05T16:57:00.000Z', 'timestamp': '01/05/2026 04:57 pm', 'time': 1017, 'time_formatted': '16:57', 'proper_unix_timestamp': 1767650220000, 'proper_iso_timestamp': '2026-01-05T21:57:00.000Z'}",01/05/2026 16:57,"{'date': '01/05/2026', 'date_formatted': '01/05/2026', 'hours': '04', 'minutes': '57', 'am_pm': 'PM', 'unix_timestamp': 1767632220000, 'iso_timestamp': '2026-01-05T16:57:00.000Z', 'timestamp': '01/05/2026 04:57 pm', 'time': 1017, 'time_formatted': '16:57', 'proper_unix_timestamp': 1767650220000, 'proper_iso_timestamp': '2026-01-05T21:57:00.000Z'}",Style,Style,20MM Rail Cable Organizer Sand 3 Pieces,20MM Rail Cable Organizer Sand 3 Pieces,,,,,25,25,$30.00,30,No,False,,,,,16.99,16.99,,,28.50,28.5,11.70,11.7,No,False,,,Yes,True,,,,,,,$30.00,30,$10.45,10.45,No,False
695c33afbde2c63e6cb5defb,"<span class=""695c32d9f2f2b855f35d6ba2"" data-kn=""connection-value"">ARSON MACHINE电筒PEQ鼠尾开关金属卡槽导轨固定器线夹铝制导线-淘宝网</span>","[{'id': '695c32d9f2f2b855f35d6ba2', 'identifier': 'ARSON MACHINE电筒PEQ鼠尾开关金属卡槽导轨固定器线夹铝制导线-淘宝网'}]",Unprofitable,Unprofitable,20MM Rail Cable Organizer Red 3 Pieces,20MM Rail Cable Organizer Red 3 Pieces,,,,,,,Yes,True,4,4,01/05/2026 16:57,"{'date': '01/05/2026', 'date_formatted': '01/05/2026', 'hours': '04', 'minutes': '57', 'am_pm': 'PM', 'unix_timestamp': 1767632220000, 'iso_timestamp': '2026-01-05T16:57:00.000Z', 'timestamp': '01/05/2026 04:57 pm', 'time': 1017, 'time_formatted': '16:57', 'proper_unix_timestamp': 1767650220000, 'proper_iso_timestamp': '2026-01-05T21:57:00.000Z'}",01/05/2026 16:57,"{'date': '01/05/2026', 'date_formatted': '01/05/2026', 'hours': '04', 'minutes': '57', 'am_pm': 'PM', 'unix_timestamp': 1767632220000, 'iso_timestamp': '2026-01-05T16:57:00.000Z', 'timestamp': '01/05/2026 04:57 pm', 'time': 1017, 'time_formatted': '16:57', 'proper_unix_timestamp': 1767650220000, 'proper_iso_timestamp': '2026-01-05T21:57:00.000Z'}",Color,Color,Red,Red,,,,,25,25,$30.00,30,No,False,,,,,16.99,16.99,,,28.50,28.5,11.70,11.7,No,False,,,Yes,True,,,,,,,$30.00,30,$10.45,10.45,No,False
695c33af4e794334fd569681,"<span class=""695c32d9f2f2b855f35d6ba2"" data-kn=""connection-value"">ARSON MACHINE电筒PEQ鼠尾开关金属卡槽导轨固定器线夹铝制导线-淘宝网</span>","[{'id': '695c32d9f2f2b855f35d6ba2', 'identifier': 'ARSON MACHINE电筒PEQ鼠尾开关金属卡槽导轨固定器线夹铝制导线-淘宝网'}]",Unprofitable,Unprofitable,20MM Rail Cable Organizer Blue 3 Pieces,20MM Rail Cable Organizer Blue 3 Pieces,,,,,,,Yes,True,3,3,01/05/2026 16:57,"{'date': '01/05/2026', 'date_formatted': '01/05/2026', 'hours': '04', 'minutes': '57', 'am_pm': 'PM', 'unix_timestamp': 1767632220000, 'iso_timestamp': '2026-01-05T16:57:00.000Z', 'timestamp': '01/05/2026 04:57 pm', 'time': 1017, 'time_formatted': '16:57', 'proper_unix_timestamp': 1767650220000, 'proper_iso_timestamp': '2026-01-05T21:57:00.000Z'}",01/05/2026 16:57,"{'date': '01/05/2026', 'date_formatted': '01/05/2026', 'hours': '04', 'minutes': '57', 'am_pm': 'PM', 'unix_timestamp': 1767632220000, 'iso_timestamp': '2026-01-05T16:57:00.000Z', 'timestamp': '01/05/2026 04:57 pm', 'time': 1017, 'time_formatted': '16:57', 'proper_unix_timestamp': 1767650220000, 'proper_iso_timestamp': '2026-01-05T21:57:00.000Z'}",Color,Color,Blue,Blue,,,,,25,25,$30.00,30,No,False,,,,,16.99,16.99,,,28.50,28.5,11.70,11.7,No,False,,,Yes,True,,,,,,,$30.00,30,$10.45,10.45,No,False
695c33ae37eef90c93b56d8f,"<span class=""695c32d9f2f2b855f35d6ba2"" data-kn=""connection-value"">ARSON MACHINE电筒PEQ鼠尾开关金属卡槽导轨固定器线夹铝制导线-淘宝网</span>","[{'id': '695c32d9f2f2b855f35d6ba2', 'identifier': 'ARSON MACHINE电筒PEQ鼠尾开关金属卡槽导轨固定器线夹铝制导线-淘宝网'}]",Unprofitable,Unprofitable,20MM Rail Cable Organizer Green 3 Pieces,20MM Rail Cable Organizer Green 3 Pieces,,,,,,,Yes,True,2,2,01/05/2026 16:57,"{'date': '01/05/2026', 'date_formatted': '01/05/2026', 'hours': '04', 'minutes': '57', 'am_pm': 'PM', 'unix_timestamp': 1767632220000, 'iso_timestamp': '2026-01-05T16:57:00.000Z', 'timestamp': '01/05/2026 04:57 pm', 'time': 1017, 'time_formatted': '16:57', 'proper_unix_timestamp': 1767650220000, 'proper_iso_timestamp': '2026-01-05T21:57:00.000Z'}",01/05/2026 16:57,"{'date': '01/05/2026', 'date_formatted': '01/05/2026', 'hours': '04', 'minutes': '57', 'am_pm': 'PM', 'unix_timestamp': 1767632220000, 'iso_timestamp': '2026-01-05T16:57:00.000Z', 'timestamp': '01/05/2026 04:57 pm', 'time': 1017, 'time_formatted': '16:57', 'proper_unix_timestamp': 1767650220000, 'proper_iso_timestamp': '2026-01-05T21:57:00.000Z'}",Color,Color,Green,Green,,,,,25,25,$30.00,30,No,False,,,,,16.99,16.99,,,28.50,28.5,11.70,11.7,No,False,,,Yes,True,,,,,,,$30.00,30,$10.45,10.45,No,False
695c33aebd3270258c45a348,"<span class=""695c32d9f2f2b855f35d6ba2"" data-kn=""connection-value"">ARSON MACHINE电筒PEQ鼠尾开关金属卡槽导轨固定器线夹铝制导线-淘宝网</span>","[{'id': '695c32d9f2f2b855f35d6ba2', 'identifier': 'ARSON MACHINE电筒PEQ鼠尾开关金属卡槽导轨固定器线夹铝制导线-淘宝网'}]",Unprofitable,Unprofitable,20MM Rail Cable Organizer Mixed Color 5 Pieces,20MM Rail Cable Organizer Mixed Color 5 Pieces,,,,,,,Yes,True,1,1,01/05/2026 16:57,"{'date': '01/05/2026', 'date_formatted': '01/05/2026', 'hours': '04', 'minutes': '57', 'am_pm': 'PM', 'unix_timestamp': 1767632220000, 'iso_timestamp': '2026-01-05T16:57:00.000Z', 'timestamp': '01/05/2026 04:57 pm', 'time': 1017, 'time_formatted': '16:57', 'proper_unix_timestamp': 1767650220000, 'proper_iso_timestamp': '2026-01-05T21:57:00.000Z'}",01/05/2026 16:57,"{'date': '01/05/2026', 'date_formatted': '01/05/2026', 'hours': '04', 'minutes': '57', 'am_pm': 'PM', 'unix_timestamp': 1767632220000, 'iso_timestamp': '2026-01-05T16:57:00.000Z', 'timestamp': '01/05/2026 04:57 pm', 'time': 1017, 'time_formatted': '16:57', 'proper_unix_timestamp': 1767650220000, 'proper_iso_timestamp': '2026-01-05T21:57:00.000Z'}",Style,Style,20MM Rail Cable Organizer Mixed Color 5 Pieces,20MM Rail Cable Organizer Mixed Color 5 Pieces,,,,,40,40,$30.00,30,No,False,,,,,21.99,21.99,,,29.50,29.5,12.80,12.8,No,False,,,Yes,True,,,,,,,$30.00,30,$13.30,13.3,No,False
695c33ae9cd3039a8252491a,"<span class=""695c32d7fc2883b5640f6898"" data-kn=""connection-value"">MAG内置弹夹袋快拔固定板工具附件包战术背心5.56/7.62硬质内衬板-淘宝网</span>","[{'id': '695c32d7fc2883b5640f6898', 'identifier': 'MAG内置弹夹袋快拔固定板工具附件包战术背心5.56/7.62硬质内衬板-淘宝网'}]",Active,Active,Black BK Standard,Black BK Standard,,,,,,,Yes,True,2,2,01/05/2026 16:57,"{'date': '01/05/2026', 'date_formatted': '01/05/2026', 'hours': '04', 'minutes': '57', 'am_pm': 'PM', 'unix_timestamp': 1767632220000, 'iso_timestamp': '2026-01-05T16:57:00.000Z', 'timestamp': '01/05/2026 04:57 pm', 'time': 1017, 'time_formatted': '16:57', 'proper_unix_timestamp': 1767650220000, 'proper_iso_timestamp': '2026-01-05T21:57:00.000Z'}",01/05/2026 16:57,"{'date': '01/05/2026', 'date_formatted': '01/05/2026', 'hours': '04', 'minutes': '57', 'am_pm': 'PM', 'unix_timestamp': 1767632220000, 'iso_timestamp': '2026-01-05T16:57:00.000Z', 'timestamp': '01/05/2026 04:57 pm', 'time': 1017, 'time_formatted': '16:57', 'proper_unix_timestamp': 1767650220000, 'proper_iso_timestamp': '2026-01-05T21:57:00.000Z'}",Color,Color,Black,Black,Profile,Profile,Standard,Standard,10,10,$30.00,30,No,False,,,,,12.99,12.99,,,31.50,31.5,15.00,15,No,False,,,Yes,True,,,,,,,$30.00,30,$7.60,7.6,No,False
695c33ad4702b73a6464ebdd,"<span class=""695c32d7fc2883b5640f6898"" data-kn=""connection-value"">MAG内置弹夹袋快拔固定板工具附件包战术背心5.56/7.62硬质内衬板-淘宝网</span>","[{'id': '695c32d7fc2883b5640f6898', 'identifier': 'MAG内置弹夹袋快拔固定板工具附件包战术背心5.56/7.62硬质内衬板-淘宝网'}]",Active,Active,Black BK Velcro,Black BK Velcro,,,,,,,Yes,True,1,1,01/05/2026 16:57,"{'date': '01/05/2026', 'date_formatted': '01/05/2026', 'hours': '04', 'minutes': '57', 'am_pm': 'PM', 'unix_timestamp': 1767632220000, 'iso_timestamp': '2026-01-05T16:57:00.000Z', 'timestamp': '01/05/2026 04:57 pm', 'time': 1017, 'time_formatted': '16:57', 'proper_unix_timestamp': 1767650220000, 'proper_iso_timestamp': '2026-01-05T21:57:00.000Z'}",01/05/2026 16:57,"{'date': '01/05/2026', 'date_formatted': '01/05/2026', 'hours': '04', 'minutes': '57', 'am_pm': 'PM', 'unix_timestamp': 1767632220000, 'iso_timestamp': '2026-01-05T16:57:00.000Z', 'timestamp': '01/05/2026 04:57 pm', 'time': 1017, 'time_formatted': '16:57', 'proper_unix_timestamp': 1767650220000, 'proper_iso_timestamp': '2026-01-05T21:57:00.000Z'}",Color,Color,Black,Black,,,,,10,10,$30.00,30,No,False,,,,,12.99,12.99,,,31.50,31.5,15.00,15,No,False,,,Yes,True,,,,,,,$30.00,30,$7.60,7.6,No,False
695c33ad8b911985b12c5e2b,"<span class=""695c32e3aae7b5b062d04185"" data-kn=""connection-value"">户外多功能腋下通用尼龙战术配件背带快拆肩带挂绳单点式斜跨挂带-淘宝网</span>","[{'id': '695c32e3aae7b5b062d04185', 'identifier': '户外多功能腋下通用尼龙战术配件背带快拆肩带挂绳单点式斜跨挂带-淘宝网'}]",Inactive,Inactive,均码,均码,,,,,,,Yes,True,11,11,01/05/2026 16:57,"{'date': '01/05/2026', 'date_formatted': '01/05/2026', 'hours': '04', 'minutes': '57', 'am_pm': 'PM', 'unix_timestamp': 1767632220000, 'iso_timestamp': '2026-01-05T16:57:00.000Z', 'timestamp': '01/05/2026 04:57 pm', 'time': 1017, 'time_formatted': '16:57', 'proper_unix_timestamp': 1767650220000, 'proper_iso_timestamp': '2026-01-05T21:57:00.000Z'}",01/05/2026 16:57,"{'date': '01/05/2026', 'date_formatted': '01/05/2026', 'hours': '04', 'minutes': '57', 'am_pm': 'PM', 'unix_timestamp': 1767632220000, 'iso_timestamp': '2026-01-05T16:57:00.000Z', 'timestamp': '01/05/2026 04:57 pm', 'time': 1017, 'time_formatted': '16:57', 'proper_unix_timestamp': 1767650220000, 'proper_iso_timestamp': '2026-01-05T21:57:00.000Z'}",Style,Style,均码,均码,,,,,0,0,$30.00,30,No,False,,,,,0.00,0,,,0.00,0,0.00,0,No,False,,,Yes,True,,,,,,,$30.00,30,$0.00,0,No,False
695c33ad8b911985b12c5da8,"<span class=""695c32e3aae7b5b062d04185"" data-kn=""connection-value"">户外多功能腋下通用尼龙战术配件背带快拆肩带挂绳单点式斜跨挂带-淘宝网</span>","[{'id': '695c32e3aae7b5b062d04185', 'identifier': '户外多功能腋下通用尼龙战术配件背带快拆肩带挂绳单点式斜跨挂带-淘宝网'}]",Inactive,Inactive,黑色,黑色,,,,,,,Yes,True,10,10,01/05/2026 16:57,"{'date': '01/05/2026', 'date_formatted': '01/05/2026', 'hours': '04', 'minutes': '57', 'am_pm': 'PM', 'unix_timestamp': 1767632220000, 'iso_timestamp': '2026-01-05T16:57:00.000Z', 'timestamp': '01/05/2026 04:57 pm', 'time': 1017, 'time_formatted': '16:57', 'proper_unix_timestamp': 1767650220000, 'proper_iso_timestamp': '2026-01-05T21:57:00.000Z'}",01/05/2026 16:57,"{'date': '01/05/2026', 'date_formatted': '01/05/2026', 'hours': '04', 'minutes': '57', 'am_pm': 'PM', 'unix_timestamp': 1767632220000, 'iso_timestamp': '2026-01-05T16:57:00.000Z', 'timestamp': '01/05/2026 04:57 pm', 'time': 1017, 'time_formatted': '16:57', 'proper_unix_timestamp': 1767650220000, 'proper_iso_timestamp': '2026-01-05T21:57:00.000Z'}",Style,Style,黑色,黑色,,,,,0,0,$30.00,30,No,False,,,,,0.00,0,,,0.00,0,0.00,0,No,False,,,Yes,True,,,,,,,$30.00,30,$0.00,0,No,False
695c33ac3b00921b6a90e90c,"<span class=""695c32e3aae7b5b062d04185"" data-kn=""connection-value"">户外多功能腋下通用尼龙战术配件背带快拆肩带挂绳单点式斜跨挂带-淘宝网</span>","[{'id': '695c32e3aae7b5b062d04185', 'identifier': '户外多功能腋下通用尼龙战术配件背带快拆肩带挂绳单点式斜跨挂带-淘宝网'}]",Inactive,Inactive,军绿,军绿,,,,,,,Yes,True,9,9,01/05/2026 16:57,"{'date': '01/05/2026', 'date_formatted': '01/05/2026', 'hours': '04', 'minutes': '57', 'am_pm': 'PM', 'unix_timestamp': 1767632220000, 'iso_timestamp': '2026-01-05T16:57:00.000Z', 'timestamp': '01/05/2026 04:57 pm', 'time': 1017, 'time_formatted': '16:57', 'proper_unix_timestamp': 1767650220000, 'proper_iso_timestamp': '2026-01-05T21:57:00.000Z'}",01/05/2026 16:57,"{'date': '01/05/2026', 'date_formatted': '01/05/2026', 'hours': '04', 'minutes': '57', 'am_pm': 'PM', 'unix_timestamp': 1767632220000, 'iso_timestamp': '2026-01-05T16:57:00.000Z', 'timestamp': '01/05/2026 04:57 pm', 'time': 1017, 'time_formatted': '16:57', 'proper_unix_timestamp': 1767650220000, 'proper_iso_timestamp': '2026-01-05T21:57:00.000Z'}",Style,Style,军绿,军绿,,,,,0,0,$30.00,30,No,False,,,,,0.00,0,,,0.00,0,0.00,0,No,False,,,Yes,True,,,,,,,$30.00,30,$0.00,0,No,False
695c33ace3d1a0c3719a2a81,"<span class=""695c32e3aae7b5b062d04185"" data-kn=""connection-value"">户外多功能腋下通用尼龙战术配件背带快拆肩带挂绳单点式斜跨挂带-淘宝网</span>","[{'id': '695c32e3aae7b5b062d04185', 'identifier': '户外多功能腋下通用尼龙战术配件背带快拆肩带挂绳单点式斜跨挂带-淘宝网'}]",Inactive,Inactive,卡其,卡其,,,,,,,Yes,True,8,8,01/05/2026 16:57,"{'date': '01/05/2026', 'date_formatted': '01/05/2026', 'hours': '04', 'minutes': '57', 'am_pm': 'PM', 'unix_timestamp': 1767632220000, 'iso_timestamp': '2026-01-05T16:57:00.000Z', 'timestamp': '01/05/2026 04:57 pm', 'time': 1017, 'time_formatted': '16:57', 'proper_unix_timestamp': 1767650220000, 'proper_iso_timestamp': '2026-01-05T21:57:00.000Z'}",01/05/2026 16:57,"{'date': '01/05/2026', 'date_formatted': '01/05/2026', 'hours': '04', 'minutes': '57', 'am_pm': 'PM', 'unix_timestamp': 1767632220000, 'iso_timestamp': '2026-01-05T16:57:00.000Z', 'timestamp': '01/05/2026 04:57 pm', 'time': 1017, 'time_formatted': '16:57', 'proper_unix_timestamp': 1767650220000, 'proper_iso_timestamp': '2026-01-05T21:57:00.000Z'}",Style,Style,卡其,卡其,,,,,0,0,$30.00,30,No,False,,,,,0.00,0,,,0.00,0,0.00,0,No,False,,,Yes,True,,,,,,,$30.00,30,$0.00,0,No,False
695c33ab7b5e8150a9d1bfa9,"<span class=""695c32e3aae7b5b062d04185"" data-kn=""connection-value"">户外多功能腋下通用尼龙战术配件背带快拆肩带挂绳单点式斜跨挂带-淘宝网</span>","[{'id': '695c32e3aae7b5b062d04185', 'identifier': '户外多功能腋下通用尼龙战术配件背带快拆肩带挂绳单点式斜跨挂带-淘宝网'}]",Inactive,Inactive,迷彩CP,迷彩CP,,,,,,,Yes,True,7,7,01/05/2026 16:56,"{'date': '01/05/2026', 'date_formatted': '01/05/2026', 'hours': '04', 'minutes': '56', 'am_pm': 'PM', 'unix_timestamp': 1767632160000, 'iso_timestamp': '2026-01-05T16:56:00.000Z', 'timestamp': '01/05/2026 04:56 pm', 'time': 1016, 'time_formatted': '16:56', 'proper_unix_timestamp': 1767650160000, 'proper_iso_timestamp': '2026-01-05T21:56:00.000Z'}",01/05/2026 16:56,"{'date': '01/05/2026', 'date_formatted': '01/05/2026', 'hours': '04', 'minutes': '56', 'am_pm': 'PM', 'unix_timestamp': 1767632160000, 'iso_timestamp': '2026-01-05T16:56:00.000Z', 'timestamp': '01/05/2026 04:56 pm', 'time': 1016, 'time_formatted': '16:56', 'proper_unix_timestamp': 1767650160000, 'proper_iso_timestamp': '2026-01-05T21:56:00.000Z'}",Style,Style,迷彩CP,迷彩CP,,,,,0,0,$30.00,30,No,False,,,,,0.00,0,,,0.00,0,0.00,0,No,False,,,Yes,True,,,,,,,$30.00,30,$0.00,0,No,False
695c33abb3a75d879c36ce9d,"<span class=""695c32e3aae7b5b062d04185"" data-kn=""connection-value"">户外多功能腋下通用尼龙战术配件背带快拆肩带挂绳单点式斜跨挂带-淘宝网</span>","[{'id': '695c32e3aae7b5b062d04185', 'identifier': '户外多功能腋下通用尼龙战术配件背带快拆肩带挂绳单点式斜跨挂带-淘宝网'}]",Inactive,Inactive,废墟迷彩,废墟迷彩,,,,,,,Yes,True,6,6,01/05/2026 16:56,"{'date': '01/05/2026', 'date_formatted': '01/05/2026', 'hours': '04', 'minutes': '56', 'am_pm': 'PM', 'unix_timestamp': 1767632160000, 'iso_timestamp': '2026-01-05T16:56:00.000Z', 'timestamp': '01/05/2026 04:56 pm', 'time': 1016, 'time_formatted': '16:56', 'proper_unix_timestamp': 1767650160000, 'proper_iso_timestamp': '2026-01-05T21:56:00.000Z'}",01/05/2026 16:56,"{'date': '01/05/2026', 'date_formatted': '01/05/2026', 'hours': '04', 'minutes': '56', 'am_pm': 'PM', 'unix_timestamp': 1767632160000, 'iso_timestamp': '2026-01-05T16:56:00.000Z', 'timestamp': '01/05/2026 04:56 pm', 'time': 1016, 'time_formatted': '16:56', 'proper_unix_timestamp': 1767650160000, 'proper_iso_timestamp': '2026-01-05T21:56:00.000Z'}",Style,Style,废墟迷彩,废墟迷彩,,,,,0,0,$30.00,30,No,False,,,,,0.00,0,,,0.00,0,0.00,0,No,False,,,Yes,True,,,,,,,$30.00,30,$0.00,0,No,False
695c33ab9cd3039a8252128a,"<span class=""695c32e3aae7b5b062d04185"" data-kn=""connection-value"">户外多功能腋下通用尼龙战术配件背带快拆肩带挂绳单点式斜跨挂带-淘宝网</span>","[{'id': '695c32e3aae7b5b062d04185', 'identifier': '户外多功能腋下通用尼龙战术配件背带快拆肩带挂绳单点式斜跨挂带-淘宝网'}]",Inactive,Inactive,黑色+肩带,黑色+肩带,,,,,,,Yes,True,5,5,01/05/2026 16:56,"{'date': '01/05/2026', 'date_formatted': '01/05/2026', 'hours': '04', 'minutes': '56', 'am_pm': 'PM', 'unix_timestamp': 1767632160000, 'iso_timestamp': '2026-01-05T16:56:00.000Z', 'timestamp': '01/05/2026 04:56 pm', 'time': 1016, 'time_formatted': '16:56', 'proper_unix_timestamp': 1767650160000, 'proper_iso_timestamp': '2026-01-05T21:56:00.000Z'}",01/05/2026 16:56,"{'date': '01/05/2026', 'date_formatted': '01/05/2026', 'hours': '04', 'minutes': '56', 'am_pm': 'PM', 'unix_timestamp': 1767632160000, 'iso_timestamp': '2026-01-05T16:56:00.000Z', 'timestamp': '01/05/2026 04:56 pm', 'time': 1016, 'time_formatted': '16:56', 'proper_unix_timestamp': 1767650160000, 'proper_iso_timestamp': '2026-01-05T21:56:00.000Z'}",Style,Style,黑色+肩带,黑色+肩带,,,,,0,0,$30.00,30,No,False,,,,,0.00,0,,,0.00,0,0.00,0,No,False,,,Yes,True,,,,,,,$30.00,30,$0.00,0,No,False
695c33aab3a75d879c36c8e5,"<span class=""695c32e3aae7b5b062d04185"" data-kn=""connection-value"">户外多功能腋下通用尼龙战术配件背带快拆肩带挂绳单点式斜跨挂带-淘宝网</span>","[{'id': '695c32e3aae7b5b062d04185', 'identifier': '户外多功能腋下通用尼龙战术配件背带快拆肩带挂绳单点式斜跨挂带-淘宝网'}]",Inactive,Inactive,军绿+肩带,军绿+肩带,,,,,,,Yes,True,4,4,01/05/2026 16:56,"{'date': '01/05/2026', 'date_formatted': '01/05/2026', 'hours': '04', 'minutes': '56', 'am_pm': 'PM', 'unix_timestamp': 1767632160000, 'iso_timestamp': '2026-01-05T16:56:00.000Z', 'timestamp': '01/05/2026 04:56 pm', 'time': 1016, 'time_formatted': '16:56', 'proper_unix_timestamp': 1767650160000, 'proper_iso_timestamp': '2026-01-05T21:56:00.000Z'}",01/05/2026 16:56,"{'date': '01/05/2026', 'date_formatted': '01/05/2026', 'hours': '04', 'minutes': '56', 'am_pm': 'PM', 'unix_timestamp': 1767632160000, 'iso_timestamp': '2026-01-05T16:56:00.000Z', 'timestamp': '01/05/2026 04:56 pm', 'time': 1016, 'time_formatted': '16:56', 'proper_unix_timestamp': 1767650160000, 'proper_iso_timestamp': '2026-01-05T21:56:00.000Z'}",Style,Style,军绿+肩带,军绿+肩带,,,,,0,0,$30.00,30,No,False,,,,,0.00,0,,,0.00,0,0.00,0,No,False,,,Yes,True,,,,,,,$30.00,30,$0.00,0,No,False
695c33aaf4bf2f7ec13a8823,"<span class=""695c32e3aae7b5b062d04185"" data-kn=""connection-value"">户外多功能腋下通用尼龙战术配件背带快拆肩带挂绳单点式斜跨挂带-淘宝网</span>","[{'id': '695c32e3aae7b5b062d04185', 'identifier': '户外多功能腋下通用尼龙战术配件背带快拆肩带挂绳单点式斜跨挂带-淘宝网'}]",Inactive,Inactive,卡其+肩带,卡其+肩带,,,,,,,Yes,True,3,3,01/05/2026 16:56,"{'date': '01/05/2026', 'date_formatted': '01/05/2026', 'hours': '04', 'minutes': '56', 'am_pm': 'PM', 'unix_timestamp': 1767632160000, 'iso_timestamp': '2026-01-05T16:56:00.000Z', 'timestamp': '01/05/2026 04:56 pm', 'time': 1016, 'time_formatted': '16:56', 'proper_unix_timestamp': 1767650160000, 'proper_iso_timestamp': '2026-01-05T21:56:00.000Z'}",01/05/2026 16:56,"{'date': '01/05/2026', 'date_formatted': '01/05/2026', 'hours': '04', 'minutes': '56', 'am_pm': 'PM', 'unix_timestamp': 1767632160000, 'iso_timestamp': '2026-01-05T16:56:00.000Z', 'timestamp': '01/05/2026 04:56 pm', 'time': 1016, 'time_formatted': '16:56', 'proper_unix_timestamp': 1767650160000, 'proper_iso_timestamp': '2026-01-05T21:56:00.000Z'}",Style,Style,卡其+肩带,卡其+肩带,,,,,0,0,$30.00,30,No,False,,,,,0.00,0,,,0.00,0,0.00,0,No,False,,,Yes,True,,,,,,,$30.00,30,$0.00,0,No,False
695c33aa913f62399ce84c51,"<span class=""695c32e3aae7b5b062d04185"" data-kn=""connection-value"">户外多功能腋下通用尼龙战术配件背带快拆肩带挂绳单点式斜跨挂带-淘宝网</span>","[{'id': '695c32e3aae7b5b062d04185', 'identifier': '户外多功能腋下通用尼龙战术配件背带快拆肩带挂绳单点式斜跨挂带-淘宝网'}]",Inactive,Inactive,CP迷彩+肩带,CP迷彩+肩带,,,,,,,Yes,True,2,2,01/05/2026 16:56,"{'date': '01/05/2026', 'date_formatted': '01/05/2026', 'hours': '04', 'minutes': '56', 'am_pm': 'PM', 'unix_timestamp': 1767632160000, 'iso_timestamp': '2026-01-05T16:56:00.000Z', 'timestamp': '01/05/2026 04:56 pm', 'time': 1016, 'time_formatted': '16:56', 'proper_unix_timestamp': 1767650160000, 'proper_iso_timestamp': '2026-01-05T21:56:00.000Z'}",01/05/2026 16:56,"{'date': '01/05/2026', 'date_formatted': '01/05/2026', 'hours': '04', 'minutes': '56', 'am_pm': 'PM', 'unix_timestamp': 1767632160000, 'iso_timestamp': '2026-01-05T16:56:00.000Z', 'timestamp': '01/05/2026 04:56 pm', 'time': 1016, 'time_formatted': '16:56', 'proper_unix_timestamp': 1767650160000, 'proper_iso_timestamp': '2026-01-05T21:56:00.000Z'}",Style,Style,CP迷彩+肩带,CP迷彩+肩带,,,,,0,0,$30.00,30,No,False,,,,,0.00,0,,,0.00,0,0.00,0,No,False,,,Yes,True,,,,,,,$30.00,30,$0.00,0,No,False
695c33a91e9722c9bf04a482,"<span class=""695c32e3aae7b5b062d04185"" data-kn=""connection-value"">户外多功能腋下通用尼龙战术配件背带快拆肩带挂绳单点式斜跨挂带-淘宝网</span>","[{'id': '695c32e3aae7b5b062d04185', 'identifier': '户外多功能腋下通用尼龙战术配件背带快拆肩带挂绳单点式斜跨挂带-淘宝网'}]",Inactive,Inactive,废墟绿迷彩+肩带,废墟绿迷彩+肩带,,,,,,,Yes,True,1,1,01/05/2026 16:56,"{'date': '01/05/2026', 'date_formatted': '01/05/2026', 'hours': '04', 'minutes': '56', 'am_pm': 'PM', 'unix_timestamp': 1767632160000, 'iso_timestamp': '2026-01-05T16:56:00.000Z', 'timestamp': '01/05/2026 04:56 pm', 'time': 1016, 'time_formatted': '16:56', 'proper_unix_timestamp': 1767650160000, 'proper_iso_timestamp': '2026-01-05T21:56:00.000Z'}",01/05/2026 16:56,"{'date': '01/05/2026', 'date_formatted': '01/05/2026', 'hours': '04', 'minutes': '56', 'am_pm': 'PM', 'unix_timestamp': 1767632160000, 'iso_timestamp': '2026-01-05T16:56:00.000Z', 'timestamp': '01/05/2026 04:56 pm', 'time': 1016, 'time_formatted': '16:56', 'proper_unix_timestamp': 1767650160000, 'proper_iso_timestamp': '2026-01-05T21:56:00.000Z'}",Style,Style,废墟绿迷彩+肩带,废墟绿迷彩+肩带,,,,,0,0,$30.00,30,No,False,,,,,0.00,0,,,0.00,0,0.00,0,No,False,,,Yes,True,,,,,,,$30.00,30,$0.00,0,No,False
695c33a9a1a7215250123d93,"<span class=""695c32e73b00921b6a8bd763"" data-kn=""connection-value"">战术激光灯PEQ15红绿镭射指示器沃德森M300/M600手电双控鼠尾套装-淘宝网</span>","[{'id': '695c32e73b00921b6a8bd763', 'identifier': '战术激光灯PEQ15红绿镭射指示器沃德森M300/M600手电双控鼠尾套装-淘宝网'}]",Inactive,Inactive,黑色-全功能红激光+M300A+点亮鼠尾 含电池+充电器,黑色-全功能红激光+M300A+点亮鼠尾 含电池+充电器,,,,,,,Yes,True,24,24,01/05/2026 16:56,"{'date': '01/05/2026', 'date_formatted': '01/05/2026', 'hours': '04', 'minutes': '56', 'am_pm': 'PM', 'unix_timestamp': 1767632160000, 'iso_timestamp': '2026-01-05T16:56:00.000Z', 'timestamp': '01/05/2026 04:56 pm', 'time': 1016, 'time_formatted': '16:56', 'proper_unix_timestamp': 1767650160000, 'proper_iso_timestamp': '2026-01-05T21:56:00.000Z'}",01/05/2026 16:56,"{'date': '01/05/2026', 'date_formatted': '01/05/2026', 'hours': '04', 'minutes': '56', 'am_pm': 'PM', 'unix_timestamp': 1767632160000, 'iso_timestamp': '2026-01-05T16:56:00.000Z', 'timestamp': '01/05/2026 04:56 pm', 'time': 1016, 'time_formatted': '16:56', 'proper_unix_timestamp': 1767650160000, 'proper_iso_timestamp': '2026-01-05T21:56:00.000Z'}",Style,Style,黑色-全功能红激光+M300A+点亮鼠尾 含电池+充电器,黑色-全功能红激光+M300A+点亮鼠尾 含电池+充电器,,,,,0,0,$30.00,30,No,False,,,,,0.00,0,,,0.00,0,0.00,0,No,False,,,Yes,True,,,,,,,$30.00,30,$0.00,0,No,False
695c33a9a1a7215250123d0c,"<span class=""695c32e73b00921b6a8bd763"" data-kn=""connection-value"">战术激光灯PEQ15红绿镭射指示器沃德森M300/M600手电双控鼠尾套装-淘宝网</span>","[{'id': '695c32e73b00921b6a8bd763', 'identifier': '战术激光灯PEQ15红绿镭射指示器沃德森M300/M600手电双控鼠尾套装-淘宝网'}]",Inactive,Inactive,沙色-全功能红激光+M300A+点亮鼠尾 含电池+充电器,沙色-全功能红激光+M300A+点亮鼠尾 含电池+充电器,,,,,,,Yes,True,23,23,01/05/2026 16:56,"{'date': '01/05/2026', 'date_formatted': '01/05/2026', 'hours': '04', 'minutes': '56', 'am_pm': 'PM', 'unix_timestamp': 1767632160000, 'iso_timestamp': '2026-01-05T16:56:00.000Z', 'timestamp': '01/05/2026 04:56 pm', 'time': 1016, 'time_formatted': '16:56', 'proper_unix_timestamp': 1767650160000, 'proper_iso_timestamp': '2026-01-05T21:56:00.000Z'}",01/05/2026 16:56,"{'date': '01/05/2026', 'date_formatted': '01/05/2026', 'hours': '04', 'minutes': '56', 'am_pm': 'PM', 'unix_timestamp': 1767632160000, 'iso_timestamp': '2026-01-05T16:56:00.000Z', 'timestamp': '01/05/2026 04:56 pm', 'time': 1016, 'time_formatted': '16:56', 'proper_unix_timestamp': 1767650160000, 'proper_iso_timestamp': '2026-01-05T21:56:00.000Z'}",Style,Style,沙色-全功能红激光+M300A+点亮鼠尾 含电池+充电器,沙色-全功能红激光+M300A+点亮鼠尾 含电池+充电器,,,,,0,0,$30.00,30,No,False,,,,,0.00,0,,,0.00,0,0.00,0,No,False,,,Yes,True,,,,,,,$30.00,30,$0.00,0,No,False
695c33a8ce1739befd228b82,"<span class=""695c32e73b00921b6a8bd763"" data-kn=""connection-value"">战术激光灯PEQ15红绿镭射指示器沃德森M300/M600手电双控鼠尾套装-淘宝网</span>","[{'id': '695c32e73b00921b6a8bd763', 'identifier': '战术激光灯PEQ15红绿镭射指示器沃德森M300/M600手电双控鼠尾套装-淘宝网'}]",Inactive,Inactive,黑色-全功能红激光+M600C+点亮鼠尾 含电池+充电器,黑色-全功能红激光+M600C+点亮鼠尾 含电池+充电器,,,,,,,Yes,True,22,22,01/05/2026 16:56,"{'date': '01/05/2026', 'date_formatted': '01/05/2026', 'hours': '04', 'minutes': '56', 'am_pm': 'PM', 'unix_timestamp': 1767632160000, 'iso_timestamp': '2026-01-05T16:56:00.000Z', 'timestamp': '01/05/2026 04:56 pm', 'time': 1016, 'time_formatted': '16:56', 'proper_unix_timestamp': 1767650160000, 'proper_iso_timestamp': '2026-01-05T21:56:00.000Z'}",01/05/2026 16:56,"{'date': '01/05/2026', 'date_formatted': '01/05/2026', 'hours': '04', 'minutes': '56', 'am_pm': 'PM', 'unix_timestamp': 1767632160000, 'iso_timestamp': '2026-01-05T16:56:00.000Z', 'timestamp': '01/05/2026 04:56 pm', 'time': 1016, 'time_formatted': '16:56', 'proper_unix_timestamp': 1767650160000, 'proper_iso_timestamp': '2026-01-05T21:56:00.000Z'}",Style,Style,黑色-全功能红激光+M600C+点亮鼠尾 含电池+充电器,黑色-全功能红激光+M600C+点亮鼠尾 含电池+充电器,,,,,0,0,$30.00,30,No,False,,,,,0.00,0,,,0.00,0,0.00,0,No,False,,,Yes,True,,,,,,,$30.00,30,$0.00,0,No,False
695c33a8ce97e160f973c810,"<span class=""695c32e73b00921b6a8bd763"" data-kn=""connection-value"">战术激光灯PEQ15红绿镭射指示器沃德森M300/M600手电双控鼠尾套装-淘宝网</span>","[{'id': '695c32e73b00921b6a8bd763', 'identifier': '战术激光灯PEQ15红绿镭射指示器沃德森M300/M600手电双控鼠尾套装-淘宝网'}]",Inactive,Inactive,沙色-全功能红激光+M600C+点亮鼠尾 含电池+充电器,沙色-全功能红激光+M600C+点亮鼠尾 含电池+充电器,,,,,,,Yes,True,21,21,01/05/2026 16:56,"{'date': '01/05/2026', 'date_formatted': '01/05/2026', 'hours': '04', 'minutes': '56', 'am_pm': 'PM', 'unix_timestamp': 1767632160000, 'iso_timestamp': '2026-01-05T16:56:00.000Z', 'timestamp': '01/05/2026 04:56 pm', 'time': 1016, 'time_formatted': '16:56', 'proper_unix_timestamp': 1767650160000, 'proper_iso_timestamp': '2026-01-05T21:56:00.000Z'}",01/05/2026 16:56,"{'date': '01/05/2026', 'date_formatted': '01/05/2026', 'hours': '04', 'minutes': '56', 'am_pm': 'PM', 'unix_timestamp': 1767632160000, 'iso_timestamp': '2026-01-05T16:56:00.000Z', 'timestamp': '01/05/2026 04:56 pm', 'time': 1016, 'time_formatted': '16:56', 'proper_unix_timestamp': 1767650160000, 'proper_iso_timestamp': '2026-01-05T21:56:00.000Z'}",Style,Style,沙色-全功能红激光+M600C+点亮鼠尾 含电池+充电器,沙色-全功能红激光+M600C+点亮鼠尾 含电池+充电器,,,,,0,0,$30.00,30,No,False,,,,,0.00,0,,,0.00,0,0.00,0,No,False,,,Yes,True,,,,,,,$30.00,30,$0.00,0,No,False
695c33a7bde2c63e6cb5d21f,"<span class=""695c32e73b00921b6a8bd763"" data-kn=""connection-value"">战术激光灯PEQ15红绿镭射指示器沃德森M300/M600手电双控鼠尾套装-淘宝网</span>","[{'id': '695c32e73b00921b6a8bd763', 'identifier': '战术激光灯PEQ15红绿镭射指示器沃德森M300/M600手电双控鼠尾套装-淘宝网'}]",Inactive,Inactive,黑色-全功能绿激光+M300A+点亮鼠尾 含电池+充电器,黑色-全功能绿激光+M300A+点亮鼠尾 含电池+充电器,,,,,,,Yes,True,20,20,01/05/2026 16:56,"{'date': '01/05/2026', 'date_formatted': '01/05/2026', 'hours': '04', 'minutes': '56', 'am_pm': 'PM', 'unix_timestamp': 1767632160000, 'iso_timestamp': '2026-01-05T16:56:00.000Z', 'timestamp': '01/05/2026 04:56 pm', 'time': 1016, 'time_formatted': '16:56', 'proper_unix_timestamp': 1767650160000, 'proper_iso_timestamp': '2026-01-05T21:56:00.000Z'}",01/05/2026 16:56,"{'date': '01/05/2026', 'date_formatted': '01/05/2026', 'hours': '04', 'minutes': '56', 'am_pm': 'PM', 'unix_timestamp': 1767632160000, 'iso_timestamp': '2026-01-05T16:56:00.000Z', 'timestamp': '01/05/2026 04:56 pm', 'time': 1016, 'time_formatted': '16:56', 'proper_unix_timestamp': 1767650160000, 'proper_iso_timestamp': '2026-01-05T21:56:00.000Z'}",Style,Style,黑色-全功能绿激光+M300A+点亮鼠尾 含电池+充电器,黑色-全功能绿激光+M300A+点亮鼠尾 含电池+充电器,,,,,0,0,$30.00,30,No,False,,,,,0.00,0,,,0.00,0,0.00,0,No,False,,,Yes,True,,,,,,,$30.00,30,$0.00,0,No,False
695c33a73b00921b6a908166,"<span class=""695c32e73b00921b6a8bd763"" data-kn=""connection-value"">战术激光灯PEQ15红绿镭射指示器沃德森M300/M600手电双控鼠尾套装-淘宝网</span>","[{'id': '695c32e73b00921b6a8bd763', 'identifier': '战术激光灯PEQ15红绿镭射指示器沃德森M300/M600手电双控鼠尾套装-淘宝网'}]",Inactive,Inactive,沙色-全功能绿激光+M300A+点亮鼠尾 含电池+充电器,沙色-全功能绿激光+M300A+点亮鼠尾 含电池+充电器,,,,,,,Yes,True,19,19,01/05/2026 16:56,"{'date': '01/05/2026', 'date_formatted': '01/05/2026', 'hours': '04', 'minutes': '56', 'am_pm': 'PM', 'unix_timestamp': 1767632160000, 'iso_timestamp': '2026-01-05T16:56:00.000Z', 'timestamp': '01/05/2026 04:56 pm', 'time': 1016, 'time_formatted': '16:56', 'proper_unix_timestamp': 1767650160000, 'proper_iso_timestamp': '2026-01-05T21:56:00.000Z'}",01/05/2026 16:56,"{'date': '01/05/2026', 'date_formatted': '01/05/2026', 'hours': '04', 'minutes': '56', 'am_pm': 'PM', 'unix_timestamp': 1767632160000, 'iso_timestamp': '2026-01-05T16:56:00.000Z', 'timestamp': '01/05/2026 04:56 pm', 'time': 1016, 'time_formatted': '16:56', 'proper_unix_timestamp': 1767650160000, 'proper_iso_timestamp': '2026-01-05T21:56:00.000Z'}",Style,Style,沙色-全功能绿激光+M300A+点亮鼠尾 含电池+充电器,沙色-全功能绿激光+M300A+点亮鼠尾 含电池+充电器,,,,,0,0,$30.00,30,No,False,,,,,0.00,0,,,0.00,0,0.00,0,No,False,,,Yes,True,,,,,,,$30.00,30,$0.00,0,No,False
695c33a6f4bf2f7ec13a7e62,"<span class=""695c32e73b00921b6a8bd763"" data-kn=""connection-value"">战术激光灯PEQ15红绿镭射指示器沃德森M300/M600手电双控鼠尾套装-淘宝网</span>","[{'id': '695c32e73b00921b6a8bd763', 'identifier': '战术激光灯PEQ15红绿镭射指示器沃德森M300/M600手电双控鼠尾套装-淘宝网'}]",Inactive,Inactive,黑色-全功能绿激光+M600C+点亮鼠尾 含电池+充电器,黑色-全功能绿激光+M600C+点亮鼠尾 含电池+充电器,,,,,,,Yes,True,18,18,01/05/2026 16:56,"{'date': '01/05/2026', 'date_formatted': '01/05/2026', 'hours': '04', 'minutes': '56', 'am_pm': 'PM', 'unix_timestamp': 1767632160000, 'iso_timestamp': '2026-01-05T16:56:00.000Z', 'timestamp': '01/05/2026 04:56 pm', 'time': 1016, 'time_formatted': '16:56', 'proper_unix_timestamp': 1767650160000, 'proper_iso_timestamp': '2026-01-05T21:56:00.000Z'}",01/05/2026 16:56,"{'date': '01/05/2026', 'date_formatted': '01/05/2026', 'hours': '04', 'minutes': '56', 'am_pm': 'PM', 'unix_timestamp': 1767632160000, 'iso_timestamp': '2026-01-05T16:56:00.000Z', 'timestamp': '01/05/2026 04:56 pm', 'time': 1016, 'time_formatted': '16:56', 'proper_unix_timestamp': 1767650160000, 'proper_iso_timestamp': '2026-01-05T21:56:00.000Z'}",Style,Style,黑色-全功能绿激光+M600C+点亮鼠尾 含电池+充电器,黑色-全功能绿激光+M600C+点亮鼠尾 含电池+充电器,,,,,0,0,$30.00,30,No,False,,,,,0.00,0,,,0.00,0,0.00,0,No,False,,,Yes,True,,,,,,,$30.00,30,$0.00,0,No,False
695c33a37b5e8150a9d1432f,"<span class=""695c32e73b00921b6a8bd763"" data-kn=""connection-value"">战术激光灯PEQ15红绿镭射指示器沃德森M300/M600手电双控鼠尾套装-淘宝网</span>","[{'id': '695c32e73b00921b6a8bd763', 'identifier': '战术激光灯PEQ15红绿镭射指示器沃德森M300/M600手电双控鼠尾套装-淘宝网'}]",Inactive,Inactive,沙色-全功能绿激光+M600C+点亮鼠尾 含电池+充电器,沙色-全功能绿激光+M600C+点亮鼠尾 含电池+充电器,,,,,,,Yes,True,17,17,01/05/2026 16:56,"{'date': '01/05/2026', 'date_formatted': '01/05/2026', 'hours': '04', 'minutes': '56', 'am_pm': 'PM', 'unix_timestamp': 1767632160000, 'iso_timestamp': '2026-01-05T16:56:00.000Z', 'timestamp': '01/05/2026 04:56 pm', 'time': 1016, 'time_formatted': '16:56', 'proper_unix_timestamp': 1767650160000, 'proper_iso_timestamp': '2026-01-05T21:56:00.000Z'}",01/05/2026 16:56,"{'date': '01/05/2026', 'date_formatted': '01/05/2026', 'hours': '04', 'minutes': '56', 'am_pm': 'PM', 'unix_timestamp': 1767632160000, 'iso_timestamp': '2026-01-05T16:56:00.000Z', 'timestamp': '01/05/2026 04:56 pm', 'time': 1016, 'time_formatted': '16:56', 'proper_unix_timestamp': 1767650160000, 'proper_iso_timestamp': '2026-01-05T21:56:00.000Z'}",Style,Style,沙色-全功能绿激光+M600C+点亮鼠尾 含电池+充电器,沙色-全功能绿激光+M600C+点亮鼠尾 含电池+充电器,,,,,0,0,$30.00,30,No,False,,,,,0.00,0,,,0.00,0,0.00,0,No,False,,,Yes,True,,,,,,,$30.00,30,$0.00,0,No,False
695c33a34702b73a6464a0ec,"<span class=""695c32e73b00921b6a8bd763"" data-kn=""connection-value"">战术激光灯PEQ15红绿镭射指示器沃德森M300/M600手电双控鼠尾套装-淘宝网</span>","[{'id': '695c32e73b00921b6a8bd763', 'identifier': '战术激光灯PEQ15红绿镭射指示器沃德森M300/M600手电双控鼠尾套装-淘宝网'}]",Inactive,Inactive,黑色-全功能红激光+M300A+长亮双控鼠尾 含电池+充电器,黑色-全功能红激光+M300A+长亮双控鼠尾 含电池+充电器,,,,,,,Yes,True,16,16,01/05/2026 16:56,"{'date': '01/05/2026', 'date_formatted': '01/05/2026', 'hours': '04', 'minutes': '56', 'am_pm': 'PM', 'unix_timestamp': 1767632160000, 'iso_timestamp': '2026-01-05T16:56:00.000Z', 'timestamp': '01/05/2026 04:56 pm', 'time': 1016, 'time_formatted': '16:56', 'proper_unix_timestamp': 1767650160000, 'proper_iso_timestamp': '2026-01-05T21:56:00.000Z'}",01/05/2026 16:56,"{'date': '01/05/2026', 'date_formatted': '01/05/2026', 'hours': '04', 'minutes': '56', 'am_pm': 'PM', 'unix_timestamp': 1767632160000, 'iso_timestamp': '2026-01-05T16:56:00.000Z', 'timestamp': '01/05/2026 04:56 pm', 'time': 1016, 'time_formatted': '16:56', 'proper_unix_timestamp': 1767650160000, 'proper_iso_timestamp': '2026-01-05T21:56:00.000Z'}",Style,Style,黑色-全功能红激光+M300A+长亮双控鼠尾 含电池+充电器,黑色-全功能红激光+M300A+长亮双控鼠尾 含电池+充电器,,,,,0,0,$30.00,30,No,False,,,,,0.00,0,,,0.00,0,0.00,0,No,False,,,Yes,True,,,,,,,$30.00,30,$0.00,0,No,False
695c33a2bd3270258c454aea,"<span class=""695c32e73b00921b6a8bd763"" data-kn=""connection-value"">战术激光灯PEQ15红绿镭射指示器沃德森M300/M600手电双控鼠尾套装-淘宝网</span>","[{'id': '695c32e73b00921b6a8bd763', 'identifier': '战术激光灯PEQ15红绿镭射指示器沃德森M300/M600手电双控鼠尾套装-淘宝网'}]",Inactive,Inactive,沙色-全功能红激光+M300A+长亮双控鼠尾 含电池+充电器,沙色-全功能红激光+M300A+长亮双控鼠尾 含电池+充电器,,,,,,,Yes,True,15,15,01/05/2026 16:56,"{'date': '01/05/2026', 'date_formatted': '01/05/2026', 'hours': '04', 'minutes': '56', 'am_pm': 'PM', 'unix_timestamp': 1767632160000, 'iso_timestamp': '2026-01-05T16:56:00.000Z', 'timestamp': '01/05/2026 04:56 pm', 'time': 1016, 'time_formatted': '16:56', 'proper_unix_timestamp': 1767650160000, 'proper_iso_timestamp': '2026-01-05T21:56:00.000Z'}",01/05/2026 16:56,"{'date': '01/05/2026', 'date_formatted': '01/05/2026', 'hours': '04', 'minutes': '56', 'am_pm': 'PM', 'unix_timestamp': 1767632160000, 'iso_timestamp': '2026-01-05T16:56:00.000Z', 'timestamp': '01/05/2026 04:56 pm', 'time': 1016, 'time_formatted': '16:56', 'proper_unix_timestamp': 1767650160000, 'proper_iso_timestamp': '2026-01-05T21:56:00.000Z'}",Style,Style,沙色-全功能红激光+M300A+长亮双控鼠尾 含电池+充电器,沙色-全功能红激光+M300A+长亮双控鼠尾 含电池+充电器,,,,,0,0,$30.00,30,No,False,,,,,0.00,0,,,0.00,0,0.00,0,No,False,,,Yes,True,,,,,,,$30.00,30,$0.00,0,No,False
695c33a28b911985b12c0208,"<span class=""695c32e73b00921b6a8bd763"" data-kn=""connection-value"">战术激光灯PEQ15红绿镭射指示器沃德森M300/M600手电双控鼠尾套装-淘宝网</span>","[{'id': '695c32e73b00921b6a8bd763', 'identifier': '战术激光灯PEQ15红绿镭射指示器沃德森M300/M600手电双控鼠尾套装-淘宝网'}]",Inactive,Inactive,黑色-全功能红激光+M600C+长亮双控鼠尾 含电池+充电器,黑色-全功能红激光+M600C+长亮双控鼠尾 含电池+充电器,,,,,,,Yes,True,14,14,01/05/2026 16:56,"{'date': '01/05/2026', 'date_formatted': '01/05/2026', 'hours': '04', 'minutes': '56', 'am_pm': 'PM', 'unix_timestamp': 1767632160000, 'iso_timestamp': '2026-01-05T16:56:00.000Z', 'timestamp': '01/05/2026 04:56 pm', 'time': 1016, 'time_formatted': '16:56', 'proper_unix_timestamp': 1767650160000, 'proper_iso_timestamp': '2026-01-05T21:56:00.000Z'}",01/05/2026 16:56,"{'date': '01/05/2026', 'date_formatted': '01/05/2026', 'hours': '04', 'minutes': '56', 'am_pm': 'PM', 'unix_timestamp': 1767632160000, 'iso_timestamp': '2026-01-05T16:56:00.000Z', 'timestamp': '01/05/2026 04:56 pm', 'time': 1016, 'time_formatted': '16:56', 'proper_unix_timestamp': 1767650160000, 'proper_iso_timestamp': '2026-01-05T21:56:00.000Z'}",Style,Style,黑色-全功能红激光+M600C+长亮双控鼠尾 含电池+充电器,黑色-全功能红激光+M600C+长亮双控鼠尾 含电池+充电器,,,,,0,0,$30.00,30,No,False,,,,,0.00,0,,,0.00,0,0.00,0,No,False,,,Yes,True,,,,,,,$30.00,30,$0.00,0,No,False
695c33a22bad95469c59d623,"<span class=""695c32e73b00921b6a8bd763"" data-kn=""connection-value"">战术激光灯PEQ15红绿镭射指示器沃德森M300/M600手电双控鼠尾套装-淘宝网</span>","[{'id': '695c32e73b00921b6a8bd763', 'identifier': '战术激光灯PEQ15红绿镭射指示器沃德森M300/M600手电双控鼠尾套装-淘宝网'}]",Inactive,Inactive,沙色-全功能红激光+M600C+长亮双控鼠尾 含电池+充电器,沙色-全功能红激光+M600C+长亮双控鼠尾 含电池+充电器,,,,,,,Yes,True,13,13,01/05/2026 16:56,"{'date': '01/05/2026', 'date_formatted': '01/05/2026', 'hours': '04', 'minutes': '56', 'am_pm': 'PM', 'unix_timestamp': 1767632160000, 'iso_timestamp': '2026-01-05T16:56:00.000Z', 'timestamp': '01/05/2026 04:56 pm', 'time': 1016, 'time_formatted': '16:56', 'proper_unix_timestamp': 1767650160000, 'proper_iso_timestamp': '2026-01-05T21:56:00.000Z'}",01/05/2026 16:56,"{'date': '01/05/2026', 'date_formatted': '01/05/2026', 'hours': '04', 'minutes': '56', 'am_pm': 'PM', 'unix_timestamp': 1767632160000, 'iso_timestamp': '2026-01-05T16:56:00.000Z', 'timestamp': '01/05/2026 04:56 pm', 'time': 1016, 'time_formatted': '16:56', 'proper_unix_timestamp': 1767650160000, 'proper_iso_timestamp': '2026-01-05T21:56:00.000Z'}",Style,Style,沙色-全功能红激光+M600C+长亮双控鼠尾 含电池+充电器,沙色-全功能红激光+M600C+长亮双控鼠尾 含电池+充电器,,,,,0,0,$30.00,30,No,False,,,,,0.00,0,,,0.00,0,0.00,0,No,False,,,Yes,True,,,,,,,$30.00,30,$0.00,0,No,False
695c33a17b5e8150a9d136c1,"<span class=""695c32e73b00921b6a8bd763"" data-kn=""connection-value"">战术激光灯PEQ15红绿镭射指示器沃德森M300/M600手电双控鼠尾套装-淘宝网</span>","[{'id': '695c32e73b00921b6a8bd763', 'identifier': '战术激光灯PEQ15红绿镭射指示器沃德森M300/M600手电双控鼠尾套装-淘宝网'}]",Inactive,Inactive,黑色-全功能绿激光+M300A+长亮双控鼠尾 含电池+充电器,黑色-全功能绿激光+M300A+长亮双控鼠尾 含电池+充电器,,,,,,,Yes,True,12,12,01/05/2026 16:56,"{'date': '01/05/2026', 'date_formatted': '01/05/2026', 'hours': '04', 'minutes': '56', 'am_pm': 'PM', 'unix_timestamp': 1767632160000, 'iso_timestamp': '2026-01-05T16:56:00.000Z', 'timestamp': '01/05/2026 04:56 pm', 'time': 1016, 'time_formatted': '16:56', 'proper_unix_timestamp': 1767650160000, 'proper_iso_timestamp': '2026-01-05T21:56:00.000Z'}",01/05/2026 16:56,"{'date': '01/05/2026', 'date_formatted': '01/05/2026', 'hours': '04', 'minutes': '56', 'am_pm': 'PM', 'unix_timestamp': 1767632160000, 'iso_timestamp': '2026-01-05T16:56:00.000Z', 'timestamp': '01/05/2026 04:56 pm', 'time': 1016, 'time_formatted': '16:56', 'proper_unix_timestamp': 1767650160000, 'proper_iso_timestamp': '2026-01-05T21:56:00.000Z'}",Style,Style,黑色-全功能绿激光+M300A+长亮双控鼠尾 含电池+充电器,黑色-全功能绿激光+M300A+长亮双控鼠尾 含电池+充电器,,,,,0,0,$30.00,30,No,False,,,,,0.00,0,,,0.00,0,0.00,0,No,False,,,Yes,True,,,,,,,$30.00,30,$0.00,0,No,False
695c33a1913f62399ce81691,"<span class=""695c32e73b00921b6a8bd763"" data-kn=""connection-value"">战术激光灯PEQ15红绿镭射指示器沃德森M300/M600手电双控鼠尾套装-淘宝网</span>","[{'id': '695c32e73b00921b6a8bd763', 'identifier': '战术激光灯PEQ15红绿镭射指示器沃德森M300/M600手电双控鼠尾套装-淘宝网'}]",Inactive,Inactive,沙色-全功能绿激光+M300A+长亮双控鼠尾 含电池+充电器,沙色-全功能绿激光+M300A+长亮双控鼠尾 含电池+充电器,,,,,,,Yes,True,11,11,01/05/2026 16:56,"{'date': '01/05/2026', 'date_formatted': '01/05/2026', 'hours': '04', 'minutes': '56', 'am_pm': 'PM', 'unix_timestamp': 1767632160000, 'iso_timestamp': '2026-01-05T16:56:00.000Z', 'timestamp': '01/05/2026 04:56 pm', 'time': 1016, 'time_formatted': '16:56', 'proper_unix_timestamp': 1767650160000, 'proper_iso_timestamp': '2026-01-05T21:56:00.000Z'}",01/05/2026 16:56,"{'date': '01/05/2026', 'date_formatted': '01/05/2026', 'hours': '04', 'minutes': '56', 'am_pm': 'PM', 'unix_timestamp': 1767632160000, 'iso_timestamp': '2026-01-05T16:56:00.000Z', 'timestamp': '01/05/2026 04:56 pm', 'time': 1016, 'time_formatted': '16:56', 'proper_unix_timestamp': 1767650160000, 'proper_iso_timestamp': '2026-01-05T21:56:00.000Z'}",Style,Style,沙色-全功能绿激光+M300A+长亮双控鼠尾 含电池+充电器,沙色-全功能绿激光+M300A+长亮双控鼠尾 含电池+充电器,,,,,0,0,$30.00,30,No,False,,,,,0.00,0,,,0.00,0,0.00,0,No,False,,,Yes,True,,,,,,,$30.00,30,$0.00,0,No,False
695c33a0ce97e160f9734daf,"<span class=""695c32e73b00921b6a8bd763"" data-kn=""connection-value"">战术激光灯PEQ15红绿镭射指示器沃德森M300/M600手电双控鼠尾套装-淘宝网</span>","[{'id': '695c32e73b00921b6a8bd763', 'identifier': '战术激光灯PEQ15红绿镭射指示器沃德森M300/M600手电双控鼠尾套装-淘宝网'}]",Inactive,Inactive,黑色-全功能绿激光+M600C+长亮双控鼠尾 含电池+充电器,黑色-全功能绿激光+M600C+长亮双控鼠尾 含电池+充电器,,,,,,,Yes,True,10,10,01/05/2026 16:56,"{'date': '01/05/2026', 'date_formatted': '01/05/2026', 'hours': '04', 'minutes': '56', 'am_pm': 'PM', 'unix_timestamp': 1767632160000, 'iso_timestamp': '2026-01-05T16:56:00.000Z', 'timestamp': '01/05/2026 04:56 pm', 'time': 1016, 'time_formatted': '16:56', 'proper_unix_timestamp': 1767650160000, 'proper_iso_timestamp': '2026-01-05T21:56:00.000Z'}",01/05/2026 16:56,"{'date': '01/05/2026', 'date_formatted': '01/05/2026', 'hours': '04', 'minutes': '56', 'am_pm': 'PM', 'unix_timestamp': 1767632160000, 'iso_timestamp': '2026-01-05T16:56:00.000Z', 'timestamp': '01/05/2026 04:56 pm', 'time': 1016, 'time_formatted': '16:56', 'proper_unix_timestamp': 1767650160000, 'proper_iso_timestamp': '2026-01-05T21:56:00.000Z'}",Style,Style,黑色-全功能绿激光+M600C+长亮双控鼠尾 含电池+充电器,黑色-全功能绿激光+M600C+长亮双控鼠尾 含电池+充电器,,,,,0,0,$30.00,30,No,False,,,,,0.00,0,,,0.00,0,0.00,0,No,False,,,Yes,True,,,,,,,$30.00,30,$0.00,0,No,False
695c33a0913f62399ce8073d,"<span class=""695c32e73b00921b6a8bd763"" data-kn=""connection-value"">战术激光灯PEQ15红绿镭射指示器沃德森M300/M600手电双控鼠尾套装-淘宝网</span>","[{'id': '695c32e73b00921b6a8bd763', 'identifier': '战术激光灯PEQ15红绿镭射指示器沃德森M300/M600手电双控鼠尾套装-淘宝网'}]",Inactive,Inactive,沙色-全功能绿激光+M600C+长亮双控鼠尾 含电池+充电器,沙色-全功能绿激光+M600C+长亮双控鼠尾 含电池+充电器,,,,,,,Yes,True,9,9,01/05/2026 16:56,"{'date': '01/05/2026', 'date_formatted': '01/05/2026', 'hours': '04', 'minutes': '56', 'am_pm': 'PM', 'unix_timestamp': 1767632160000, 'iso_timestamp': '2026-01-05T16:56:00.000Z', 'timestamp': '01/05/2026 04:56 pm', 'time': 1016, 'time_formatted': '16:56', 'proper_unix_timestamp': 1767650160000, 'proper_iso_timestamp': '2026-01-05T21:56:00.000Z'}",01/05/2026 16:56,"{'date': '01/05/2026', 'date_formatted': '01/05/2026', 'hours': '04', 'minutes': '56', 'am_pm': 'PM', 'unix_timestamp': 1767632160000, 'iso_timestamp': '2026-01-05T16:56:00.000Z', 'timestamp': '01/05/2026 04:56 pm', 'time': 1016, 'time_formatted': '16:56', 'proper_unix_timestamp': 1767650160000, 'proper_iso_timestamp': '2026-01-05T21:56:00.000Z'}",Style,Style,沙色-全功能绿激光+M600C+长亮双控鼠尾 含电池+充电器,沙色-全功能绿激光+M600C+长亮双控鼠尾 含电池+充电器,,,,,0,0,$30.00,30,No,False,,,,,0.00,0,,,0.00,0,0.00,0,No,False,,,Yes,True,,,,,,,$30.00,30,$0.00,0,No,False
695c339f8b911985b12bd4fe,"<span class=""695c32e73b00921b6a8bd763"" data-kn=""connection-value"">战术激光灯PEQ15红绿镭射指示器沃德森M300/M600手电双控鼠尾套装-淘宝网</span>","[{'id': '695c32e73b00921b6a8bd763', 'identifier': '战术激光灯PEQ15红绿镭射指示器沃德森M300/M600手电双控鼠尾套装-淘宝网'}]",Inactive,Inactive,黑色-红激光+白光+IR照明+爆闪 送电池（全功能）,黑色-红激光+白光+IR照明+爆闪 送电池（全功能）,,,,,,,Yes,True,8,8,01/05/2026 16:56,"{'date': '01/05/2026', 'date_formatted': '01/05/2026', 'hours': '04', 'minutes': '56', 'am_pm': 'PM', 'unix_timestamp': 1767632160000, 'iso_timestamp': '2026-01-05T16:56:00.000Z', 'timestamp': '01/05/2026 04:56 pm', 'time': 1016, 'time_formatted': '16:56', 'proper_unix_timestamp': 1767650160000, 'proper_iso_timestamp': '2026-01-05T21:56:00.000Z'}",01/05/2026 16:56,"{'date': '01/05/2026', 'date_formatted': '01/05/2026', 'hours': '04', 'minutes': '56', 'am_pm': 'PM', 'unix_timestamp': 1767632160000, 'iso_timestamp': '2026-01-05T16:56:00.000Z', 'timestamp': '01/05/2026 04:56 pm', 'time': 1016, 'time_formatted': '16:56', 'proper_unix_timestamp': 1767650160000, 'proper_iso_timestamp': '2026-01-05T21:56:00.000Z'}",Style,Style,黑色-红激光+白光+IR照明+爆闪 送电池（全功能）,黑色-红激光+白光+IR照明+爆闪 送电池（全功能）,,,,,0,0,$30.00,30,No,False,,,,,0.00,0,,,0.00,0,0.00,0,No,False,,,Yes,True,,,,,,,$30.00,30,$0.00,0,No,False
695c339f1d735f55f7407955,"<span class=""695c32e73b00921b6a8bd763"" data-kn=""connection-value"">战术激光灯PEQ15红绿镭射指示器沃德森M300/M600手电双控鼠尾套装-淘宝网</span>","[{'id': '695c32e73b00921b6a8bd763', 'identifier': '战术激光灯PEQ15红绿镭射指示器沃德森M300/M600手电双控鼠尾套装-淘宝网'}]",Inactive,Inactive,沙色-红激光+白光+IR照明+爆闪 送电池（全功能）,沙色-红激光+白光+IR照明+爆闪 送电池（全功能）,,,,,,,Yes,True,7,7,01/05/2026 16:56,"{'date': '01/05/2026', 'date_formatted': '01/05/2026', 'hours': '04', 'minutes': '56', 'am_pm': 'PM', 'unix_timestamp': 1767632160000, 'iso_timestamp': '2026-01-05T16:56:00.000Z', 'timestamp': '01/05/2026 04:56 pm', 'time': 1016, 'time_formatted': '16:56', 'proper_unix_timestamp': 1767650160000, 'proper_iso_timestamp': '2026-01-05T21:56:00.000Z'}",01/05/2026 16:56,"{'date': '01/05/2026', 'date_formatted': '01/05/2026', 'hours': '04', 'minutes': '56', 'am_pm': 'PM', 'unix_timestamp': 1767632160000, 'iso_timestamp': '2026-01-05T16:56:00.000Z', 'timestamp': '01/05/2026 04:56 pm', 'time': 1016, 'time_formatted': '16:56', 'proper_unix_timestamp': 1767650160000, 'proper_iso_timestamp': '2026-01-05T21:56:00.000Z'}",Style,Style,沙色-红激光+白光+IR照明+爆闪 送电池（全功能）,沙色-红激光+白光+IR照明+爆闪 送电池（全功能）,,,,,0,0,$30.00,30,No,False,,,,,0.00,0,,,0.00,0,0.00,0,No,False,,,Yes,True,,,,,,,$30.00,30,$0.00,0,No,False
695c339f8b911985b12bd479,"<span class=""695c32e73b00921b6a8bd763"" data-kn=""connection-value"">战术激光灯PEQ15红绿镭射指示器沃德森M300/M600手电双控鼠尾套装-淘宝网</span>","[{'id': '695c32e73b00921b6a8bd763', 'identifier': '战术激光灯PEQ15红绿镭射指示器沃德森M300/M600手电双控鼠尾套装-淘宝网'}]",Inactive,Inactive,黑色-绿激光+白光+IR照明+爆闪 送电池（全功能）,黑色-绿激光+白光+IR照明+爆闪 送电池（全功能）,,,,,,,Yes,True,6,6,01/05/2026 16:56,"{'date': '01/05/2026', 'date_formatted': '01/05/2026', 'hours': '04', 'minutes': '56', 'am_pm': 'PM', 'unix_timestamp': 1767632160000, 'iso_timestamp': '2026-01-05T16:56:00.000Z', 'timestamp': '01/05/2026 04:56 pm', 'time': 1016, 'time_formatted': '16:56', 'proper_unix_timestamp': 1767650160000, 'proper_iso_timestamp': '2026-01-05T21:56:00.000Z'}",01/05/2026 16:56,"{'date': '01/05/2026', 'date_formatted': '01/05/2026', 'hours': '04', 'minutes': '56', 'am_pm': 'PM', 'unix_timestamp': 1767632160000, 'iso_timestamp': '2026-01-05T16:56:00.000Z', 'timestamp': '01/05/2026 04:56 pm', 'time': 1016, 'time_formatted': '16:56', 'proper_unix_timestamp': 1767650160000, 'proper_iso_timestamp': '2026-01-05T21:56:00.000Z'}",Style,Style,黑色-绿激光+白光+IR照明+爆闪 送电池（全功能）,黑色-绿激光+白光+IR照明+爆闪 送电池（全功能）,,,,,0,0,$30.00,30,No,False,,,,,0.00,0,,,0.00,0,0.00,0,No,False,,,Yes,True,,,,,,,$30.00,30,$0.00,0,No,False
695c339efb902a401fc36c31,"<span class=""695c32e73b00921b6a8bd763"" data-kn=""connection-value"">战术激光灯PEQ15红绿镭射指示器沃德森M300/M600手电双控鼠尾套装-淘宝网</span>","[{'id': '695c32e73b00921b6a8bd763', 'identifier': '战术激光灯PEQ15红绿镭射指示器沃德森M300/M600手电双控鼠尾套装-淘宝网'}]",Inactive,Inactive,沙色-绿激光+白光+IR照明+爆闪 送电池（全功能）,沙色-绿激光+白光+IR照明+爆闪 送电池（全功能）,,,,,,,Yes,True,5,5,01/05/2026 16:56,"{'date': '01/05/2026', 'date_formatted': '01/05/2026', 'hours': '04', 'minutes': '56', 'am_pm': 'PM', 'unix_timestamp': 1767632160000, 'iso_timestamp': '2026-01-05T16:56:00.000Z', 'timestamp': '01/05/2026 04:56 pm', 'time': 1016, 'time_formatted': '16:56', 'proper_unix_timestamp': 1767650160000, 'proper_iso_timestamp': '2026-01-05T21:56:00.000Z'}",01/05/2026 16:56,"{'date': '01/05/2026', 'date_formatted': '01/05/2026', 'hours': '04', 'minutes': '56', 'am_pm': 'PM', 'unix_timestamp': 1767632160000, 'iso_timestamp': '2026-01-05T16:56:00.000Z', 'timestamp': '01/05/2026 04:56 pm', 'time': 1016, 'time_formatted': '16:56', 'proper_unix_timestamp': 1767650160000, 'proper_iso_timestamp': '2026-01-05T21:56:00.000Z'}",Style,Style,沙色-绿激光+白光+IR照明+爆闪 送电池（全功能）,沙色-绿激光+白光+IR照明+爆闪 送电池（全功能）,,,,,0,0,$30.00,30,No,False,,,,,0.00,0,,,0.00,0,0.00,0,No,False,,,Yes,True,,,,,,,$30.00,30,$0.00,0,No,False
695c339eb3a75d879c3640ee,"<span class=""695c32e73b00921b6a8bd763"" data-kn=""connection-value"">战术激光灯PEQ15红绿镭射指示器沃德森M300/M600手电双控鼠尾套装-淘宝网</span>","[{'id': '695c32e73b00921b6a8bd763', 'identifier': '战术激光灯PEQ15红绿镭射指示器沃德森M300/M600手电双控鼠尾套装-淘宝网'}]",Inactive,Inactive,黑色-黑色-绿激光+IR照明+爆闪+白光（全功能） 两电一充（全功能）,黑色-黑色-绿激光+IR照明+爆闪+白光（全功能） 两电一充（全功能）,,,,,,,Yes,True,4,4,01/05/2026 16:56,"{'date': '01/05/2026', 'date_formatted': '01/05/2026', 'hours': '04', 'minutes': '56', 'am_pm': 'PM', 'unix_timestamp': 1767632160000, 'iso_timestamp': '2026-01-05T16:56:00.000Z', 'timestamp': '01/05/2026 04:56 pm', 'time': 1016, 'time_formatted': '16:56', 'proper_unix_timestamp': 1767650160000, 'proper_iso_timestamp': '2026-01-05T21:56:00.000Z'}",01/05/2026 16:56,"{'date': '01/05/2026', 'date_formatted': '01/05/2026', 'hours': '04', 'minutes': '56', 'am_pm': 'PM', 'unix_timestamp': 1767632160000, 'iso_timestamp': '2026-01-05T16:56:00.000Z', 'timestamp': '01/05/2026 04:56 pm', 'time': 1016, 'time_formatted': '16:56', 'proper_unix_timestamp': 1767650160000, 'proper_iso_timestamp': '2026-01-05T21:56:00.000Z'}",Style,Style,黑色-黑色-绿激光+IR照明+爆闪+白光（全功能） 两电一充（全功能）,黑色-黑色-绿激光+IR照明+爆闪+白光（全功能） 两电一充（全功能）,,,,,0,0,$30.00,30,No,False,,,,,0.00,0,,,0.00,0,0.00,0,No,False,,,Yes,True,,,,,,,$30.00,30,$0.00,0,No,False
695c339e1d735f55f7405a9b,"<span class=""695c32e73b00921b6a8bd763"" data-kn=""connection-value"">战术激光灯PEQ15红绿镭射指示器沃德森M300/M600手电双控鼠尾套装-淘宝网</span>","[{'id': '695c32e73b00921b6a8bd763', 'identifier': '战术激光灯PEQ15红绿镭射指示器沃德森M300/M600手电双控鼠尾套装-淘宝网'}]",Inactive,Inactive,黑色-M300A原装鼠尾 +长亮尾盖送电池,黑色-M300A原装鼠尾 +长亮尾盖送电池,,,,,,,Yes,True,3,3,01/05/2026 16:56,"{'date': '01/05/2026', 'date_formatted': '01/05/2026', 'hours': '04', 'minutes': '56', 'am_pm': 'PM', 'unix_timestamp': 1767632160000, 'iso_timestamp': '2026-01-05T16:56:00.000Z', 'timestamp': '01/05/2026 04:56 pm', 'time': 1016, 'time_formatted': '16:56', 'proper_unix_timestamp': 1767650160000, 'proper_iso_timestamp': '2026-01-05T21:56:00.000Z'}",01/05/2026 16:56,"{'date': '01/05/2026', 'date_formatted': '01/05/2026', 'hours': '04', 'minutes': '56', 'am_pm': 'PM', 'unix_timestamp': 1767632160000, 'iso_timestamp': '2026-01-05T16:56:00.000Z', 'timestamp': '01/05/2026 04:56 pm', 'time': 1016, 'time_formatted': '16:56', 'proper_unix_timestamp': 1767650160000, 'proper_iso_timestamp': '2026-01-05T21:56:00.000Z'}",Style,Style,黑色-M300A原装鼠尾 +长亮尾盖送电池,黑色-M300A原装鼠尾 +长亮尾盖送电池,,,,,0,0,$30.00,30,No,False,,,,,0.00,0,,,0.00,0,0.00,0,No,False,,,Yes,True,,,,,,,$30.00,30,$0.00,0,No,False
695c339d1e9722c9bf044596,"<span class=""695c32e73b00921b6a8bd763"" data-kn=""connection-value"">战术激光灯PEQ15红绿镭射指示器沃德森M300/M600手电双控鼠尾套装-淘宝网</span>","[{'id': '695c32e73b00921b6a8bd763', 'identifier': '战术激光灯PEQ15红绿镭射指示器沃德森M300/M600手电双控鼠尾套装-淘宝网'}]",Inactive,Inactive,黑色-M600C原装鼠尾 送电池,黑色-M600C原装鼠尾 送电池,,,,,,,Yes,True,2,2,01/05/2026 16:56,"{'date': '01/05/2026', 'date_formatted': '01/05/2026', 'hours': '04', 'minutes': '56', 'am_pm': 'PM', 'unix_timestamp': 1767632160000, 'iso_timestamp': '2026-01-05T16:56:00.000Z', 'timestamp': '01/05/2026 04:56 pm', 'time': 1016, 'time_formatted': '16:56', 'proper_unix_timestamp': 1767650160000, 'proper_iso_timestamp': '2026-01-05T21:56:00.000Z'}",01/05/2026 16:56,"{'date': '01/05/2026', 'date_formatted': '01/05/2026', 'hours': '04', 'minutes': '56', 'am_pm': 'PM', 'unix_timestamp': 1767632160000, 'iso_timestamp': '2026-01-05T16:56:00.000Z', 'timestamp': '01/05/2026 04:56 pm', 'time': 1016, 'time_formatted': '16:56', 'proper_unix_timestamp': 1767650160000, 'proper_iso_timestamp': '2026-01-05T21:56:00.000Z'}",Style,Style,黑色-M600C原装鼠尾 送电池,黑色-M600C原装鼠尾 送电池,,,,,0,0,$30.00,30,No,False,,,,,0.00,0,,,0.00,0,0.00,0,No,False,,,Yes,True,,,,,,,$30.00,30,$0.00,0,No,False
695c339d7b5e8150a9d0ccd8,"<span class=""695c32e73b00921b6a8bd763"" data-kn=""connection-value"">战术激光灯PEQ15红绿镭射指示器沃德森M300/M600手电双控鼠尾套装-淘宝网</span>","[{'id': '695c32e73b00921b6a8bd763', 'identifier': '战术激光灯PEQ15红绿镭射指示器沃德森M300/M600手电双控鼠尾套装-淘宝网'}]",Inactive,Inactive,沙色-M600C原装鼠尾 送电池,沙色-M600C原装鼠尾 送电池,,,,,,,Yes,True,1,1,01/05/2026 16:56,"{'date': '01/05/2026', 'date_formatted': '01/05/2026', 'hours': '04', 'minutes': '56', 'am_pm': 'PM', 'unix_timestamp': 1767632160000, 'iso_timestamp': '2026-01-05T16:56:00.000Z', 'timestamp': '01/05/2026 04:56 pm', 'time': 1016, 'time_formatted': '16:56', 'proper_unix_timestamp': 1767650160000, 'proper_iso_timestamp': '2026-01-05T21:56:00.000Z'}",01/05/2026 16:56,"{'date': '01/05/2026', 'date_formatted': '01/05/2026', 'hours': '04', 'minutes': '56', 'am_pm': 'PM', 'unix_timestamp': 1767632160000, 'iso_timestamp': '2026-01-05T16:56:00.000Z', 'timestamp': '01/05/2026 04:56 pm', 'time': 1016, 'time_formatted': '16:56', 'proper_unix_timestamp': 1767650160000, 'proper_iso_timestamp': '2026-01-05T21:56:00.000Z'}",Style,Style,沙色-M600C原装鼠尾 送电池,沙色-M600C原装鼠尾 送电池,,,,,0,0,$30.00,30,No,False,,,,,0.00,0,,,0.00,0,0.00,0,No,False,,,Yes,True,,,,,,,$30.00,30,$0.00,0,No,False
695c339d1d735f55f7403acc,"<span class=""695c32df2bad95469c4b6b05"" data-kn=""connection-value"">运动护臂蜂窝加长防撞防摔擦伤加厚防晒专业袖套手臂护具篮足排球-淘宝网</span>","[{'id': '695c32df2bad95469c4b6b05', 'identifier': '运动护臂蜂窝加长防撞防摔擦伤加厚防晒专业袖套手臂护具篮足排球-淘宝网'}]",Inactive,Inactive,Size XXS – For 45–60 kg,Size XXS – For 45–60 kg,,,,,,,Yes,True,4,4,01/05/2026 16:56,"{'date': '01/05/2026', 'date_formatted': '01/05/2026', 'hours': '04', 'minutes': '56', 'am_pm': 'PM', 'unix_timestamp': 1767632160000, 'iso_timestamp': '2026-01-05T16:56:00.000Z', 'timestamp': '01/05/2026 04:56 pm', 'time': 1016, 'time_formatted': '16:56', 'proper_unix_timestamp': 1767650160000, 'proper_iso_timestamp': '2026-01-05T21:56:00.000Z'}",01/05/2026 16:56,"{'date': '01/05/2026', 'date_formatted': '01/05/2026', 'hours': '04', 'minutes': '56', 'am_pm': 'PM', 'unix_timestamp': 1767632160000, 'iso_timestamp': '2026-01-05T16:56:00.000Z', 'timestamp': '01/05/2026 04:56 pm', 'time': 1016, 'time_formatted': '16:56', 'proper_unix_timestamp': 1767650160000, 'proper_iso_timestamp': '2026-01-05T21:56:00.000Z'}",Style,Style,Size XXS – For 45–60 kg,Size XXS – For 45–60 kg,,,,,14,14,$30.00,30,No,False,,,,,13.99,13.99,,,30.20,30.2,13.60,13.6,No,False,,,Yes,True,,,,,,,$30.00,30,$8.36,8.36,No,False
695c339cb3a75d879c361e48,"<span class=""695c32df2bad95469c4b6b05"" data-kn=""connection-value"">运动护臂蜂窝加长防撞防摔擦伤加厚防晒专业袖套手臂护具篮足排球-淘宝网</span>","[{'id': '695c32df2bad95469c4b6b05', 'identifier': '运动护臂蜂窝加长防撞防摔擦伤加厚防晒专业袖套手臂护具篮足排球-淘宝网'}]",Inactive,Inactive,Size XS – For 60–75 kg,Size XS – For 60–75 kg,,,,,,,Yes,True,3,3,01/05/2026 16:56,"{'date': '01/05/2026', 'date_formatted': '01/05/2026', 'hours': '04', 'minutes': '56', 'am_pm': 'PM', 'unix_timestamp': 1767632160000, 'iso_timestamp': '2026-01-05T16:56:00.000Z', 'timestamp': '01/05/2026 04:56 pm', 'time': 1016, 'time_formatted': '16:56', 'proper_unix_timestamp': 1767650160000, 'proper_iso_timestamp': '2026-01-05T21:56:00.000Z'}",01/05/2026 16:56,"{'date': '01/05/2026', 'date_formatted': '01/05/2026', 'hours': '04', 'minutes': '56', 'am_pm': 'PM', 'unix_timestamp': 1767632160000, 'iso_timestamp': '2026-01-05T16:56:00.000Z', 'timestamp': '01/05/2026 04:56 pm', 'time': 1016, 'time_formatted': '16:56', 'proper_unix_timestamp': 1767650160000, 'proper_iso_timestamp': '2026-01-05T21:56:00.000Z'}",Style,Style,Size XS – For 60–75 kg,Size XS – For 60–75 kg,,,,,14,14,$30.00,30,No,False,,,,,13.99,13.99,,,30.20,30.2,13.60,13.6,No,False,,,Yes,True,,,,,,,$30.00,30,$8.36,8.36,No,False
695c339c37eef90c93b4a9aa,"<span class=""695c32df2bad95469c4b6b05"" data-kn=""connection-value"">运动护臂蜂窝加长防撞防摔擦伤加厚防晒专业袖套手臂护具篮足排球-淘宝网</span>","[{'id': '695c32df2bad95469c4b6b05', 'identifier': '运动护臂蜂窝加长防撞防摔擦伤加厚防晒专业袖套手臂护具篮足排球-淘宝网'}]",Inactive,Inactive,Size S – For 75–85 kg,Size S – For 75–85 kg,,,,,,,Yes,True,9,9,01/05/2026 16:56,"{'date': '01/05/2026', 'date_formatted': '01/05/2026', 'hours': '04', 'minutes': '56', 'am_pm': 'PM', 'unix_timestamp': 1767632160000, 'iso_timestamp': '2026-01-05T16:56:00.000Z', 'timestamp': '01/05/2026 04:56 pm', 'time': 1016, 'time_formatted': '16:56', 'proper_unix_timestamp': 1767650160000, 'proper_iso_timestamp': '2026-01-05T21:56:00.000Z'}",01/05/2026 16:56,"{'date': '01/05/2026', 'date_formatted': '01/05/2026', 'hours': '04', 'minutes': '56', 'am_pm': 'PM', 'unix_timestamp': 1767632160000, 'iso_timestamp': '2026-01-05T16:56:00.000Z', 'timestamp': '01/05/2026 04:56 pm', 'time': 1016, 'time_formatted': '16:56', 'proper_unix_timestamp': 1767650160000, 'proper_iso_timestamp': '2026-01-05T21:56:00.000Z'}",Style,Style,Size S – For 75–85 kg,Size S – For 75–85 kg,,,,,30,30,$30.00,30,No,False,,,,,18.99,18.99,,,30.00,30,13.30,13.3,No,False,,,Yes,True,,,,,,,$30.00,30,$11.40,11.4,No,False
695c339cbde2c63e6cb56e5e,"<span class=""695c32df2bad95469c4b6b05"" data-kn=""connection-value"">运动护臂蜂窝加长防撞防摔擦伤加厚防晒专业袖套手臂护具篮足排球-淘宝网</span>","[{'id': '695c32df2bad95469c4b6b05', 'identifier': '运动护臂蜂窝加长防撞防摔擦伤加厚防晒专业袖套手臂护具篮足排球-淘宝网'}]",Inactive,Inactive,Size M – For 85–105 kg,Size M – For 85–105 kg,,,,,,,Yes,True,2,2,01/05/2026 16:56,"{'date': '01/05/2026', 'date_formatted': '01/05/2026', 'hours': '04', 'minutes': '56', 'am_pm': 'PM', 'unix_timestamp': 1767632160000, 'iso_timestamp': '2026-01-05T16:56:00.000Z', 'timestamp': '01/05/2026 04:56 pm', 'time': 1016, 'time_formatted': '16:56', 'proper_unix_timestamp': 1767650160000, 'proper_iso_timestamp': '2026-01-05T21:56:00.000Z'}",01/05/2026 16:56,"{'date': '01/05/2026', 'date_formatted': '01/05/2026', 'hours': '04', 'minutes': '56', 'am_pm': 'PM', 'unix_timestamp': 1767632160000, 'iso_timestamp': '2026-01-05T16:56:00.000Z', 'timestamp': '01/05/2026 04:56 pm', 'time': 1016, 'time_formatted': '16:56', 'proper_unix_timestamp': 1767650160000, 'proper_iso_timestamp': '2026-01-05T21:56:00.000Z'}",Style,Style,Size M – For 85–105 kg,Size M – For 85–105 kg,,,,,14,14,$30.00,30,No,False,,,,,13.99,13.99,,,30.20,30.2,13.60,13.6,No,False,,,Yes,True,,,,,,,$30.00,30,$8.36,8.36,No,False
695c339b37eef90c93b4a920,"<span class=""695c32df2bad95469c4b6b05"" data-kn=""connection-value"">运动护臂蜂窝加长防撞防摔擦伤加厚防晒专业袖套手臂护具篮足排球-淘宝网</span>","[{'id': '695c32df2bad95469c4b6b05', 'identifier': '运动护臂蜂窝加长防撞防摔擦伤加厚防晒专业袖套手臂护具篮足排球-淘宝网'}]",Inactive,Inactive,Size L – For 105–125 kg,Size L – For 105–125 kg,,,,,,,Yes,True,1,1,01/05/2026 16:56,"{'date': '01/05/2026', 'date_formatted': '01/05/2026', 'hours': '04', 'minutes': '56', 'am_pm': 'PM', 'unix_timestamp': 1767632160000, 'iso_timestamp': '2026-01-05T16:56:00.000Z', 'timestamp': '01/05/2026 04:56 pm', 'time': 1016, 'time_formatted': '16:56', 'proper_unix_timestamp': 1767650160000, 'proper_iso_timestamp': '2026-01-05T21:56:00.000Z'}",01/05/2026 16:56,"{'date': '01/05/2026', 'date_formatted': '01/05/2026', 'hours': '04', 'minutes': '56', 'am_pm': 'PM', 'unix_timestamp': 1767632160000, 'iso_timestamp': '2026-01-05T16:56:00.000Z', 'timestamp': '01/05/2026 04:56 pm', 'time': 1016, 'time_formatted': '16:56', 'proper_unix_timestamp': 1767650160000, 'proper_iso_timestamp': '2026-01-05T21:56:00.000Z'}",Style,Style,Size L – For 105–125 kg,Size L – For 105–125 kg,,,,,14,14,$30.00,30,No,False,,,,,13.99,13.99,,,30.20,30.2,13.60,13.6,No,False,,,Yes,True,,,,,,,$30.00,30,$8.36,8.36,No,False
695c339bbde2c63e6cb56899,"<span class=""695c32df2bad95469c4b6b05"" data-kn=""connection-value"">运动护臂蜂窝加长防撞防摔擦伤加厚防晒专业袖套手臂护具篮足排球-淘宝网</span>","[{'id': '695c32df2bad95469c4b6b05', 'identifier': '运动护臂蜂窝加长防撞防摔擦伤加厚防晒专业袖套手臂护具篮足排球-淘宝网'}]",Active,Active,2× Extended Honeycomb Sports Arm Sleeves – Black,2× Extended Honeycomb Sports Arm Sleeves – Black,,,,,,,Yes,True,8,8,01/05/2026 16:56,"{'date': '01/05/2026', 'date_formatted': '01/05/2026', 'hours': '04', 'minutes': '56', 'am_pm': 'PM', 'unix_timestamp': 1767632160000, 'iso_timestamp': '2026-01-05T16:56:00.000Z', 'timestamp': '01/05/2026 04:56 pm', 'time': 1016, 'time_formatted': '16:56', 'proper_unix_timestamp': 1767650160000, 'proper_iso_timestamp': '2026-01-05T21:56:00.000Z'}",01/05/2026 16:56,"{'date': '01/05/2026', 'date_formatted': '01/05/2026', 'hours': '04', 'minutes': '56', 'am_pm': 'PM', 'unix_timestamp': 1767632160000, 'iso_timestamp': '2026-01-05T16:56:00.000Z', 'timestamp': '01/05/2026 04:56 pm', 'time': 1016, 'time_formatted': '16:56', 'proper_unix_timestamp': 1767650160000, 'proper_iso_timestamp': '2026-01-05T21:56:00.000Z'}",Color,Color,Black,Black,,,,,30,30,$30.00,30,No,False,,,,,18.99,18.99,,,30.00,30,13.30,13.3,No,False,,,Yes,True,,,,,,,$30.00,30,$11.40,11.4,No,False
695c3399fc2883b56411fada,"<span class=""695c32df2bad95469c4b6b05"" data-kn=""connection-value"">运动护臂蜂窝加长防撞防摔擦伤加厚防晒专业袖套手臂护具篮足排球-淘宝网</span>","[{'id': '695c32df2bad95469c4b6b05', 'identifier': '运动护臂蜂窝加长防撞防摔擦伤加厚防晒专业袖套手臂护具篮足排球-淘宝网'}]",Active,Active,1x Extended Honeycomb Sports Arm Sleeve – Black,1x Extended Honeycomb Sports Arm Sleeve – Black,,,,,,,Yes,True,7,7,01/05/2026 16:56,"{'date': '01/05/2026', 'date_formatted': '01/05/2026', 'hours': '04', 'minutes': '56', 'am_pm': 'PM', 'unix_timestamp': 1767632160000, 'iso_timestamp': '2026-01-05T16:56:00.000Z', 'timestamp': '01/05/2026 04:56 pm', 'time': 1016, 'time_formatted': '16:56', 'proper_unix_timestamp': 1767650160000, 'proper_iso_timestamp': '2026-01-05T21:56:00.000Z'}",01/05/2026 16:56,"{'date': '01/05/2026', 'date_formatted': '01/05/2026', 'hours': '04', 'minutes': '56', 'am_pm': 'PM', 'unix_timestamp': 1767632160000, 'iso_timestamp': '2026-01-05T16:56:00.000Z', 'timestamp': '01/05/2026 04:56 pm', 'time': 1016, 'time_formatted': '16:56', 'proper_unix_timestamp': 1767650160000, 'proper_iso_timestamp': '2026-01-05T21:56:00.000Z'}",Color,Color,Black,Black,,,,,14,14,$30.00,30,No,False,,,,,13.99,13.99,,,30.20,30.2,13.60,13.6,No,False,,,Yes,True,,,,,,,$30.00,30,$8.36,8.36,No,False
695c33989f7a567135234bc4,"<span class=""695c32df2bad95469c4b6b05"" data-kn=""connection-value"">运动护臂蜂窝加长防撞防摔擦伤加厚防晒专业袖套手臂护具篮足排球-淘宝网</span>","[{'id': '695c32df2bad95469c4b6b05', 'identifier': '运动护臂蜂窝加长防撞防摔擦伤加厚防晒专业袖套手臂护具篮足排球-淘宝网'}]",Active,Active,2× Extended Honeycomb Sports Arm Sleeves – White,2× Extended Honeycomb Sports Arm Sleeves – White,,,,,,,Yes,True,6,6,01/05/2026 16:56,"{'date': '01/05/2026', 'date_formatted': '01/05/2026', 'hours': '04', 'minutes': '56', 'am_pm': 'PM', 'unix_timestamp': 1767632160000, 'iso_timestamp': '2026-01-05T16:56:00.000Z', 'timestamp': '01/05/2026 04:56 pm', 'time': 1016, 'time_formatted': '16:56', 'proper_unix_timestamp': 1767650160000, 'proper_iso_timestamp': '2026-01-05T21:56:00.000Z'}",01/05/2026 16:56,"{'date': '01/05/2026', 'date_formatted': '01/05/2026', 'hours': '04', 'minutes': '56', 'am_pm': 'PM', 'unix_timestamp': 1767632160000, 'iso_timestamp': '2026-01-05T16:56:00.000Z', 'timestamp': '01/05/2026 04:56 pm', 'time': 1016, 'time_formatted': '16:56', 'proper_unix_timestamp': 1767650160000, 'proper_iso_timestamp': '2026-01-05T21:56:00.000Z'}",Color,Color,White,White,,,,,30,30,$30.00,30,No,False,,,,,18.99,18.99,,,30.00,30,13.30,13.3,No,False,,,Yes,True,,,,,,,$30.00,30,$11.40,11.4,No,False
695c3398d745a52edae71e90,"<span class=""695c32df2bad95469c4b6b05"" data-kn=""connection-value"">运动护臂蜂窝加长防撞防摔擦伤加厚防晒专业袖套手臂护具篮足排球-淘宝网</span>","[{'id': '695c32df2bad95469c4b6b05', 'identifier': '运动护臂蜂窝加长防撞防摔擦伤加厚防晒专业袖套手臂护具篮足排球-淘宝网'}]",Active,Active,1x Extended Honeycomb Sports Arm Sleeve – White,1x Extended Honeycomb Sports Arm Sleeve – White,,,,,,,Yes,True,5,5,01/05/2026 16:56,"{'date': '01/05/2026', 'date_formatted': '01/05/2026', 'hours': '04', 'minutes': '56', 'am_pm': 'PM', 'unix_timestamp': 1767632160000, 'iso_timestamp': '2026-01-05T16:56:00.000Z', 'timestamp': '01/05/2026 04:56 pm', 'time': 1016, 'time_formatted': '16:56', 'proper_unix_timestamp': 1767650160000, 'proper_iso_timestamp': '2026-01-05T21:56:00.000Z'}",01/05/2026 16:56,"{'date': '01/05/2026', 'date_formatted': '01/05/2026', 'hours': '04', 'minutes': '56', 'am_pm': 'PM', 'unix_timestamp': 1767632160000, 'iso_timestamp': '2026-01-05T16:56:00.000Z', 'timestamp': '01/05/2026 04:56 pm', 'time': 1016, 'time_formatted': '16:56', 'proper_unix_timestamp': 1767650160000, 'proper_iso_timestamp': '2026-01-05T21:56:00.000Z'}",Color,Color,White,White,,,,,14,14,$30.00,30,No,False,,,,,13.99,13.99,,,30.20,30.2,13.60,13.6,No,False,,,Yes,True,,,,,,,$30.00,30,$8.36,8.36,No,False
695c3397ce1739befd226d7d,"<span class=""695c32defc2883b5640f6c9a"" data-kn=""connection-value"">Speedqb护具套装成人滑板下场护膝护肘护掌SQB水弹酷峰CNSQB竞技-淘宝网</span>","[{'id': '695c32defc2883b5640f6c9a', 'identifier': 'Speedqb护具套装成人滑板下场护膝护肘护掌SQB水弹酷峰CNSQB竞技-淘宝网'}]",Inactive,Inactive,Cool Peak Knee Elbow - 150-210lb,Cool Peak Knee Elbow - 150-210lb,,,,,,,Yes,True,14,14,01/05/2026 16:56,"{'date': '01/05/2026', 'date_formatted': '01/05/2026', 'hours': '04', 'minutes': '56', 'am_pm': 'PM', 'unix_timestamp': 1767632160000, 'iso_timestamp': '2026-01-05T16:56:00.000Z', 'timestamp': '01/05/2026 04:56 pm', 'time': 1016, 'time_formatted': '16:56', 'proper_unix_timestamp': 1767650160000, 'proper_iso_timestamp': '2026-01-05T21:56:00.000Z'}",01/05/2026 16:56,"{'date': '01/05/2026', 'date_formatted': '01/05/2026', 'hours': '04', 'minutes': '56', 'am_pm': 'PM', 'unix_timestamp': 1767632160000, 'iso_timestamp': '2026-01-05T16:56:00.000Z', 'timestamp': '01/05/2026 04:56 pm', 'time': 1016, 'time_formatted': '16:56', 'proper_unix_timestamp': 1767650160000, 'proper_iso_timestamp': '2026-01-05T21:56:00.000Z'}",Style,Style,Cool Peak Knee Elbow - 150-210lb,Cool Peak Knee Elbow - 150-210lb,,,,,43,43,$30.00,30,No,False,,,,,22.99,22.99,,,29.70,29.7,13.00,13,No,False,,,Yes,True,,,,,,,$30.00,30,$13.87,13.87,No,False
695c3397f4bf2f7ec13a5758,"<span class=""695c32defc2883b5640f6c9a"" data-kn=""connection-value"">Speedqb护具套装成人滑板下场护膝护肘护掌SQB水弹酷峰CNSQB竞技-淘宝网</span>","[{'id': '695c32defc2883b5640f6c9a', 'identifier': 'Speedqb护具套装成人滑板下场护膝护肘护掌SQB水弹酷峰CNSQB竞技-淘宝网'}]",Inactive,Inactive,Cool Peak Knee Elbow - 110-150lb,Cool Peak Knee Elbow - 110-150lb,,,,,,,Yes,True,13,13,01/05/2026 16:56,"{'date': '01/05/2026', 'date_formatted': '01/05/2026', 'hours': '04', 'minutes': '56', 'am_pm': 'PM', 'unix_timestamp': 1767632160000, 'iso_timestamp': '2026-01-05T16:56:00.000Z', 'timestamp': '01/05/2026 04:56 pm', 'time': 1016, 'time_formatted': '16:56', 'proper_unix_timestamp': 1767650160000, 'proper_iso_timestamp': '2026-01-05T21:56:00.000Z'}",01/05/2026 16:56,"{'date': '01/05/2026', 'date_formatted': '01/05/2026', 'hours': '04', 'minutes': '56', 'am_pm': 'PM', 'unix_timestamp': 1767632160000, 'iso_timestamp': '2026-01-05T16:56:00.000Z', 'timestamp': '01/05/2026 04:56 pm', 'time': 1016, 'time_formatted': '16:56', 'proper_unix_timestamp': 1767650160000, 'proper_iso_timestamp': '2026-01-05T21:56:00.000Z'}",Style,Style,Cool Peak Knee Elbow - 110-150lb,Cool Peak Knee Elbow - 110-150lb,,,,,43,43,$30.00,30,No,False,,,,,22.99,22.99,,,29.70,29.7,13.00,13,No,False,,,Yes,True,,,,,,,$30.00,30,$13.87,13.87,No,False
695c3396cd0d7527390bb339,"<span class=""695c32defc2883b5640f6c9a"" data-kn=""connection-value"">Speedqb护具套装成人滑板下场护膝护肘护掌SQB水弹酷峰CNSQB竞技-淘宝网</span>","[{'id': '695c32defc2883b5640f6c9a', 'identifier': 'Speedqb护具套装成人滑板下场护膝护肘护掌SQB水弹酷峰CNSQB竞技-淘宝网'}]",Active,Active,Cool Peak Knee Elbow - 80-110lb,Cool Peak Knee Elbow - 80-110lb,,,,,,,Yes,True,12,12,01/05/2026 16:56,"{'date': '01/05/2026', 'date_formatted': '01/05/2026', 'hours': '04', 'minutes': '56', 'am_pm': 'PM', 'unix_timestamp': 1767632160000, 'iso_timestamp': '2026-01-05T16:56:00.000Z', 'timestamp': '01/05/2026 04:56 pm', 'time': 1016, 'time_formatted': '16:56', 'proper_unix_timestamp': 1767650160000, 'proper_iso_timestamp': '2026-01-05T21:56:00.000Z'}",01/05/2026 16:56,"{'date': '01/05/2026', 'date_formatted': '01/05/2026', 'hours': '04', 'minutes': '56', 'am_pm': 'PM', 'unix_timestamp': 1767632160000, 'iso_timestamp': '2026-01-05T16:56:00.000Z', 'timestamp': '01/05/2026 04:56 pm', 'time': 1016, 'time_formatted': '16:56', 'proper_unix_timestamp': 1767650160000, 'proper_iso_timestamp': '2026-01-05T21:56:00.000Z'}",Style,Style,Cool Peak Knee Elbow - 80-110lb,Cool Peak Knee Elbow - 80-110lb,,,,,43,43,$30.00,30,No,False,,,,,22.99,22.99,,,29.70,29.7,13.00,13,No,False,,,Yes,True,,,,,,,$30.00,30,$13.87,13.87,No,False
695c33965dd70f9684e0f121,"<span class=""695c32defc2883b5640f6c9a"" data-kn=""connection-value"">Speedqb护具套装成人滑板下场护膝护肘护掌SQB水弹酷峰CNSQB竞技-淘宝网</span>","[{'id': '695c32defc2883b5640f6c9a', 'identifier': 'Speedqb护具套装成人滑板下场护膝护肘护掌SQB水弹酷峰CNSQB竞技-淘宝网'}]",Inactive,Inactive,No Label - 150-210lb,No Label - 150-210lb,,,,,,,Yes,True,11,11,01/05/2026 16:56,"{'date': '01/05/2026', 'date_formatted': '01/05/2026', 'hours': '04', 'minutes': '56', 'am_pm': 'PM', 'unix_timestamp': 1767632160000, 'iso_timestamp': '2026-01-05T16:56:00.000Z', 'timestamp': '01/05/2026 04:56 pm', 'time': 1016, 'time_formatted': '16:56', 'proper_unix_timestamp': 1767650160000, 'proper_iso_timestamp': '2026-01-05T21:56:00.000Z'}",01/05/2026 16:56,"{'date': '01/05/2026', 'date_formatted': '01/05/2026', 'hours': '04', 'minutes': '56', 'am_pm': 'PM', 'unix_timestamp': 1767632160000, 'iso_timestamp': '2026-01-05T16:56:00.000Z', 'timestamp': '01/05/2026 04:56 pm', 'time': 1016, 'time_formatted': '16:56', 'proper_unix_timestamp': 1767650160000, 'proper_iso_timestamp': '2026-01-05T21:56:00.000Z'}",Style,Style,No Label - 150-210lb,No Label - 150-210lb,,,,,43,43,$30.00,30,No,False,,,,,22.99,22.99,,,29.70,29.7,13.00,13,No,False,,,Yes,True,,,,,,,$30.00,30,$13.87,13.87,No,False
695c33958b911985b12b7e43,"<span class=""695c32defc2883b5640f6c9a"" data-kn=""connection-value"">Speedqb护具套装成人滑板下场护膝护肘护掌SQB水弹酷峰CNSQB竞技-淘宝网</span>","[{'id': '695c32defc2883b5640f6c9a', 'identifier': 'Speedqb护具套装成人滑板下场护膝护肘护掌SQB水弹酷峰CNSQB竞技-淘宝网'}]",Inactive,Inactive,No Label - 110-150lb,No Label - 110-150lb,,,,,,,Yes,True,10,10,01/05/2026 16:56,"{'date': '01/05/2026', 'date_formatted': '01/05/2026', 'hours': '04', 'minutes': '56', 'am_pm': 'PM', 'unix_timestamp': 1767632160000, 'iso_timestamp': '2026-01-05T16:56:00.000Z', 'timestamp': '01/05/2026 04:56 pm', 'time': 1016, 'time_formatted': '16:56', 'proper_unix_timestamp': 1767650160000, 'proper_iso_timestamp': '2026-01-05T21:56:00.000Z'}",01/05/2026 16:56,"{'date': '01/05/2026', 'date_formatted': '01/05/2026', 'hours': '04', 'minutes': '56', 'am_pm': 'PM', 'unix_timestamp': 1767632160000, 'iso_timestamp': '2026-01-05T16:56:00.000Z', 'timestamp': '01/05/2026 04:56 pm', 'time': 1016, 'time_formatted': '16:56', 'proper_unix_timestamp': 1767650160000, 'proper_iso_timestamp': '2026-01-05T21:56:00.000Z'}",Style,Style,No Label - 110-150lb,No Label - 110-150lb,,,,,43,43,$30.00,30,No,False,,,,,22.99,22.99,,,29.70,29.7,13.00,13,No,False,,,Yes,True,,,,,,,$30.00,30,$13.87,13.87,No,False
695c33955dd70f9684e0deab,"<span class=""695c32defc2883b5640f6c9a"" data-kn=""connection-value"">Speedqb护具套装成人滑板下场护膝护肘护掌SQB水弹酷峰CNSQB竞技-淘宝网</span>","[{'id': '695c32defc2883b5640f6c9a', 'identifier': 'Speedqb护具套装成人滑板下场护膝护肘护掌SQB水弹酷峰CNSQB竞技-淘宝网'}]",Inactive,Inactive,No Label - 80-110lb,No Label - 80-110lb,,,,,,,Yes,True,9,9,01/05/2026 16:56,"{'date': '01/05/2026', 'date_formatted': '01/05/2026', 'hours': '04', 'minutes': '56', 'am_pm': 'PM', 'unix_timestamp': 1767632160000, 'iso_timestamp': '2026-01-05T16:56:00.000Z', 'timestamp': '01/05/2026 04:56 pm', 'time': 1016, 'time_formatted': '16:56', 'proper_unix_timestamp': 1767650160000, 'proper_iso_timestamp': '2026-01-05T21:56:00.000Z'}",01/05/2026 16:56,"{'date': '01/05/2026', 'date_formatted': '01/05/2026', 'hours': '04', 'minutes': '56', 'am_pm': 'PM', 'unix_timestamp': 1767632160000, 'iso_timestamp': '2026-01-05T16:56:00.000Z', 'timestamp': '01/05/2026 04:56 pm', 'time': 1016, 'time_formatted': '16:56', 'proper_unix_timestamp': 1767650160000, 'proper_iso_timestamp': '2026-01-05T21:56:00.000Z'}",Style,Style,No Label - 80-110lb,No Label - 80-110lb,,,,,43,43,$30.00,30,No,False,,,,,22.99,22.99,,,29.70,29.7,13.00,13,No,False,,,Yes,True,,,,,,,$30.00,30,$13.87,13.87,No,False
695c3395b3a75d879c35d688,"<span class=""695c32defc2883b5640f6c9a"" data-kn=""connection-value"">Speedqb护具套装成人滑板下场护膝护肘护掌SQB水弹酷峰CNSQB竞技-淘宝网</span>","[{'id': '695c32defc2883b5640f6c9a', 'identifier': 'Speedqb护具套装成人滑板下场护膝护肘护掌SQB水弹酷峰CNSQB竞技-淘宝网'}]",Inactive,Inactive,No Label Black - 80-110lb,No Label Black - 80-110lb,,,,,,,Yes,True,8,8,01/05/2026 16:56,"{'date': '01/05/2026', 'date_formatted': '01/05/2026', 'hours': '04', 'minutes': '56', 'am_pm': 'PM', 'unix_timestamp': 1767632160000, 'iso_timestamp': '2026-01-05T16:56:00.000Z', 'timestamp': '01/05/2026 04:56 pm', 'time': 1016, 'time_formatted': '16:56', 'proper_unix_timestamp': 1767650160000, 'proper_iso_timestamp': '2026-01-05T21:56:00.000Z'}",01/05/2026 16:56,"{'date': '01/05/2026', 'date_formatted': '01/05/2026', 'hours': '04', 'minutes': '56', 'am_pm': 'PM', 'unix_timestamp': 1767632160000, 'iso_timestamp': '2026-01-05T16:56:00.000Z', 'timestamp': '01/05/2026 04:56 pm', 'time': 1016, 'time_formatted': '16:56', 'proper_unix_timestamp': 1767650160000, 'proper_iso_timestamp': '2026-01-05T21:56:00.000Z'}",Color,Color,Black,Black,,,,,43,43,$30.00,30,No,False,,,,,22.99,22.99,,,29.70,29.7,13.00,13,No,False,,,Yes,True,,,,,,,$30.00,30,$13.87,13.87,No,False
695c3394bde2c63e6cb4f846,"<span class=""695c32defc2883b5640f6c9a"" data-kn=""connection-value"">Speedqb护具套装成人滑板下场护膝护肘护掌SQB水弹酷峰CNSQB竞技-淘宝网</span>","[{'id': '695c32defc2883b5640f6c9a', 'identifier': 'Speedqb护具套装成人滑板下场护膝护肘护掌SQB水弹酷峰CNSQB竞技-淘宝网'}]",Inactive,Inactive,No Label Black - 110-160lb,No Label Black - 110-160lb,,,,,,,Yes,True,7,7,01/05/2026 16:56,"{'date': '01/05/2026', 'date_formatted': '01/05/2026', 'hours': '04', 'minutes': '56', 'am_pm': 'PM', 'unix_timestamp': 1767632160000, 'iso_timestamp': '2026-01-05T16:56:00.000Z', 'timestamp': '01/05/2026 04:56 pm', 'time': 1016, 'time_formatted': '16:56', 'proper_unix_timestamp': 1767650160000, 'proper_iso_timestamp': '2026-01-05T21:56:00.000Z'}",01/05/2026 16:56,"{'date': '01/05/2026', 'date_formatted': '01/05/2026', 'hours': '04', 'minutes': '56', 'am_pm': 'PM', 'unix_timestamp': 1767632160000, 'iso_timestamp': '2026-01-05T16:56:00.000Z', 'timestamp': '01/05/2026 04:56 pm', 'time': 1016, 'time_formatted': '16:56', 'proper_unix_timestamp': 1767650160000, 'proper_iso_timestamp': '2026-01-05T21:56:00.000Z'}",Color,Color,Black,Black,,,,,43,43,$30.00,30,No,False,,,,,22.99,22.99,,,29.70,29.7,13.00,13,No,False,,,Yes,True,,,,,,,$30.00,30,$13.87,13.87,No,False
695c3394ce1739befd2235fb,"<span class=""695c32defc2883b5640f6c9a"" data-kn=""connection-value"">Speedqb护具套装成人滑板下场护膝护肘护掌SQB水弹酷峰CNSQB竞技-淘宝网</span>","[{'id': '695c32defc2883b5640f6c9a', 'identifier': 'Speedqb护具套装成人滑板下场护膝护肘护掌SQB水弹酷峰CNSQB竞技-淘宝网'}]",Active,Active,No Label Black - 150-210lb,No Label Black - 150-210lb,,,,,,,Yes,True,6,6,01/05/2026 16:56,"{'date': '01/05/2026', 'date_formatted': '01/05/2026', 'hours': '04', 'minutes': '56', 'am_pm': 'PM', 'unix_timestamp': 1767632160000, 'iso_timestamp': '2026-01-05T16:56:00.000Z', 'timestamp': '01/05/2026 04:56 pm', 'time': 1016, 'time_formatted': '16:56', 'proper_unix_timestamp': 1767650160000, 'proper_iso_timestamp': '2026-01-05T21:56:00.000Z'}",01/05/2026 16:56,"{'date': '01/05/2026', 'date_formatted': '01/05/2026', 'hours': '04', 'minutes': '56', 'am_pm': 'PM', 'unix_timestamp': 1767632160000, 'iso_timestamp': '2026-01-05T16:56:00.000Z', 'timestamp': '01/05/2026 04:56 pm', 'time': 1016, 'time_formatted': '16:56', 'proper_unix_timestamp': 1767650160000, 'proper_iso_timestamp': '2026-01-05T21:56:00.000Z'}",Color,Color,Black,Black,,,,,43,43,$30.00,30,No,False,,,,,22.99,22.99,,,29.70,29.7,13.00,13,No,False,,,Yes,True,,,,,,,$30.00,30,$13.87,13.87,No,False
695c33949cd3039a82513b8d,"<span class=""695c32defc2883b5640f6c9a"" data-kn=""connection-value"">Speedqb护具套装成人滑板下场护膝护肘护掌SQB水弹酷峰CNSQB竞技-淘宝网</span>","[{'id': '695c32defc2883b5640f6c9a', 'identifier': 'Speedqb护具套装成人滑板下场护膝护肘护掌SQB水弹酷峰CNSQB竞技-淘宝网'}]",Inactive,Inactive,Grey Black - 110-150lb,Grey Black - 110-150lb,,,,,,,Yes,True,5,5,01/05/2026 16:56,"{'date': '01/05/2026', 'date_formatted': '01/05/2026', 'hours': '04', 'minutes': '56', 'am_pm': 'PM', 'unix_timestamp': 1767632160000, 'iso_timestamp': '2026-01-05T16:56:00.000Z', 'timestamp': '01/05/2026 04:56 pm', 'time': 1016, 'time_formatted': '16:56', 'proper_unix_timestamp': 1767650160000, 'proper_iso_timestamp': '2026-01-05T21:56:00.000Z'}",01/05/2026 16:56,"{'date': '01/05/2026', 'date_formatted': '01/05/2026', 'hours': '04', 'minutes': '56', 'am_pm': 'PM', 'unix_timestamp': 1767632160000, 'iso_timestamp': '2026-01-05T16:56:00.000Z', 'timestamp': '01/05/2026 04:56 pm', 'time': 1016, 'time_formatted': '16:56', 'proper_unix_timestamp': 1767650160000, 'proper_iso_timestamp': '2026-01-05T21:56:00.000Z'}",Color,Color,Grey,Grey,,,,,43,43,$30.00,30,No,False,,,,,22.99,22.99,,,29.70,29.7,13.00,13,No,False,,,Yes,True,,,,,,,$30.00,30,$13.87,13.87,No,False
695c3393f4bf2f7ec13a44e9,"<span class=""695c32defc2883b5640f6c9a"" data-kn=""connection-value"">Speedqb护具套装成人滑板下场护膝护肘护掌SQB水弹酷峰CNSQB竞技-淘宝网</span>","[{'id': '695c32defc2883b5640f6c9a', 'identifier': 'Speedqb护具套装成人滑板下场护膝护肘护掌SQB水弹酷峰CNSQB竞技-淘宝网'}]",Inactive,Inactive,Grey Black - 150-210lb,Grey Black - 150-210lb,,,,,,,Yes,True,4,4,01/05/2026 16:56,"{'date': '01/05/2026', 'date_formatted': '01/05/2026', 'hours': '04', 'minutes': '56', 'am_pm': 'PM', 'unix_timestamp': 1767632160000, 'iso_timestamp': '2026-01-05T16:56:00.000Z', 'timestamp': '01/05/2026 04:56 pm', 'time': 1016, 'time_formatted': '16:56', 'proper_unix_timestamp': 1767650160000, 'proper_iso_timestamp': '2026-01-05T21:56:00.000Z'}",01/05/2026 16:56,"{'date': '01/05/2026', 'date_formatted': '01/05/2026', 'hours': '04', 'minutes': '56', 'am_pm': 'PM', 'unix_timestamp': 1767632160000, 'iso_timestamp': '2026-01-05T16:56:00.000Z', 'timestamp': '01/05/2026 04:56 pm', 'time': 1016, 'time_formatted': '16:56', 'proper_unix_timestamp': 1767650160000, 'proper_iso_timestamp': '2026-01-05T21:56:00.000Z'}",Color,Color,Grey,Grey,,,,,43,43,$30.00,30,No,False,,,,,22.99,22.99,,,29.70,29.7,13.00,13,No,False,,,Yes,True,,,,,,,$30.00,30,$13.87,13.87,No,False
695c33939f7a567135234260,"<span class=""695c32defc2883b5640f6c9a"" data-kn=""connection-value"">Speedqb护具套装成人滑板下场护膝护肘护掌SQB水弹酷峰CNSQB竞技-淘宝网</span>","[{'id': '695c32defc2883b5640f6c9a', 'identifier': 'Speedqb护具套装成人滑板下场护膝护肘护掌SQB水弹酷峰CNSQB竞技-淘宝网'}]",Inactive,Inactive,Grey Black - 80-110lb,Grey Black - 80-110lb,,,,,,,Yes,True,3,3,01/05/2026 16:56,"{'date': '01/05/2026', 'date_formatted': '01/05/2026', 'hours': '04', 'minutes': '56', 'am_pm': 'PM', 'unix_timestamp': 1767632160000, 'iso_timestamp': '2026-01-05T16:56:00.000Z', 'timestamp': '01/05/2026 04:56 pm', 'time': 1016, 'time_formatted': '16:56', 'proper_unix_timestamp': 1767650160000, 'proper_iso_timestamp': '2026-01-05T21:56:00.000Z'}",01/05/2026 16:56,"{'date': '01/05/2026', 'date_formatted': '01/05/2026', 'hours': '04', 'minutes': '56', 'am_pm': 'PM', 'unix_timestamp': 1767632160000, 'iso_timestamp': '2026-01-05T16:56:00.000Z', 'timestamp': '01/05/2026 04:56 pm', 'time': 1016, 'time_formatted': '16:56', 'proper_unix_timestamp': 1767650160000, 'proper_iso_timestamp': '2026-01-05T21:56:00.000Z'}",Color,Color,Grey,Grey,,,,,43,43,$30.00,30,No,False,,,,,22.99,22.99,,,29.70,29.7,13.00,13,No,False,,,Yes,True,,,,,,,$30.00,30,$13.87,13.87,No,False
695c3392ce1739befd21f88f,"<span class=""695c32defc2883b5640f6c9a"" data-kn=""connection-value"">Speedqb护具套装成人滑板下场护膝护肘护掌SQB水弹酷峰CNSQB竞技-淘宝网</span>","[{'id': '695c32defc2883b5640f6c9a', 'identifier': 'Speedqb护具套装成人滑板下场护膝护肘护掌SQB水弹酷峰CNSQB竞技-淘宝网'}]",Inactive,Inactive,Black White,Black White,,,,,,,Yes,True,2,2,01/05/2026 16:56,"{'date': '01/05/2026', 'date_formatted': '01/05/2026', 'hours': '04', 'minutes': '56', 'am_pm': 'PM', 'unix_timestamp': 1767632160000, 'iso_timestamp': '2026-01-05T16:56:00.000Z', 'timestamp': '01/05/2026 04:56 pm', 'time': 1016, 'time_formatted': '16:56', 'proper_unix_timestamp': 1767650160000, 'proper_iso_timestamp': '2026-01-05T21:56:00.000Z'}",01/05/2026 16:56,"{'date': '01/05/2026', 'date_formatted': '01/05/2026', 'hours': '04', 'minutes': '56', 'am_pm': 'PM', 'unix_timestamp': 1767632160000, 'iso_timestamp': '2026-01-05T16:56:00.000Z', 'timestamp': '01/05/2026 04:56 pm', 'time': 1016, 'time_formatted': '16:56', 'proper_unix_timestamp': 1767650160000, 'proper_iso_timestamp': '2026-01-05T21:56:00.000Z'}",Color,Color,Black,Black,,,,,43,43,$30.00,30,No,False,,,,,22.99,22.99,,,29.70,29.7,13.00,13,No,False,,,Yes,True,,,,,,,$30.00,30,$13.87,13.87,No,False
695c33927051e7c10350fa6d,"<span class=""695c32defc2883b5640f6c9a"" data-kn=""connection-value"">Speedqb护具套装成人滑板下场护膝护肘护掌SQB水弹酷峰CNSQB竞技-淘宝网</span>","[{'id': '695c32defc2883b5640f6c9a', 'identifier': 'Speedqb护具套装成人滑板下场护膝护肘护掌SQB水弹酷峰CNSQB竞技-淘宝网'}]",Inactive,Inactive,Black Pink,Black Pink,,,,,,,Yes,True,1,1,01/05/2026 16:56,"{'date': '01/05/2026', 'date_formatted': '01/05/2026', 'hours': '04', 'minutes': '56', 'am_pm': 'PM', 'unix_timestamp': 1767632160000, 'iso_timestamp': '2026-01-05T16:56:00.000Z', 'timestamp': '01/05/2026 04:56 pm', 'time': 1016, 'time_formatted': '16:56', 'proper_unix_timestamp': 1767650160000, 'proper_iso_timestamp': '2026-01-05T21:56:00.000Z'}",01/05/2026 16:56,"{'date': '01/05/2026', 'date_formatted': '01/05/2026', 'hours': '04', 'minutes': '56', 'am_pm': 'PM', 'unix_timestamp': 1767632160000, 'iso_timestamp': '2026-01-05T16:56:00.000Z', 'timestamp': '01/05/2026 04:56 pm', 'time': 1016, 'time_formatted': '16:56', 'proper_unix_timestamp': 1767650160000, 'proper_iso_timestamp': '2026-01-05T21:56:00.000Z'}",Color,Color,Black,Black,,,,,43,43,$30.00,30,No,False,,,,,22.99,22.99,,,29.70,29.7,13.00,13,No,False,,,Yes,True,,,,,,,$30.00,30,$13.87,13.87,No,False
695c3392612ae4b6294f70e3,"<span class=""695c32e8bde2c63e6cae0ebb"" data-kn=""connection-value"">俄罗斯小绿人搭配防尘防雾战术防风骑行军迷户外头套卡其色绿色-淘宝网</span>","[{'id': '695c32e8bde2c63e6cae0ebb', 'identifier': '俄罗斯小绿人搭配防尘防雾战术防风骑行军迷户外头套卡其色绿色-淘宝网'}]",Inactive,Inactive,黑色,黑色,,,,,,,Yes,True,4,4,01/05/2026 16:56,"{'date': '01/05/2026', 'date_formatted': '01/05/2026', 'hours': '04', 'minutes': '56', 'am_pm': 'PM', 'unix_timestamp': 1767632160000, 'iso_timestamp': '2026-01-05T16:56:00.000Z', 'timestamp': '01/05/2026 04:56 pm', 'time': 1016, 'time_formatted': '16:56', 'proper_unix_timestamp': 1767650160000, 'proper_iso_timestamp': '2026-01-05T21:56:00.000Z'}",01/05/2026 16:56,"{'date': '01/05/2026', 'date_formatted': '01/05/2026', 'hours': '04', 'minutes': '56', 'am_pm': 'PM', 'unix_timestamp': 1767632160000, 'iso_timestamp': '2026-01-05T16:56:00.000Z', 'timestamp': '01/05/2026 04:56 pm', 'time': 1016, 'time_formatted': '16:56', 'proper_unix_timestamp': 1767650160000, 'proper_iso_timestamp': '2026-01-05T21:56:00.000Z'}",Style,Style,黑色,黑色,,,,,0,0,$30.00,30,No,False,,,,,0.00,0,,,0.00,0,0.00,0,No,False,,,Yes,True,,,,,,,$30.00,30,$0.00,0,No,False
695c33913b00921b6a8ec9fe,"<span class=""695c32e8bde2c63e6cae0ebb"" data-kn=""connection-value"">俄罗斯小绿人搭配防尘防雾战术防风骑行军迷户外头套卡其色绿色-淘宝网</span>","[{'id': '695c32e8bde2c63e6cae0ebb', 'identifier': '俄罗斯小绿人搭配防尘防雾战术防风骑行军迷户外头套卡其色绿色-淘宝网'}]",Inactive,Inactive,沙色,沙色,,,,,,,Yes,True,3,3,01/05/2026 16:56,"{'date': '01/05/2026', 'date_formatted': '01/05/2026', 'hours': '04', 'minutes': '56', 'am_pm': 'PM', 'unix_timestamp': 1767632160000, 'iso_timestamp': '2026-01-05T16:56:00.000Z', 'timestamp': '01/05/2026 04:56 pm', 'time': 1016, 'time_formatted': '16:56', 'proper_unix_timestamp': 1767650160000, 'proper_iso_timestamp': '2026-01-05T21:56:00.000Z'}",01/05/2026 16:56,"{'date': '01/05/2026', 'date_formatted': '01/05/2026', 'hours': '04', 'minutes': '56', 'am_pm': 'PM', 'unix_timestamp': 1767632160000, 'iso_timestamp': '2026-01-05T16:56:00.000Z', 'timestamp': '01/05/2026 04:56 pm', 'time': 1016, 'time_formatted': '16:56', 'proper_unix_timestamp': 1767650160000, 'proper_iso_timestamp': '2026-01-05T21:56:00.000Z'}",Style,Style,沙色,沙色,,,,,0,0,$30.00,30,No,False,,,,,0.00,0,,,0.00,0,0.00,0,No,False,,,Yes,True,,,,,,,$30.00,30,$0.00,0,No,False
695c33917051e7c10350dee1,"<span class=""695c32e8bde2c63e6cae0ebb"" data-kn=""connection-value"">俄罗斯小绿人搭配防尘防雾战术防风骑行军迷户外头套卡其色绿色-淘宝网</span>","[{'id': '695c32e8bde2c63e6cae0ebb', 'identifier': '俄罗斯小绿人搭配防尘防雾战术防风骑行军迷户外头套卡其色绿色-淘宝网'}]",Inactive,Inactive,绿色,绿色,,,,,,,Yes,True,2,2,01/05/2026 16:56,"{'date': '01/05/2026', 'date_formatted': '01/05/2026', 'hours': '04', 'minutes': '56', 'am_pm': 'PM', 'unix_timestamp': 1767632160000, 'iso_timestamp': '2026-01-05T16:56:00.000Z', 'timestamp': '01/05/2026 04:56 pm', 'time': 1016, 'time_formatted': '16:56', 'proper_unix_timestamp': 1767650160000, 'proper_iso_timestamp': '2026-01-05T21:56:00.000Z'}",01/05/2026 16:56,"{'date': '01/05/2026', 'date_formatted': '01/05/2026', 'hours': '04', 'minutes': '56', 'am_pm': 'PM', 'unix_timestamp': 1767632160000, 'iso_timestamp': '2026-01-05T16:56:00.000Z', 'timestamp': '01/05/2026 04:56 pm', 'time': 1016, 'time_formatted': '16:56', 'proper_unix_timestamp': 1767650160000, 'proper_iso_timestamp': '2026-01-05T21:56:00.000Z'}",Style,Style,绿色,绿色,,,,,0,0,$30.00,30,No,False,,,,,0.00,0,,,0.00,0,0.00,0,No,False,,,Yes,True,,,,,,,$30.00,30,$0.00,0,No,False
695c33913b00921b6a8ec97a,"<span class=""695c32e8bde2c63e6cae0ebb"" data-kn=""connection-value"">俄罗斯小绿人搭配防尘防雾战术防风骑行军迷户外头套卡其色绿色-淘宝网</span>","[{'id': '695c32e8bde2c63e6cae0ebb', 'identifier': '俄罗斯小绿人搭配防尘防雾战术防风骑行军迷户外头套卡其色绿色-淘宝网'}]",Inactive,Inactive,灰色,灰色,,,,,,,Yes,True,1,1,01/05/2026 16:56,"{'date': '01/05/2026', 'date_formatted': '01/05/2026', 'hours': '04', 'minutes': '56', 'am_pm': 'PM', 'unix_timestamp': 1767632160000, 'iso_timestamp': '2026-01-05T16:56:00.000Z', 'timestamp': '01/05/2026 04:56 pm', 'time': 1016, 'time_formatted': '16:56', 'proper_unix_timestamp': 1767650160000, 'proper_iso_timestamp': '2026-01-05T21:56:00.000Z'}",01/05/2026 16:56,"{'date': '01/05/2026', 'date_formatted': '01/05/2026', 'hours': '04', 'minutes': '56', 'am_pm': 'PM', 'unix_timestamp': 1767632160000, 'iso_timestamp': '2026-01-05T16:56:00.000Z', 'timestamp': '01/05/2026 04:56 pm', 'time': 1016, 'time_formatted': '16:56', 'proper_unix_timestamp': 1767650160000, 'proper_iso_timestamp': '2026-01-05T21:56:00.000Z'}",Style,Style,灰色,灰色,,,,,0,0,$30.00,30,No,False,,,,,0.00,0,,,0.00,0,0.00,0,No,False,,,Yes,True,,,,,,,$30.00,30,$0.00,0,No,False
695c3390c71160ba1950dc84,"<span class=""695c32e7bde2c63e6cadfe4d"" data-kn=""connection-value"">KUBLAI库拜来P1N23456789/ZY通用进出气阀扳手钥匙拆装工具不锈钢-淘宝网</span>","[{'id': '695c32e7bde2c63e6cadfe4d', 'identifier': 'KUBLAI库拜来P1N23456789/ZY通用进出气阀扳手钥匙拆装工具不锈钢-淘宝网'}]",Inactive,Inactive,扳手,扳手,,,,,,,Yes,True,3,3,01/05/2026 16:56,"{'date': '01/05/2026', 'date_formatted': '01/05/2026', 'hours': '04', 'minutes': '56', 'am_pm': 'PM', 'unix_timestamp': 1767632160000, 'iso_timestamp': '2026-01-05T16:56:00.000Z', 'timestamp': '01/05/2026 04:56 pm', 'time': 1016, 'time_formatted': '16:56', 'proper_unix_timestamp': 1767650160000, 'proper_iso_timestamp': '2026-01-05T21:56:00.000Z'}",01/05/2026 16:56,"{'date': '01/05/2026', 'date_formatted': '01/05/2026', 'hours': '04', 'minutes': '56', 'am_pm': 'PM', 'unix_timestamp': 1767632160000, 'iso_timestamp': '2026-01-05T16:56:00.000Z', 'timestamp': '01/05/2026 04:56 pm', 'time': 1016, 'time_formatted': '16:56', 'proper_unix_timestamp': 1767650160000, 'proper_iso_timestamp': '2026-01-05T21:56:00.000Z'}",Style,Style,扳手,扳手,,,,,0,0,$30.00,30,No,False,,,,,0.00,0,,,0.00,0,0.00,0,No,False,,,Yes,True,,,,,,,$30.00,30,$0.00,0,No,False
695c33909f7a5671352325d4,"<span class=""695c32e7bde2c63e6cadfe4d"" data-kn=""connection-value"">KUBLAI库拜来P1N23456789/ZY通用进出气阀扳手钥匙拆装工具不锈钢-淘宝网</span>","[{'id': '695c32e7bde2c63e6cadfe4d', 'identifier': 'KUBLAI库拜来P1N23456789/ZY通用进出气阀扳手钥匙拆装工具不锈钢-淘宝网'}]",Inactive,Inactive,扳手+O圈2套,扳手+O圈2套,,,,,,,Yes,True,2,2,01/05/2026 16:56,"{'date': '01/05/2026', 'date_formatted': '01/05/2026', 'hours': '04', 'minutes': '56', 'am_pm': 'PM', 'unix_timestamp': 1767632160000, 'iso_timestamp': '2026-01-05T16:56:00.000Z', 'timestamp': '01/05/2026 04:56 pm', 'time': 1016, 'time_formatted': '16:56', 'proper_unix_timestamp': 1767650160000, 'proper_iso_timestamp': '2026-01-05T21:56:00.000Z'}",01/05/2026 16:56,"{'date': '01/05/2026', 'date_formatted': '01/05/2026', 'hours': '04', 'minutes': '56', 'am_pm': 'PM', 'unix_timestamp': 1767632160000, 'iso_timestamp': '2026-01-05T16:56:00.000Z', 'timestamp': '01/05/2026 04:56 pm', 'time': 1016, 'time_formatted': '16:56', 'proper_unix_timestamp': 1767650160000, 'proper_iso_timestamp': '2026-01-05T21:56:00.000Z'}",Style,Style,扳手+O圈2套,扳手+O圈2套,,,,,0,0,$30.00,30,No,False,,,,,0.00,0,,,0.00,0,0.00,0,No,False,,,Yes,True,,,,,,,$30.00,30,$0.00,0,No,False
695c3390ce1739befd21d487,"<span class=""695c32e7bde2c63e6cadfe4d"" data-kn=""connection-value"">KUBLAI库拜来P1N23456789/ZY通用进出气阀扳手钥匙拆装工具不锈钢-淘宝网</span>","[{'id': '695c32e7bde2c63e6cadfe4d', 'identifier': 'KUBLAI库拜来P1N23456789/ZY通用进出气阀扳手钥匙拆装工具不锈钢-淘宝网'}]",Inactive,Inactive,1套O圈,1套O圈,,,,,,,Yes,True,1,1,01/05/2026 16:56,"{'date': '01/05/2026', 'date_formatted': '01/05/2026', 'hours': '04', 'minutes': '56', 'am_pm': 'PM', 'unix_timestamp': 1767632160000, 'iso_timestamp': '2026-01-05T16:56:00.000Z', 'timestamp': '01/05/2026 04:56 pm', 'time': 1016, 'time_formatted': '16:56', 'proper_unix_timestamp': 1767650160000, 'proper_iso_timestamp': '2026-01-05T21:56:00.000Z'}",01/05/2026 16:56,"{'date': '01/05/2026', 'date_formatted': '01/05/2026', 'hours': '04', 'minutes': '56', 'am_pm': 'PM', 'unix_timestamp': 1767632160000, 'iso_timestamp': '2026-01-05T16:56:00.000Z', 'timestamp': '01/05/2026 04:56 pm', 'time': 1016, 'time_formatted': '16:56', 'proper_unix_timestamp': 1767650160000, 'proper_iso_timestamp': '2026-01-05T21:56:00.000Z'}",Style,Style,1套O圈,1套O圈,,,,,0,0,$30.00,30,No,False,,,,,0.00,0,,,0.00,0,0.00,0,No,False,,,Yes,True,,,,,,,$30.00,30,$0.00,0,No,False
695c338fc3a1704a56476112,"<span class=""695c32e23b63f2dd23571da8"" data-kn=""connection-value"">儿童手雷玩具可爆炸水弹M67弹射烟雾手榴弹模型吃鸡男孩生日礼物-tmall.com天猫</span>","[{'id': '695c32e23b63f2dd23571da8', 'identifier': '儿童手雷玩具可爆炸水弹M67弹射烟雾手榴弹模型吃鸡男孩生日礼物-tmall.com天猫'}]",Archive,Archive,16手榴弹+空投箱,16手榴弹+空投箱,,,,,,,Yes,True,35,35,01/05/2026 16:56,"{'date': '01/05/2026', 'date_formatted': '01/05/2026', 'hours': '04', 'minutes': '56', 'am_pm': 'PM', 'unix_timestamp': 1767632160000, 'iso_timestamp': '2026-01-05T16:56:00.000Z', 'timestamp': '01/05/2026 04:56 pm', 'time': 1016, 'time_formatted': '16:56', 'proper_unix_timestamp': 1767650160000, 'proper_iso_timestamp': '2026-01-05T21:56:00.000Z'}",01/05/2026 16:56,"{'date': '01/05/2026', 'date_formatted': '01/05/2026', 'hours': '04', 'minutes': '56', 'am_pm': 'PM', 'unix_timestamp': 1767632160000, 'iso_timestamp': '2026-01-05T16:56:00.000Z', 'timestamp': '01/05/2026 04:56 pm', 'time': 1016, 'time_formatted': '16:56', 'proper_unix_timestamp': 1767650160000, 'proper_iso_timestamp': '2026-01-05T21:56:00.000Z'}",Style,Style,16手榴弹+空投箱,16手榴弹+空投箱,,,,,0,0,$30.00,30,No,False,,,,,0.00,0,,,0.00,0,0.00,0,No,False,,,Yes,True,,,,,,,$30.00,30,$0.00,0,No,False
695c338fc71160ba1950d3a5,"<span class=""695c32e23b63f2dd23571da8"" data-kn=""connection-value"">儿童手雷玩具可爆炸水弹M67弹射烟雾手榴弹模型吃鸡男孩生日礼物-tmall.com天猫</span>","[{'id': '695c32e23b63f2dd23571da8', 'identifier': '儿童手雷玩具可爆炸水弹M67弹射烟雾手榴弹模型吃鸡男孩生日礼物-tmall.com天猫'}]",Archive,Archive,8手榴弹+空投箱-绿,8手榴弹+空投箱-绿,,,,,,,Yes,True,34,34,01/05/2026 16:56,"{'date': '01/05/2026', 'date_formatted': '01/05/2026', 'hours': '04', 'minutes': '56', 'am_pm': 'PM', 'unix_timestamp': 1767632160000, 'iso_timestamp': '2026-01-05T16:56:00.000Z', 'timestamp': '01/05/2026 04:56 pm', 'time': 1016, 'time_formatted': '16:56', 'proper_unix_timestamp': 1767650160000, 'proper_iso_timestamp': '2026-01-05T21:56:00.000Z'}",01/05/2026 16:56,"{'date': '01/05/2026', 'date_formatted': '01/05/2026', 'hours': '04', 'minutes': '56', 'am_pm': 'PM', 'unix_timestamp': 1767632160000, 'iso_timestamp': '2026-01-05T16:56:00.000Z', 'timestamp': '01/05/2026 04:56 pm', 'time': 1016, 'time_formatted': '16:56', 'proper_unix_timestamp': 1767650160000, 'proper_iso_timestamp': '2026-01-05T21:56:00.000Z'}",Style,Style,8手榴弹+空投箱-绿,8手榴弹+空投箱-绿,,,,,0,0,$30.00,30,No,False,,,,,0.00,0,,,0.00,0,0.00,0,No,False,,,Yes,True,,,,,,,$30.00,30,$0.00,0,No,False
695c338e2a4e1cd21b10c545,"<span class=""695c32e23b63f2dd23571da8"" data-kn=""connection-value"">儿童手雷玩具可爆炸水弹M67弹射烟雾手榴弹模型吃鸡男孩生日礼物-tmall.com天猫</span>","[{'id': '695c32e23b63f2dd23571da8', 'identifier': '儿童手雷玩具可爆炸水弹M67弹射烟雾手榴弹模型吃鸡男孩生日礼物-tmall.com天猫'}]",Archive,Archive,8手榴弹+空投箱-黑,8手榴弹+空投箱-黑,,,,,,,Yes,True,33,33,01/05/2026 16:56,"{'date': '01/05/2026', 'date_formatted': '01/05/2026', 'hours': '04', 'minutes': '56', 'am_pm': 'PM', 'unix_timestamp': 1767632160000, 'iso_timestamp': '2026-01-05T16:56:00.000Z', 'timestamp': '01/05/2026 04:56 pm', 'time': 1016, 'time_formatted': '16:56', 'proper_unix_timestamp': 1767650160000, 'proper_iso_timestamp': '2026-01-05T21:56:00.000Z'}",01/05/2026 16:56,"{'date': '01/05/2026', 'date_formatted': '01/05/2026', 'hours': '04', 'minutes': '56', 'am_pm': 'PM', 'unix_timestamp': 1767632160000, 'iso_timestamp': '2026-01-05T16:56:00.000Z', 'timestamp': '01/05/2026 04:56 pm', 'time': 1016, 'time_formatted': '16:56', 'proper_unix_timestamp': 1767650160000, 'proper_iso_timestamp': '2026-01-05T21:56:00.000Z'}",Style,Style,8手榴弹+空投箱-黑,8手榴弹+空投箱-黑,,,,,0,0,$30.00,30,No,False,,,,,0.00,0,,,0.00,0,0.00,0,No,False,,,Yes,True,,,,,,,$30.00,30,$0.00,0,No,False
695c338e1e9722c9bf03db14,"<span class=""695c32e23b63f2dd23571da8"" data-kn=""connection-value"">儿童手雷玩具可爆炸水弹M67弹射烟雾手榴弹模型吃鸡男孩生日礼物-tmall.com天猫</span>","[{'id': '695c32e23b63f2dd23571da8', 'identifier': '儿童手雷玩具可爆炸水弹M67弹射烟雾手榴弹模型吃鸡男孩生日礼物-tmall.com天猫'}]",Active,Active,4-Pack (M26 OD Green + M67 OD Green + M18 OD Green + M24 OD Green),4-Pack (M26 OD Green + M67 OD Green + M18 OD Green + M24 OD Green),,,,,,,Yes,True,26,26,01/05/2026 16:56,"{'date': '01/05/2026', 'date_formatted': '01/05/2026', 'hours': '04', 'minutes': '56', 'am_pm': 'PM', 'unix_timestamp': 1767632160000, 'iso_timestamp': '2026-01-05T16:56:00.000Z', 'timestamp': '01/05/2026 04:56 pm', 'time': 1016, 'time_formatted': '16:56', 'proper_unix_timestamp': 1767650160000, 'proper_iso_timestamp': '2026-01-05T21:56:00.000Z'}",01/05/2026 16:56,"{'date': '01/05/2026', 'date_formatted': '01/05/2026', 'hours': '04', 'minutes': '56', 'am_pm': 'PM', 'unix_timestamp': 1767632160000, 'iso_timestamp': '2026-01-05T16:56:00.000Z', 'timestamp': '01/05/2026 04:56 pm', 'time': 1016, 'time_formatted': '16:56', 'proper_unix_timestamp': 1767650160000, 'proper_iso_timestamp': '2026-01-05T21:56:00.000Z'}",Color,Color,OD Green,OD Green,,,,,73,73,$30.00,30,No,False,,,,,32.99,32.99,,,30.70,30.7,14.10,14.1,No,False,,,Yes,True,,,,,,,$30.00,30,$19.57,19.57,No,False
695c338e5dd70f9684e0b388,"<span class=""695c32e23b63f2dd23571da8"" data-kn=""connection-value"">儿童手雷玩具可爆炸水弹M67弹射烟雾手榴弹模型吃鸡男孩生日礼物-tmall.com天猫</span>","[{'id': '695c32e23b63f2dd23571da8', 'identifier': '儿童手雷玩具可爆炸水弹M67弹射烟雾手榴弹模型吃鸡男孩生日礼物-tmall.com天猫'}]",Active,Active,2-Pack (M26 OD Green + M26 Black),2-Pack (M26 OD Green + M26 Black),,,,,,,Yes,True,25,25,01/05/2026 16:56,"{'date': '01/05/2026', 'date_formatted': '01/05/2026', 'hours': '04', 'minutes': '56', 'am_pm': 'PM', 'unix_timestamp': 1767632160000, 'iso_timestamp': '2026-01-05T16:56:00.000Z', 'timestamp': '01/05/2026 04:56 pm', 'time': 1016, 'time_formatted': '16:56', 'proper_unix_timestamp': 1767650160000, 'proper_iso_timestamp': '2026-01-05T21:56:00.000Z'}",01/05/2026 16:56,"{'date': '01/05/2026', 'date_formatted': '01/05/2026', 'hours': '04', 'minutes': '56', 'am_pm': 'PM', 'unix_timestamp': 1767632160000, 'iso_timestamp': '2026-01-05T16:56:00.000Z', 'timestamp': '01/05/2026 04:56 pm', 'time': 1016, 'time_formatted': '16:56', 'proper_unix_timestamp': 1767650160000, 'proper_iso_timestamp': '2026-01-05T21:56:00.000Z'}",Color,Color,OD Green,OD Green,,,,,32,32,$30.00,30,No,False,,,,,19.99,19.99,,,31.10,31.1,14.50,14.5,No,False,,,Yes,True,,,,,,,$30.00,30,$11.78,11.78,No,False
695c338d9f7a567135231cf7,"<span class=""695c32e23b63f2dd23571da8"" data-kn=""connection-value"">儿童手雷玩具可爆炸水弹M67弹射烟雾手榴弹模型吃鸡男孩生日礼物-tmall.com天猫</span>","[{'id': '695c32e23b63f2dd23571da8', 'identifier': '儿童手雷玩具可爆炸水弹M67弹射烟雾手榴弹模型吃鸡男孩生日礼物-tmall.com天猫'}]",Active,Active,MF36 (Black) – Reusable,MF36 (Black) – Reusable,,,,,,,Yes,True,14,14,01/05/2026 16:56,"{'date': '01/05/2026', 'date_formatted': '01/05/2026', 'hours': '04', 'minutes': '56', 'am_pm': 'PM', 'unix_timestamp': 1767632160000, 'iso_timestamp': '2026-01-05T16:56:00.000Z', 'timestamp': '01/05/2026 04:56 pm', 'time': 1016, 'time_formatted': '16:56', 'proper_unix_timestamp': 1767650160000, 'proper_iso_timestamp': '2026-01-05T21:56:00.000Z'}",01/05/2026 16:56,"{'date': '01/05/2026', 'date_formatted': '01/05/2026', 'hours': '04', 'minutes': '56', 'am_pm': 'PM', 'unix_timestamp': 1767632160000, 'iso_timestamp': '2026-01-05T16:56:00.000Z', 'timestamp': '01/05/2026 04:56 pm', 'time': 1016, 'time_formatted': '16:56', 'proper_unix_timestamp': 1767650160000, 'proper_iso_timestamp': '2026-01-05T21:56:00.000Z'}",Color,Color,Black,Black,,,,,17,17,$30.00,30,No,False,,,,,14.99,14.99,,,30.40,30.4,13.80,13.8,No,False,,,Yes,True,,,,,,,$30.00,30,$8.93,8.93,No,False
695c338d9f7a567135231942,"<span class=""695c32e23b63f2dd23571da8"" data-kn=""connection-value"">儿童手雷玩具可爆炸水弹M67弹射烟雾手榴弹模型吃鸡男孩生日礼物-tmall.com天猫</span>","[{'id': '695c32e23b63f2dd23571da8', 'identifier': '儿童手雷玩具可爆炸水弹M67弹射烟雾手榴弹模型吃鸡男孩生日礼物-tmall.com天猫'}]",Active,Active,M26 (Black) – Reusable,M26 (Black) – Reusable,,,,,,,Yes,True,13,13,01/05/2026 16:56,"{'date': '01/05/2026', 'date_formatted': '01/05/2026', 'hours': '04', 'minutes': '56', 'am_pm': 'PM', 'unix_timestamp': 1767632160000, 'iso_timestamp': '2026-01-05T16:56:00.000Z', 'timestamp': '01/05/2026 04:56 pm', 'time': 1016, 'time_formatted': '16:56', 'proper_unix_timestamp': 1767650160000, 'proper_iso_timestamp': '2026-01-05T21:56:00.000Z'}",01/05/2026 16:56,"{'date': '01/05/2026', 'date_formatted': '01/05/2026', 'hours': '04', 'minutes': '56', 'am_pm': 'PM', 'unix_timestamp': 1767632160000, 'iso_timestamp': '2026-01-05T16:56:00.000Z', 'timestamp': '01/05/2026 04:56 pm', 'time': 1016, 'time_formatted': '16:56', 'proper_unix_timestamp': 1767650160000, 'proper_iso_timestamp': '2026-01-05T21:56:00.000Z'}",Color,Color,Black,Black,,,,,17,17,$30.00,30,No,False,,,,,14.99,14.99,,,30.40,30.4,13.80,13.8,No,False,,,Yes,True,,,,,,,$30.00,30,$8.93,8.93,No,False
695c338dc3a1704a56473db4,"<span class=""695c32e23b63f2dd23571da8"" data-kn=""connection-value"">儿童手雷玩具可爆炸水弹M67弹射烟雾手榴弹模型吃鸡男孩生日礼物-tmall.com天猫</span>","[{'id': '695c32e23b63f2dd23571da8', 'identifier': '儿童手雷玩具可爆炸水弹M67弹射烟雾手榴弹模型吃鸡男孩生日礼物-tmall.com天猫'}]",Active,Active,MF36 (Green) – Reusable,MF36 (Green) – Reusable,,,,,,,Yes,True,12,12,01/05/2026 16:56,"{'date': '01/05/2026', 'date_formatted': '01/05/2026', 'hours': '04', 'minutes': '56', 'am_pm': 'PM', 'unix_timestamp': 1767632160000, 'iso_timestamp': '2026-01-05T16:56:00.000Z', 'timestamp': '01/05/2026 04:56 pm', 'time': 1016, 'time_formatted': '16:56', 'proper_unix_timestamp': 1767650160000, 'proper_iso_timestamp': '2026-01-05T21:56:00.000Z'}",01/05/2026 16:56,"{'date': '01/05/2026', 'date_formatted': '01/05/2026', 'hours': '04', 'minutes': '56', 'am_pm': 'PM', 'unix_timestamp': 1767632160000, 'iso_timestamp': '2026-01-05T16:56:00.000Z', 'timestamp': '01/05/2026 04:56 pm', 'time': 1016, 'time_formatted': '16:56', 'proper_unix_timestamp': 1767650160000, 'proper_iso_timestamp': '2026-01-05T21:56:00.000Z'}",Color,Color,Green,Green,,,,,17,17,$30.00,30,No,False,,,,,14.99,14.99,,,30.40,30.4,13.80,13.8,No,False,,,Yes,True,,,,,,,$30.00,30,$8.93,8.93,No,False
695c338cc3a1704a564739fb,"<span class=""695c32e23b63f2dd23571da8"" data-kn=""connection-value"">儿童手雷玩具可爆炸水弹M67弹射烟雾手榴弹模型吃鸡男孩生日礼物-tmall.com天猫</span>","[{'id': '695c32e23b63f2dd23571da8', 'identifier': '儿童手雷玩具可爆炸水弹M67弹射烟雾手榴弹模型吃鸡男孩生日礼物-tmall.com天猫'}]",Active,Active,MF36 (Black) – Reusable,MF36 (Black) – Reusable,,,,,,,Yes,True,11,11,01/05/2026 16:56,"{'date': '01/05/2026', 'date_formatted': '01/05/2026', 'hours': '04', 'minutes': '56', 'am_pm': 'PM', 'unix_timestamp': 1767632160000, 'iso_timestamp': '2026-01-05T16:56:00.000Z', 'timestamp': '01/05/2026 04:56 pm', 'time': 1016, 'time_formatted': '16:56', 'proper_unix_timestamp': 1767650160000, 'proper_iso_timestamp': '2026-01-05T21:56:00.000Z'}",01/05/2026 16:56,"{'date': '01/05/2026', 'date_formatted': '01/05/2026', 'hours': '04', 'minutes': '56', 'am_pm': 'PM', 'unix_timestamp': 1767632160000, 'iso_timestamp': '2026-01-05T16:56:00.000Z', 'timestamp': '01/05/2026 04:56 pm', 'time': 1016, 'time_formatted': '16:56', 'proper_unix_timestamp': 1767650160000, 'proper_iso_timestamp': '2026-01-05T21:56:00.000Z'}",Color,Color,Black,Black,,,,,17,17,$30.00,30,No,False,,,,,14.99,14.99,,,30.40,30.4,13.80,13.8,No,False,,,Yes,True,,,,,,,$30.00,30,$8.93,8.93,No,False
695c338c37eef90c93b491af,"<span class=""695c32e23b63f2dd23571da8"" data-kn=""connection-value"">儿童手雷玩具可爆炸水弹M67弹射烟雾手榴弹模型吃鸡男孩生日礼物-tmall.com天猫</span>","[{'id': '695c32e23b63f2dd23571da8', 'identifier': '儿童手雷玩具可爆炸水弹M67弹射烟雾手榴弹模型吃鸡男孩生日礼物-tmall.com天猫'}]",Active,Active,82-2 (OD Green) – Reusable,82-2 (OD Green) – Reusable,,,,,,,Yes,True,10,10,01/05/2026 16:56,"{'date': '01/05/2026', 'date_formatted': '01/05/2026', 'hours': '04', 'minutes': '56', 'am_pm': 'PM', 'unix_timestamp': 1767632160000, 'iso_timestamp': '2026-01-05T16:56:00.000Z', 'timestamp': '01/05/2026 04:56 pm', 'time': 1016, 'time_formatted': '16:56', 'proper_unix_timestamp': 1767650160000, 'proper_iso_timestamp': '2026-01-05T21:56:00.000Z'}",01/05/2026 16:56,"{'date': '01/05/2026', 'date_formatted': '01/05/2026', 'hours': '04', 'minutes': '56', 'am_pm': 'PM', 'unix_timestamp': 1767632160000, 'iso_timestamp': '2026-01-05T16:56:00.000Z', 'timestamp': '01/05/2026 04:56 pm', 'time': 1016, 'time_formatted': '16:56', 'proper_unix_timestamp': 1767650160000, 'proper_iso_timestamp': '2026-01-05T21:56:00.000Z'}",Color,Color,OD Green,OD Green,,,,,17,17,$30.00,30,No,False,,,,,14.99,14.99,,,30.40,30.4,13.80,13.8,No,False,,,Yes,True,,,,,,,$30.00,30,$8.93,8.93,No,False
695c338c9b815749737b1d9a,"<span class=""695c32e23b63f2dd23571da8"" data-kn=""connection-value"">儿童手雷玩具可爆炸水弹M67弹射烟雾手榴弹模型吃鸡男孩生日礼物-tmall.com天猫</span>","[{'id': '695c32e23b63f2dd23571da8', 'identifier': '儿童手雷玩具可爆炸水弹M67弹射烟雾手榴弹模型吃鸡男孩生日礼物-tmall.com天猫'}]",Active,Active,82-2 (Black) – Reusable,82-2 (Black) – Reusable,,,,,,,Yes,True,9,9,01/05/2026 16:56,"{'date': '01/05/2026', 'date_formatted': '01/05/2026', 'hours': '04', 'minutes': '56', 'am_pm': 'PM', 'unix_timestamp': 1767632160000, 'iso_timestamp': '2026-01-05T16:56:00.000Z', 'timestamp': '01/05/2026 04:56 pm', 'time': 1016, 'time_formatted': '16:56', 'proper_unix_timestamp': 1767650160000, 'proper_iso_timestamp': '2026-01-05T21:56:00.000Z'}",01/05/2026 16:56,"{'date': '01/05/2026', 'date_formatted': '01/05/2026', 'hours': '04', 'minutes': '56', 'am_pm': 'PM', 'unix_timestamp': 1767632160000, 'iso_timestamp': '2026-01-05T16:56:00.000Z', 'timestamp': '01/05/2026 04:56 pm', 'time': 1016, 'time_formatted': '16:56', 'proper_unix_timestamp': 1767650160000, 'proper_iso_timestamp': '2026-01-05T21:56:00.000Z'}",Color,Color,Black,Black,,,,,17,17,$30.00,30,No,False,,,,,14.99,14.99,,,30.40,30.4,13.80,13.8,No,False,,,Yes,True,,,,,,,$30.00,30,$8.93,8.93,No,False
695c338bce1739befd218f10,"<span class=""695c32e23b63f2dd23571da8"" data-kn=""connection-value"">儿童手雷玩具可爆炸水弹M67弹射烟雾手榴弹模型吃鸡男孩生日礼物-tmall.com天猫</span>","[{'id': '695c32e23b63f2dd23571da8', 'identifier': '儿童手雷玩具可爆炸水弹M67弹射烟雾手榴弹模型吃鸡男孩生日礼物-tmall.com天猫'}]",Active,Active,M67 (OD Green) – Reusable,M67 (OD Green) – Reusable,,,,,,,Yes,True,8,8,01/05/2026 16:56,"{'date': '01/05/2026', 'date_formatted': '01/05/2026', 'hours': '04', 'minutes': '56', 'am_pm': 'PM', 'unix_timestamp': 1767632160000, 'iso_timestamp': '2026-01-05T16:56:00.000Z', 'timestamp': '01/05/2026 04:56 pm', 'time': 1016, 'time_formatted': '16:56', 'proper_unix_timestamp': 1767650160000, 'proper_iso_timestamp': '2026-01-05T21:56:00.000Z'}",01/05/2026 16:56,"{'date': '01/05/2026', 'date_formatted': '01/05/2026', 'hours': '04', 'minutes': '56', 'am_pm': 'PM', 'unix_timestamp': 1767632160000, 'iso_timestamp': '2026-01-05T16:56:00.000Z', 'timestamp': '01/05/2026 04:56 pm', 'time': 1016, 'time_formatted': '16:56', 'proper_unix_timestamp': 1767650160000, 'proper_iso_timestamp': '2026-01-05T21:56:00.000Z'}",Color,Color,OD Green,OD Green,,,,,17,17,$30.00,30,No,False,,,,,14.99,14.99,,,30.40,30.4,13.80,13.8,No,False,,,Yes,True,,,,,,,$30.00,30,$8.93,8.93,No,False
695c338b37eef90c93b4808c,"<span class=""695c32e23b63f2dd23571da8"" data-kn=""connection-value"">儿童手雷玩具可爆炸水弹M67弹射烟雾手榴弹模型吃鸡男孩生日礼物-tmall.com天猫</span>","[{'id': '695c32e23b63f2dd23571da8', 'identifier': '儿童手雷玩具可爆炸水弹M67弹射烟雾手榴弹模型吃鸡男孩生日礼物-tmall.com天猫'}]",Active,Active,M67 (Black) – Reusable,M67 (Black) – Reusable,,,,,,,Yes,True,7,7,01/05/2026 16:56,"{'date': '01/05/2026', 'date_formatted': '01/05/2026', 'hours': '04', 'minutes': '56', 'am_pm': 'PM', 'unix_timestamp': 1767632160000, 'iso_timestamp': '2026-01-05T16:56:00.000Z', 'timestamp': '01/05/2026 04:56 pm', 'time': 1016, 'time_formatted': '16:56', 'proper_unix_timestamp': 1767650160000, 'proper_iso_timestamp': '2026-01-05T21:56:00.000Z'}",01/05/2026 16:56,"{'date': '01/05/2026', 'date_formatted': '01/05/2026', 'hours': '04', 'minutes': '56', 'am_pm': 'PM', 'unix_timestamp': 1767632160000, 'iso_timestamp': '2026-01-05T16:56:00.000Z', 'timestamp': '01/05/2026 04:56 pm', 'time': 1016, 'time_formatted': '16:56', 'proper_unix_timestamp': 1767650160000, 'proper_iso_timestamp': '2026-01-05T21:56:00.000Z'}",Color,Color,Black,Black,,,,,17,17,$30.00,30,No,False,,,,,14.99,14.99,,,30.40,30.4,13.80,13.8,No,False,,,Yes,True,,,,,,,$30.00,30,$8.93,8.93,No,False
695c338a1e9722c9bf03a6c7,"<span class=""695c32e23b63f2dd23571da8"" data-kn=""connection-value"">儿童手雷玩具可爆炸水弹M67弹射烟雾手榴弹模型吃鸡男孩生日礼物-tmall.com天猫</span>","[{'id': '695c32e23b63f2dd23571da8', 'identifier': '儿童手雷玩具可爆炸水弹M67弹射烟雾手榴弹模型吃鸡男孩生日礼物-tmall.com天猫'}]",Active,Active,M18 (OD Green) – Reusable,M18 (OD Green) – Reusable,,,,,,,Yes,True,6,6,01/05/2026 16:56,"{'date': '01/05/2026', 'date_formatted': '01/05/2026', 'hours': '04', 'minutes': '56', 'am_pm': 'PM', 'unix_timestamp': 1767632160000, 'iso_timestamp': '2026-01-05T16:56:00.000Z', 'timestamp': '01/05/2026 04:56 pm', 'time': 1016, 'time_formatted': '16:56', 'proper_unix_timestamp': 1767650160000, 'proper_iso_timestamp': '2026-01-05T21:56:00.000Z'}",01/05/2026 16:56,"{'date': '01/05/2026', 'date_formatted': '01/05/2026', 'hours': '04', 'minutes': '56', 'am_pm': 'PM', 'unix_timestamp': 1767632160000, 'iso_timestamp': '2026-01-05T16:56:00.000Z', 'timestamp': '01/05/2026 04:56 pm', 'time': 1016, 'time_formatted': '16:56', 'proper_unix_timestamp': 1767650160000, 'proper_iso_timestamp': '2026-01-05T21:56:00.000Z'}",Color,Color,OD Green,OD Green,,,,,17,17,$30.00,30,No,False,,,,,14.99,14.99,,,30.40,30.4,13.80,13.8,No,False,,,Yes,True,,,,,,,$30.00,30,$8.93,8.93,No,False
695c338a5dd70f9684e07d63,"<span class=""695c32e23b63f2dd23571da8"" data-kn=""connection-value"">儿童手雷玩具可爆炸水弹M67弹射烟雾手榴弹模型吃鸡男孩生日礼物-tmall.com天猫</span>","[{'id': '695c32e23b63f2dd23571da8', 'identifier': '儿童手雷玩具可爆炸水弹M67弹射烟雾手榴弹模型吃鸡男孩生日礼物-tmall.com天猫'}]",Active,Active,M18 (Black) – Reusable,M18 (Black) – Reusable,,,,,,,Yes,True,5,5,01/05/2026 16:56,"{'date': '01/05/2026', 'date_formatted': '01/05/2026', 'hours': '04', 'minutes': '56', 'am_pm': 'PM', 'unix_timestamp': 1767632160000, 'iso_timestamp': '2026-01-05T16:56:00.000Z', 'timestamp': '01/05/2026 04:56 pm', 'time': 1016, 'time_formatted': '16:56', 'proper_unix_timestamp': 1767650160000, 'proper_iso_timestamp': '2026-01-05T21:56:00.000Z'}",01/05/2026 16:56,"{'date': '01/05/2026', 'date_formatted': '01/05/2026', 'hours': '04', 'minutes': '56', 'am_pm': 'PM', 'unix_timestamp': 1767632160000, 'iso_timestamp': '2026-01-05T16:56:00.000Z', 'timestamp': '01/05/2026 04:56 pm', 'time': 1016, 'time_formatted': '16:56', 'proper_unix_timestamp': 1767650160000, 'proper_iso_timestamp': '2026-01-05T21:56:00.000Z'}",Color,Color,Black,Black,,,,,17,17,$30.00,30,No,False,,,,,14.99,14.99,,,30.40,30.4,13.80,13.8,No,False,,,Yes,True,,,,,,,$30.00,30,$8.93,8.93,No,False
695c338a2a4e1cd21b108dd1,"<span class=""695c32e23b63f2dd23571da8"" data-kn=""connection-value"">儿童手雷玩具可爆炸水弹M67弹射烟雾手榴弹模型吃鸡男孩生日礼物-tmall.com天猫</span>","[{'id': '695c32e23b63f2dd23571da8', 'identifier': '儿童手雷玩具可爆炸水弹M67弹射烟雾手榴弹模型吃鸡男孩生日礼物-tmall.com天猫'}]",Active,Active,F1 (OD Green) – Reusable,F1 (OD Green) – Reusable,,,,,,,Yes,True,4,4,01/05/2026 16:56,"{'date': '01/05/2026', 'date_formatted': '01/05/2026', 'hours': '04', 'minutes': '56', 'am_pm': 'PM', 'unix_timestamp': 1767632160000, 'iso_timestamp': '2026-01-05T16:56:00.000Z', 'timestamp': '01/05/2026 04:56 pm', 'time': 1016, 'time_formatted': '16:56', 'proper_unix_timestamp': 1767650160000, 'proper_iso_timestamp': '2026-01-05T21:56:00.000Z'}",01/05/2026 16:56,"{'date': '01/05/2026', 'date_formatted': '01/05/2026', 'hours': '04', 'minutes': '56', 'am_pm': 'PM', 'unix_timestamp': 1767632160000, 'iso_timestamp': '2026-01-05T16:56:00.000Z', 'timestamp': '01/05/2026 04:56 pm', 'time': 1016, 'time_formatted': '16:56', 'proper_unix_timestamp': 1767650160000, 'proper_iso_timestamp': '2026-01-05T21:56:00.000Z'}",Color,Color,OD Green,OD Green,,,,,17,17,$30.00,30,No,False,,,,,14.99,14.99,,,30.40,30.4,13.80,13.8,No,False,,,Yes,True,,,,,,,$30.00,30,$8.93,8.93,No,False
695c338937eef90c93b46e09,"<span class=""695c32e23b63f2dd23571da8"" data-kn=""connection-value"">儿童手雷玩具可爆炸水弹M67弹射烟雾手榴弹模型吃鸡男孩生日礼物-tmall.com天猫</span>","[{'id': '695c32e23b63f2dd23571da8', 'identifier': '儿童手雷玩具可爆炸水弹M67弹射烟雾手榴弹模型吃鸡男孩生日礼物-tmall.com天猫'}]",Active,Active,F1 (Black) – Reusable,F1 (Black) – Reusable,,,,,,,Yes,True,3,3,01/05/2026 16:56,"{'date': '01/05/2026', 'date_formatted': '01/05/2026', 'hours': '04', 'minutes': '56', 'am_pm': 'PM', 'unix_timestamp': 1767632160000, 'iso_timestamp': '2026-01-05T16:56:00.000Z', 'timestamp': '01/05/2026 04:56 pm', 'time': 1016, 'time_formatted': '16:56', 'proper_unix_timestamp': 1767650160000, 'proper_iso_timestamp': '2026-01-05T21:56:00.000Z'}",01/05/2026 16:56,"{'date': '01/05/2026', 'date_formatted': '01/05/2026', 'hours': '04', 'minutes': '56', 'am_pm': 'PM', 'unix_timestamp': 1767632160000, 'iso_timestamp': '2026-01-05T16:56:00.000Z', 'timestamp': '01/05/2026 04:56 pm', 'time': 1016, 'time_formatted': '16:56', 'proper_unix_timestamp': 1767650160000, 'proper_iso_timestamp': '2026-01-05T21:56:00.000Z'}",Color,Color,Black,Black,,,,,17,17,$30.00,30,No,False,,,,,14.99,14.99,,,30.40,30.4,13.80,13.8,No,False,,,Yes,True,,,,,,,$30.00,30,$8.93,8.93,No,False
695c3389713127c9647653e7,"<span class=""695c32e23b63f2dd23571da8"" data-kn=""connection-value"">儿童手雷玩具可爆炸水弹M67弹射烟雾手榴弹模型吃鸡男孩生日礼物-tmall.com天猫</span>","[{'id': '695c32e23b63f2dd23571da8', 'identifier': '儿童手雷玩具可爆炸水弹M67弹射烟雾手榴弹模型吃鸡男孩生日礼物-tmall.com天猫'}]",Active,Active,M26A1 (OD Green) – Reusable,M26A1 (OD Green) – Reusable,,,,,,,Yes,True,2,2,01/05/2026 16:56,"{'date': '01/05/2026', 'date_formatted': '01/05/2026', 'hours': '04', 'minutes': '56', 'am_pm': 'PM', 'unix_timestamp': 1767632160000, 'iso_timestamp': '2026-01-05T16:56:00.000Z', 'timestamp': '01/05/2026 04:56 pm', 'time': 1016, 'time_formatted': '16:56', 'proper_unix_timestamp': 1767650160000, 'proper_iso_timestamp': '2026-01-05T21:56:00.000Z'}",01/05/2026 16:56,"{'date': '01/05/2026', 'date_formatted': '01/05/2026', 'hours': '04', 'minutes': '56', 'am_pm': 'PM', 'unix_timestamp': 1767632160000, 'iso_timestamp': '2026-01-05T16:56:00.000Z', 'timestamp': '01/05/2026 04:56 pm', 'time': 1016, 'time_formatted': '16:56', 'proper_unix_timestamp': 1767650160000, 'proper_iso_timestamp': '2026-01-05T21:56:00.000Z'}",Color,Color,OD Green,OD Green,,,,,17,17,$30.00,30,No,False,,,,,14.99,14.99,,,30.40,30.4,13.80,13.8,No,False,,,Yes,True,,,,,,,$30.00,30,$8.93,8.93,No,False
695c3389e4ecfd80d0d7f693,"<span class=""695c32e23b63f2dd23571da8"" data-kn=""connection-value"">儿童手雷玩具可爆炸水弹M67弹射烟雾手榴弹模型吃鸡男孩生日礼物-tmall.com天猫</span>","[{'id': '695c32e23b63f2dd23571da8', 'identifier': '儿童手雷玩具可爆炸水弹M67弹射烟雾手榴弹模型吃鸡男孩生日礼物-tmall.com天猫'}]",Active,Active,M26A1 (Black) – Reusable,M26A1 (Black) – Reusable,,,,,,,Yes,True,1,1,01/05/2026 16:56,"{'date': '01/05/2026', 'date_formatted': '01/05/2026', 'hours': '04', 'minutes': '56', 'am_pm': 'PM', 'unix_timestamp': 1767632160000, 'iso_timestamp': '2026-01-05T16:56:00.000Z', 'timestamp': '01/05/2026 04:56 pm', 'time': 1016, 'time_formatted': '16:56', 'proper_unix_timestamp': 1767650160000, 'proper_iso_timestamp': '2026-01-05T21:56:00.000Z'}",01/05/2026 16:56,"{'date': '01/05/2026', 'date_formatted': '01/05/2026', 'hours': '04', 'minutes': '56', 'am_pm': 'PM', 'unix_timestamp': 1767632160000, 'iso_timestamp': '2026-01-05T16:56:00.000Z', 'timestamp': '01/05/2026 04:56 pm', 'time': 1016, 'time_formatted': '16:56', 'proper_unix_timestamp': 1767650160000, 'proper_iso_timestamp': '2026-01-05T21:56:00.000Z'}",Color,Color,Black,Black,,,,,17,17,$30.00,30,No,False,,,,,14.99,14.99,,,30.40,30.4,13.80,13.8,No,False,,,Yes,True,,,,,,,$30.00,30,$8.93,8.93,No,False
695c3388d31dc717397dfd07,"<span class=""695c32e23b63f2dd23571da8"" data-kn=""connection-value"">儿童手雷玩具可爆炸水弹M67弹射烟雾手榴弹模型吃鸡男孩生日礼物-tmall.com天猫</span>","[{'id': '695c32e23b63f2dd23571da8', 'identifier': '儿童手雷玩具可爆炸水弹M67弹射烟雾手榴弹模型吃鸡男孩生日礼物-tmall.com天猫'}]",Active,Active,M24 (OD Green) – Reusable,M24 (OD Green) – Reusable,,,,,,,Yes,True,17,17,01/05/2026 16:56,"{'date': '01/05/2026', 'date_formatted': '01/05/2026', 'hours': '04', 'minutes': '56', 'am_pm': 'PM', 'unix_timestamp': 1767632160000, 'iso_timestamp': '2026-01-05T16:56:00.000Z', 'timestamp': '01/05/2026 04:56 pm', 'time': 1016, 'time_formatted': '16:56', 'proper_unix_timestamp': 1767650160000, 'proper_iso_timestamp': '2026-01-05T21:56:00.000Z'}",01/05/2026 16:56,"{'date': '01/05/2026', 'date_formatted': '01/05/2026', 'hours': '04', 'minutes': '56', 'am_pm': 'PM', 'unix_timestamp': 1767632160000, 'iso_timestamp': '2026-01-05T16:56:00.000Z', 'timestamp': '01/05/2026 04:56 pm', 'time': 1016, 'time_formatted': '16:56', 'proper_unix_timestamp': 1767650160000, 'proper_iso_timestamp': '2026-01-05T21:56:00.000Z'}",Color,Color,OD Green,OD Green,,,,,23,23,$30.00,30,No,False,,,,,16.99,16.99,,,30.70,30.7,14.10,14.1,No,False,,,Yes,True,,,,,,,$30.00,30,$10.07,10.07,No,False
695c3388bd3270258c444972,"<span class=""695c32e23b63f2dd23571da8"" data-kn=""connection-value"">儿童手雷玩具可爆炸水弹M67弹射烟雾手榴弹模型吃鸡男孩生日礼物-tmall.com天猫</span>","[{'id': '695c32e23b63f2dd23571da8', 'identifier': '儿童手雷玩具可爆炸水弹M67弹射烟雾手榴弹模型吃鸡男孩生日礼物-tmall.com天猫'}]",Active,Active,M24 (Black) – Reusable,M24 (Black) – Reusable,,,,,,,Yes,True,16,16,01/05/2026 16:56,"{'date': '01/05/2026', 'date_formatted': '01/05/2026', 'hours': '04', 'minutes': '56', 'am_pm': 'PM', 'unix_timestamp': 1767632160000, 'iso_timestamp': '2026-01-05T16:56:00.000Z', 'timestamp': '01/05/2026 04:56 pm', 'time': 1016, 'time_formatted': '16:56', 'proper_unix_timestamp': 1767650160000, 'proper_iso_timestamp': '2026-01-05T21:56:00.000Z'}",01/05/2026 16:56,"{'date': '01/05/2026', 'date_formatted': '01/05/2026', 'hours': '04', 'minutes': '56', 'am_pm': 'PM', 'unix_timestamp': 1767632160000, 'iso_timestamp': '2026-01-05T16:56:00.000Z', 'timestamp': '01/05/2026 04:56 pm', 'time': 1016, 'time_formatted': '16:56', 'proper_unix_timestamp': 1767650160000, 'proper_iso_timestamp': '2026-01-05T21:56:00.000Z'}",Color,Color,Black,Black,,,,,23,23,$30.00,30,No,False,,,,,16.99,16.99,,,30.70,30.7,14.10,14.1,No,False,,,Yes,True,,,,,,,$30.00,30,$10.07,10.07,No,False
695c338737eef90c93b44bcb,"<span class=""695c32e23b63f2dd23571da8"" data-kn=""connection-value"">儿童手雷玩具可爆炸水弹M67弹射烟雾手榴弹模型吃鸡男孩生日礼物-tmall.com天猫</span>","[{'id': '695c32e23b63f2dd23571da8', 'identifier': '儿童手雷玩具可爆炸水弹M67弹射烟雾手榴弹模型吃鸡男孩生日礼物-tmall.com天猫'}]",Active,Active,2-Pack (82-2 OD Green + 82-2 Black),2-Pack (82-2 OD Green + 82-2 Black),,,,,,,Yes,True,23,23,01/05/2026 16:56,"{'date': '01/05/2026', 'date_formatted': '01/05/2026', 'hours': '04', 'minutes': '56', 'am_pm': 'PM', 'unix_timestamp': 1767632160000, 'iso_timestamp': '2026-01-05T16:56:00.000Z', 'timestamp': '01/05/2026 04:56 pm', 'time': 1016, 'time_formatted': '16:56', 'proper_unix_timestamp': 1767650160000, 'proper_iso_timestamp': '2026-01-05T21:56:00.000Z'}",01/05/2026 16:56,"{'date': '01/05/2026', 'date_formatted': '01/05/2026', 'hours': '04', 'minutes': '56', 'am_pm': 'PM', 'unix_timestamp': 1767632160000, 'iso_timestamp': '2026-01-05T16:56:00.000Z', 'timestamp': '01/05/2026 04:56 pm', 'time': 1016, 'time_formatted': '16:56', 'proper_unix_timestamp': 1767650160000, 'proper_iso_timestamp': '2026-01-05T21:56:00.000Z'}",Color,Color,OD Green,OD Green,,,,,32,32,$30.00,30,No,False,,,,,19.99,19.99,,,31.10,31.1,14.50,14.5,No,False,,,Yes,True,,,,,,,$30.00,30,$11.78,11.78,No,False
695c3387ce97e160f972570e,"<span class=""695c32e23b63f2dd23571da8"" data-kn=""connection-value"">儿童手雷玩具可爆炸水弹M67弹射烟雾手榴弹模型吃鸡男孩生日礼物-tmall.com天猫</span>","[{'id': '695c32e23b63f2dd23571da8', 'identifier': '儿童手雷玩具可爆炸水弹M67弹射烟雾手榴弹模型吃鸡男孩生日礼物-tmall.com天猫'}]",Active,Active,2-Pack (MF36 OD Green + MF36 Black),2-Pack (MF36 OD Green + MF36 Black),,,,,,,Yes,True,22,22,01/05/2026 16:56,"{'date': '01/05/2026', 'date_formatted': '01/05/2026', 'hours': '04', 'minutes': '56', 'am_pm': 'PM', 'unix_timestamp': 1767632160000, 'iso_timestamp': '2026-01-05T16:56:00.000Z', 'timestamp': '01/05/2026 04:56 pm', 'time': 1016, 'time_formatted': '16:56', 'proper_unix_timestamp': 1767650160000, 'proper_iso_timestamp': '2026-01-05T21:56:00.000Z'}",01/05/2026 16:56,"{'date': '01/05/2026', 'date_formatted': '01/05/2026', 'hours': '04', 'minutes': '56', 'am_pm': 'PM', 'unix_timestamp': 1767632160000, 'iso_timestamp': '2026-01-05T16:56:00.000Z', 'timestamp': '01/05/2026 04:56 pm', 'time': 1016, 'time_formatted': '16:56', 'proper_unix_timestamp': 1767650160000, 'proper_iso_timestamp': '2026-01-05T21:56:00.000Z'}",Color,Color,OD Green,OD Green,,,,,32,32,$30.00,30,No,False,,,,,19.99,19.99,,,31.10,31.1,14.50,14.5,No,False,,,Yes,True,,,,,,,$30.00,30,$11.78,11.78,No,False
695c3387d745a52edae6ef13,"<span class=""695c32e23b63f2dd23571da8"" data-kn=""connection-value"">儿童手雷玩具可爆炸水弹M67弹射烟雾手榴弹模型吃鸡男孩生日礼物-tmall.com天猫</span>","[{'id': '695c32e23b63f2dd23571da8', 'identifier': '儿童手雷玩具可爆炸水弹M67弹射烟雾手榴弹模型吃鸡男孩生日礼物-tmall.com天猫'}]",Active,Active,2-Pack (M67 OD Green + M67 Black),2-Pack (M67 OD Green + M67 Black),,,,,,,Yes,True,21,21,01/05/2026 16:56,"{'date': '01/05/2026', 'date_formatted': '01/05/2026', 'hours': '04', 'minutes': '56', 'am_pm': 'PM', 'unix_timestamp': 1767632160000, 'iso_timestamp': '2026-01-05T16:56:00.000Z', 'timestamp': '01/05/2026 04:56 pm', 'time': 1016, 'time_formatted': '16:56', 'proper_unix_timestamp': 1767650160000, 'proper_iso_timestamp': '2026-01-05T21:56:00.000Z'}",01/05/2026 16:56,"{'date': '01/05/2026', 'date_formatted': '01/05/2026', 'hours': '04', 'minutes': '56', 'am_pm': 'PM', 'unix_timestamp': 1767632160000, 'iso_timestamp': '2026-01-05T16:56:00.000Z', 'timestamp': '01/05/2026 04:56 pm', 'time': 1016, 'time_formatted': '16:56', 'proper_unix_timestamp': 1767650160000, 'proper_iso_timestamp': '2026-01-05T21:56:00.000Z'}",Color,Color,OD Green,OD Green,,,,,32,32,$30.00,30,No,False,,,,,19.99,19.99,,,31.10,31.1,14.50,14.5,No,False,,,Yes,True,,,,,,,$30.00,30,$11.78,11.78,No,False
695c33865dd70f9684e0522e,"<span class=""695c32e23b63f2dd23571da8"" data-kn=""connection-value"">儿童手雷玩具可爆炸水弹M67弹射烟雾手榴弹模型吃鸡男孩生日礼物-tmall.com天猫</span>","[{'id': '695c32e23b63f2dd23571da8', 'identifier': '儿童手雷玩具可爆炸水弹M67弹射烟雾手榴弹模型吃鸡男孩生日礼物-tmall.com天猫'}]",Active,Active,2-Pack (M18 OD Green + M18 Black),2-Pack (M18 OD Green + M18 Black),,,,,,,Yes,True,20,20,01/05/2026 16:56,"{'date': '01/05/2026', 'date_formatted': '01/05/2026', 'hours': '04', 'minutes': '56', 'am_pm': 'PM', 'unix_timestamp': 1767632160000, 'iso_timestamp': '2026-01-05T16:56:00.000Z', 'timestamp': '01/05/2026 04:56 pm', 'time': 1016, 'time_formatted': '16:56', 'proper_unix_timestamp': 1767650160000, 'proper_iso_timestamp': '2026-01-05T21:56:00.000Z'}",01/05/2026 16:56,"{'date': '01/05/2026', 'date_formatted': '01/05/2026', 'hours': '04', 'minutes': '56', 'am_pm': 'PM', 'unix_timestamp': 1767632160000, 'iso_timestamp': '2026-01-05T16:56:00.000Z', 'timestamp': '01/05/2026 04:56 pm', 'time': 1016, 'time_formatted': '16:56', 'proper_unix_timestamp': 1767650160000, 'proper_iso_timestamp': '2026-01-05T21:56:00.000Z'}",Color,Color,OD Green,OD Green,,,,,32,32,$30.00,30,No,False,,,,,19.99,19.99,,,31.10,31.1,14.50,14.5,No,False,,,Yes,True,,,,,,,$30.00,30,$11.78,11.78,No,False
695c3386fb902a401fc26aa2,"<span class=""695c32e23b63f2dd23571da8"" data-kn=""connection-value"">儿童手雷玩具可爆炸水弹M67弹射烟雾手榴弹模型吃鸡男孩生日礼物-tmall.com天猫</span>","[{'id': '695c32e23b63f2dd23571da8', 'identifier': '儿童手雷玩具可爆炸水弹M67弹射烟雾手榴弹模型吃鸡男孩生日礼物-tmall.com天猫'}]",Active,Active,2-Pack (F1 OD Green + F1 Black),2-Pack (F1 OD Green + F1 Black),,,,,,,Yes,True,19,19,01/05/2026 16:56,"{'date': '01/05/2026', 'date_formatted': '01/05/2026', 'hours': '04', 'minutes': '56', 'am_pm': 'PM', 'unix_timestamp': 1767632160000, 'iso_timestamp': '2026-01-05T16:56:00.000Z', 'timestamp': '01/05/2026 04:56 pm', 'time': 1016, 'time_formatted': '16:56', 'proper_unix_timestamp': 1767650160000, 'proper_iso_timestamp': '2026-01-05T21:56:00.000Z'}",01/05/2026 16:56,"{'date': '01/05/2026', 'date_formatted': '01/05/2026', 'hours': '04', 'minutes': '56', 'am_pm': 'PM', 'unix_timestamp': 1767632160000, 'iso_timestamp': '2026-01-05T16:56:00.000Z', 'timestamp': '01/05/2026 04:56 pm', 'time': 1016, 'time_formatted': '16:56', 'proper_unix_timestamp': 1767650160000, 'proper_iso_timestamp': '2026-01-05T21:56:00.000Z'}",Color,Color,OD Green,OD Green,,,,,32,32,$30.00,30,No,False,,,,,19.99,19.99,,,31.10,31.1,14.50,14.5,No,False,,,Yes,True,,,,,,,$30.00,30,$11.78,11.78,No,False
695c338666d8ef040cfea2a0,"<span class=""695c32e23b63f2dd23571da8"" data-kn=""connection-value"">儿童手雷玩具可爆炸水弹M67弹射烟雾手榴弹模型吃鸡男孩生日礼物-tmall.com天猫</span>","[{'id': '695c32e23b63f2dd23571da8', 'identifier': '儿童手雷玩具可爆炸水弹M67弹射烟雾手榴弹模型吃鸡男孩生日礼物-tmall.com天猫'}]",Active,Active,2-Pack (M26A1 OD Green + M26A1 Black),2-Pack (M26A1 OD Green + M26A1 Black),,,,,,,Yes,True,18,18,01/05/2026 16:56,"{'date': '01/05/2026', 'date_formatted': '01/05/2026', 'hours': '04', 'minutes': '56', 'am_pm': 'PM', 'unix_timestamp': 1767632160000, 'iso_timestamp': '2026-01-05T16:56:00.000Z', 'timestamp': '01/05/2026 04:56 pm', 'time': 1016, 'time_formatted': '16:56', 'proper_unix_timestamp': 1767650160000, 'proper_iso_timestamp': '2026-01-05T21:56:00.000Z'}",01/05/2026 16:56,"{'date': '01/05/2026', 'date_formatted': '01/05/2026', 'hours': '04', 'minutes': '56', 'am_pm': 'PM', 'unix_timestamp': 1767632160000, 'iso_timestamp': '2026-01-05T16:56:00.000Z', 'timestamp': '01/05/2026 04:56 pm', 'time': 1016, 'time_formatted': '16:56', 'proper_unix_timestamp': 1767650160000, 'proper_iso_timestamp': '2026-01-05T21:56:00.000Z'}",Color,Color,OD Green,OD Green,,,,,32,32,$30.00,30,No,False,,,,,19.99,19.99,,,31.10,31.1,14.50,14.5,No,False,,,Yes,True,,,,,,,$30.00,30,$11.78,11.78,No,False
695c33855dd70f9684e04af8,"<span class=""695c32e23b63f2dd23571da8"" data-kn=""connection-value"">儿童手雷玩具可爆炸水弹M67弹射烟雾手榴弹模型吃鸡男孩生日礼物-tmall.com天猫</span>","[{'id': '695c32e23b63f2dd23571da8', 'identifier': '儿童手雷玩具可爆炸水弹M67弹射烟雾手榴弹模型吃鸡男孩生日礼物-tmall.com天猫'}]",Active,Active,2-Pack (M24 OD Green + M24 Black),2-Pack (M24 OD Green + M24 Black),,,,,,,Yes,True,24,24,01/05/2026 16:56,"{'date': '01/05/2026', 'date_formatted': '01/05/2026', 'hours': '04', 'minutes': '56', 'am_pm': 'PM', 'unix_timestamp': 1767632160000, 'iso_timestamp': '2026-01-05T16:56:00.000Z', 'timestamp': '01/05/2026 04:56 pm', 'time': 1016, 'time_formatted': '16:56', 'proper_unix_timestamp': 1767650160000, 'proper_iso_timestamp': '2026-01-05T21:56:00.000Z'}",01/05/2026 16:56,"{'date': '01/05/2026', 'date_formatted': '01/05/2026', 'hours': '04', 'minutes': '56', 'am_pm': 'PM', 'unix_timestamp': 1767632160000, 'iso_timestamp': '2026-01-05T16:56:00.000Z', 'timestamp': '01/05/2026 04:56 pm', 'time': 1016, 'time_formatted': '16:56', 'proper_unix_timestamp': 1767650160000, 'proper_iso_timestamp': '2026-01-05T21:56:00.000Z'}",Color,Color,OD Green,OD Green,,,,,44,44,$30.00,30,No,False,,,,,22.99,22.99,,,28.80,28.8,12.00,12,No,False,,,Yes,True,,,,,,,$30.00,30,$14.06,14.06,No,False
695c3385ce97e160f9722c47,"<span class=""695c32e23b63f2dd23571da8"" data-kn=""connection-value"">儿童手雷玩具可爆炸水弹M67弹射烟雾手榴弹模型吃鸡男孩生日礼物-tmall.com天猫</span>","[{'id': '695c32e23b63f2dd23571da8', 'identifier': '儿童手雷玩具可爆炸水弹M67弹射烟雾手榴弹模型吃鸡男孩生日礼物-tmall.com天猫'}]",Archive,Archive,2颗⭐(M26军绿+67军绿),2颗⭐(M26军绿+67军绿),,,,,,,Yes,True,32,32,01/05/2026 16:56,"{'date': '01/05/2026', 'date_formatted': '01/05/2026', 'hours': '04', 'minutes': '56', 'am_pm': 'PM', 'unix_timestamp': 1767632160000, 'iso_timestamp': '2026-01-05T16:56:00.000Z', 'timestamp': '01/05/2026 04:56 pm', 'time': 1016, 'time_formatted': '16:56', 'proper_unix_timestamp': 1767650160000, 'proper_iso_timestamp': '2026-01-05T21:56:00.000Z'}",01/05/2026 16:56,"{'date': '01/05/2026', 'date_formatted': '01/05/2026', 'hours': '04', 'minutes': '56', 'am_pm': 'PM', 'unix_timestamp': 1767632160000, 'iso_timestamp': '2026-01-05T16:56:00.000Z', 'timestamp': '01/05/2026 04:56 pm', 'time': 1016, 'time_formatted': '16:56', 'proper_unix_timestamp': 1767650160000, 'proper_iso_timestamp': '2026-01-05T21:56:00.000Z'}",Style,Style,2颗⭐(M26军绿+67军绿),2颗⭐(M26军绿+67军绿),,,,,0,0,$30.00,30,No,False,,,,,0.00,0,,,0.00,0,0.00,0,No,False,,,Yes,True,,,,,,,$30.00,30,$0.00,0,No,False
695c3385fb902a401fc25cb7,"<span class=""695c32e23b63f2dd23571da8"" data-kn=""connection-value"">儿童手雷玩具可爆炸水弹M67弹射烟雾手榴弹模型吃鸡男孩生日礼物-tmall.com天猫</span>","[{'id': '695c32e23b63f2dd23571da8', 'identifier': '儿童手雷玩具可爆炸水弹M67弹射烟雾手榴弹模型吃鸡男孩生日礼物-tmall.com天猫'}]",Archive,Archive,3颖⭐(M26车绿+M67军绿+M18军绿),3颖⭐(M26车绿+M67军绿+M18军绿),,,,,,,Yes,True,31,31,01/05/2026 16:56,"{'date': '01/05/2026', 'date_formatted': '01/05/2026', 'hours': '04', 'minutes': '56', 'am_pm': 'PM', 'unix_timestamp': 1767632160000, 'iso_timestamp': '2026-01-05T16:56:00.000Z', 'timestamp': '01/05/2026 04:56 pm', 'time': 1016, 'time_formatted': '16:56', 'proper_unix_timestamp': 1767650160000, 'proper_iso_timestamp': '2026-01-05T21:56:00.000Z'}",01/05/2026 16:56,"{'date': '01/05/2026', 'date_formatted': '01/05/2026', 'hours': '04', 'minutes': '56', 'am_pm': 'PM', 'unix_timestamp': 1767632160000, 'iso_timestamp': '2026-01-05T16:56:00.000Z', 'timestamp': '01/05/2026 04:56 pm', 'time': 1016, 'time_formatted': '16:56', 'proper_unix_timestamp': 1767650160000, 'proper_iso_timestamp': '2026-01-05T21:56:00.000Z'}",Style,Style,3颖⭐(M26车绿+M67军绿+M18军绿),3颖⭐(M26车绿+M67军绿+M18军绿),,,,,0,0,$30.00,30,No,False,,,,,0.00,0,,,0.00,0,0.00,0,No,False,,,Yes,True,,,,,,,$30.00,30,$0.00,0,No,False
695c33849b815749737acc16,"<span class=""695c32e23b63f2dd23571da8"" data-kn=""connection-value"">儿童手雷玩具可爆炸水弹M67弹射烟雾手榴弹模型吃鸡男孩生日礼物-tmall.com天猫</span>","[{'id': '695c32e23b63f2dd23571da8', 'identifier': '儿童手雷玩具可爆炸水弹M67弹射烟雾手榴弹模型吃鸡男孩生日礼物-tmall.com天猫'}]",Active,Active,M18 Medium (OD Green) – Reusable,M18 Medium (OD Green) – Reusable,,,,,,,Yes,True,15,15,01/05/2026 16:56,"{'date': '01/05/2026', 'date_formatted': '01/05/2026', 'hours': '04', 'minutes': '56', 'am_pm': 'PM', 'unix_timestamp': 1767632160000, 'iso_timestamp': '2026-01-05T16:56:00.000Z', 'timestamp': '01/05/2026 04:56 pm', 'time': 1016, 'time_formatted': '16:56', 'proper_unix_timestamp': 1767650160000, 'proper_iso_timestamp': '2026-01-05T21:56:00.000Z'}",01/05/2026 16:56,"{'date': '01/05/2026', 'date_formatted': '01/05/2026', 'hours': '04', 'minutes': '56', 'am_pm': 'PM', 'unix_timestamp': 1767632160000, 'iso_timestamp': '2026-01-05T16:56:00.000Z', 'timestamp': '01/05/2026 04:56 pm', 'time': 1016, 'time_formatted': '16:56', 'proper_unix_timestamp': 1767650160000, 'proper_iso_timestamp': '2026-01-05T21:56:00.000Z'}",Color,Color,OD Green,OD Green,Profile,Profile,Medium,Medium,13,13,$30.00,30,No,False,,,,,13.99,13.99,,,31.60,31.6,15.10,15.1,No,False,,,Yes,True,,,,,,,$30.00,30,$8.17,8.17,No,False
695c33841ad01942ad9dcdc1,"<span class=""695c32e23b63f2dd23571da8"" data-kn=""connection-value"">儿童手雷玩具可爆炸水弹M67弹射烟雾手榴弹模型吃鸡男孩生日礼物-tmall.com天猫</span>","[{'id': '695c32e23b63f2dd23571da8', 'identifier': '儿童手雷玩具可爆炸水弹M67弹射烟雾手榴弹模型吃鸡男孩生日礼物-tmall.com天猫'}]",Archive,Archive,官方标配,官方标配,,,,,,,Yes,True,30,30,01/05/2026 16:56,"{'date': '01/05/2026', 'date_formatted': '01/05/2026', 'hours': '04', 'minutes': '56', 'am_pm': 'PM', 'unix_timestamp': 1767632160000, 'iso_timestamp': '2026-01-05T16:56:00.000Z', 'timestamp': '01/05/2026 04:56 pm', 'time': 1016, 'time_formatted': '16:56', 'proper_unix_timestamp': 1767650160000, 'proper_iso_timestamp': '2026-01-05T21:56:00.000Z'}",01/05/2026 16:56,"{'date': '01/05/2026', 'date_formatted': '01/05/2026', 'hours': '04', 'minutes': '56', 'am_pm': 'PM', 'unix_timestamp': 1767632160000, 'iso_timestamp': '2026-01-05T16:56:00.000Z', 'timestamp': '01/05/2026 04:56 pm', 'time': 1016, 'time_formatted': '16:56', 'proper_unix_timestamp': 1767650160000, 'proper_iso_timestamp': '2026-01-05T21:56:00.000Z'}",Style,Style,官方标配,官方标配,,,,,0,0,$30.00,30,No,False,,,,,0.00,0,,,0.00,0,0.00,0,No,False,,,Yes,True,,,,,,,$30.00,30,$0.00,0,No,False
695c33834702b73a6463b1a0,"<span class=""695c32e23b63f2dd23571da8"" data-kn=""connection-value"">儿童手雷玩具可爆炸水弹M67弹射烟雾手榴弹模型吃鸡男孩生日礼物-tmall.com天猫</span>","[{'id': '695c32e23b63f2dd23571da8', 'identifier': '儿童手雷玩具可爆炸水弹M67弹射烟雾手榴弹模型吃鸡男孩生日礼物-tmall.com天猫'}]",Archive,Archive,标配+1万弹,标配+1万弹,,,,,,,Yes,True,29,29,01/05/2026 16:56,"{'date': '01/05/2026', 'date_formatted': '01/05/2026', 'hours': '04', 'minutes': '56', 'am_pm': 'PM', 'unix_timestamp': 1767632160000, 'iso_timestamp': '2026-01-05T16:56:00.000Z', 'timestamp': '01/05/2026 04:56 pm', 'time': 1016, 'time_formatted': '16:56', 'proper_unix_timestamp': 1767650160000, 'proper_iso_timestamp': '2026-01-05T21:56:00.000Z'}",01/05/2026 16:56,"{'date': '01/05/2026', 'date_formatted': '01/05/2026', 'hours': '04', 'minutes': '56', 'am_pm': 'PM', 'unix_timestamp': 1767632160000, 'iso_timestamp': '2026-01-05T16:56:00.000Z', 'timestamp': '01/05/2026 04:56 pm', 'time': 1016, 'time_formatted': '16:56', 'proper_unix_timestamp': 1767650160000, 'proper_iso_timestamp': '2026-01-05T21:56:00.000Z'}",Style,Style,标配+1万弹,标配+1万弹,,,,,0,0,$30.00,30,No,False,,,,,0.00,0,,,0.00,0,0.00,0,No,False,,,Yes,True,,,,,,,$30.00,30,$0.00,0,No,False
695c338366d8ef040cfe6aad,"<span class=""695c32e23b63f2dd23571da8"" data-kn=""connection-value"">儿童手雷玩具可爆炸水弹M67弹射烟雾手榴弹模型吃鸡男孩生日礼物-tmall.com天猫</span>","[{'id': '695c32e23b63f2dd23571da8', 'identifier': '儿童手雷玩具可爆炸水弹M67弹射烟雾手榴弹模型吃鸡男孩生日礼物-tmall.com天猫'}]",Archive,Archive,标配+2万弹,标配+2万弹,,,,,,,Yes,True,28,28,01/05/2026 16:56,"{'date': '01/05/2026', 'date_formatted': '01/05/2026', 'hours': '04', 'minutes': '56', 'am_pm': 'PM', 'unix_timestamp': 1767632160000, 'iso_timestamp': '2026-01-05T16:56:00.000Z', 'timestamp': '01/05/2026 04:56 pm', 'time': 1016, 'time_formatted': '16:56', 'proper_unix_timestamp': 1767650160000, 'proper_iso_timestamp': '2026-01-05T21:56:00.000Z'}",01/05/2026 16:56,"{'date': '01/05/2026', 'date_formatted': '01/05/2026', 'hours': '04', 'minutes': '56', 'am_pm': 'PM', 'unix_timestamp': 1767632160000, 'iso_timestamp': '2026-01-05T16:56:00.000Z', 'timestamp': '01/05/2026 04:56 pm', 'time': 1016, 'time_formatted': '16:56', 'proper_unix_timestamp': 1767650160000, 'proper_iso_timestamp': '2026-01-05T21:56:00.000Z'}",Style,Style,标配+2万弹,标配+2万弹,,,,,0,0,$30.00,30,No,False,,,,,0.00,0,,,0.00,0,0.00,0,No,False,,,Yes,True,,,,,,,$30.00,30,$0.00,0,No,False
695c338377fe252e9b1cccbd,"<span class=""695c32e23b63f2dd23571da8"" data-kn=""connection-value"">儿童手雷玩具可爆炸水弹M67弹射烟雾手榴弹模型吃鸡男孩生日礼物-tmall.com天猫</span>","[{'id': '695c32e23b63f2dd23571da8', 'identifier': '儿童手雷玩具可爆炸水弹M67弹射烟雾手榴弹模型吃鸡男孩生日礼物-tmall.com天猫'}]",Archive,Archive,标配+3万弹,标配+3万弹,,,,,,,Yes,True,27,27,01/05/2026 16:56,"{'date': '01/05/2026', 'date_formatted': '01/05/2026', 'hours': '04', 'minutes': '56', 'am_pm': 'PM', 'unix_timestamp': 1767632160000, 'iso_timestamp': '2026-01-05T16:56:00.000Z', 'timestamp': '01/05/2026 04:56 pm', 'time': 1016, 'time_formatted': '16:56', 'proper_unix_timestamp': 1767650160000, 'proper_iso_timestamp': '2026-01-05T21:56:00.000Z'}",01/05/2026 16:56,"{'date': '01/05/2026', 'date_formatted': '01/05/2026', 'hours': '04', 'minutes': '56', 'am_pm': 'PM', 'unix_timestamp': 1767632160000, 'iso_timestamp': '2026-01-05T16:56:00.000Z', 'timestamp': '01/05/2026 04:56 pm', 'time': 1016, 'time_formatted': '16:56', 'proper_unix_timestamp': 1767650160000, 'proper_iso_timestamp': '2026-01-05T21:56:00.000Z'}",Style,Style,标配+3万弹,标配+3万弹,,,,,0,0,$30.00,30,No,False,,,,,0.00,0,,,0.00,0,0.00,0,No,False,,,Yes,True,,,,,,,$30.00,30,$0.00,0,No,False
695c3382bde2c63e6cb3d9e1,"<span class=""695c32e228a735d447d28db3"" data-kn=""connection-value"">陌歌 户外M67手雷烟雾模型挂件 可拉环可拆卸 COS装扮 仿真道具-淘宝网</span>","[{'id': '695c32e228a735d447d28db3', 'identifier': '陌歌 户外M67手雷烟雾模型挂件 可拉环可拆卸 COS装扮 仿真道具-淘宝网'}]",Inactive,Inactive,手雷单个挂件 【黑色】,手雷单个挂件 【黑色】,,,,,,,Yes,True,5,5,01/05/2026 16:56,"{'date': '01/05/2026', 'date_formatted': '01/05/2026', 'hours': '04', 'minutes': '56', 'am_pm': 'PM', 'unix_timestamp': 1767632160000, 'iso_timestamp': '2026-01-05T16:56:00.000Z', 'timestamp': '01/05/2026 04:56 pm', 'time': 1016, 'time_formatted': '16:56', 'proper_unix_timestamp': 1767650160000, 'proper_iso_timestamp': '2026-01-05T21:56:00.000Z'}",01/05/2026 16:56,"{'date': '01/05/2026', 'date_formatted': '01/05/2026', 'hours': '04', 'minutes': '56', 'am_pm': 'PM', 'unix_timestamp': 1767632160000, 'iso_timestamp': '2026-01-05T16:56:00.000Z', 'timestamp': '01/05/2026 04:56 pm', 'time': 1016, 'time_formatted': '16:56', 'proper_unix_timestamp': 1767650160000, 'proper_iso_timestamp': '2026-01-05T21:56:00.000Z'}",Style,Style,手雷单个挂件 【黑色】,手雷单个挂件 【黑色】,,,,,0,0,$30.00,30,No,False,,,,,0.00,0,,,0.00,0,0.00,0,No,False,,,Yes,True,,,,,,,$30.00,30,$0.00,0,No,False
695c338266d8ef040cfe5914,"<span class=""695c32e228a735d447d28db3"" data-kn=""connection-value"">陌歌 户外M67手雷烟雾模型挂件 可拉环可拆卸 COS装扮 仿真道具-淘宝网</span>","[{'id': '695c32e228a735d447d28db3', 'identifier': '陌歌 户外M67手雷烟雾模型挂件 可拉环可拆卸 COS装扮 仿真道具-淘宝网'}]",Inactive,Inactive,手雷单个挂件 【尼色】,手雷单个挂件 【尼色】,,,,,,,Yes,True,4,4,01/05/2026 16:56,"{'date': '01/05/2026', 'date_formatted': '01/05/2026', 'hours': '04', 'minutes': '56', 'am_pm': 'PM', 'unix_timestamp': 1767632160000, 'iso_timestamp': '2026-01-05T16:56:00.000Z', 'timestamp': '01/05/2026 04:56 pm', 'time': 1016, 'time_formatted': '16:56', 'proper_unix_timestamp': 1767650160000, 'proper_iso_timestamp': '2026-01-05T21:56:00.000Z'}",01/05/2026 16:56,"{'date': '01/05/2026', 'date_formatted': '01/05/2026', 'hours': '04', 'minutes': '56', 'am_pm': 'PM', 'unix_timestamp': 1767632160000, 'iso_timestamp': '2026-01-05T16:56:00.000Z', 'timestamp': '01/05/2026 04:56 pm', 'time': 1016, 'time_formatted': '16:56', 'proper_unix_timestamp': 1767650160000, 'proper_iso_timestamp': '2026-01-05T21:56:00.000Z'}",Style,Style,手雷单个挂件 【尼色】,手雷单个挂件 【尼色】,,,,,0,0,$30.00,30,No,False,,,,,0.00,0,,,0.00,0,0.00,0,No,False,,,Yes,True,,,,,,,$30.00,30,$0.00,0,No,False
695c338266d8ef040cfe5890,"<span class=""695c32e228a735d447d28db3"" data-kn=""connection-value"">陌歌 户外M67手雷烟雾模型挂件 可拉环可拆卸 COS装扮 仿真道具-淘宝网</span>","[{'id': '695c32e228a735d447d28db3', 'identifier': '陌歌 户外M67手雷烟雾模型挂件 可拉环可拆卸 COS装扮 仿真道具-淘宝网'}]",Inactive,Inactive,烟雾弹单个挂件【黑色】,烟雾弹单个挂件【黑色】,,,,,,,Yes,True,3,3,01/05/2026 16:56,"{'date': '01/05/2026', 'date_formatted': '01/05/2026', 'hours': '04', 'minutes': '56', 'am_pm': 'PM', 'unix_timestamp': 1767632160000, 'iso_timestamp': '2026-01-05T16:56:00.000Z', 'timestamp': '01/05/2026 04:56 pm', 'time': 1016, 'time_formatted': '16:56', 'proper_unix_timestamp': 1767650160000, 'proper_iso_timestamp': '2026-01-05T21:56:00.000Z'}",01/05/2026 16:56,"{'date': '01/05/2026', 'date_formatted': '01/05/2026', 'hours': '04', 'minutes': '56', 'am_pm': 'PM', 'unix_timestamp': 1767632160000, 'iso_timestamp': '2026-01-05T16:56:00.000Z', 'timestamp': '01/05/2026 04:56 pm', 'time': 1016, 'time_formatted': '16:56', 'proper_unix_timestamp': 1767650160000, 'proper_iso_timestamp': '2026-01-05T21:56:00.000Z'}",Style,Style,烟雾弹单个挂件【黑色】,烟雾弹单个挂件【黑色】,,,,,0,0,$30.00,30,No,False,,,,,0.00,0,,,0.00,0,0.00,0,No,False,,,Yes,True,,,,,,,$30.00,30,$0.00,0,No,False
695c33813b63f2dd235c8485,"<span class=""695c32e228a735d447d28db3"" data-kn=""connection-value"">陌歌 户外M67手雷烟雾模型挂件 可拉环可拆卸 COS装扮 仿真道具-淘宝网</span>","[{'id': '695c32e228a735d447d28db3', 'identifier': '陌歌 户外M67手雷烟雾模型挂件 可拉环可拆卸 COS装扮 仿真道具-淘宝网'}]",Inactive,Inactive,烟雾弹单个挂件【尼色】,烟雾弹单个挂件【尼色】,,,,,,,Yes,True,2,2,01/05/2026 16:56,"{'date': '01/05/2026', 'date_formatted': '01/05/2026', 'hours': '04', 'minutes': '56', 'am_pm': 'PM', 'unix_timestamp': 1767632160000, 'iso_timestamp': '2026-01-05T16:56:00.000Z', 'timestamp': '01/05/2026 04:56 pm', 'time': 1016, 'time_formatted': '16:56', 'proper_unix_timestamp': 1767650160000, 'proper_iso_timestamp': '2026-01-05T21:56:00.000Z'}",01/05/2026 16:56,"{'date': '01/05/2026', 'date_formatted': '01/05/2026', 'hours': '04', 'minutes': '56', 'am_pm': 'PM', 'unix_timestamp': 1767632160000, 'iso_timestamp': '2026-01-05T16:56:00.000Z', 'timestamp': '01/05/2026 04:56 pm', 'time': 1016, 'time_formatted': '16:56', 'proper_unix_timestamp': 1767650160000, 'proper_iso_timestamp': '2026-01-05T21:56:00.000Z'}",Style,Style,烟雾弹单个挂件【尼色】,烟雾弹单个挂件【尼色】,,,,,0,0,$30.00,30,No,False,,,,,0.00,0,,,0.00,0,0.00,0,No,False,,,Yes,True,,,,,,,$30.00,30,$0.00,0,No,False
695c33813b00921b6a8eaf29,"<span class=""695c32e228a735d447d28db3"" data-kn=""connection-value"">陌歌 户外M67手雷烟雾模型挂件 可拉环可拆卸 COS装扮 仿真道具-淘宝网</span>","[{'id': '695c32e228a735d447d28db3', 'identifier': '陌歌 户外M67手雷烟雾模型挂件 可拉环可拆卸 COS装扮 仿真道具-淘宝网'}]",Inactive,Inactive,如有需要套装或模型 请联系客服或进店查看哦,如有需要套装或模型 请联系客服或进店查看哦,,,,,,,Yes,True,1,1,01/05/2026 16:56,"{'date': '01/05/2026', 'date_formatted': '01/05/2026', 'hours': '04', 'minutes': '56', 'am_pm': 'PM', 'unix_timestamp': 1767632160000, 'iso_timestamp': '2026-01-05T16:56:00.000Z', 'timestamp': '01/05/2026 04:56 pm', 'time': 1016, 'time_formatted': '16:56', 'proper_unix_timestamp': 1767650160000, 'proper_iso_timestamp': '2026-01-05T21:56:00.000Z'}",01/05/2026 16:56,"{'date': '01/05/2026', 'date_formatted': '01/05/2026', 'hours': '04', 'minutes': '56', 'am_pm': 'PM', 'unix_timestamp': 1767632160000, 'iso_timestamp': '2026-01-05T16:56:00.000Z', 'timestamp': '01/05/2026 04:56 pm', 'time': 1016, 'time_formatted': '16:56', 'proper_unix_timestamp': 1767650160000, 'proper_iso_timestamp': '2026-01-05T21:56:00.000Z'}",Style,Style,如有需要套装或模型 请联系客服或进店查看哦,如有需要套装或模型 请联系客服或进店查看哦,,,,,0,0,$30.00,30,No,False,,,,,0.00,0,,,0.00,0,0.00,0,No,False,,,Yes,True,,,,,,,$30.00,30,$0.00,0,No,False
695c338177fe252e9b1caf3b,"<span class=""695c32e34e794334fd508ed7"" data-kn=""connection-value"">战术头盔夜视仪翻斗车支架加装运动相机连接支架头盔配件-淘宝网</span>","[{'id': '695c32e34e794334fd508ed7', 'identifier': '战术头盔夜视仪翻斗车支架加装运动相机连接支架头盔配件-淘宝网'}]",Inactive,Inactive,黑色,黑色,,,,,,,Yes,True,1,1,01/05/2026 16:56,"{'date': '01/05/2026', 'date_formatted': '01/05/2026', 'hours': '04', 'minutes': '56', 'am_pm': 'PM', 'unix_timestamp': 1767632160000, 'iso_timestamp': '2026-01-05T16:56:00.000Z', 'timestamp': '01/05/2026 04:56 pm', 'time': 1016, 'time_formatted': '16:56', 'proper_unix_timestamp': 1767650160000, 'proper_iso_timestamp': '2026-01-05T21:56:00.000Z'}",01/05/2026 16:56,"{'date': '01/05/2026', 'date_formatted': '01/05/2026', 'hours': '04', 'minutes': '56', 'am_pm': 'PM', 'unix_timestamp': 1767632160000, 'iso_timestamp': '2026-01-05T16:56:00.000Z', 'timestamp': '01/05/2026 04:56 pm', 'time': 1016, 'time_formatted': '16:56', 'proper_unix_timestamp': 1767650160000, 'proper_iso_timestamp': '2026-01-05T21:56:00.000Z'}",Style,Style,黑色,黑色,,,,,0,0,$30.00,30,No,False,,,,,0.00,0,,,0.00,0,0.00,0,No,False,,,Yes,True,,,,,,,$30.00,30,$0.00,0,No,False
695c33803b63f2dd235c6c26,"<span class=""695c32e6c71160ba194b2f65"" data-kn=""connection-value"">战术背心通用型MOLLE系统手机导航面板包胸口PDA包户外多功能胸包-淘宝网</span>","[{'id': '695c32e6c71160ba194b2f65', 'identifier': '战术背心通用型MOLLE系统手机导航面板包胸口PDA包户外多功能胸包-淘宝网'}]",Inactive,Inactive,【考度拉】MC迷彩 CP迷彩,【考度拉】MC迷彩 CP迷彩,,,,,,,Yes,True,6,6,01/05/2026 16:56,"{'date': '01/05/2026', 'date_formatted': '01/05/2026', 'hours': '04', 'minutes': '56', 'am_pm': 'PM', 'unix_timestamp': 1767632160000, 'iso_timestamp': '2026-01-05T16:56:00.000Z', 'timestamp': '01/05/2026 04:56 pm', 'time': 1016, 'time_formatted': '16:56', 'proper_unix_timestamp': 1767650160000, 'proper_iso_timestamp': '2026-01-05T21:56:00.000Z'}",01/05/2026 16:56,"{'date': '01/05/2026', 'date_formatted': '01/05/2026', 'hours': '04', 'minutes': '56', 'am_pm': 'PM', 'unix_timestamp': 1767632160000, 'iso_timestamp': '2026-01-05T16:56:00.000Z', 'timestamp': '01/05/2026 04:56 pm', 'time': 1016, 'time_formatted': '16:56', 'proper_unix_timestamp': 1767650160000, 'proper_iso_timestamp': '2026-01-05T21:56:00.000Z'}",Style,Style,【考度拉】MC迷彩 CP迷彩,【考度拉】MC迷彩 CP迷彩,,,,,0,0,$30.00,30,No,False,,,,,0.00,0,,,0.00,0,0.00,0,No,False,,,Yes,True,,,,,,,$30.00,30,$0.00,0,No,False
695c3380bd3270258c4403dd,"<span class=""695c32e6c71160ba194b2f65"" data-kn=""connection-value"">战术背心通用型MOLLE系统手机导航面板包胸口PDA包户外多功能胸包-淘宝网</span>","[{'id': '695c32e6c71160ba194b2f65', 'identifier': '战术背心通用型MOLLE系统手机导航面板包胸口PDA包户外多功能胸包-淘宝网'}]",Inactive,Inactive,【考度拉】暗夜迷彩 BCP,【考度拉】暗夜迷彩 BCP,,,,,,,Yes,True,5,5,01/05/2026 16:56,"{'date': '01/05/2026', 'date_formatted': '01/05/2026', 'hours': '04', 'minutes': '56', 'am_pm': 'PM', 'unix_timestamp': 1767632160000, 'iso_timestamp': '2026-01-05T16:56:00.000Z', 'timestamp': '01/05/2026 04:56 pm', 'time': 1016, 'time_formatted': '16:56', 'proper_unix_timestamp': 1767650160000, 'proper_iso_timestamp': '2026-01-05T21:56:00.000Z'}",01/05/2026 16:56,"{'date': '01/05/2026', 'date_formatted': '01/05/2026', 'hours': '04', 'minutes': '56', 'am_pm': 'PM', 'unix_timestamp': 1767632160000, 'iso_timestamp': '2026-01-05T16:56:00.000Z', 'timestamp': '01/05/2026 04:56 pm', 'time': 1016, 'time_formatted': '16:56', 'proper_unix_timestamp': 1767650160000, 'proper_iso_timestamp': '2026-01-05T21:56:00.000Z'}",Color,Color,BCP,BCP,,,,,0,0,$30.00,30,No,False,,,,,0.00,0,,,0.00,0,0.00,0,No,False,,,Yes,True,,,,,,,$30.00,30,$0.00,0,No,False
695c337f2bad95469c58df4c,"<span class=""695c32e6c71160ba194b2f65"" data-kn=""connection-value"">战术背心通用型MOLLE系统手机导航面板包胸口PDA包户外多功能胸包-淘宝网</span>","[{'id': '695c32e6c71160ba194b2f65', 'identifier': '战术背心通用型MOLLE系统手机导航面板包胸口PDA包户外多功能胸包-淘宝网'}]",Inactive,Inactive,【考度拉】黑色 BK,【考度拉】黑色 BK,,,,,,,Yes,True,4,4,01/05/2026 16:56,"{'date': '01/05/2026', 'date_formatted': '01/05/2026', 'hours': '04', 'minutes': '56', 'am_pm': 'PM', 'unix_timestamp': 1767632160000, 'iso_timestamp': '2026-01-05T16:56:00.000Z', 'timestamp': '01/05/2026 04:56 pm', 'time': 1016, 'time_formatted': '16:56', 'proper_unix_timestamp': 1767650160000, 'proper_iso_timestamp': '2026-01-05T21:56:00.000Z'}",01/05/2026 16:56,"{'date': '01/05/2026', 'date_formatted': '01/05/2026', 'hours': '04', 'minutes': '56', 'am_pm': 'PM', 'unix_timestamp': 1767632160000, 'iso_timestamp': '2026-01-05T16:56:00.000Z', 'timestamp': '01/05/2026 04:56 pm', 'time': 1016, 'time_formatted': '16:56', 'proper_unix_timestamp': 1767650160000, 'proper_iso_timestamp': '2026-01-05T21:56:00.000Z'}",Style,Style,【考度拉】黑色 BK,【考度拉】黑色 BK,,,,,0,0,$30.00,30,No,False,,,,,0.00,0,,,0.00,0,0.00,0,No,False,,,Yes,True,,,,,,,$30.00,30,$0.00,0,No,False
695c337f3b00921b6a8e9c01,"<span class=""695c32e6c71160ba194b2f65"" data-kn=""connection-value"">战术背心通用型MOLLE系统手机导航面板包胸口PDA包户外多功能胸包-淘宝网</span>","[{'id': '695c32e6c71160ba194b2f65', 'identifier': '战术背心通用型MOLLE系统手机导航面板包胸口PDA包户外多功能胸包-淘宝网'}]",Inactive,Inactive,【考度拉】狼灰色WG,【考度拉】狼灰色WG,,,,,,,Yes,True,3,3,01/05/2026 16:56,"{'date': '01/05/2026', 'date_formatted': '01/05/2026', 'hours': '04', 'minutes': '56', 'am_pm': 'PM', 'unix_timestamp': 1767632160000, 'iso_timestamp': '2026-01-05T16:56:00.000Z', 'timestamp': '01/05/2026 04:56 pm', 'time': 1016, 'time_formatted': '16:56', 'proper_unix_timestamp': 1767650160000, 'proper_iso_timestamp': '2026-01-05T21:56:00.000Z'}",01/05/2026 16:56,"{'date': '01/05/2026', 'date_formatted': '01/05/2026', 'hours': '04', 'minutes': '56', 'am_pm': 'PM', 'unix_timestamp': 1767632160000, 'iso_timestamp': '2026-01-05T16:56:00.000Z', 'timestamp': '01/05/2026 04:56 pm', 'time': 1016, 'time_formatted': '16:56', 'proper_unix_timestamp': 1767650160000, 'proper_iso_timestamp': '2026-01-05T21:56:00.000Z'}",Style,Style,【考度拉】狼灰色WG,【考度拉】狼灰色WG,,,,,0,0,$30.00,30,No,False,,,,,0.00,0,,,0.00,0,0.00,0,No,False,,,Yes,True,,,,,,,$30.00,30,$0.00,0,No,False
695c337f77fe252e9b1ca579,"<span class=""695c32e6c71160ba194b2f65"" data-kn=""connection-value"">战术背心通用型MOLLE系统手机导航面板包胸口PDA包户外多功能胸包-淘宝网</span>","[{'id': '695c32e6c71160ba194b2f65', 'identifier': '战术背心通用型MOLLE系统手机导航面板包胸口PDA包户外多功能胸包-淘宝网'}]",Inactive,Inactive,【考度拉】游骑兵绿色RG,【考度拉】游骑兵绿色RG,,,,,,,Yes,True,2,2,01/05/2026 16:56,"{'date': '01/05/2026', 'date_formatted': '01/05/2026', 'hours': '04', 'minutes': '56', 'am_pm': 'PM', 'unix_timestamp': 1767632160000, 'iso_timestamp': '2026-01-05T16:56:00.000Z', 'timestamp': '01/05/2026 04:56 pm', 'time': 1016, 'time_formatted': '16:56', 'proper_unix_timestamp': 1767650160000, 'proper_iso_timestamp': '2026-01-05T21:56:00.000Z'}",01/05/2026 16:56,"{'date': '01/05/2026', 'date_formatted': '01/05/2026', 'hours': '04', 'minutes': '56', 'am_pm': 'PM', 'unix_timestamp': 1767632160000, 'iso_timestamp': '2026-01-05T16:56:00.000Z', 'timestamp': '01/05/2026 04:56 pm', 'time': 1016, 'time_formatted': '16:56', 'proper_unix_timestamp': 1767650160000, 'proper_iso_timestamp': '2026-01-05T21:56:00.000Z'}",Style,Style,【考度拉】游骑兵绿色RG,【考度拉】游骑兵绿色RG,,,,,0,0,$30.00,30,No,False,,,,,0.00,0,,,0.00,0,0.00,0,No,False,,,Yes,True,,,,,,,$30.00,30,$0.00,0,No,False
695c337e1e9722c9bf038b97,"<span class=""695c32e6c71160ba194b2f65"" data-kn=""connection-value"">战术背心通用型MOLLE系统手机导航面板包胸口PDA包户外多功能胸包-淘宝网</span>","[{'id': '695c32e6c71160ba194b2f65', 'identifier': '战术背心通用型MOLLE系统手机导航面板包胸口PDA包户外多功能胸包-淘宝网'}]",Inactive,Inactive,【考度拉】狼棕色CB,【考度拉】狼棕色CB,,,,,,,Yes,True,1,1,01/05/2026 16:56,"{'date': '01/05/2026', 'date_formatted': '01/05/2026', 'hours': '04', 'minutes': '56', 'am_pm': 'PM', 'unix_timestamp': 1767632160000, 'iso_timestamp': '2026-01-05T16:56:00.000Z', 'timestamp': '01/05/2026 04:56 pm', 'time': 1016, 'time_formatted': '16:56', 'proper_unix_timestamp': 1767650160000, 'proper_iso_timestamp': '2026-01-05T21:56:00.000Z'}",01/05/2026 16:56,"{'date': '01/05/2026', 'date_formatted': '01/05/2026', 'hours': '04', 'minutes': '56', 'am_pm': 'PM', 'unix_timestamp': 1767632160000, 'iso_timestamp': '2026-01-05T16:56:00.000Z', 'timestamp': '01/05/2026 04:56 pm', 'time': 1016, 'time_formatted': '16:56', 'proper_unix_timestamp': 1767650160000, 'proper_iso_timestamp': '2026-01-05T21:56:00.000Z'}",Style,Style,【考度拉】狼棕色CB,【考度拉】狼棕色CB,,,,,0,0,$30.00,30,No,False,,,,,0.00,0,,,0.00,0,0.00,0,No,False,,,Yes,True,,,,,,,$30.00,30,$0.00,0,No,False
695c337e77fe252e9b1c9785,"<span class=""695c32dbc71160ba194aa001"" data-kn=""connection-value"">WoSporT K系列头盔电池迷彩副包 兼容盔布PVS-31电池配件配重副包-淘宝网</span>","[{'id': '695c32dbc71160ba194aa001', 'identifier': 'WoSporT K系列头盔电池迷彩副包 兼容盔布PVS-31电池配件配重副包-淘宝网'}]",Active,Active,Matte Black,Matte Black,,,,,,,Yes,True,2,2,01/05/2026 16:56,"{'date': '01/05/2026', 'date_formatted': '01/05/2026', 'hours': '04', 'minutes': '56', 'am_pm': 'PM', 'unix_timestamp': 1767632160000, 'iso_timestamp': '2026-01-05T16:56:00.000Z', 'timestamp': '01/05/2026 04:56 pm', 'time': 1016, 'time_formatted': '16:56', 'proper_unix_timestamp': 1767650160000, 'proper_iso_timestamp': '2026-01-05T21:56:00.000Z'}",01/05/2026 16:56,"{'date': '01/05/2026', 'date_formatted': '01/05/2026', 'hours': '04', 'minutes': '56', 'am_pm': 'PM', 'unix_timestamp': 1767632160000, 'iso_timestamp': '2026-01-05T16:56:00.000Z', 'timestamp': '01/05/2026 04:56 pm', 'time': 1016, 'time_formatted': '16:56', 'proper_unix_timestamp': 1767650160000, 'proper_iso_timestamp': '2026-01-05T21:56:00.000Z'}",Color,Color,Black,Black,,,,,16,16,$30.00,30,No,False,,,,,14.99,14.99,,,31.70,31.7,15.20,15.2,No,False,,,Yes,True,,,,,,,$30.00,30,$8.74,8.74,No,False
695c337ec3a1704a5646eeb6,"<span class=""695c32dbc71160ba194aa001"" data-kn=""connection-value"">WoSporT K系列头盔电池迷彩副包 兼容盔布PVS-31电池配件配重副包-淘宝网</span>","[{'id': '695c32dbc71160ba194aa001', 'identifier': 'WoSporT K系列头盔电池迷彩副包 兼容盔布PVS-31电池配件配重副包-淘宝网'}]",Active,Active,Coyote Brown,Coyote Brown,,,,,,,Yes,True,1,1,01/05/2026 16:56,"{'date': '01/05/2026', 'date_formatted': '01/05/2026', 'hours': '04', 'minutes': '56', 'am_pm': 'PM', 'unix_timestamp': 1767632160000, 'iso_timestamp': '2026-01-05T16:56:00.000Z', 'timestamp': '01/05/2026 04:56 pm', 'time': 1016, 'time_formatted': '16:56', 'proper_unix_timestamp': 1767650160000, 'proper_iso_timestamp': '2026-01-05T21:56:00.000Z'}",01/05/2026 16:56,"{'date': '01/05/2026', 'date_formatted': '01/05/2026', 'hours': '04', 'minutes': '56', 'am_pm': 'PM', 'unix_timestamp': 1767632160000, 'iso_timestamp': '2026-01-05T16:56:00.000Z', 'timestamp': '01/05/2026 04:56 pm', 'time': 1016, 'time_formatted': '16:56', 'proper_unix_timestamp': 1767650160000, 'proper_iso_timestamp': '2026-01-05T21:56:00.000Z'}",Color,Color,Coyote,Coyote,,,,,45,45,$30.00,30,No,False,,,,,23.99,23.99,,,30.60,30.6,14.00,14,No,False,,,Yes,True,,,,,,,$30.00,30,$14.25,14.25,No,False
695c337d3b63f2dd235c2c28,"<span class=""695c32dbc71160ba194aa001"" data-kn=""connection-value"">WoSporT K系列头盔电池迷彩副包 兼容盔布PVS-31电池配件配重副包-淘宝网</span>","[{'id': '695c32dbc71160ba194aa001', 'identifier': 'WoSporT K系列头盔电池迷彩副包 兼容盔布PVS-31电池配件配重副包-淘宝网'}]",Active,Active,Wolf Grey,Wolf Grey,,,,,,,Yes,True,5,5,01/05/2026 16:56,"{'date': '01/05/2026', 'date_formatted': '01/05/2026', 'hours': '04', 'minutes': '56', 'am_pm': 'PM', 'unix_timestamp': 1767632160000, 'iso_timestamp': '2026-01-05T16:56:00.000Z', 'timestamp': '01/05/2026 04:56 pm', 'time': 1016, 'time_formatted': '16:56', 'proper_unix_timestamp': 1767650160000, 'proper_iso_timestamp': '2026-01-05T21:56:00.000Z'}",01/05/2026 16:56,"{'date': '01/05/2026', 'date_formatted': '01/05/2026', 'hours': '04', 'minutes': '56', 'am_pm': 'PM', 'unix_timestamp': 1767632160000, 'iso_timestamp': '2026-01-05T16:56:00.000Z', 'timestamp': '01/05/2026 04:56 pm', 'time': 1016, 'time_formatted': '16:56', 'proper_unix_timestamp': 1767650160000, 'proper_iso_timestamp': '2026-01-05T21:56:00.000Z'}",Color,Color,Wolf Grey,Wolf Grey,,,,,45,45,$30.00,30,No,False,,,,,23.99,23.99,,,30.60,30.6,14.00,14,No,False,,,Yes,True,,,,,,,$30.00,30,$14.25,14.25,No,False
695c337d2a4e1cd21b1010ac,"<span class=""695c32dbc71160ba194aa001"" data-kn=""connection-value"">WoSporT K系列头盔电池迷彩副包 兼容盔布PVS-31电池配件配重副包-淘宝网</span>","[{'id': '695c32dbc71160ba194aa001', 'identifier': 'WoSporT K系列头盔电池迷彩副包 兼容盔布PVS-31电池配件配重副包-淘宝网'}]",Active,Active,Ranger Green,Ranger Green,,,,,,,Yes,True,4,4,01/05/2026 16:56,"{'date': '01/05/2026', 'date_formatted': '01/05/2026', 'hours': '04', 'minutes': '56', 'am_pm': 'PM', 'unix_timestamp': 1767632160000, 'iso_timestamp': '2026-01-05T16:56:00.000Z', 'timestamp': '01/05/2026 04:56 pm', 'time': 1016, 'time_formatted': '16:56', 'proper_unix_timestamp': 1767650160000, 'proper_iso_timestamp': '2026-01-05T21:56:00.000Z'}",01/05/2026 16:56,"{'date': '01/05/2026', 'date_formatted': '01/05/2026', 'hours': '04', 'minutes': '56', 'am_pm': 'PM', 'unix_timestamp': 1767632160000, 'iso_timestamp': '2026-01-05T16:56:00.000Z', 'timestamp': '01/05/2026 04:56 pm', 'time': 1016, 'time_formatted': '16:56', 'proper_unix_timestamp': 1767650160000, 'proper_iso_timestamp': '2026-01-05T21:56:00.000Z'}",Color,Color,Ranger Green,Ranger Green,,,,,16,16,$30.00,30,No,False,,,,,14.99,14.99,,,31.70,31.7,15.20,15.2,No,False,,,Yes,True,,,,,,,$30.00,30,$8.74,8.74,No,False
695c337d4702b73a64638940,"<span class=""695c32dbc71160ba194aa001"" data-kn=""connection-value"">WoSporT K系列头盔电池迷彩副包 兼容盔布PVS-31电池配件配重副包-淘宝网</span>","[{'id': '695c32dbc71160ba194aa001', 'identifier': 'WoSporT K系列头盔电池迷彩副包 兼容盔布PVS-31电池配件配重副包-淘宝网'}]",Active,Active,CP,CP,,,,,,,Yes,True,6,6,01/05/2026 16:56,"{'date': '01/05/2026', 'date_formatted': '01/05/2026', 'hours': '04', 'minutes': '56', 'am_pm': 'PM', 'unix_timestamp': 1767632160000, 'iso_timestamp': '2026-01-05T16:56:00.000Z', 'timestamp': '01/05/2026 04:56 pm', 'time': 1016, 'time_formatted': '16:56', 'proper_unix_timestamp': 1767650160000, 'proper_iso_timestamp': '2026-01-05T21:56:00.000Z'}",01/05/2026 16:56,"{'date': '01/05/2026', 'date_formatted': '01/05/2026', 'hours': '04', 'minutes': '56', 'am_pm': 'PM', 'unix_timestamp': 1767632160000, 'iso_timestamp': '2026-01-05T16:56:00.000Z', 'timestamp': '01/05/2026 04:56 pm', 'time': 1016, 'time_formatted': '16:56', 'proper_unix_timestamp': 1767650160000, 'proper_iso_timestamp': '2026-01-05T21:56:00.000Z'}",Style,Style,CP,CP,,,,,49,49,$30.00,30,No,False,,,,,24.99,24.99,,,29.90,29.9,13.30,13.3,No,False,,,Yes,True,,,,,,,$30.00,30,$15.01,15.01,No,False
695c337c3b63f2dd235c2b9e,"<span class=""695c32dbc71160ba194aa001"" data-kn=""connection-value"">WoSporT K系列头盔电池迷彩副包 兼容盔布PVS-31电池配件配重副包-淘宝网</span>","[{'id': '695c32dbc71160ba194aa001', 'identifier': 'WoSporT K系列头盔电池迷彩副包 兼容盔布PVS-31电池配件配重副包-淘宝网'}]",Active,Active,BCP,BCP,,,,,,,Yes,True,3,3,01/05/2026 16:56,"{'date': '01/05/2026', 'date_formatted': '01/05/2026', 'hours': '04', 'minutes': '56', 'am_pm': 'PM', 'unix_timestamp': 1767632160000, 'iso_timestamp': '2026-01-05T16:56:00.000Z', 'timestamp': '01/05/2026 04:56 pm', 'time': 1016, 'time_formatted': '16:56', 'proper_unix_timestamp': 1767650160000, 'proper_iso_timestamp': '2026-01-05T21:56:00.000Z'}",01/05/2026 16:56,"{'date': '01/05/2026', 'date_formatted': '01/05/2026', 'hours': '04', 'minutes': '56', 'am_pm': 'PM', 'unix_timestamp': 1767632160000, 'iso_timestamp': '2026-01-05T16:56:00.000Z', 'timestamp': '01/05/2026 04:56 pm', 'time': 1016, 'time_formatted': '16:56', 'proper_unix_timestamp': 1767650160000, 'proper_iso_timestamp': '2026-01-05T21:56:00.000Z'}",Color,Color,BCP,BCP,,,,,45,45,$30.00,30,No,False,,,,,23.99,23.99,,,30.60,30.6,14.00,14,No,False,,,Yes,True,,,,,,,$30.00,30,$14.25,14.25,No,False
695c337c1d735f55f73f1806,"<span class=""695c32e47051e7c1034c7e89"" data-kn=""connection-value"">Artex户外浪人战术腰带套装多功能组合巡逻腰封可拆卸调节腰带-淘宝网</span>","[{'id': '695c32e47051e7c1034c7e89', 'identifier': 'Artex户外浪人战术腰带套装多功能组合巡逻腰封可拆卸调节腰带-淘宝网'}]",Archive,Archive,均码,均码,,,,,,,Yes,True,5,5,01/05/2026 16:56,"{'date': '01/05/2026', 'date_formatted': '01/05/2026', 'hours': '04', 'minutes': '56', 'am_pm': 'PM', 'unix_timestamp': 1767632160000, 'iso_timestamp': '2026-01-05T16:56:00.000Z', 'timestamp': '01/05/2026 04:56 pm', 'time': 1016, 'time_formatted': '16:56', 'proper_unix_timestamp': 1767650160000, 'proper_iso_timestamp': '2026-01-05T21:56:00.000Z'}",01/05/2026 16:56,"{'date': '01/05/2026', 'date_formatted': '01/05/2026', 'hours': '04', 'minutes': '56', 'am_pm': 'PM', 'unix_timestamp': 1767632160000, 'iso_timestamp': '2026-01-05T16:56:00.000Z', 'timestamp': '01/05/2026 04:56 pm', 'time': 1016, 'time_formatted': '16:56', 'proper_unix_timestamp': 1767650160000, 'proper_iso_timestamp': '2026-01-05T21:56:00.000Z'}",Style,Style,均码,均码,,,,,233,233,$30.00,30,No,False,,,,,82.99,82.99,,,29.80,29.8,13.10,13.1,No,False,,,Yes,True,,,,,,,$30.00,30,$49.97,49.97,No,False
695c337bbde2c63e6cb381db,"<span class=""695c32e47051e7c1034c7e89"" data-kn=""connection-value"">Artex户外浪人战术腰带套装多功能组合巡逻腰封可拆卸调节腰带-淘宝网</span>","[{'id': '695c32e47051e7c1034c7e89', 'identifier': 'Artex户外浪人战术腰带套装多功能组合巡逻腰封可拆卸调节腰带-淘宝网'}]",Margins Added,Margins Added,Black – Full Set (85–125 cm),Black – Full Set (85–125 cm),,,,,,,Yes,True,4,4,01/05/2026 16:56,"{'date': '01/05/2026', 'date_formatted': '01/05/2026', 'hours': '04', 'minutes': '56', 'am_pm': 'PM', 'unix_timestamp': 1767632160000, 'iso_timestamp': '2026-01-05T16:56:00.000Z', 'timestamp': '01/05/2026 04:56 pm', 'time': 1016, 'time_formatted': '16:56', 'proper_unix_timestamp': 1767650160000, 'proper_iso_timestamp': '2026-01-05T21:56:00.000Z'}",01/05/2026 16:56,"{'date': '01/05/2026', 'date_formatted': '01/05/2026', 'hours': '04', 'minutes': '56', 'am_pm': 'PM', 'unix_timestamp': 1767632160000, 'iso_timestamp': '2026-01-05T16:56:00.000Z', 'timestamp': '01/05/2026 04:56 pm', 'time': 1016, 'time_formatted': '16:56', 'proper_unix_timestamp': 1767650160000, 'proper_iso_timestamp': '2026-01-05T21:56:00.000Z'}",Color,Color,Black,Black,,,,,233,233,$30.00,30,No,False,,,,,82.99,82.99,,,29.80,29.8,13.10,13.1,No,False,,,Yes,True,,,,,,,$30.00,30,$49.97,49.97,No,False
695c337bd745a52edae6810f,"<span class=""695c32e47051e7c1034c7e89"" data-kn=""connection-value"">Artex户外浪人战术腰带套装多功能组合巡逻腰封可拆卸调节腰带-淘宝网</span>","[{'id': '695c32e47051e7c1034c7e89', 'identifier': 'Artex户外浪人战术腰带套装多功能组合巡逻腰封可拆卸调节腰带-淘宝网'}]",Margins Added,Margins Added,OD Green – Full Set (85–125 cm),OD Green – Full Set (85–125 cm),,,,,,,Yes,True,3,3,01/05/2026 16:56,"{'date': '01/05/2026', 'date_formatted': '01/05/2026', 'hours': '04', 'minutes': '56', 'am_pm': 'PM', 'unix_timestamp': 1767632160000, 'iso_timestamp': '2026-01-05T16:56:00.000Z', 'timestamp': '01/05/2026 04:56 pm', 'time': 1016, 'time_formatted': '16:56', 'proper_unix_timestamp': 1767650160000, 'proper_iso_timestamp': '2026-01-05T21:56:00.000Z'}",01/05/2026 16:56,"{'date': '01/05/2026', 'date_formatted': '01/05/2026', 'hours': '04', 'minutes': '56', 'am_pm': 'PM', 'unix_timestamp': 1767632160000, 'iso_timestamp': '2026-01-05T16:56:00.000Z', 'timestamp': '01/05/2026 04:56 pm', 'time': 1016, 'time_formatted': '16:56', 'proper_unix_timestamp': 1767650160000, 'proper_iso_timestamp': '2026-01-05T21:56:00.000Z'}",Color,Color,OD Green,OD Green,,,,,233,233,$30.00,30,No,False,,,,,82.99,82.99,,,29.80,29.8,13.10,13.1,No,False,,,Yes,True,,,,,,,$30.00,30,$49.97,49.97,No,False
695c337ad745a52edae67534,"<span class=""695c32e47051e7c1034c7e89"" data-kn=""connection-value"">Artex户外浪人战术腰带套装多功能组合巡逻腰封可拆卸调节腰带-淘宝网</span>","[{'id': '695c32e47051e7c1034c7e89', 'identifier': 'Artex户外浪人战术腰带套装多功能组合巡逻腰封可拆卸调节腰带-淘宝网'}]",Margins Added,Margins Added,Khaki – Full Set (85–125 cm),Khaki – Full Set (85–125 cm),,,,,,,Yes,True,2,2,01/05/2026 16:56,"{'date': '01/05/2026', 'date_formatted': '01/05/2026', 'hours': '04', 'minutes': '56', 'am_pm': 'PM', 'unix_timestamp': 1767632160000, 'iso_timestamp': '2026-01-05T16:56:00.000Z', 'timestamp': '01/05/2026 04:56 pm', 'time': 1016, 'time_formatted': '16:56', 'proper_unix_timestamp': 1767650160000, 'proper_iso_timestamp': '2026-01-05T21:56:00.000Z'}",01/05/2026 16:56,"{'date': '01/05/2026', 'date_formatted': '01/05/2026', 'hours': '04', 'minutes': '56', 'am_pm': 'PM', 'unix_timestamp': 1767632160000, 'iso_timestamp': '2026-01-05T16:56:00.000Z', 'timestamp': '01/05/2026 04:56 pm', 'time': 1016, 'time_formatted': '16:56', 'proper_unix_timestamp': 1767650160000, 'proper_iso_timestamp': '2026-01-05T21:56:00.000Z'}",Color,Color,Khaki,Khaki,,,,,233,233,$30.00,30,No,False,,,,,82.99,82.99,,,29.80,29.8,13.10,13.1,No,False,,,Yes,True,,,,,,,$30.00,30,$49.97,49.97,No,False
695c337ac71160ba19503e61,"<span class=""695c32e47051e7c1034c7e89"" data-kn=""connection-value"">Artex户外浪人战术腰带套装多功能组合巡逻腰封可拆卸调节腰带-淘宝网</span>","[{'id': '695c32e47051e7c1034c7e89', 'identifier': 'Artex户外浪人战术腰带套装多功能组合巡逻腰封可拆卸调节腰带-淘宝网'}]",Margins Added,Margins Added,MC Camo – Full Set (85–125 cm),MC Camo – Full Set (85–125 cm),,,,,,,Yes,True,1,1,01/05/2026 16:56,"{'date': '01/05/2026', 'date_formatted': '01/05/2026', 'hours': '04', 'minutes': '56', 'am_pm': 'PM', 'unix_timestamp': 1767632160000, 'iso_timestamp': '2026-01-05T16:56:00.000Z', 'timestamp': '01/05/2026 04:56 pm', 'time': 1016, 'time_formatted': '16:56', 'proper_unix_timestamp': 1767650160000, 'proper_iso_timestamp': '2026-01-05T21:56:00.000Z'}",01/05/2026 16:56,"{'date': '01/05/2026', 'date_formatted': '01/05/2026', 'hours': '04', 'minutes': '56', 'am_pm': 'PM', 'unix_timestamp': 1767632160000, 'iso_timestamp': '2026-01-05T16:56:00.000Z', 'timestamp': '01/05/2026 04:56 pm', 'time': 1016, 'time_formatted': '16:56', 'proper_unix_timestamp': 1767650160000, 'proper_iso_timestamp': '2026-01-05T21:56:00.000Z'}",Style,Style,MC Camo – Full Set (85–125 cm),MC Camo – Full Set (85–125 cm),,,,,233,233,$30.00,30,No,False,,,,,82.99,82.99,,,29.80,29.8,13.10,13.1,No,False,,,Yes,True,,,,,,,$30.00,30,$49.97,49.97,No,False
695c3379d745a52edae65708,"<span class=""695c32e51d735f55f73ae87e"" data-kn=""connection-value"">TC战术耳机转接器民用PTT按键发射对讲机建伍接口支持Z-Tactical-淘宝网</span>","[{'id': '695c32e51d735f55f73ae87e', 'identifier': 'TC战术耳机转接器民用PTT按键发射对讲机建伍接口支持Z-Tactical-淘宝网'}]",Inactive,Inactive,建伍KEN头 仅支持Z-Tactical,建伍KEN头 仅支持Z-Tactical,,,,,,,Yes,True,6,6,01/05/2026 16:56,"{'date': '01/05/2026', 'date_formatted': '01/05/2026', 'hours': '04', 'minutes': '56', 'am_pm': 'PM', 'unix_timestamp': 1767632160000, 'iso_timestamp': '2026-01-05T16:56:00.000Z', 'timestamp': '01/05/2026 04:56 pm', 'time': 1016, 'time_formatted': '16:56', 'proper_unix_timestamp': 1767650160000, 'proper_iso_timestamp': '2026-01-05T21:56:00.000Z'}",01/05/2026 16:56,"{'date': '01/05/2026', 'date_formatted': '01/05/2026', 'hours': '04', 'minutes': '56', 'am_pm': 'PM', 'unix_timestamp': 1767632160000, 'iso_timestamp': '2026-01-05T16:56:00.000Z', 'timestamp': '01/05/2026 04:56 pm', 'time': 1016, 'time_formatted': '16:56', 'proper_unix_timestamp': 1767650160000, 'proper_iso_timestamp': '2026-01-05T21:56:00.000Z'}",Style,Style,建伍KEN头 仅支持Z-Tactical,建伍KEN头 仅支持Z-Tactical,,,,,0,0,$30.00,30,No,False,,,,,0.00,0,,,0.00,0,0.00,0,No,False,,,Yes,True,,,,,,,$30.00,30,$0.00,0,No,False
695c33781e9722c9bf02cd2f,"<span class=""695c32e51d735f55f73ae87e"" data-kn=""connection-value"">TC战术耳机转接器民用PTT按键发射对讲机建伍接口支持Z-Tactical-淘宝网</span>","[{'id': '695c32e51d735f55f73ae87e', 'identifier': 'TC战术耳机转接器民用PTT按键发射对讲机建伍接口支持Z-Tactical-淘宝网'}]",Inactive,Inactive,摩托罗拉M1单插 仅支持Z-Tactical,摩托罗拉M1单插 仅支持Z-Tactical,,,,,,,Yes,True,5,5,01/05/2026 16:56,"{'date': '01/05/2026', 'date_formatted': '01/05/2026', 'hours': '04', 'minutes': '56', 'am_pm': 'PM', 'unix_timestamp': 1767632160000, 'iso_timestamp': '2026-01-05T16:56:00.000Z', 'timestamp': '01/05/2026 04:56 pm', 'time': 1016, 'time_formatted': '16:56', 'proper_unix_timestamp': 1767650160000, 'proper_iso_timestamp': '2026-01-05T21:56:00.000Z'}",01/05/2026 16:56,"{'date': '01/05/2026', 'date_formatted': '01/05/2026', 'hours': '04', 'minutes': '56', 'am_pm': 'PM', 'unix_timestamp': 1767632160000, 'iso_timestamp': '2026-01-05T16:56:00.000Z', 'timestamp': '01/05/2026 04:56 pm', 'time': 1016, 'time_formatted': '16:56', 'proper_unix_timestamp': 1767650160000, 'proper_iso_timestamp': '2026-01-05T21:56:00.000Z'}",Style,Style,摩托罗拉M1单插 仅支持Z-Tactical,摩托罗拉M1单插 仅支持Z-Tactical,,,,,0,0,$30.00,30,No,False,,,,,0.00,0,,,0.00,0,0.00,0,No,False,,,Yes,True,,,,,,,$30.00,30,$0.00,0,No,False
695c337837eef90c93b4351a,"<span class=""695c32e51d735f55f73ae87e"" data-kn=""connection-value"">TC战术耳机转接器民用PTT按键发射对讲机建伍接口支持Z-Tactical-淘宝网</span>","[{'id': '695c32e51d735f55f73ae87e', 'identifier': 'TC战术耳机转接器民用PTT按键发射对讲机建伍接口支持Z-Tactical-淘宝网'}]",Inactive,Inactive,摩托罗拉M2双插 仅支持Z-Tactical,摩托罗拉M2双插 仅支持Z-Tactical,,,,,,,Yes,True,4,4,01/05/2026 16:56,"{'date': '01/05/2026', 'date_formatted': '01/05/2026', 'hours': '04', 'minutes': '56', 'am_pm': 'PM', 'unix_timestamp': 1767632160000, 'iso_timestamp': '2026-01-05T16:56:00.000Z', 'timestamp': '01/05/2026 04:56 pm', 'time': 1016, 'time_formatted': '16:56', 'proper_unix_timestamp': 1767650160000, 'proper_iso_timestamp': '2026-01-05T21:56:00.000Z'}",01/05/2026 16:56,"{'date': '01/05/2026', 'date_formatted': '01/05/2026', 'hours': '04', 'minutes': '56', 'am_pm': 'PM', 'unix_timestamp': 1767632160000, 'iso_timestamp': '2026-01-05T16:56:00.000Z', 'timestamp': '01/05/2026 04:56 pm', 'time': 1016, 'time_formatted': '16:56', 'proper_unix_timestamp': 1767650160000, 'proper_iso_timestamp': '2026-01-05T21:56:00.000Z'}",Style,Style,摩托罗拉M2双插 仅支持Z-Tactical,摩托罗拉M2双插 仅支持Z-Tactical,,,,,0,0,$30.00,30,No,False,,,,,0.00,0,,,0.00,0,0.00,0,No,False,,,Yes,True,,,,,,,$30.00,30,$0.00,0,No,False
695c3377d745a52edae620d0,"<span class=""695c32e51d735f55f73ae87e"" data-kn=""connection-value"">TC战术耳机转接器民用PTT按键发射对讲机建伍接口支持Z-Tactical-淘宝网</span>","[{'id': '695c32e51d735f55f73ae87e', 'identifier': 'TC战术耳机转接器民用PTT按键发射对讲机建伍接口支持Z-Tactical-淘宝网'}]",Inactive,Inactive,八重洲YA单插 仅支持Z-Tactical,八重洲YA单插 仅支持Z-Tactical,,,,,,,Yes,True,3,3,01/05/2026 16:56,"{'date': '01/05/2026', 'date_formatted': '01/05/2026', 'hours': '04', 'minutes': '56', 'am_pm': 'PM', 'unix_timestamp': 1767632160000, 'iso_timestamp': '2026-01-05T16:56:00.000Z', 'timestamp': '01/05/2026 04:56 pm', 'time': 1016, 'time_formatted': '16:56', 'proper_unix_timestamp': 1767650160000, 'proper_iso_timestamp': '2026-01-05T21:56:00.000Z'}",01/05/2026 16:56,"{'date': '01/05/2026', 'date_formatted': '01/05/2026', 'hours': '04', 'minutes': '56', 'am_pm': 'PM', 'unix_timestamp': 1767632160000, 'iso_timestamp': '2026-01-05T16:56:00.000Z', 'timestamp': '01/05/2026 04:56 pm', 'time': 1016, 'time_formatted': '16:56', 'proper_unix_timestamp': 1767650160000, 'proper_iso_timestamp': '2026-01-05T21:56:00.000Z'}",Style,Style,八重洲YA单插 仅支持Z-Tactical,八重洲YA单插 仅支持Z-Tactical,,,,,0,0,$30.00,30,No,False,,,,,0.00,0,,,0.00,0,0.00,0,No,False,,,Yes,True,,,,,,,$30.00,30,$0.00,0,No,False
695c337777fe252e9b1c39a9,"<span class=""695c32e51d735f55f73ae87e"" data-kn=""connection-value"">TC战术耳机转接器民用PTT按键发射对讲机建伍接口支持Z-Tactical-淘宝网</span>","[{'id': '695c32e51d735f55f73ae87e', 'identifier': 'TC战术耳机转接器民用PTT按键发射对讲机建伍接口支持Z-Tactical-淘宝网'}]",Inactive,Inactive,爱慕可IC双插 仅支持Z-Tactical,爱慕可IC双插 仅支持Z-Tactical,,,,,,,Yes,True,2,2,01/05/2026 16:56,"{'date': '01/05/2026', 'date_formatted': '01/05/2026', 'hours': '04', 'minutes': '56', 'am_pm': 'PM', 'unix_timestamp': 1767632160000, 'iso_timestamp': '2026-01-05T16:56:00.000Z', 'timestamp': '01/05/2026 04:56 pm', 'time': 1016, 'time_formatted': '16:56', 'proper_unix_timestamp': 1767650160000, 'proper_iso_timestamp': '2026-01-05T21:56:00.000Z'}",01/05/2026 16:56,"{'date': '01/05/2026', 'date_formatted': '01/05/2026', 'hours': '04', 'minutes': '56', 'am_pm': 'PM', 'unix_timestamp': 1767632160000, 'iso_timestamp': '2026-01-05T16:56:00.000Z', 'timestamp': '01/05/2026 04:56 pm', 'time': 1016, 'time_formatted': '16:56', 'proper_unix_timestamp': 1767650160000, 'proper_iso_timestamp': '2026-01-05T21:56:00.000Z'}",Style,Style,爱慕可IC双插 仅支持Z-Tactical,爱慕可IC双插 仅支持Z-Tactical,,,,,0,0,$30.00,30,No,False,,,,,0.00,0,,,0.00,0,0.00,0,No,False,,,Yes,True,,,,,,,$30.00,30,$0.00,0,No,False
695c33771d735f55f73ed319,"<span class=""695c32e51d735f55f73ae87e"" data-kn=""connection-value"">TC战术耳机转接器民用PTT按键发射对讲机建伍接口支持Z-Tactical-淘宝网</span>","[{'id': '695c32e51d735f55f73ae87e', 'identifier': 'TC战术耳机转接器民用PTT按键发射对讲机建伍接口支持Z-Tactical-淘宝网'}]",Inactive,Inactive,米德兰MIL双插 仅支持Z-Tactical,米德兰MIL双插 仅支持Z-Tactical,,,,,,,Yes,True,1,1,01/05/2026 16:56,"{'date': '01/05/2026', 'date_formatted': '01/05/2026', 'hours': '04', 'minutes': '56', 'am_pm': 'PM', 'unix_timestamp': 1767632160000, 'iso_timestamp': '2026-01-05T16:56:00.000Z', 'timestamp': '01/05/2026 04:56 pm', 'time': 1016, 'time_formatted': '16:56', 'proper_unix_timestamp': 1767650160000, 'proper_iso_timestamp': '2026-01-05T21:56:00.000Z'}",01/05/2026 16:56,"{'date': '01/05/2026', 'date_formatted': '01/05/2026', 'hours': '04', 'minutes': '56', 'am_pm': 'PM', 'unix_timestamp': 1767632160000, 'iso_timestamp': '2026-01-05T16:56:00.000Z', 'timestamp': '01/05/2026 04:56 pm', 'time': 1016, 'time_formatted': '16:56', 'proper_unix_timestamp': 1767650160000, 'proper_iso_timestamp': '2026-01-05T21:56:00.000Z'}",Style,Style,米德兰MIL双插 仅支持Z-Tactical,米德兰MIL双插 仅支持Z-Tactical,,,,,0,0,$30.00,30,No,False,,,,,0.00,0,,,0.00,0,0.00,0,No,False,,,Yes,True,,,,,,,$30.00,30,$0.00,0,No,False
695c33769f7a56713522c62a,"<span class=""695c32d8e3d1a0c37196f8e6"" data-kn=""connection-value"">6094战术背心战术马甲CS 户外野营组合背心 战狼野战作训战术背心-淘宝网</span>","[{'id': '695c32d8e3d1a0c37196f8e6', 'identifier': '6094战术背心战术马甲CS 户外野营组合背心 战狼野战作训战术背心-淘宝网'}]",Margins Added,Margins Added,Black 6094,Black 6094,,,,,,,Yes,True,0,0,01/05/2026 16:56,"{'date': '01/05/2026', 'date_formatted': '01/05/2026', 'hours': '04', 'minutes': '56', 'am_pm': 'PM', 'unix_timestamp': 1767632160000, 'iso_timestamp': '2026-01-05T16:56:00.000Z', 'timestamp': '01/05/2026 04:56 pm', 'time': 1016, 'time_formatted': '16:56', 'proper_unix_timestamp': 1767650160000, 'proper_iso_timestamp': '2026-01-05T21:56:00.000Z'}",01/05/2026 16:56,"{'date': '01/05/2026', 'date_formatted': '01/05/2026', 'hours': '04', 'minutes': '56', 'am_pm': 'PM', 'unix_timestamp': 1767632160000, 'iso_timestamp': '2026-01-05T16:56:00.000Z', 'timestamp': '01/05/2026 04:56 pm', 'time': 1016, 'time_formatted': '16:56', 'proper_unix_timestamp': 1767650160000, 'proper_iso_timestamp': '2026-01-05T21:56:00.000Z'}",Color,Color,Black,Black,,,,,57,57,$30.00,30,No,False,,,,,27.99,27.99,,,30.90,30.9,14.40,14.4,No,False,,,Yes,True,,,,,,,$30.00,30,$16.53,16.53,No,False
695c33762a4e1cd21b0fb437,"<span class=""695c32d8e3d1a0c37196f8e6"" data-kn=""connection-value"">6094战术背心战术马甲CS 户外野营组合背心 战狼野战作训战术背心-淘宝网</span>","[{'id': '695c32d8e3d1a0c37196f8e6', 'identifier': '6094战术背心战术马甲CS 户外野营组合背心 战狼野战作训战术背心-淘宝网'}]",Margins Added,Margins Added,Black Python Camo 6094,Black Python Camo 6094,,,,,,,Yes,True,1,1,01/05/2026 16:56,"{'date': '01/05/2026', 'date_formatted': '01/05/2026', 'hours': '04', 'minutes': '56', 'am_pm': 'PM', 'unix_timestamp': 1767632160000, 'iso_timestamp': '2026-01-05T16:56:00.000Z', 'timestamp': '01/05/2026 04:56 pm', 'time': 1016, 'time_formatted': '16:56', 'proper_unix_timestamp': 1767650160000, 'proper_iso_timestamp': '2026-01-05T21:56:00.000Z'}",01/05/2026 16:56,"{'date': '01/05/2026', 'date_formatted': '01/05/2026', 'hours': '04', 'minutes': '56', 'am_pm': 'PM', 'unix_timestamp': 1767632160000, 'iso_timestamp': '2026-01-05T16:56:00.000Z', 'timestamp': '01/05/2026 04:56 pm', 'time': 1016, 'time_formatted': '16:56', 'proper_unix_timestamp': 1767650160000, 'proper_iso_timestamp': '2026-01-05T21:56:00.000Z'}",Color,Color,Black,Black,,,,,57,57,$30.00,30,No,False,,,,,27.99,27.99,,,30.90,30.9,14.40,14.4,No,False,,,Yes,True,,,,,,,$30.00,30,$16.53,16.53,No,False
695c3375b3a75d879c34e319,"<span class=""695c32d8e3d1a0c37196f8e6"" data-kn=""connection-value"">6094战术背心战术马甲CS 户外野营组合背心 战狼野战作训战术背心-淘宝网</span>","[{'id': '695c32d8e3d1a0c37196f8e6', 'identifier': '6094战术背心战术马甲CS 户外野营组合背心 战狼野战作训战术背心-淘宝网'}]",Margins Added,Margins Added,Desert Digital Camo 6094,Desert Digital Camo 6094,,,,,,,Yes,True,2,2,01/05/2026 16:56,"{'date': '01/05/2026', 'date_formatted': '01/05/2026', 'hours': '04', 'minutes': '56', 'am_pm': 'PM', 'unix_timestamp': 1767632160000, 'iso_timestamp': '2026-01-05T16:56:00.000Z', 'timestamp': '01/05/2026 04:56 pm', 'time': 1016, 'time_formatted': '16:56', 'proper_unix_timestamp': 1767650160000, 'proper_iso_timestamp': '2026-01-05T21:56:00.000Z'}",01/05/2026 16:56,"{'date': '01/05/2026', 'date_formatted': '01/05/2026', 'hours': '04', 'minutes': '56', 'am_pm': 'PM', 'unix_timestamp': 1767632160000, 'iso_timestamp': '2026-01-05T16:56:00.000Z', 'timestamp': '01/05/2026 04:56 pm', 'time': 1016, 'time_formatted': '16:56', 'proper_unix_timestamp': 1767650160000, 'proper_iso_timestamp': '2026-01-05T21:56:00.000Z'}",Style,Style,Desert Digital Camo 6094,Desert Digital Camo 6094,,,,,57,57,$30.00,30,No,False,,,,,27.99,27.99,,,30.90,30.9,14.40,14.4,No,False,,,Yes,True,,,,,,,$30.00,30,$16.53,16.53,No,False
695c3375612ae4b6294ecbdd,"<span class=""695c32d8e3d1a0c37196f8e6"" data-kn=""connection-value"">6094战术背心战术马甲CS 户外野营组合背心 战狼野战作训战术背心-淘宝网</span>","[{'id': '695c32d8e3d1a0c37196f8e6', 'identifier': '6094战术背心战术马甲CS 户外野营组合背心 战狼野战作训战术背心-淘宝网'}]",Margins Added,Margins Added,Desert Python Camo 6094,Desert Python Camo 6094,,,,,,,Yes,True,3,3,01/05/2026 16:56,"{'date': '01/05/2026', 'date_formatted': '01/05/2026', 'hours': '04', 'minutes': '56', 'am_pm': 'PM', 'unix_timestamp': 1767632160000, 'iso_timestamp': '2026-01-05T16:56:00.000Z', 'timestamp': '01/05/2026 04:56 pm', 'time': 1016, 'time_formatted': '16:56', 'proper_unix_timestamp': 1767650160000, 'proper_iso_timestamp': '2026-01-05T21:56:00.000Z'}",01/05/2026 16:56,"{'date': '01/05/2026', 'date_formatted': '01/05/2026', 'hours': '04', 'minutes': '56', 'am_pm': 'PM', 'unix_timestamp': 1767632160000, 'iso_timestamp': '2026-01-05T16:56:00.000Z', 'timestamp': '01/05/2026 04:56 pm', 'time': 1016, 'time_formatted': '16:56', 'proper_unix_timestamp': 1767650160000, 'proper_iso_timestamp': '2026-01-05T21:56:00.000Z'}",Style,Style,Desert Python Camo 6094,Desert Python Camo 6094,,,,,57,57,$30.00,30,No,False,,,,,27.99,27.99,,,30.90,30.9,14.40,14.4,No,False,,,Yes,True,,,,,,,$30.00,30,$16.53,16.53,No,False
695c33751e9722c9bf026271,"<span class=""695c32d8e3d1a0c37196f8e6"" data-kn=""connection-value"">6094战术背心战术马甲CS 户外野营组合背心 战狼野战作训战术背心-淘宝网</span>","[{'id': '695c32d8e3d1a0c37196f8e6', 'identifier': '6094战术背心战术马甲CS 户外野营组合背心 战狼野战作训战术背心-淘宝网'}]",Margins Added,Margins Added,OD Green 6094,OD Green 6094,,,,,,,Yes,True,4,4,01/05/2026 16:56,"{'date': '01/05/2026', 'date_formatted': '01/05/2026', 'hours': '04', 'minutes': '56', 'am_pm': 'PM', 'unix_timestamp': 1767632160000, 'iso_timestamp': '2026-01-05T16:56:00.000Z', 'timestamp': '01/05/2026 04:56 pm', 'time': 1016, 'time_formatted': '16:56', 'proper_unix_timestamp': 1767650160000, 'proper_iso_timestamp': '2026-01-05T21:56:00.000Z'}",01/05/2026 16:56,"{'date': '01/05/2026', 'date_formatted': '01/05/2026', 'hours': '04', 'minutes': '56', 'am_pm': 'PM', 'unix_timestamp': 1767632160000, 'iso_timestamp': '2026-01-05T16:56:00.000Z', 'timestamp': '01/05/2026 04:56 pm', 'time': 1016, 'time_formatted': '16:56', 'proper_unix_timestamp': 1767650160000, 'proper_iso_timestamp': '2026-01-05T21:56:00.000Z'}",Color,Color,OD Green,OD Green,,,,,57,57,$30.00,30,No,False,,,,,27.99,27.99,,,30.90,30.9,14.40,14.4,No,False,,,Yes,True,,,,,,,$30.00,30,$16.53,16.53,No,False
695c3374cd0d7527390b3b66,"<span class=""695c32d8e3d1a0c37196f8e6"" data-kn=""connection-value"">6094战术背心战术马甲CS 户外野营组合背心 战狼野战作训战术背心-淘宝网</span>","[{'id': '695c32d8e3d1a0c37196f8e6', 'identifier': '6094战术背心战术马甲CS 户外野营组合背心 战狼野战作训战术背心-淘宝网'}]",Margins Added,Margins Added,Sand 6094,Sand 6094,,,,,,,Yes,True,5,5,01/05/2026 16:56,"{'date': '01/05/2026', 'date_formatted': '01/05/2026', 'hours': '04', 'minutes': '56', 'am_pm': 'PM', 'unix_timestamp': 1767632160000, 'iso_timestamp': '2026-01-05T16:56:00.000Z', 'timestamp': '01/05/2026 04:56 pm', 'time': 1016, 'time_formatted': '16:56', 'proper_unix_timestamp': 1767650160000, 'proper_iso_timestamp': '2026-01-05T21:56:00.000Z'}",01/05/2026 16:56,"{'date': '01/05/2026', 'date_formatted': '01/05/2026', 'hours': '04', 'minutes': '56', 'am_pm': 'PM', 'unix_timestamp': 1767632160000, 'iso_timestamp': '2026-01-05T16:56:00.000Z', 'timestamp': '01/05/2026 04:56 pm', 'time': 1016, 'time_formatted': '16:56', 'proper_unix_timestamp': 1767650160000, 'proper_iso_timestamp': '2026-01-05T21:56:00.000Z'}",Style,Style,Sand 6094,Sand 6094,,,,,66,66,$30.00,30,No,False,,,,,29.99,29.99,,,29.20,29.2,12.40,12.4,No,False,,,Yes,True,,,,,,,$30.00,30,$18.24,18.24,No,False
695c33741e9722c9bf02546f,"<span class=""695c32d8e3d1a0c37196f8e6"" data-kn=""connection-value"">6094战术背心战术马甲CS 户外野营组合背心 战狼野战作训战术背心-淘宝网</span>","[{'id': '695c32d8e3d1a0c37196f8e6', 'identifier': '6094战术背心战术马甲CS 户外野营组合背心 战狼野战作训战术背心-淘宝网'}]",Margins Added,Margins Added,Tri-Sand Camo 6094,Tri-Sand Camo 6094,,,,,,,Yes,True,6,6,01/05/2026 16:56,"{'date': '01/05/2026', 'date_formatted': '01/05/2026', 'hours': '04', 'minutes': '56', 'am_pm': 'PM', 'unix_timestamp': 1767632160000, 'iso_timestamp': '2026-01-05T16:56:00.000Z', 'timestamp': '01/05/2026 04:56 pm', 'time': 1016, 'time_formatted': '16:56', 'proper_unix_timestamp': 1767650160000, 'proper_iso_timestamp': '2026-01-05T21:56:00.000Z'}",01/05/2026 16:56,"{'date': '01/05/2026', 'date_formatted': '01/05/2026', 'hours': '04', 'minutes': '56', 'am_pm': 'PM', 'unix_timestamp': 1767632160000, 'iso_timestamp': '2026-01-05T16:56:00.000Z', 'timestamp': '01/05/2026 04:56 pm', 'time': 1016, 'time_formatted': '16:56', 'proper_unix_timestamp': 1767650160000, 'proper_iso_timestamp': '2026-01-05T21:56:00.000Z'}",Style,Style,Tri-Sand Camo 6094,Tri-Sand Camo 6094,,,,,57,57,$30.00,30,No,False,,,,,27.99,27.99,,,30.90,30.9,14.40,14.4,No,False,,,Yes,True,,,,,,,$30.00,30,$16.53,16.53,No,False
695c33741d735f55f73eae12,"<span class=""695c32d8e3d1a0c37196f8e6"" data-kn=""connection-value"">6094战术背心战术马甲CS 户外野营组合背心 战狼野战作训战术背心-淘宝网</span>","[{'id': '695c32d8e3d1a0c37196f8e6', 'identifier': '6094战术背心战术马甲CS 户外野营组合背心 战狼野战作训战术背心-淘宝网'}]",Margins Added,Margins Added,Night Camo 6094,Night Camo 6094,,,,,,,Yes,True,7,7,01/05/2026 16:56,"{'date': '01/05/2026', 'date_formatted': '01/05/2026', 'hours': '04', 'minutes': '56', 'am_pm': 'PM', 'unix_timestamp': 1767632160000, 'iso_timestamp': '2026-01-05T16:56:00.000Z', 'timestamp': '01/05/2026 04:56 pm', 'time': 1016, 'time_formatted': '16:56', 'proper_unix_timestamp': 1767650160000, 'proper_iso_timestamp': '2026-01-05T21:56:00.000Z'}",01/05/2026 16:56,"{'date': '01/05/2026', 'date_formatted': '01/05/2026', 'hours': '04', 'minutes': '56', 'am_pm': 'PM', 'unix_timestamp': 1767632160000, 'iso_timestamp': '2026-01-05T16:56:00.000Z', 'timestamp': '01/05/2026 04:56 pm', 'time': 1016, 'time_formatted': '16:56', 'proper_unix_timestamp': 1767650160000, 'proper_iso_timestamp': '2026-01-05T21:56:00.000Z'}",Style,Style,Night Camo 6094,Night Camo 6094,,,,,57,57,$30.00,30,No,False,,,,,27.99,27.99,,,30.90,30.9,14.40,14.4,No,False,,,Yes,True,,,,,,,$30.00,30,$16.53,16.53,No,False
695c33739b815749737a1ca5,"<span class=""695c32d8e3d1a0c37196f8e6"" data-kn=""connection-value"">6094战术背心战术马甲CS 户外野营组合背心 战狼野战作训战术背心-淘宝网</span>","[{'id': '695c32d8e3d1a0c37196f8e6', 'identifier': '6094战术背心战术马甲CS 户外野营组合背心 战狼野战作训战术背心-淘宝网'}]",Margins Added,Margins Added,Tiger Stripe Camo 6094,Tiger Stripe Camo 6094,,,,,,,Yes,True,8,8,01/05/2026 16:56,"{'date': '01/05/2026', 'date_formatted': '01/05/2026', 'hours': '04', 'minutes': '56', 'am_pm': 'PM', 'unix_timestamp': 1767632160000, 'iso_timestamp': '2026-01-05T16:56:00.000Z', 'timestamp': '01/05/2026 04:56 pm', 'time': 1016, 'time_formatted': '16:56', 'proper_unix_timestamp': 1767650160000, 'proper_iso_timestamp': '2026-01-05T21:56:00.000Z'}",01/05/2026 16:56,"{'date': '01/05/2026', 'date_formatted': '01/05/2026', 'hours': '04', 'minutes': '56', 'am_pm': 'PM', 'unix_timestamp': 1767632160000, 'iso_timestamp': '2026-01-05T16:56:00.000Z', 'timestamp': '01/05/2026 04:56 pm', 'time': 1016, 'time_formatted': '16:56', 'proper_unix_timestamp': 1767650160000, 'proper_iso_timestamp': '2026-01-05T21:56:00.000Z'}",Style,Style,Tiger Stripe Camo 6094,Tiger Stripe Camo 6094,,,,,57,57,$30.00,30,No,False,,,,,27.99,27.99,,,30.90,30.9,14.40,14.4,No,False,,,Yes,True,,,,,,,$30.00,30,$16.53,16.53,No,False
695c33738b911985b12a1031,"<span class=""695c32d8e3d1a0c37196f8e6"" data-kn=""connection-value"">6094战术背心战术马甲CS 户外野营组合背心 战狼野战作训战术背心-淘宝网</span>","[{'id': '695c32d8e3d1a0c37196f8e6', 'identifier': '6094战术背心战术马甲CS 户外野营组合背心 战狼野战作训战术背心-淘宝网'}]",Margins Added,Margins Added,CP Camo 6094,CP Camo 6094,,,,,,,Yes,True,9,9,01/05/2026 16:56,"{'date': '01/05/2026', 'date_formatted': '01/05/2026', 'hours': '04', 'minutes': '56', 'am_pm': 'PM', 'unix_timestamp': 1767632160000, 'iso_timestamp': '2026-01-05T16:56:00.000Z', 'timestamp': '01/05/2026 04:56 pm', 'time': 1016, 'time_formatted': '16:56', 'proper_unix_timestamp': 1767650160000, 'proper_iso_timestamp': '2026-01-05T21:56:00.000Z'}",01/05/2026 16:56,"{'date': '01/05/2026', 'date_formatted': '01/05/2026', 'hours': '04', 'minutes': '56', 'am_pm': 'PM', 'unix_timestamp': 1767632160000, 'iso_timestamp': '2026-01-05T16:56:00.000Z', 'timestamp': '01/05/2026 04:56 pm', 'time': 1016, 'time_formatted': '16:56', 'proper_unix_timestamp': 1767650160000, 'proper_iso_timestamp': '2026-01-05T21:56:00.000Z'}",Color,Color,CP Camo,CP Camo,,,,,57,57,$30.00,30,No,False,,,,,27.99,27.99,,,30.90,30.9,14.40,14.4,No,False,,,Yes,True,,,,,,,$30.00,30,$16.53,16.53,No,False
695c3372aae7b5b062d3f191,"<span class=""695c32d8e3d1a0c37196f8e6"" data-kn=""connection-value"">6094战术背心战术马甲CS 户外野营组合背心 战狼野战作训战术背心-淘宝网</span>","[{'id': '695c32d8e3d1a0c37196f8e6', 'identifier': '6094战术背心战术马甲CS 户外野营组合背心 战狼野战作训战术背心-淘宝网'}]",Margins Added,Margins Added,ACU Camo 6094,ACU Camo 6094,,,,,,,Yes,True,10,10,01/05/2026 16:56,"{'date': '01/05/2026', 'date_formatted': '01/05/2026', 'hours': '04', 'minutes': '56', 'am_pm': 'PM', 'unix_timestamp': 1767632160000, 'iso_timestamp': '2026-01-05T16:56:00.000Z', 'timestamp': '01/05/2026 04:56 pm', 'time': 1016, 'time_formatted': '16:56', 'proper_unix_timestamp': 1767650160000, 'proper_iso_timestamp': '2026-01-05T21:56:00.000Z'}",01/05/2026 16:56,"{'date': '01/05/2026', 'date_formatted': '01/05/2026', 'hours': '04', 'minutes': '56', 'am_pm': 'PM', 'unix_timestamp': 1767632160000, 'iso_timestamp': '2026-01-05T16:56:00.000Z', 'timestamp': '01/05/2026 04:56 pm', 'time': 1016, 'time_formatted': '16:56', 'proper_unix_timestamp': 1767650160000, 'proper_iso_timestamp': '2026-01-05T21:56:00.000Z'}",Style,Style,ACU Camo 6094,ACU Camo 6094,,,,,57,57,$30.00,30,No,False,,,,,27.99,27.99,,,30.90,30.9,14.40,14.4,No,False,,,Yes,True,,,,,,,$30.00,30,$16.53,16.53,No,False
695c3372d745a52edae5a74b,"<span class=""695c32d8e3d1a0c37196f8e6"" data-kn=""connection-value"">6094战术背心战术马甲CS 户外野营组合背心 战狼野战作训战术背心-淘宝网</span>","[{'id': '695c32d8e3d1a0c37196f8e6', 'identifier': '6094战术背心战术马甲CS 户外野营组合背心 战狼野战作训战术背心-淘宝网'}]",Margins Added,Margins Added,Jungle Python Camo 6094,Jungle Python Camo 6094,,,,,,,Yes,True,11,11,01/05/2026 16:56,"{'date': '01/05/2026', 'date_formatted': '01/05/2026', 'hours': '04', 'minutes': '56', 'am_pm': 'PM', 'unix_timestamp': 1767632160000, 'iso_timestamp': '2026-01-05T16:56:00.000Z', 'timestamp': '01/05/2026 04:56 pm', 'time': 1016, 'time_formatted': '16:56', 'proper_unix_timestamp': 1767650160000, 'proper_iso_timestamp': '2026-01-05T21:56:00.000Z'}",01/05/2026 16:56,"{'date': '01/05/2026', 'date_formatted': '01/05/2026', 'hours': '04', 'minutes': '56', 'am_pm': 'PM', 'unix_timestamp': 1767632160000, 'iso_timestamp': '2026-01-05T16:56:00.000Z', 'timestamp': '01/05/2026 04:56 pm', 'time': 1016, 'time_formatted': '16:56', 'proper_unix_timestamp': 1767650160000, 'proper_iso_timestamp': '2026-01-05T21:56:00.000Z'}",Style,Style,Jungle Python Camo 6094,Jungle Python Camo 6094,,,,,57,57,$30.00,30,No,False,,,,,27.99,27.99,,,30.90,30.9,14.40,14.4,No,False,,,Yes,True,,,,,,,$30.00,30,$16.53,16.53,No,False
695c33719f7a567135229826,"<span class=""695c32d8e3d1a0c37196f8e6"" data-kn=""connection-value"">6094战术背心战术马甲CS 户外野营组合背心 战狼野战作训战术背心-淘宝网</span>","[{'id': '695c32d8e3d1a0c37196f8e6', 'identifier': '6094战术背心战术马甲CS 户外野营组合背心 战狼野战作训战术背心-淘宝网'}]",Margins Added,Margins Added,Gray 6094,Gray 6094,,,,,,,Yes,True,12,12,01/05/2026 16:56,"{'date': '01/05/2026', 'date_formatted': '01/05/2026', 'hours': '04', 'minutes': '56', 'am_pm': 'PM', 'unix_timestamp': 1767632160000, 'iso_timestamp': '2026-01-05T16:56:00.000Z', 'timestamp': '01/05/2026 04:56 pm', 'time': 1016, 'time_formatted': '16:56', 'proper_unix_timestamp': 1767650160000, 'proper_iso_timestamp': '2026-01-05T21:56:00.000Z'}",01/05/2026 16:56,"{'date': '01/05/2026', 'date_formatted': '01/05/2026', 'hours': '04', 'minutes': '56', 'am_pm': 'PM', 'unix_timestamp': 1767632160000, 'iso_timestamp': '2026-01-05T16:56:00.000Z', 'timestamp': '01/05/2026 04:56 pm', 'time': 1016, 'time_formatted': '16:56', 'proper_unix_timestamp': 1767650160000, 'proper_iso_timestamp': '2026-01-05T21:56:00.000Z'}",Color,Color,Gray,Gray,,,,,57,57,$30.00,30,No,False,,,,,27.99,27.99,,,30.90,30.9,14.40,14.4,No,False,,,Yes,True,,,,,,,$30.00,30,$16.53,16.53,No,False
695c33719f7a5671352297a2,"<span class=""695c32e1c71160ba194ad505"" data-kn=""connection-value"">全套jpc3.0战术背心cs吃鸡游戏装备作训背心影视拍摄道具马甲-淘宝网</span>","[{'id': '695c32e1c71160ba194ad505', 'identifier': '全套jpc3.0战术背心cs吃鸡游戏装备作训背心影视拍摄道具马甲-淘宝网'}]",Inactive,Inactive,无快拆主体,无快拆主体,,,,,,,Yes,True,0,0,01/05/2026 16:56,"{'date': '01/05/2026', 'date_formatted': '01/05/2026', 'hours': '04', 'minutes': '56', 'am_pm': 'PM', 'unix_timestamp': 1767632160000, 'iso_timestamp': '2026-01-05T16:56:00.000Z', 'timestamp': '01/05/2026 04:56 pm', 'time': 1016, 'time_formatted': '16:56', 'proper_unix_timestamp': 1767650160000, 'proper_iso_timestamp': '2026-01-05T21:56:00.000Z'}",01/05/2026 16:56,"{'date': '01/05/2026', 'date_formatted': '01/05/2026', 'hours': '04', 'minutes': '56', 'am_pm': 'PM', 'unix_timestamp': 1767632160000, 'iso_timestamp': '2026-01-05T16:56:00.000Z', 'timestamp': '01/05/2026 04:56 pm', 'time': 1016, 'time_formatted': '16:56', 'proper_unix_timestamp': 1767650160000, 'proper_iso_timestamp': '2026-01-05T21:56:00.000Z'}",Style,Style,无快拆主体,无快拆主体,,,,,0,0,$30.00,30,No,False,,,,,0.00,0,,,0.00,0,0.00,0,No,False,,,Yes,True,,,,,,,$30.00,30,$0.00,0,No,False
695c337137eef90c93b39c9d,"<span class=""695c32e1c71160ba194ad505"" data-kn=""connection-value"">全套jpc3.0战术背心cs吃鸡游戏装备作训背心影视拍摄道具马甲-淘宝网</span>","[{'id': '695c32e1c71160ba194ad505', 'identifier': '全套jpc3.0战术背心cs吃鸡游戏装备作训背心影视拍摄道具马甲-淘宝网'}]",Inactive,Inactive,快拆主体,快拆主体,,,,,,,Yes,True,1,1,01/05/2026 16:56,"{'date': '01/05/2026', 'date_formatted': '01/05/2026', 'hours': '04', 'minutes': '56', 'am_pm': 'PM', 'unix_timestamp': 1767632160000, 'iso_timestamp': '2026-01-05T16:56:00.000Z', 'timestamp': '01/05/2026 04:56 pm', 'time': 1016, 'time_formatted': '16:56', 'proper_unix_timestamp': 1767650160000, 'proper_iso_timestamp': '2026-01-05T21:56:00.000Z'}",01/05/2026 16:56,"{'date': '01/05/2026', 'date_formatted': '01/05/2026', 'hours': '04', 'minutes': '56', 'am_pm': 'PM', 'unix_timestamp': 1767632160000, 'iso_timestamp': '2026-01-05T16:56:00.000Z', 'timestamp': '01/05/2026 04:56 pm', 'time': 1016, 'time_formatted': '16:56', 'proper_unix_timestamp': 1767650160000, 'proper_iso_timestamp': '2026-01-05T21:56:00.000Z'}",Style,Style,快拆主体,快拆主体,,,,,0,0,$30.00,30,No,False,,,,,0.00,0,,,0.00,0,0.00,0,No,False,,,Yes,True,,,,,,,$30.00,30,$0.00,0,No,False
695c3370e6dc4049730fb4ab,"<span class=""695c32e1c71160ba194ad505"" data-kn=""connection-value"">全套jpc3.0战术背心cs吃鸡游戏装备作训背心影视拍摄道具马甲-淘宝网</span>","[{'id': '695c32e1c71160ba194ad505', 'identifier': '全套jpc3.0战术背心cs吃鸡游戏装备作训背心影视拍摄道具马甲-淘宝网'}]",Inactive,Inactive,快拆主体加三联包,快拆主体加三联包,,,,,,,Yes,True,2,2,01/05/2026 16:56,"{'date': '01/05/2026', 'date_formatted': '01/05/2026', 'hours': '04', 'minutes': '56', 'am_pm': 'PM', 'unix_timestamp': 1767632160000, 'iso_timestamp': '2026-01-05T16:56:00.000Z', 'timestamp': '01/05/2026 04:56 pm', 'time': 1016, 'time_formatted': '16:56', 'proper_unix_timestamp': 1767650160000, 'proper_iso_timestamp': '2026-01-05T21:56:00.000Z'}",01/05/2026 16:56,"{'date': '01/05/2026', 'date_formatted': '01/05/2026', 'hours': '04', 'minutes': '56', 'am_pm': 'PM', 'unix_timestamp': 1767632160000, 'iso_timestamp': '2026-01-05T16:56:00.000Z', 'timestamp': '01/05/2026 04:56 pm', 'time': 1016, 'time_formatted': '16:56', 'proper_unix_timestamp': 1767650160000, 'proper_iso_timestamp': '2026-01-05T21:56:00.000Z'}",Style,Style,快拆主体加三联包,快拆主体加三联包,,,,,0,0,$30.00,30,No,False,,,,,0.00,0,,,0.00,0,0.00,0,No,False,,,Yes,True,,,,,,,$30.00,30,$0.00,0,No,False
695c337066d8ef040cfdc6c0,"<span class=""695c32e1c71160ba194ad505"" data-kn=""connection-value"">全套jpc3.0战术背心cs吃鸡游戏装备作训背心影视拍摄道具马甲-淘宝网</span>","[{'id': '695c32e1c71160ba194ad505', 'identifier': '全套jpc3.0战术背心cs吃鸡游戏装备作训背心影视拍摄道具马甲-淘宝网'}]",Inactive,Inactive,5件套,5件套,,,,,,,Yes,True,3,3,01/05/2026 16:56,"{'date': '01/05/2026', 'date_formatted': '01/05/2026', 'hours': '04', 'minutes': '56', 'am_pm': 'PM', 'unix_timestamp': 1767632160000, 'iso_timestamp': '2026-01-05T16:56:00.000Z', 'timestamp': '01/05/2026 04:56 pm', 'time': 1016, 'time_formatted': '16:56', 'proper_unix_timestamp': 1767650160000, 'proper_iso_timestamp': '2026-01-05T21:56:00.000Z'}",01/05/2026 16:56,"{'date': '01/05/2026', 'date_formatted': '01/05/2026', 'hours': '04', 'minutes': '56', 'am_pm': 'PM', 'unix_timestamp': 1767632160000, 'iso_timestamp': '2026-01-05T16:56:00.000Z', 'timestamp': '01/05/2026 04:56 pm', 'time': 1016, 'time_formatted': '16:56', 'proper_unix_timestamp': 1767650160000, 'proper_iso_timestamp': '2026-01-05T21:56:00.000Z'}",Style,Style,5件套,5件套,,,,,0,0,$30.00,30,No,False,,,,,0.00,0,,,0.00,0,0.00,0,No,False,,,Yes,True,,,,,,,$30.00,30,$0.00,0,No,False
695c3370aae7b5b062d3f103,"<span class=""695c32e1c71160ba194ad505"" data-kn=""connection-value"">全套jpc3.0战术背心cs吃鸡游戏装备作训背心影视拍摄道具马甲-淘宝网</span>","[{'id': '695c32e1c71160ba194ad505', 'identifier': '全套jpc3.0战术背心cs吃鸡游戏装备作训背心影视拍摄道具马甲-淘宝网'}]",Inactive,Inactive,6件套,6件套,,,,,,,Yes,True,4,4,01/05/2026 16:56,"{'date': '01/05/2026', 'date_formatted': '01/05/2026', 'hours': '04', 'minutes': '56', 'am_pm': 'PM', 'unix_timestamp': 1767632160000, 'iso_timestamp': '2026-01-05T16:56:00.000Z', 'timestamp': '01/05/2026 04:56 pm', 'time': 1016, 'time_formatted': '16:56', 'proper_unix_timestamp': 1767650160000, 'proper_iso_timestamp': '2026-01-05T21:56:00.000Z'}",01/05/2026 16:56,"{'date': '01/05/2026', 'date_formatted': '01/05/2026', 'hours': '04', 'minutes': '56', 'am_pm': 'PM', 'unix_timestamp': 1767632160000, 'iso_timestamp': '2026-01-05T16:56:00.000Z', 'timestamp': '01/05/2026 04:56 pm', 'time': 1016, 'time_formatted': '16:56', 'proper_unix_timestamp': 1767650160000, 'proper_iso_timestamp': '2026-01-05T21:56:00.000Z'}",Style,Style,6件套,6件套,,,,,0,0,$30.00,30,No,False,,,,,0.00,0,,,0.00,0,0.00,0,No,False,,,Yes,True,,,,,,,$30.00,30,$0.00,0,No,False
695c336fb3a75d879c348f10,"<span class=""695c32e1c71160ba194ad505"" data-kn=""connection-value"">全套jpc3.0战术背心cs吃鸡游戏装备作训背心影视拍摄道具马甲-淘宝网</span>","[{'id': '695c32e1c71160ba194ad505', 'identifier': '全套jpc3.0战术背心cs吃鸡游戏装备作训背心影视拍摄道具马甲-淘宝网'}]",Inactive,Inactive,7件套,7件套,,,,,,,Yes,True,5,5,01/05/2026 16:55,"{'date': '01/05/2026', 'date_formatted': '01/05/2026', 'hours': '04', 'minutes': '55', 'am_pm': 'PM', 'unix_timestamp': 1767632100000, 'iso_timestamp': '2026-01-05T16:55:00.000Z', 'timestamp': '01/05/2026 04:55 pm', 'time': 1015, 'time_formatted': '16:55', 'proper_unix_timestamp': 1767650100000, 'proper_iso_timestamp': '2026-01-05T21:55:00.000Z'}",01/05/2026 16:55,"{'date': '01/05/2026', 'date_formatted': '01/05/2026', 'hours': '04', 'minutes': '55', 'am_pm': 'PM', 'unix_timestamp': 1767632100000, 'iso_timestamp': '2026-01-05T16:55:00.000Z', 'timestamp': '01/05/2026 04:55 pm', 'time': 1015, 'time_formatted': '16:55', 'proper_unix_timestamp': 1767650100000, 'proper_iso_timestamp': '2026-01-05T21:55:00.000Z'}",Style,Style,7件套,7件套,,,,,0,0,$30.00,30,No,False,,,,,0.00,0,,,0.00,0,0.00,0,No,False,,,Yes,True,,,,,,,$30.00,30,$0.00,0,No,False
695c336fc3a1704a5646823c,"<span class=""695c32e1c71160ba194ad505"" data-kn=""connection-value"">全套jpc3.0战术背心cs吃鸡游戏装备作训背心影视拍摄道具马甲-淘宝网</span>","[{'id': '695c32e1c71160ba194ad505', 'identifier': '全套jpc3.0战术背心cs吃鸡游戏装备作训背心影视拍摄道具马甲-淘宝网'}]",Inactive,Inactive,8件套,8件套,,,,,,,Yes,True,6,6,01/05/2026 16:55,"{'date': '01/05/2026', 'date_formatted': '01/05/2026', 'hours': '04', 'minutes': '55', 'am_pm': 'PM', 'unix_timestamp': 1767632100000, 'iso_timestamp': '2026-01-05T16:55:00.000Z', 'timestamp': '01/05/2026 04:55 pm', 'time': 1015, 'time_formatted': '16:55', 'proper_unix_timestamp': 1767650100000, 'proper_iso_timestamp': '2026-01-05T21:55:00.000Z'}",01/05/2026 16:55,"{'date': '01/05/2026', 'date_formatted': '01/05/2026', 'hours': '04', 'minutes': '55', 'am_pm': 'PM', 'unix_timestamp': 1767632100000, 'iso_timestamp': '2026-01-05T16:55:00.000Z', 'timestamp': '01/05/2026 04:55 pm', 'time': 1015, 'time_formatted': '16:55', 'proper_unix_timestamp': 1767650100000, 'proper_iso_timestamp': '2026-01-05T21:55:00.000Z'}",Style,Style,8件套,8件套,,,,,0,0,$30.00,30,No,False,,,,,0.00,0,,,0.00,0,0.00,0,No,False,,,Yes,True,,,,,,,$30.00,30,$0.00,0,No,False
695c336e9cd3039a82507e39,"<span class=""695c32e1c71160ba194ad505"" data-kn=""connection-value"">全套jpc3.0战术背心cs吃鸡游戏装备作训背心影视拍摄道具马甲-淘宝网</span>","[{'id': '695c32e1c71160ba194ad505', 'identifier': '全套jpc3.0战术背心cs吃鸡游戏装备作训背心影视拍摄道具马甲-淘宝网'}]",Inactive,Inactive,cp 快拆主体,cp 快拆主体,,,,,,,Yes,True,7,7,01/05/2026 16:55,"{'date': '01/05/2026', 'date_formatted': '01/05/2026', 'hours': '04', 'minutes': '55', 'am_pm': 'PM', 'unix_timestamp': 1767632100000, 'iso_timestamp': '2026-01-05T16:55:00.000Z', 'timestamp': '01/05/2026 04:55 pm', 'time': 1015, 'time_formatted': '16:55', 'proper_unix_timestamp': 1767650100000, 'proper_iso_timestamp': '2026-01-05T21:55:00.000Z'}",01/05/2026 16:55,"{'date': '01/05/2026', 'date_formatted': '01/05/2026', 'hours': '04', 'minutes': '55', 'am_pm': 'PM', 'unix_timestamp': 1767632100000, 'iso_timestamp': '2026-01-05T16:55:00.000Z', 'timestamp': '01/05/2026 04:55 pm', 'time': 1015, 'time_formatted': '16:55', 'proper_unix_timestamp': 1767650100000, 'proper_iso_timestamp': '2026-01-05T21:55:00.000Z'}",Style,Style,cp 快拆主体,cp 快拆主体,,,,,0,0,$30.00,30,No,False,,,,,0.00,0,,,0.00,0,0.00,0,No,False,,,Yes,True,,,,,,,$30.00,30,$0.00,0,No,False
695c336ef7c46330928b9a53,"<span class=""695c32e1c71160ba194ad505"" data-kn=""connection-value"">全套jpc3.0战术背心cs吃鸡游戏装备作训背心影视拍摄道具马甲-淘宝网</span>","[{'id': '695c32e1c71160ba194ad505', 'identifier': '全套jpc3.0战术背心cs吃鸡游戏装备作训背心影视拍摄道具马甲-淘宝网'}]",Inactive,Inactive,cp 快拆主体+三联包,cp 快拆主体+三联包,,,,,,,Yes,True,8,8,01/05/2026 16:55,"{'date': '01/05/2026', 'date_formatted': '01/05/2026', 'hours': '04', 'minutes': '55', 'am_pm': 'PM', 'unix_timestamp': 1767632100000, 'iso_timestamp': '2026-01-05T16:55:00.000Z', 'timestamp': '01/05/2026 04:55 pm', 'time': 1015, 'time_formatted': '16:55', 'proper_unix_timestamp': 1767650100000, 'proper_iso_timestamp': '2026-01-05T21:55:00.000Z'}",01/05/2026 16:55,"{'date': '01/05/2026', 'date_formatted': '01/05/2026', 'hours': '04', 'minutes': '55', 'am_pm': 'PM', 'unix_timestamp': 1767632100000, 'iso_timestamp': '2026-01-05T16:55:00.000Z', 'timestamp': '01/05/2026 04:55 pm', 'time': 1015, 'time_formatted': '16:55', 'proper_unix_timestamp': 1767650100000, 'proper_iso_timestamp': '2026-01-05T21:55:00.000Z'}",Style,Style,cp 快拆主体+三联包,cp 快拆主体+三联包,,,,,0,0,$30.00,30,No,False,,,,,0.00,0,,,0.00,0,0.00,0,No,False,,,Yes,True,,,,,,,$30.00,30,$0.00,0,No,False
695c336ef6f9dc54041f3b67,"<span class=""695c32e1c71160ba194ad505"" data-kn=""connection-value"">全套jpc3.0战术背心cs吃鸡游戏装备作训背心影视拍摄道具马甲-淘宝网</span>","[{'id': '695c32e1c71160ba194ad505', 'identifier': '全套jpc3.0战术背心cs吃鸡游戏装备作训背心影视拍摄道具马甲-淘宝网'}]",Inactive,Inactive,cp 五件套,cp 五件套,,,,,,,Yes,True,9,9,01/05/2026 16:55,"{'date': '01/05/2026', 'date_formatted': '01/05/2026', 'hours': '04', 'minutes': '55', 'am_pm': 'PM', 'unix_timestamp': 1767632100000, 'iso_timestamp': '2026-01-05T16:55:00.000Z', 'timestamp': '01/05/2026 04:55 pm', 'time': 1015, 'time_formatted': '16:55', 'proper_unix_timestamp': 1767650100000, 'proper_iso_timestamp': '2026-01-05T21:55:00.000Z'}",01/05/2026 16:55,"{'date': '01/05/2026', 'date_formatted': '01/05/2026', 'hours': '04', 'minutes': '55', 'am_pm': 'PM', 'unix_timestamp': 1767632100000, 'iso_timestamp': '2026-01-05T16:55:00.000Z', 'timestamp': '01/05/2026 04:55 pm', 'time': 1015, 'time_formatted': '16:55', 'proper_unix_timestamp': 1767650100000, 'proper_iso_timestamp': '2026-01-05T21:55:00.000Z'}",Style,Style,cp 五件套,cp 五件套,,,,,0,0,$30.00,30,No,False,,,,,0.00,0,,,0.00,0,0.00,0,No,False,,,Yes,True,,,,,,,$30.00,30,$0.00,0,No,False
695c336d66d8ef040cfd9f0b,"<span class=""695c32e1c71160ba194ad505"" data-kn=""connection-value"">全套jpc3.0战术背心cs吃鸡游戏装备作训背心影视拍摄道具马甲-淘宝网</span>","[{'id': '695c32e1c71160ba194ad505', 'identifier': '全套jpc3.0战术背心cs吃鸡游戏装备作训背心影视拍摄道具马甲-淘宝网'}]",Inactive,Inactive,cp 6件套,cp 6件套,,,,,,,Yes,True,10,10,01/05/2026 16:55,"{'date': '01/05/2026', 'date_formatted': '01/05/2026', 'hours': '04', 'minutes': '55', 'am_pm': 'PM', 'unix_timestamp': 1767632100000, 'iso_timestamp': '2026-01-05T16:55:00.000Z', 'timestamp': '01/05/2026 04:55 pm', 'time': 1015, 'time_formatted': '16:55', 'proper_unix_timestamp': 1767650100000, 'proper_iso_timestamp': '2026-01-05T21:55:00.000Z'}",01/05/2026 16:55,"{'date': '01/05/2026', 'date_formatted': '01/05/2026', 'hours': '04', 'minutes': '55', 'am_pm': 'PM', 'unix_timestamp': 1767632100000, 'iso_timestamp': '2026-01-05T16:55:00.000Z', 'timestamp': '01/05/2026 04:55 pm', 'time': 1015, 'time_formatted': '16:55', 'proper_unix_timestamp': 1767650100000, 'proper_iso_timestamp': '2026-01-05T21:55:00.000Z'}",Style,Style,cp 6件套,cp 6件套,,,,,0,0,$30.00,30,No,False,,,,,0.00,0,,,0.00,0,0.00,0,No,False,,,Yes,True,,,,,,,$30.00,30,$0.00,0,No,False
695c336d3f54f8d4dc49242c,"<span class=""695c32e1c71160ba194ad505"" data-kn=""connection-value"">全套jpc3.0战术背心cs吃鸡游戏装备作训背心影视拍摄道具马甲-淘宝网</span>","[{'id': '695c32e1c71160ba194ad505', 'identifier': '全套jpc3.0战术背心cs吃鸡游戏装备作训背心影视拍摄道具马甲-淘宝网'}]",Inactive,Inactive,cp 7件套,cp 7件套,,,,,,,Yes,True,11,11,01/05/2026 16:55,"{'date': '01/05/2026', 'date_formatted': '01/05/2026', 'hours': '04', 'minutes': '55', 'am_pm': 'PM', 'unix_timestamp': 1767632100000, 'iso_timestamp': '2026-01-05T16:55:00.000Z', 'timestamp': '01/05/2026 04:55 pm', 'time': 1015, 'time_formatted': '16:55', 'proper_unix_timestamp': 1767650100000, 'proper_iso_timestamp': '2026-01-05T21:55:00.000Z'}",01/05/2026 16:55,"{'date': '01/05/2026', 'date_formatted': '01/05/2026', 'hours': '04', 'minutes': '55', 'am_pm': 'PM', 'unix_timestamp': 1767632100000, 'iso_timestamp': '2026-01-05T16:55:00.000Z', 'timestamp': '01/05/2026 04:55 pm', 'time': 1015, 'time_formatted': '16:55', 'proper_unix_timestamp': 1767650100000, 'proper_iso_timestamp': '2026-01-05T21:55:00.000Z'}",Style,Style,cp 7件套,cp 7件套,,,,,0,0,$30.00,30,No,False,,,,,0.00,0,,,0.00,0,0.00,0,No,False,,,Yes,True,,,,,,,$30.00,30,$0.00,0,No,False
695c336cce97e160f970fd1c,"<span class=""695c32e1c71160ba194ad505"" data-kn=""connection-value"">全套jpc3.0战术背心cs吃鸡游戏装备作训背心影视拍摄道具马甲-淘宝网</span>","[{'id': '695c32e1c71160ba194ad505', 'identifier': '全套jpc3.0战术背心cs吃鸡游戏装备作训背心影视拍摄道具马甲-淘宝网'}]",Inactive,Inactive,cp 8件套,cp 8件套,,,,,,,Yes,True,12,12,01/05/2026 16:55,"{'date': '01/05/2026', 'date_formatted': '01/05/2026', 'hours': '04', 'minutes': '55', 'am_pm': 'PM', 'unix_timestamp': 1767632100000, 'iso_timestamp': '2026-01-05T16:55:00.000Z', 'timestamp': '01/05/2026 04:55 pm', 'time': 1015, 'time_formatted': '16:55', 'proper_unix_timestamp': 1767650100000, 'proper_iso_timestamp': '2026-01-05T21:55:00.000Z'}",01/05/2026 16:55,"{'date': '01/05/2026', 'date_formatted': '01/05/2026', 'hours': '04', 'minutes': '55', 'am_pm': 'PM', 'unix_timestamp': 1767632100000, 'iso_timestamp': '2026-01-05T16:55:00.000Z', 'timestamp': '01/05/2026 04:55 pm', 'time': 1015, 'time_formatted': '16:55', 'proper_unix_timestamp': 1767650100000, 'proper_iso_timestamp': '2026-01-05T21:55:00.000Z'}",Style,Style,cp 8件套,cp 8件套,,,,,0,0,$30.00,30,No,False,,,,,0.00,0,,,0.00,0,0.00,0,No,False,,,Yes,True,,,,,,,$30.00,30,$0.00,0,No,False
695c336cd745a52edae53781,"<span class=""695c32e1c71160ba194ad505"" data-kn=""connection-value"">全套jpc3.0战术背心cs吃鸡游戏装备作训背心影视拍摄道具马甲-淘宝网</span>","[{'id': '695c32e1c71160ba194ad505', 'identifier': '全套jpc3.0战术背心cs吃鸡游戏装备作训背心影视拍摄道具马甲-淘宝网'}]",Inactive,Inactive,1.8mm防剌1kg 一片,1.8mm防剌1kg 一片,,,,,,,Yes,True,13,13,01/05/2026 16:55,"{'date': '01/05/2026', 'date_formatted': '01/05/2026', 'hours': '04', 'minutes': '55', 'am_pm': 'PM', 'unix_timestamp': 1767632100000, 'iso_timestamp': '2026-01-05T16:55:00.000Z', 'timestamp': '01/05/2026 04:55 pm', 'time': 1015, 'time_formatted': '16:55', 'proper_unix_timestamp': 1767650100000, 'proper_iso_timestamp': '2026-01-05T21:55:00.000Z'}",01/05/2026 16:55,"{'date': '01/05/2026', 'date_formatted': '01/05/2026', 'hours': '04', 'minutes': '55', 'am_pm': 'PM', 'unix_timestamp': 1767632100000, 'iso_timestamp': '2026-01-05T16:55:00.000Z', 'timestamp': '01/05/2026 04:55 pm', 'time': 1015, 'time_formatted': '16:55', 'proper_unix_timestamp': 1767650100000, 'proper_iso_timestamp': '2026-01-05T21:55:00.000Z'}",Style,Style,1.8mm防剌1kg 一片,1.8mm防剌1kg 一片,,,,,0,0,$30.00,30,No,False,,,,,0.00,0,,,0.00,0,0.00,0,No,False,,,Yes,True,,,,,,,$30.00,30,$0.00,0,No,False
695c336cf7c46330928b6bab,"<span class=""695c32e1c71160ba194ad505"" data-kn=""connection-value"">全套jpc3.0战术背心cs吃鸡游戏装备作训背心影视拍摄道具马甲-淘宝网</span>","[{'id': '695c32e1c71160ba194ad505', 'identifier': '全套jpc3.0战术背心cs吃鸡游戏装备作训背心影视拍摄道具马甲-淘宝网'}]",Inactive,Inactive,2.3mm防手枪微冲1.3kg 一片,2.3mm防手枪微冲1.3kg 一片,,,,,,,Yes,True,14,14,01/05/2026 16:55,"{'date': '01/05/2026', 'date_formatted': '01/05/2026', 'hours': '04', 'minutes': '55', 'am_pm': 'PM', 'unix_timestamp': 1767632100000, 'iso_timestamp': '2026-01-05T16:55:00.000Z', 'timestamp': '01/05/2026 04:55 pm', 'time': 1015, 'time_formatted': '16:55', 'proper_unix_timestamp': 1767650100000, 'proper_iso_timestamp': '2026-01-05T21:55:00.000Z'}",01/05/2026 16:55,"{'date': '01/05/2026', 'date_formatted': '01/05/2026', 'hours': '04', 'minutes': '55', 'am_pm': 'PM', 'unix_timestamp': 1767632100000, 'iso_timestamp': '2026-01-05T16:55:00.000Z', 'timestamp': '01/05/2026 04:55 pm', 'time': 1015, 'time_formatted': '16:55', 'proper_unix_timestamp': 1767650100000, 'proper_iso_timestamp': '2026-01-05T21:55:00.000Z'}",Style,Style,2.3mm防手枪微冲1.3kg 一片,2.3mm防手枪微冲1.3kg 一片,,,,,0,0,$30.00,30,No,False,,,,,0.00,0,,,0.00,0,0.00,0,No,False,,,Yes,True,,,,,,,$30.00,30,$0.00,0,No,False
695c336b4702b73a64631cf9,"<span class=""695c32e1c71160ba194ad505"" data-kn=""connection-value"">全套jpc3.0战术背心cs吃鸡游戏装备作训背心影视拍摄道具马甲-淘宝网</span>","[{'id': '695c32e1c71160ba194ad505', 'identifier': '全套jpc3.0战术背心cs吃鸡游戏装备作训背心影视拍摄道具马甲-淘宝网'}]",Inactive,Inactive,4.5mm防AK2.3kg 一片,4.5mm防AK2.3kg 一片,,,,,,,Yes,True,15,15,01/05/2026 16:55,"{'date': '01/05/2026', 'date_formatted': '01/05/2026', 'hours': '04', 'minutes': '55', 'am_pm': 'PM', 'unix_timestamp': 1767632100000, 'iso_timestamp': '2026-01-05T16:55:00.000Z', 'timestamp': '01/05/2026 04:55 pm', 'time': 1015, 'time_formatted': '16:55', 'proper_unix_timestamp': 1767650100000, 'proper_iso_timestamp': '2026-01-05T21:55:00.000Z'}",01/05/2026 16:55,"{'date': '01/05/2026', 'date_formatted': '01/05/2026', 'hours': '04', 'minutes': '55', 'am_pm': 'PM', 'unix_timestamp': 1767632100000, 'iso_timestamp': '2026-01-05T16:55:00.000Z', 'timestamp': '01/05/2026 04:55 pm', 'time': 1015, 'time_formatted': '16:55', 'proper_unix_timestamp': 1767650100000, 'proper_iso_timestamp': '2026-01-05T21:55:00.000Z'}",Style,Style,4.5mm防AK2.3kg 一片,4.5mm防AK2.3kg 一片,,,,,0,0,$30.00,30,No,False,,,,,0.00,0,,,0.00,0,0.00,0,No,False,,,Yes,True,,,,,,,$30.00,30,$0.00,0,No,False
695c336b713127c96476212c,"<span class=""695c32e1c71160ba194ad505"" data-kn=""connection-value"">全套jpc3.0战术背心cs吃鸡游戏装备作训背心影视拍摄道具马甲-淘宝网</span>","[{'id': '695c32e1c71160ba194ad505', 'identifier': '全套jpc3.0战术背心cs吃鸡游戏装备作训背心影视拍摄道具马甲-淘宝网'}]",Inactive,Inactive,对讲机除外到手如图80/230斤,对讲机除外到手如图80/230斤,,,,,,,Yes,True,16,16,01/05/2026 16:55,"{'date': '01/05/2026', 'date_formatted': '01/05/2026', 'hours': '04', 'minutes': '55', 'am_pm': 'PM', 'unix_timestamp': 1767632100000, 'iso_timestamp': '2026-01-05T16:55:00.000Z', 'timestamp': '01/05/2026 04:55 pm', 'time': 1015, 'time_formatted': '16:55', 'proper_unix_timestamp': 1767650100000, 'proper_iso_timestamp': '2026-01-05T21:55:00.000Z'}",01/05/2026 16:55,"{'date': '01/05/2026', 'date_formatted': '01/05/2026', 'hours': '04', 'minutes': '55', 'am_pm': 'PM', 'unix_timestamp': 1767632100000, 'iso_timestamp': '2026-01-05T16:55:00.000Z', 'timestamp': '01/05/2026 04:55 pm', 'time': 1015, 'time_formatted': '16:55', 'proper_unix_timestamp': 1767650100000, 'proper_iso_timestamp': '2026-01-05T21:55:00.000Z'}",Style,Style,对讲机除外到手如图80/230斤,对讲机除外到手如图80/230斤,,,,,0,0,$30.00,30,No,False,,,,,0.00,0,,,0.00,0,0.00,0,No,False,,,Yes,True,,,,,,,$30.00,30,$0.00,0,No,False
695c336bce97e160f970defa,"<span class=""695c32dacd0d75273909b531"" data-kn=""connection-value"">C3战术耳机头盔款拾音降噪耳机通讯设备耳麦户外耳罩C5后翻支架-淘宝网</span>","[{'id': '695c32dacd0d75273909b531', 'identifier': 'C3战术耳机头盔款拾音降噪耳机通讯设备耳麦户外耳罩C5后翻支架-淘宝网'}]",Margins Added,Margins Added,Helmet-Mounted – No Pickup Version (Black),Helmet-Mounted – No Pickup Version (Black),,,,,,,Yes,True,0,0,01/05/2026 16:55,"{'date': '01/05/2026', 'date_formatted': '01/05/2026', 'hours': '04', 'minutes': '55', 'am_pm': 'PM', 'unix_timestamp': 1767632100000, 'iso_timestamp': '2026-01-05T16:55:00.000Z', 'timestamp': '01/05/2026 04:55 pm', 'time': 1015, 'time_formatted': '16:55', 'proper_unix_timestamp': 1767650100000, 'proper_iso_timestamp': '2026-01-05T21:55:00.000Z'}",01/05/2026 16:55,"{'date': '01/05/2026', 'date_formatted': '01/05/2026', 'hours': '04', 'minutes': '55', 'am_pm': 'PM', 'unix_timestamp': 1767632100000, 'iso_timestamp': '2026-01-05T16:55:00.000Z', 'timestamp': '01/05/2026 04:55 pm', 'time': 1015, 'time_formatted': '16:55', 'proper_unix_timestamp': 1767650100000, 'proper_iso_timestamp': '2026-01-05T21:55:00.000Z'}",Color,Color,Black,Black,,,,,158,158,$30.00,30,No,False,,,,,59.99,59.99,,,30.50,30.5,13.80,13.8,No,False,,,Yes,True,,,,,,,$30.00,30,$35.72,35.72,No,False
695c336abde2c63e6cb2fa17,"<span class=""695c32dacd0d75273909b531"" data-kn=""connection-value"">C3战术耳机头盔款拾音降噪耳机通讯设备耳麦户外耳罩C5后翻支架-淘宝网</span>","[{'id': '695c32dacd0d75273909b531', 'identifier': 'C3战术耳机头盔款拾音降噪耳机通讯设备耳麦户外耳罩C5后翻支架-淘宝网'}]",Margins Added,Margins Added,Helmet-Mounted – No Pickup Version (Tan),Helmet-Mounted – No Pickup Version (Tan),,,,,,,Yes,True,1,1,01/05/2026 16:55,"{'date': '01/05/2026', 'date_formatted': '01/05/2026', 'hours': '04', 'minutes': '55', 'am_pm': 'PM', 'unix_timestamp': 1767632100000, 'iso_timestamp': '2026-01-05T16:55:00.000Z', 'timestamp': '01/05/2026 04:55 pm', 'time': 1015, 'time_formatted': '16:55', 'proper_unix_timestamp': 1767650100000, 'proper_iso_timestamp': '2026-01-05T21:55:00.000Z'}",01/05/2026 16:55,"{'date': '01/05/2026', 'date_formatted': '01/05/2026', 'hours': '04', 'minutes': '55', 'am_pm': 'PM', 'unix_timestamp': 1767632100000, 'iso_timestamp': '2026-01-05T16:55:00.000Z', 'timestamp': '01/05/2026 04:55 pm', 'time': 1015, 'time_formatted': '16:55', 'proper_unix_timestamp': 1767650100000, 'proper_iso_timestamp': '2026-01-05T21:55:00.000Z'}",Color,Color,Tan,Tan,,,,,158,158,$30.00,30,No,False,,,,,59.99,59.99,,,30.50,30.5,13.80,13.8,No,False,,,Yes,True,,,,,,,$30.00,30,$35.72,35.72,No,False
695c336a9f7a567135228c23,"<span class=""695c32dacd0d75273909b531"" data-kn=""connection-value"">C3战术耳机头盔款拾音降噪耳机通讯设备耳麦户外耳罩C5后翻支架-淘宝网</span>","[{'id': '695c32dacd0d75273909b531', 'identifier': 'C3战术耳机头盔款拾音降噪耳机通讯设备耳麦户外耳罩C5后翻支架-淘宝网'}]",Margins Added,Margins Added,Helmet-Mounted – No Pickup Version (Green),Helmet-Mounted – No Pickup Version (Green),,,,,,,Yes,True,2,2,01/05/2026 16:55,"{'date': '01/05/2026', 'date_formatted': '01/05/2026', 'hours': '04', 'minutes': '55', 'am_pm': 'PM', 'unix_timestamp': 1767632100000, 'iso_timestamp': '2026-01-05T16:55:00.000Z', 'timestamp': '01/05/2026 04:55 pm', 'time': 1015, 'time_formatted': '16:55', 'proper_unix_timestamp': 1767650100000, 'proper_iso_timestamp': '2026-01-05T21:55:00.000Z'}",01/05/2026 16:55,"{'date': '01/05/2026', 'date_formatted': '01/05/2026', 'hours': '04', 'minutes': '55', 'am_pm': 'PM', 'unix_timestamp': 1767632100000, 'iso_timestamp': '2026-01-05T16:55:00.000Z', 'timestamp': '01/05/2026 04:55 pm', 'time': 1015, 'time_formatted': '16:55', 'proper_unix_timestamp': 1767650100000, 'proper_iso_timestamp': '2026-01-05T21:55:00.000Z'}",Color,Color,Green,Green,,,,,158,158,$30.00,30,No,False,,,,,59.99,59.99,,,30.50,30.5,13.80,13.8,No,False,,,Yes,True,,,,,,,$30.00,30,$35.72,35.72,No,False
695c3369f7c46330928b43e9,"<span class=""695c32dacd0d75273909b531"" data-kn=""connection-value"">C3战术耳机头盔款拾音降噪耳机通讯设备耳麦户外耳罩C5后翻支架-淘宝网</span>","[{'id': '695c32dacd0d75273909b531', 'identifier': 'C3战术耳机头盔款拾音降噪耳机通讯设备耳麦户外耳罩C5后翻支架-淘宝网'}]",Margins Added,Margins Added,Helmet-Mounted – Pickup & Noise Reduction Version (Black),Helmet-Mounted – Pickup & Noise Reduction Version (Black),,,,,,,Yes,True,3,3,01/05/2026 16:55,"{'date': '01/05/2026', 'date_formatted': '01/05/2026', 'hours': '04', 'minutes': '55', 'am_pm': 'PM', 'unix_timestamp': 1767632100000, 'iso_timestamp': '2026-01-05T16:55:00.000Z', 'timestamp': '01/05/2026 04:55 pm', 'time': 1015, 'time_formatted': '16:55', 'proper_unix_timestamp': 1767650100000, 'proper_iso_timestamp': '2026-01-05T21:55:00.000Z'}",01/05/2026 16:55,"{'date': '01/05/2026', 'date_formatted': '01/05/2026', 'hours': '04', 'minutes': '55', 'am_pm': 'PM', 'unix_timestamp': 1767632100000, 'iso_timestamp': '2026-01-05T16:55:00.000Z', 'timestamp': '01/05/2026 04:55 pm', 'time': 1015, 'time_formatted': '16:55', 'proper_unix_timestamp': 1767650100000, 'proper_iso_timestamp': '2026-01-05T21:55:00.000Z'}",Color,Color,Black,Black,,,,,330,330,$30.00,30,No,False,,,,,113.99,113.99,,,30.00,30,13.30,13.3,No,False,,,Yes,True,,,,,,,$30.00,30,$68.40,68.4,No,False
695c3369913f62399ce60657,"<span class=""695c32dacd0d75273909b531"" data-kn=""connection-value"">C3战术耳机头盔款拾音降噪耳机通讯设备耳麦户外耳罩C5后翻支架-淘宝网</span>","[{'id': '695c32dacd0d75273909b531', 'identifier': 'C3战术耳机头盔款拾音降噪耳机通讯设备耳麦户外耳罩C5后翻支架-淘宝网'}]",Margins Added,Margins Added,Helmet-Mounted – Pickup & Noise Reduction Version (Tan),Helmet-Mounted – Pickup & Noise Reduction Version (Tan),,,,,,,Yes,True,4,4,01/05/2026 16:55,"{'date': '01/05/2026', 'date_formatted': '01/05/2026', 'hours': '04', 'minutes': '55', 'am_pm': 'PM', 'unix_timestamp': 1767632100000, 'iso_timestamp': '2026-01-05T16:55:00.000Z', 'timestamp': '01/05/2026 04:55 pm', 'time': 1015, 'time_formatted': '16:55', 'proper_unix_timestamp': 1767650100000, 'proper_iso_timestamp': '2026-01-05T21:55:00.000Z'}",01/05/2026 16:55,"{'date': '01/05/2026', 'date_formatted': '01/05/2026', 'hours': '04', 'minutes': '55', 'am_pm': 'PM', 'unix_timestamp': 1767632100000, 'iso_timestamp': '2026-01-05T16:55:00.000Z', 'timestamp': '01/05/2026 04:55 pm', 'time': 1015, 'time_formatted': '16:55', 'proper_unix_timestamp': 1767650100000, 'proper_iso_timestamp': '2026-01-05T21:55:00.000Z'}",Color,Color,Tan,Tan,,,,,330,330,$30.00,30,No,False,,,,,113.99,113.99,,,30.00,30,13.30,13.3,No,False,,,Yes,True,,,,,,,$30.00,30,$68.40,68.4,No,False
695c336977fe252e9b1bfdcd,"<span class=""695c32dacd0d75273909b531"" data-kn=""connection-value"">C3战术耳机头盔款拾音降噪耳机通讯设备耳麦户外耳罩C5后翻支架-淘宝网</span>","[{'id': '695c32dacd0d75273909b531', 'identifier': 'C3战术耳机头盔款拾音降噪耳机通讯设备耳麦户外耳罩C5后翻支架-淘宝网'}]",Margins Added,Margins Added,Helmet-Mounted – Pickup & Noise Reduction Version (Green),Helmet-Mounted – Pickup & Noise Reduction Version (Green),,,,,,,Yes,True,5,5,01/05/2026 16:55,"{'date': '01/05/2026', 'date_formatted': '01/05/2026', 'hours': '04', 'minutes': '55', 'am_pm': 'PM', 'unix_timestamp': 1767632100000, 'iso_timestamp': '2026-01-05T16:55:00.000Z', 'timestamp': '01/05/2026 04:55 pm', 'time': 1015, 'time_formatted': '16:55', 'proper_unix_timestamp': 1767650100000, 'proper_iso_timestamp': '2026-01-05T21:55:00.000Z'}",01/05/2026 16:55,"{'date': '01/05/2026', 'date_formatted': '01/05/2026', 'hours': '04', 'minutes': '55', 'am_pm': 'PM', 'unix_timestamp': 1767632100000, 'iso_timestamp': '2026-01-05T16:55:00.000Z', 'timestamp': '01/05/2026 04:55 pm', 'time': 1015, 'time_formatted': '16:55', 'proper_unix_timestamp': 1767650100000, 'proper_iso_timestamp': '2026-01-05T21:55:00.000Z'}",Color,Color,Green,Green,,,,,330,330,$30.00,30,No,False,,,,,113.99,113.99,,,30.00,30,13.30,13.3,No,False,,,Yes,True,,,,,,,$30.00,30,$68.40,68.4,No,False
695c3368c71160ba194fe62c,"<span class=""695c32dacd0d75273909b531"" data-kn=""connection-value"">C3战术耳机头盔款拾音降噪耳机通讯设备耳麦户外耳罩C5后翻支架-淘宝网</span>","[{'id': '695c32dacd0d75273909b531', 'identifier': 'C3战术耳机头盔款拾音降噪耳机通讯设备耳麦户外耳罩C5后翻支架-淘宝网'}]",Margins Added,Margins Added,Headband Style – No Pickup Version (Black),Headband Style – No Pickup Version (Black),,,,,,,Yes,True,6,6,01/05/2026 16:55,"{'date': '01/05/2026', 'date_formatted': '01/05/2026', 'hours': '04', 'minutes': '55', 'am_pm': 'PM', 'unix_timestamp': 1767632100000, 'iso_timestamp': '2026-01-05T16:55:00.000Z', 'timestamp': '01/05/2026 04:55 pm', 'time': 1015, 'time_formatted': '16:55', 'proper_unix_timestamp': 1767650100000, 'proper_iso_timestamp': '2026-01-05T21:55:00.000Z'}",01/05/2026 16:55,"{'date': '01/05/2026', 'date_formatted': '01/05/2026', 'hours': '04', 'minutes': '55', 'am_pm': 'PM', 'unix_timestamp': 1767632100000, 'iso_timestamp': '2026-01-05T16:55:00.000Z', 'timestamp': '01/05/2026 04:55 pm', 'time': 1015, 'time_formatted': '16:55', 'proper_unix_timestamp': 1767650100000, 'proper_iso_timestamp': '2026-01-05T21:55:00.000Z'}",Color,Color,Black,Black,,,,,158,158,$30.00,30,No,False,,,,,59.99,59.99,,,30.50,30.5,13.80,13.8,No,False,,,Yes,True,,,,,,,$30.00,30,$35.72,35.72,No,False
695c336826e6116796e486dc,"<span class=""695c32dacd0d75273909b531"" data-kn=""connection-value"">C3战术耳机头盔款拾音降噪耳机通讯设备耳麦户外耳罩C5后翻支架-淘宝网</span>","[{'id': '695c32dacd0d75273909b531', 'identifier': 'C3战术耳机头盔款拾音降噪耳机通讯设备耳麦户外耳罩C5后翻支架-淘宝网'}]",Margins Added,Margins Added,Headband Style – No Pickup Version (Tan),Headband Style – No Pickup Version (Tan),,,,,,,Yes,True,7,7,01/05/2026 16:55,"{'date': '01/05/2026', 'date_formatted': '01/05/2026', 'hours': '04', 'minutes': '55', 'am_pm': 'PM', 'unix_timestamp': 1767632100000, 'iso_timestamp': '2026-01-05T16:55:00.000Z', 'timestamp': '01/05/2026 04:55 pm', 'time': 1015, 'time_formatted': '16:55', 'proper_unix_timestamp': 1767650100000, 'proper_iso_timestamp': '2026-01-05T21:55:00.000Z'}",01/05/2026 16:55,"{'date': '01/05/2026', 'date_formatted': '01/05/2026', 'hours': '04', 'minutes': '55', 'am_pm': 'PM', 'unix_timestamp': 1767632100000, 'iso_timestamp': '2026-01-05T16:55:00.000Z', 'timestamp': '01/05/2026 04:55 pm', 'time': 1015, 'time_formatted': '16:55', 'proper_unix_timestamp': 1767650100000, 'proper_iso_timestamp': '2026-01-05T21:55:00.000Z'}",Color,Color,Tan,Tan,,,,,158,158,$30.00,30,No,False,,,,,59.99,59.99,,,30.50,30.5,13.80,13.8,No,False,,,Yes,True,,,,,,,$30.00,30,$35.72,35.72,No,False
695c3368f7c46330928b232d,"<span class=""695c32dacd0d75273909b531"" data-kn=""connection-value"">C3战术耳机头盔款拾音降噪耳机通讯设备耳麦户外耳罩C5后翻支架-淘宝网</span>","[{'id': '695c32dacd0d75273909b531', 'identifier': 'C3战术耳机头盔款拾音降噪耳机通讯设备耳麦户外耳罩C5后翻支架-淘宝网'}]",Margins Added,Margins Added,Headband Style – No Pickup Version (Green),Headband Style – No Pickup Version (Green),,,,,,,Yes,True,8,8,01/05/2026 16:55,"{'date': '01/05/2026', 'date_formatted': '01/05/2026', 'hours': '04', 'minutes': '55', 'am_pm': 'PM', 'unix_timestamp': 1767632100000, 'iso_timestamp': '2026-01-05T16:55:00.000Z', 'timestamp': '01/05/2026 04:55 pm', 'time': 1015, 'time_formatted': '16:55', 'proper_unix_timestamp': 1767650100000, 'proper_iso_timestamp': '2026-01-05T21:55:00.000Z'}",01/05/2026 16:55,"{'date': '01/05/2026', 'date_formatted': '01/05/2026', 'hours': '04', 'minutes': '55', 'am_pm': 'PM', 'unix_timestamp': 1767632100000, 'iso_timestamp': '2026-01-05T16:55:00.000Z', 'timestamp': '01/05/2026 04:55 pm', 'time': 1015, 'time_formatted': '16:55', 'proper_unix_timestamp': 1767650100000, 'proper_iso_timestamp': '2026-01-05T21:55:00.000Z'}",Color,Color,Green,Green,,,,,158,158,$30.00,30,No,False,,,,,59.99,59.99,,,30.50,30.5,13.80,13.8,No,False,,,Yes,True,,,,,,,$30.00,30,$35.72,35.72,No,False
695c33673b00921b6a8e4581,"<span class=""695c32dacd0d75273909b531"" data-kn=""connection-value"">C3战术耳机头盔款拾音降噪耳机通讯设备耳麦户外耳罩C5后翻支架-淘宝网</span>","[{'id': '695c32dacd0d75273909b531', 'identifier': 'C3战术耳机头盔款拾音降噪耳机通讯设备耳麦户外耳罩C5后翻支架-淘宝网'}]",Margins Added,Margins Added,Headband Style – Pickup & Noise Reduction Version (Black),Headband Style – Pickup & Noise Reduction Version (Black),,,,,,,Yes,True,9,9,01/05/2026 16:55,"{'date': '01/05/2026', 'date_formatted': '01/05/2026', 'hours': '04', 'minutes': '55', 'am_pm': 'PM', 'unix_timestamp': 1767632100000, 'iso_timestamp': '2026-01-05T16:55:00.000Z', 'timestamp': '01/05/2026 04:55 pm', 'time': 1015, 'time_formatted': '16:55', 'proper_unix_timestamp': 1767650100000, 'proper_iso_timestamp': '2026-01-05T21:55:00.000Z'}",01/05/2026 16:55,"{'date': '01/05/2026', 'date_formatted': '01/05/2026', 'hours': '04', 'minutes': '55', 'am_pm': 'PM', 'unix_timestamp': 1767632100000, 'iso_timestamp': '2026-01-05T16:55:00.000Z', 'timestamp': '01/05/2026 04:55 pm', 'time': 1015, 'time_formatted': '16:55', 'proper_unix_timestamp': 1767650100000, 'proper_iso_timestamp': '2026-01-05T21:55:00.000Z'}",Color,Color,Black,Black,,,,,295,295,$30.00,30,No,False,,,,,102.99,102.99,,,30.00,30,13.40,13.4,No,False,,,Yes,True,,,,,,,$30.00,30,$61.75,61.75,No,False
695c3367ce97e160f970c50c,"<span class=""695c32dacd0d75273909b531"" data-kn=""connection-value"">C3战术耳机头盔款拾音降噪耳机通讯设备耳麦户外耳罩C5后翻支架-淘宝网</span>","[{'id': '695c32dacd0d75273909b531', 'identifier': 'C3战术耳机头盔款拾音降噪耳机通讯设备耳麦户外耳罩C5后翻支架-淘宝网'}]",Margins Added,Margins Added,Headband Style – Pickup & Noise Reduction Version (Tan),Headband Style – Pickup & Noise Reduction Version (Tan),,,,,,,Yes,True,10,10,01/05/2026 16:55,"{'date': '01/05/2026', 'date_formatted': '01/05/2026', 'hours': '04', 'minutes': '55', 'am_pm': 'PM', 'unix_timestamp': 1767632100000, 'iso_timestamp': '2026-01-05T16:55:00.000Z', 'timestamp': '01/05/2026 04:55 pm', 'time': 1015, 'time_formatted': '16:55', 'proper_unix_timestamp': 1767650100000, 'proper_iso_timestamp': '2026-01-05T21:55:00.000Z'}",01/05/2026 16:55,"{'date': '01/05/2026', 'date_formatted': '01/05/2026', 'hours': '04', 'minutes': '55', 'am_pm': 'PM', 'unix_timestamp': 1767632100000, 'iso_timestamp': '2026-01-05T16:55:00.000Z', 'timestamp': '01/05/2026 04:55 pm', 'time': 1015, 'time_formatted': '16:55', 'proper_unix_timestamp': 1767650100000, 'proper_iso_timestamp': '2026-01-05T21:55:00.000Z'}",Color,Color,Tan,Tan,,,,,295,295,$30.00,30,No,False,,,,,102.99,102.99,,,30.00,30,13.40,13.4,No,False,,,Yes,True,,,,,,,$30.00,30,$61.75,61.75,No,False
695c3367fb902a401fc1e9d9,"<span class=""695c32dacd0d75273909b531"" data-kn=""connection-value"">C3战术耳机头盔款拾音降噪耳机通讯设备耳麦户外耳罩C5后翻支架-淘宝网</span>","[{'id': '695c32dacd0d75273909b531', 'identifier': 'C3战术耳机头盔款拾音降噪耳机通讯设备耳麦户外耳罩C5后翻支架-淘宝网'}]",Margins Added,Margins Added,Headband Style – Pickup & Noise Reduction Version (Green),Headband Style – Pickup & Noise Reduction Version (Green),,,,,,,Yes,True,11,11,01/05/2026 16:55,"{'date': '01/05/2026', 'date_formatted': '01/05/2026', 'hours': '04', 'minutes': '55', 'am_pm': 'PM', 'unix_timestamp': 1767632100000, 'iso_timestamp': '2026-01-05T16:55:00.000Z', 'timestamp': '01/05/2026 04:55 pm', 'time': 1015, 'time_formatted': '16:55', 'proper_unix_timestamp': 1767650100000, 'proper_iso_timestamp': '2026-01-05T21:55:00.000Z'}",01/05/2026 16:55,"{'date': '01/05/2026', 'date_formatted': '01/05/2026', 'hours': '04', 'minutes': '55', 'am_pm': 'PM', 'unix_timestamp': 1767632100000, 'iso_timestamp': '2026-01-05T16:55:00.000Z', 'timestamp': '01/05/2026 04:55 pm', 'time': 1015, 'time_formatted': '16:55', 'proper_unix_timestamp': 1767650100000, 'proper_iso_timestamp': '2026-01-05T21:55:00.000Z'}",Color,Color,Green,Green,,,,,295,295,$30.00,30,No,False,,,,,102.99,102.99,,,30.00,30,13.40,13.4,No,False,,,Yes,True,,,,,,,$30.00,30,$61.75,61.75,No,False
695c33669cd3039a825028a4,"<span class=""695c32df9f7a5671351dc2cd"" data-kn=""connection-value"">灵鹰FAST迷彩盔罩伪装帽套战术头盔改装配件CP魔蝎迷彩弹力绳盔罩-tmall.com天猫</span>","[{'id': '695c32df9f7a5671351dc2cd', 'identifier': '灵鹰FAST迷彩盔罩伪装帽套战术头盔改装配件CP魔蝎迷彩弹力绳盔罩-tmall.com天猫'}]",Inactive,Inactive,四色大花CO-17-WL（不含头盔）,四色大花CO-17-WL（不含头盔）,,,,,,,Yes,True,0,0,01/05/2026 16:55,"{'date': '01/05/2026', 'date_formatted': '01/05/2026', 'hours': '04', 'minutes': '55', 'am_pm': 'PM', 'unix_timestamp': 1767632100000, 'iso_timestamp': '2026-01-05T16:55:00.000Z', 'timestamp': '01/05/2026 04:55 pm', 'time': 1015, 'time_formatted': '16:55', 'proper_unix_timestamp': 1767650100000, 'proper_iso_timestamp': '2026-01-05T21:55:00.000Z'}",01/05/2026 16:55,"{'date': '01/05/2026', 'date_formatted': '01/05/2026', 'hours': '04', 'minutes': '55', 'am_pm': 'PM', 'unix_timestamp': 1767632100000, 'iso_timestamp': '2026-01-05T16:55:00.000Z', 'timestamp': '01/05/2026 04:55 pm', 'time': 1015, 'time_formatted': '16:55', 'proper_unix_timestamp': 1767650100000, 'proper_iso_timestamp': '2026-01-05T21:55:00.000Z'}",Style,Style,四色大花CO-17-WL（不含头盔）,四色大花CO-17-WL（不含头盔）,,,,,0,0,$30.00,30,No,False,,,,,0.00,0,,,0.00,0,0.00,0,No,False,,,Yes,True,,,,,,,$30.00,30,$0.00,0,No,False
695c336637eef90c93b37f19,"<span class=""695c32df9f7a5671351dc2cd"" data-kn=""connection-value"">灵鹰FAST迷彩盔罩伪装帽套战术头盔改装配件CP魔蝎迷彩弹力绳盔罩-tmall.com天猫</span>","[{'id': '695c32df9f7a5671351dc2cd', 'identifier': '灵鹰FAST迷彩盔罩伪装帽套战术头盔改装配件CP魔蝎迷彩弹力绳盔罩-tmall.com天猫'}]",Inactive,Inactive,黑色蟒纹CO-17-TY（不含头盔）,黑色蟒纹CO-17-TY（不含头盔）,,,,,,,Yes,True,1,1,01/05/2026 16:55,"{'date': '01/05/2026', 'date_formatted': '01/05/2026', 'hours': '04', 'minutes': '55', 'am_pm': 'PM', 'unix_timestamp': 1767632100000, 'iso_timestamp': '2026-01-05T16:55:00.000Z', 'timestamp': '01/05/2026 04:55 pm', 'time': 1015, 'time_formatted': '16:55', 'proper_unix_timestamp': 1767650100000, 'proper_iso_timestamp': '2026-01-05T21:55:00.000Z'}",01/05/2026 16:55,"{'date': '01/05/2026', 'date_formatted': '01/05/2026', 'hours': '04', 'minutes': '55', 'am_pm': 'PM', 'unix_timestamp': 1767632100000, 'iso_timestamp': '2026-01-05T16:55:00.000Z', 'timestamp': '01/05/2026 04:55 pm', 'time': 1015, 'time_formatted': '16:55', 'proper_unix_timestamp': 1767650100000, 'proper_iso_timestamp': '2026-01-05T21:55:00.000Z'}",Style,Style,黑色蟒纹CO-17-TY（不含头盔）,黑色蟒纹CO-17-TY（不含头盔）,,,,,0,0,$30.00,30,No,False,,,,,0.00,0,,,0.00,0,0.00,0,No,False,,,Yes,True,,,,,,,$30.00,30,$0.00,0,No,False
695c3366b3a75d879c346fa8,"<span class=""695c32df9f7a5671351dc2cd"" data-kn=""connection-value"">灵鹰FAST迷彩盔罩伪装帽套战术头盔改装配件CP魔蝎迷彩弹力绳盔罩-tmall.com天猫</span>","[{'id': '695c32df9f7a5671351dc2cd', 'identifier': '灵鹰FAST迷彩盔罩伪装帽套战术头盔改装配件CP魔蝎迷彩弹力绳盔罩-tmall.com天猫'}]",Inactive,Inactive,军绿CO-17-OLV（不含头盔）,军绿CO-17-OLV（不含头盔）,,,,,,,Yes,True,2,2,01/05/2026 16:55,"{'date': '01/05/2026', 'date_formatted': '01/05/2026', 'hours': '04', 'minutes': '55', 'am_pm': 'PM', 'unix_timestamp': 1767632100000, 'iso_timestamp': '2026-01-05T16:55:00.000Z', 'timestamp': '01/05/2026 04:55 pm', 'time': 1015, 'time_formatted': '16:55', 'proper_unix_timestamp': 1767650100000, 'proper_iso_timestamp': '2026-01-05T21:55:00.000Z'}",01/05/2026 16:55,"{'date': '01/05/2026', 'date_formatted': '01/05/2026', 'hours': '04', 'minutes': '55', 'am_pm': 'PM', 'unix_timestamp': 1767632100000, 'iso_timestamp': '2026-01-05T16:55:00.000Z', 'timestamp': '01/05/2026 04:55 pm', 'time': 1015, 'time_formatted': '16:55', 'proper_unix_timestamp': 1767650100000, 'proper_iso_timestamp': '2026-01-05T21:55:00.000Z'}",Style,Style,军绿CO-17-OLV（不含头盔）,军绿CO-17-OLV（不含头盔）,,,,,0,0,$30.00,30,No,False,,,,,0.00,0,,,0.00,0,0.00,0,No,False,,,Yes,True,,,,,,,$30.00,30,$0.00,0,No,False
695c3365fb902a401fc1dbf1,"<span class=""695c32df9f7a5671351dc2cd"" data-kn=""connection-value"">灵鹰FAST迷彩盔罩伪装帽套战术头盔改装配件CP魔蝎迷彩弹力绳盔罩-tmall.com天猫</span>","[{'id': '695c32df9f7a5671351dc2cd', 'identifier': '灵鹰FAST迷彩盔罩伪装帽套战术头盔改装配件CP魔蝎迷彩弹力绳盔罩-tmall.com天猫'}]",Inactive,Inactive,大花蟒纹CO-17-MA（不含头盔）,大花蟒纹CO-17-MA（不含头盔）,,,,,,,Yes,True,3,3,01/05/2026 16:55,"{'date': '01/05/2026', 'date_formatted': '01/05/2026', 'hours': '04', 'minutes': '55', 'am_pm': 'PM', 'unix_timestamp': 1767632100000, 'iso_timestamp': '2026-01-05T16:55:00.000Z', 'timestamp': '01/05/2026 04:55 pm', 'time': 1015, 'time_formatted': '16:55', 'proper_unix_timestamp': 1767650100000, 'proper_iso_timestamp': '2026-01-05T21:55:00.000Z'}",01/05/2026 16:55,"{'date': '01/05/2026', 'date_formatted': '01/05/2026', 'hours': '04', 'minutes': '55', 'am_pm': 'PM', 'unix_timestamp': 1767632100000, 'iso_timestamp': '2026-01-05T16:55:00.000Z', 'timestamp': '01/05/2026 04:55 pm', 'time': 1015, 'time_formatted': '16:55', 'proper_unix_timestamp': 1767650100000, 'proper_iso_timestamp': '2026-01-05T21:55:00.000Z'}",Style,Style,大花蟒纹CO-17-MA（不含头盔）,大花蟒纹CO-17-MA（不含头盔）,,,,,0,0,$30.00,30,No,False,,,,,0.00,0,,,0.00,0,0.00,0,No,False,,,Yes,True,,,,,,,$30.00,30,$0.00,0,No,False
695c33659cd3039a82501ee5,"<span class=""695c32df9f7a5671351dc2cd"" data-kn=""connection-value"">灵鹰FAST迷彩盔罩伪装帽套战术头盔改装配件CP魔蝎迷彩弹力绳盔罩-tmall.com天猫</span>","[{'id': '695c32df9f7a5671351dc2cd', 'identifier': '灵鹰FAST迷彩盔罩伪装帽套战术头盔改装配件CP魔蝎迷彩弹力绳盔罩-tmall.com天猫'}]",Inactive,Inactive,德斑花CO-17-FL（不含头盔）,德斑花CO-17-FL（不含头盔）,,,,,,,Yes,True,4,4,01/05/2026 16:55,"{'date': '01/05/2026', 'date_formatted': '01/05/2026', 'hours': '04', 'minutes': '55', 'am_pm': 'PM', 'unix_timestamp': 1767632100000, 'iso_timestamp': '2026-01-05T16:55:00.000Z', 'timestamp': '01/05/2026 04:55 pm', 'time': 1015, 'time_formatted': '16:55', 'proper_unix_timestamp': 1767650100000, 'proper_iso_timestamp': '2026-01-05T21:55:00.000Z'}",01/05/2026 16:55,"{'date': '01/05/2026', 'date_formatted': '01/05/2026', 'hours': '04', 'minutes': '55', 'am_pm': 'PM', 'unix_timestamp': 1767632100000, 'iso_timestamp': '2026-01-05T16:55:00.000Z', 'timestamp': '01/05/2026 04:55 pm', 'time': 1015, 'time_formatted': '16:55', 'proper_unix_timestamp': 1767650100000, 'proper_iso_timestamp': '2026-01-05T21:55:00.000Z'}",Style,Style,德斑花CO-17-FL（不含头盔）,德斑花CO-17-FL（不含头盔）,,,,,0,0,$30.00,30,No,False,,,,,0.00,0,,,0.00,0,0.00,0,No,False,,,Yes,True,,,,,,,$30.00,30,$0.00,0,No,False
695c33646e9e39d7e381c7ca,"<span class=""695c32df9f7a5671351dc2cd"" data-kn=""connection-value"">灵鹰FAST迷彩盔罩伪装帽套战术头盔改装配件CP魔蝎迷彩弹力绳盔罩-tmall.com天猫</span>","[{'id': '695c32df9f7a5671351dc2cd', 'identifier': '灵鹰FAST迷彩盔罩伪装帽套战术头盔改装配件CP魔蝎迷彩弹力绳盔罩-tmall.com天猫'}]",Inactive,Inactive,青废墟CO-17-FG（不含头盔）,青废墟CO-17-FG（不含头盔）,,,,,,,Yes,True,5,5,01/05/2026 16:55,"{'date': '01/05/2026', 'date_formatted': '01/05/2026', 'hours': '04', 'minutes': '55', 'am_pm': 'PM', 'unix_timestamp': 1767632100000, 'iso_timestamp': '2026-01-05T16:55:00.000Z', 'timestamp': '01/05/2026 04:55 pm', 'time': 1015, 'time_formatted': '16:55', 'proper_unix_timestamp': 1767650100000, 'proper_iso_timestamp': '2026-01-05T21:55:00.000Z'}",01/05/2026 16:55,"{'date': '01/05/2026', 'date_formatted': '01/05/2026', 'hours': '04', 'minutes': '55', 'am_pm': 'PM', 'unix_timestamp': 1767632100000, 'iso_timestamp': '2026-01-05T16:55:00.000Z', 'timestamp': '01/05/2026 04:55 pm', 'time': 1015, 'time_formatted': '16:55', 'proper_unix_timestamp': 1767650100000, 'proper_iso_timestamp': '2026-01-05T21:55:00.000Z'}",Style,Style,青废墟CO-17-FG（不含头盔）,青废墟CO-17-FG（不含头盔）,,,,,0,0,$30.00,30,No,False,,,,,0.00,0,,,0.00,0,0.00,0,No,False,,,Yes,True,,,,,,,$30.00,30,$0.00,0,No,False
695c3364e6dc4049730f9ef6,"<span class=""695c32df9f7a5671351dc2cd"" data-kn=""connection-value"">灵鹰FAST迷彩盔罩伪装帽套战术头盔改装配件CP魔蝎迷彩弹力绳盔罩-tmall.com天猫</span>","[{'id': '695c32df9f7a5671351dc2cd', 'identifier': '灵鹰FAST迷彩盔罩伪装帽套战术头盔改装配件CP魔蝎迷彩弹力绳盔罩-tmall.com天猫'}]",Inactive,Inactive,卡其色CO-17-KHA（不含头盔）,卡其色CO-17-KHA（不含头盔）,,,,,,,Yes,True,6,6,01/05/2026 16:55,"{'date': '01/05/2026', 'date_formatted': '01/05/2026', 'hours': '04', 'minutes': '55', 'am_pm': 'PM', 'unix_timestamp': 1767632100000, 'iso_timestamp': '2026-01-05T16:55:00.000Z', 'timestamp': '01/05/2026 04:55 pm', 'time': 1015, 'time_formatted': '16:55', 'proper_unix_timestamp': 1767650100000, 'proper_iso_timestamp': '2026-01-05T21:55:00.000Z'}",01/05/2026 16:55,"{'date': '01/05/2026', 'date_formatted': '01/05/2026', 'hours': '04', 'minutes': '55', 'am_pm': 'PM', 'unix_timestamp': 1767632100000, 'iso_timestamp': '2026-01-05T16:55:00.000Z', 'timestamp': '01/05/2026 04:55 pm', 'time': 1015, 'time_formatted': '16:55', 'proper_unix_timestamp': 1767650100000, 'proper_iso_timestamp': '2026-01-05T21:55:00.000Z'}",Style,Style,卡其色CO-17-KHA（不含头盔）,卡其色CO-17-KHA（不含头盔）,,,,,0,0,$30.00,30,No,False,,,,,0.00,0,,,0.00,0,0.00,0,No,False,,,Yes,True,,,,,,,$30.00,30,$0.00,0,No,False
695c3364e6dc4049730f9a04,"<span class=""695c32df9f7a5671351dc2cd"" data-kn=""connection-value"">灵鹰FAST迷彩盔罩伪装帽套战术头盔改装配件CP魔蝎迷彩弹力绳盔罩-tmall.com天猫</span>","[{'id': '695c32df9f7a5671351dc2cd', 'identifier': '灵鹰FAST迷彩盔罩伪装帽套战术头盔改装配件CP魔蝎迷彩弹力绳盔罩-tmall.com天猫'}]",Inactive,Inactive,CP迷彩CO-17-CP（不含头盔）,CP迷彩CO-17-CP（不含头盔）,,,,,,,Yes,True,7,7,01/05/2026 16:55,"{'date': '01/05/2026', 'date_formatted': '01/05/2026', 'hours': '04', 'minutes': '55', 'am_pm': 'PM', 'unix_timestamp': 1767632100000, 'iso_timestamp': '2026-01-05T16:55:00.000Z', 'timestamp': '01/05/2026 04:55 pm', 'time': 1015, 'time_formatted': '16:55', 'proper_unix_timestamp': 1767650100000, 'proper_iso_timestamp': '2026-01-05T21:55:00.000Z'}",01/05/2026 16:55,"{'date': '01/05/2026', 'date_formatted': '01/05/2026', 'hours': '04', 'minutes': '55', 'am_pm': 'PM', 'unix_timestamp': 1767632100000, 'iso_timestamp': '2026-01-05T16:55:00.000Z', 'timestamp': '01/05/2026 04:55 pm', 'time': 1015, 'time_formatted': '16:55', 'proper_unix_timestamp': 1767650100000, 'proper_iso_timestamp': '2026-01-05T21:55:00.000Z'}",Style,Style,CP迷彩CO-17-CP（不含头盔）,CP迷彩CO-17-CP（不含头盔）,,,,,0,0,$30.00,30,No,False,,,,,0.00,0,,,0.00,0,0.00,0,No,False,,,Yes,True,,,,,,,$30.00,30,$0.00,0,No,False
695c3363b3a75d879c344e48,"<span class=""695c32df9f7a5671351dc2cd"" data-kn=""connection-value"">灵鹰FAST迷彩盔罩伪装帽套战术头盔改装配件CP魔蝎迷彩弹力绳盔罩-tmall.com天猫</span>","[{'id': '695c32df9f7a5671351dc2cd', 'identifier': '灵鹰FAST迷彩盔罩伪装帽套战术头盔改装配件CP魔蝎迷彩弹力绳盔罩-tmall.com天猫'}]",Inactive,Inactive,黑色CO-17-BLK（不含头盔）,黑色CO-17-BLK（不含头盔）,,,,,,,Yes,True,8,8,01/05/2026 16:55,"{'date': '01/05/2026', 'date_formatted': '01/05/2026', 'hours': '04', 'minutes': '55', 'am_pm': 'PM', 'unix_timestamp': 1767632100000, 'iso_timestamp': '2026-01-05T16:55:00.000Z', 'timestamp': '01/05/2026 04:55 pm', 'time': 1015, 'time_formatted': '16:55', 'proper_unix_timestamp': 1767650100000, 'proper_iso_timestamp': '2026-01-05T21:55:00.000Z'}",01/05/2026 16:55,"{'date': '01/05/2026', 'date_formatted': '01/05/2026', 'hours': '04', 'minutes': '55', 'am_pm': 'PM', 'unix_timestamp': 1767632100000, 'iso_timestamp': '2026-01-05T16:55:00.000Z', 'timestamp': '01/05/2026 04:55 pm', 'time': 1015, 'time_formatted': '16:55', 'proper_unix_timestamp': 1767650100000, 'proper_iso_timestamp': '2026-01-05T21:55:00.000Z'}",Style,Style,黑色CO-17-BLK（不含头盔）,黑色CO-17-BLK（不含头盔）,,,,,0,0,$30.00,30,No,False,,,,,0.00,0,,,0.00,0,0.00,0,No,False,,,Yes,True,,,,,,,$30.00,30,$0.00,0,No,False
695c3363d31dc717397d35bd,"<span class=""695c32df9f7a5671351dc2cd"" data-kn=""connection-value"">灵鹰FAST迷彩盔罩伪装帽套战术头盔改装配件CP魔蝎迷彩弹力绳盔罩-tmall.com天猫</span>","[{'id': '695c32df9f7a5671351dc2cd', 'identifier': '灵鹰FAST迷彩盔罩伪装帽套战术头盔改装配件CP魔蝎迷彩弹力绳盔罩-tmall.com天猫'}]",Inactive,Inactive,黑CP CO-17-BCP（不含头盔）,黑CP CO-17-BCP（不含头盔）,,,,,,,Yes,True,9,9,01/05/2026 16:55,"{'date': '01/05/2026', 'date_formatted': '01/05/2026', 'hours': '04', 'minutes': '55', 'am_pm': 'PM', 'unix_timestamp': 1767632100000, 'iso_timestamp': '2026-01-05T16:55:00.000Z', 'timestamp': '01/05/2026 04:55 pm', 'time': 1015, 'time_formatted': '16:55', 'proper_unix_timestamp': 1767650100000, 'proper_iso_timestamp': '2026-01-05T21:55:00.000Z'}",01/05/2026 16:55,"{'date': '01/05/2026', 'date_formatted': '01/05/2026', 'hours': '04', 'minutes': '55', 'am_pm': 'PM', 'unix_timestamp': 1767632100000, 'iso_timestamp': '2026-01-05T16:55:00.000Z', 'timestamp': '01/05/2026 04:55 pm', 'time': 1015, 'time_formatted': '16:55', 'proper_unix_timestamp': 1767650100000, 'proper_iso_timestamp': '2026-01-05T21:55:00.000Z'}",Color,Color,BCP,BCP,,,,,0,0,$30.00,30,No,False,,,,,0.00,0,,,0.00,0,0.00,0,No,False,,,Yes,True,,,,,,,$30.00,30,$0.00,0,No,False
695c3363ce97e160f9708337,"<span class=""695c32df9f7a5671351dc2cd"" data-kn=""connection-value"">灵鹰FAST迷彩盔罩伪装帽套战术头盔改装配件CP魔蝎迷彩弹力绳盔罩-tmall.com天猫</span>","[{'id': '695c32df9f7a5671351dc2cd', 'identifier': '灵鹰FAST迷彩盔罩伪装帽套战术头盔改装配件CP魔蝎迷彩弹力绳盔罩-tmall.com天猫'}]",Inactive,Inactive,灰废墟CO-17-AT（不含头盔）,灰废墟CO-17-AT（不含头盔）,,,,,,,Yes,True,10,10,01/05/2026 16:55,"{'date': '01/05/2026', 'date_formatted': '01/05/2026', 'hours': '04', 'minutes': '55', 'am_pm': 'PM', 'unix_timestamp': 1767632100000, 'iso_timestamp': '2026-01-05T16:55:00.000Z', 'timestamp': '01/05/2026 04:55 pm', 'time': 1015, 'time_formatted': '16:55', 'proper_unix_timestamp': 1767650100000, 'proper_iso_timestamp': '2026-01-05T21:55:00.000Z'}",01/05/2026 16:55,"{'date': '01/05/2026', 'date_formatted': '01/05/2026', 'hours': '04', 'minutes': '55', 'am_pm': 'PM', 'unix_timestamp': 1767632100000, 'iso_timestamp': '2026-01-05T16:55:00.000Z', 'timestamp': '01/05/2026 04:55 pm', 'time': 1015, 'time_formatted': '16:55', 'proper_unix_timestamp': 1767650100000, 'proper_iso_timestamp': '2026-01-05T21:55:00.000Z'}",Style,Style,灰废墟CO-17-AT（不含头盔）,灰废墟CO-17-AT（不含头盔）,,,,,0,0,$30.00,30,No,False,,,,,0.00,0,,,0.00,0,0.00,0,No,False,,,Yes,True,,,,,,,$30.00,30,$0.00,0,No,False
695c3362d745a52edae4d97f,"<span class=""695c32df9f7a5671351dc2cd"" data-kn=""connection-value"">灵鹰FAST迷彩盔罩伪装帽套战术头盔改装配件CP魔蝎迷彩弹力绳盔罩-tmall.com天猫</span>","[{'id': '695c32df9f7a5671351dc2cd', 'identifier': '灵鹰FAST迷彩盔罩伪装帽套战术头盔改装配件CP魔蝎迷彩弹力绳盔罩-tmall.com天猫'}]",Inactive,Inactive,CO-17-ACU（不含头盔）,CO-17-ACU（不含头盔）,,,,,,,Yes,True,11,11,01/05/2026 16:55,"{'date': '01/05/2026', 'date_formatted': '01/05/2026', 'hours': '04', 'minutes': '55', 'am_pm': 'PM', 'unix_timestamp': 1767632100000, 'iso_timestamp': '2026-01-05T16:55:00.000Z', 'timestamp': '01/05/2026 04:55 pm', 'time': 1015, 'time_formatted': '16:55', 'proper_unix_timestamp': 1767650100000, 'proper_iso_timestamp': '2026-01-05T21:55:00.000Z'}",01/05/2026 16:55,"{'date': '01/05/2026', 'date_formatted': '01/05/2026', 'hours': '04', 'minutes': '55', 'am_pm': 'PM', 'unix_timestamp': 1767632100000, 'iso_timestamp': '2026-01-05T16:55:00.000Z', 'timestamp': '01/05/2026 04:55 pm', 'time': 1015, 'time_formatted': '16:55', 'proper_unix_timestamp': 1767650100000, 'proper_iso_timestamp': '2026-01-05T21:55:00.000Z'}",Style,Style,CO-17-ACU（不含头盔）,CO-17-ACU（不含头盔）,,,,,0,0,$30.00,30,No,False,,,,,0.00,0,,,0.00,0,0.00,0,No,False,,,Yes,True,,,,,,,$30.00,30,$0.00,0,No,False
695c3362fb902a401fc1a76c,"<span class=""695c32df9f7a5671351dc2cd"" data-kn=""connection-value"">灵鹰FAST迷彩盔罩伪装帽套战术头盔改装配件CP魔蝎迷彩弹力绳盔罩-tmall.com天猫</span>","[{'id': '695c32df9f7a5671351dc2cd', 'identifier': '灵鹰FAST迷彩盔罩伪装帽套战术头盔改装配件CP魔蝎迷彩弹力绳盔罩-tmall.com天猫'}]",Inactive,Inactive,订做颜色联系客服,订做颜色联系客服,,,,,,,Yes,True,12,12,01/05/2026 16:55,"{'date': '01/05/2026', 'date_formatted': '01/05/2026', 'hours': '04', 'minutes': '55', 'am_pm': 'PM', 'unix_timestamp': 1767632100000, 'iso_timestamp': '2026-01-05T16:55:00.000Z', 'timestamp': '01/05/2026 04:55 pm', 'time': 1015, 'time_formatted': '16:55', 'proper_unix_timestamp': 1767650100000, 'proper_iso_timestamp': '2026-01-05T21:55:00.000Z'}",01/05/2026 16:55,"{'date': '01/05/2026', 'date_formatted': '01/05/2026', 'hours': '04', 'minutes': '55', 'am_pm': 'PM', 'unix_timestamp': 1767632100000, 'iso_timestamp': '2026-01-05T16:55:00.000Z', 'timestamp': '01/05/2026 04:55 pm', 'time': 1015, 'time_formatted': '16:55', 'proper_unix_timestamp': 1767650100000, 'proper_iso_timestamp': '2026-01-05T21:55:00.000Z'}",Style,Style,订做颜色联系客服,订做颜色联系客服,,,,,0,0,$30.00,30,No,False,,,,,0.00,0,,,0.00,0,0.00,0,No,False,,,Yes,True,,,,,,,$30.00,30,$0.00,0,No,False
695c336226e6116796e4437c,"<span class=""695c32d94e794334fd502205"" data-kn=""connection-value"">Tactical New White 8-Piece Set (Security Patrol Duty Belt, Quick Release Locking Holster)</span>","[{'id': '695c32d94e794334fd502205', 'identifier': 'Tactical New White 8-Piece Set (Security Patrol Duty Belt, Quick Release Locking Holster)'}]",Active,Active,"One Size Fits All / Quick Release Locking Baton, OC Spray, Flashlight, Handcuff Pouch 4-Piece Set","One Size Fits All / Quick Release Locking Baton, OC Spray, Flashlight, Handcuff Pouch 4-Piece Set",,,,,,,Yes,True,,,01/05/2026 16:55,"{'date': '01/05/2026', 'date_formatted': '01/05/2026', 'hours': '04', 'minutes': '55', 'am_pm': 'PM', 'unix_timestamp': 1767632100000, 'iso_timestamp': '2026-01-05T16:55:00.000Z', 'timestamp': '01/05/2026 04:55 pm', 'time': 1015, 'time_formatted': '16:55', 'proper_unix_timestamp': 1767650100000, 'proper_iso_timestamp': '2026-01-05T21:55:00.000Z'}",01/05/2026 16:55,"{'date': '01/05/2026', 'date_formatted': '01/05/2026', 'hours': '04', 'minutes': '55', 'am_pm': 'PM', 'unix_timestamp': 1767632100000, 'iso_timestamp': '2026-01-05T16:55:00.000Z', 'timestamp': '01/05/2026 04:55 pm', 'time': 1015, 'time_formatted': '16:55', 'proper_unix_timestamp': 1767650100000, 'proper_iso_timestamp': '2026-01-05T21:55:00.000Z'}",Style,Style,"One Size Fits All / Quick Release Locking Baton, OC Spray, Flashlight, Handcuff Pouch 4-Piece Set","One Size Fits All / Quick Release Locking Baton, OC Spray, Flashlight, Handcuff Pouch 4-Piece Set",,,,,160,160,$30.00,30,No,False,,,,,59.99,59.99,,,29.80,29.8,13.10,13.1,No,False,,,Yes,True,,,,,,,$30.00,30,$36.10,36.1,No,False
695c33614702b73a64626e67,"<span class=""695c32d94e794334fd502205"" data-kn=""connection-value"">Tactical New White 8-Piece Set (Security Patrol Duty Belt, Quick Release Locking Holster)</span>","[{'id': '695c32d94e794334fd502205', 'identifier': 'Tactical New White 8-Piece Set (Security Patrol Duty Belt, Quick Release Locking Holster)'}]",Active,Active,"One Size Fits All / Quick Release Locking Baton, OC Spray, Flashlight Pouch 3-Piece Set","One Size Fits All / Quick Release Locking Baton, OC Spray, Flashlight Pouch 3-Piece Set",,,,,,,Yes,True,,,01/05/2026 16:55,"{'date': '01/05/2026', 'date_formatted': '01/05/2026', 'hours': '04', 'minutes': '55', 'am_pm': 'PM', 'unix_timestamp': 1767632100000, 'iso_timestamp': '2026-01-05T16:55:00.000Z', 'timestamp': '01/05/2026 04:55 pm', 'time': 1015, 'time_formatted': '16:55', 'proper_unix_timestamp': 1767650100000, 'proper_iso_timestamp': '2026-01-05T21:55:00.000Z'}",01/05/2026 16:55,"{'date': '01/05/2026', 'date_formatted': '01/05/2026', 'hours': '04', 'minutes': '55', 'am_pm': 'PM', 'unix_timestamp': 1767632100000, 'iso_timestamp': '2026-01-05T16:55:00.000Z', 'timestamp': '01/05/2026 04:55 pm', 'time': 1015, 'time_formatted': '16:55', 'proper_unix_timestamp': 1767650100000, 'proper_iso_timestamp': '2026-01-05T21:55:00.000Z'}",Style,Style,"One Size Fits All / Quick Release Locking Baton, OC Spray, Flashlight Pouch 3-Piece Set","One Size Fits All / Quick Release Locking Baton, OC Spray, Flashlight Pouch 3-Piece Set",,,,,120,120,$30.00,30,No,False,,,,,46.99,46.99,,,29.30,29.3,12.60,12.6,No,False,,,Yes,True,,,,,,,$30.00,30,$28.50,28.5,No,False
695c3361d31dc717397d294c,"<span class=""695c32d94e794334fd502205"" data-kn=""connection-value"">Tactical New White 8-Piece Set (Security Patrol Duty Belt, Quick Release Locking Holster)</span>","[{'id': '695c32d94e794334fd502205', 'identifier': 'Tactical New White 8-Piece Set (Security Patrol Duty Belt, Quick Release Locking Holster)'}]",Active,Active,One Size Fits All / Quick Release 92/92G Dual Retention Belt Holster,One Size Fits All / Quick Release 92/92G Dual Retention Belt Holster,,,,,,,Yes,True,,,01/05/2026 16:55,"{'date': '01/05/2026', 'date_formatted': '01/05/2026', 'hours': '04', 'minutes': '55', 'am_pm': 'PM', 'unix_timestamp': 1767632100000, 'iso_timestamp': '2026-01-05T16:55:00.000Z', 'timestamp': '01/05/2026 04:55 pm', 'time': 1015, 'time_formatted': '16:55', 'proper_unix_timestamp': 1767650100000, 'proper_iso_timestamp': '2026-01-05T21:55:00.000Z'}",01/05/2026 16:55,"{'date': '01/05/2026', 'date_formatted': '01/05/2026', 'hours': '04', 'minutes': '55', 'am_pm': 'PM', 'unix_timestamp': 1767632100000, 'iso_timestamp': '2026-01-05T16:55:00.000Z', 'timestamp': '01/05/2026 04:55 pm', 'time': 1015, 'time_formatted': '16:55', 'proper_unix_timestamp': 1767650100000, 'proper_iso_timestamp': '2026-01-05T21:55:00.000Z'}",Style,Style,One Size Fits All / Quick Release 92/92G Dual Retention Belt Holster,One Size Fits All / Quick Release 92/92G Dual Retention Belt Holster,,,,,65,65,$30.00,30,No,False,,,,,29.99,29.99,,,29.80,29.8,13.10,13.1,No,False,,,Yes,True,,,,,,,$30.00,30,$18.05,18.05,No,False
695c33604702b73a646268ab,"<span class=""695c32d94e794334fd502205"" data-kn=""connection-value"">Tactical New White 8-Piece Set (Security Patrol Duty Belt, Quick Release Locking Holster)</span>","[{'id': '695c32d94e794334fd502205', 'identifier': 'Tactical New White 8-Piece Set (Security Patrol Duty Belt, Quick Release Locking Holster)'}]",Active,Active,One Size Fits All / Side Opening Quick Release Locking Baton Holster,One Size Fits All / Side Opening Quick Release Locking Baton Holster,,,,,,,Yes,True,,,01/05/2026 16:55,"{'date': '01/05/2026', 'date_formatted': '01/05/2026', 'hours': '04', 'minutes': '55', 'am_pm': 'PM', 'unix_timestamp': 1767632100000, 'iso_timestamp': '2026-01-05T16:55:00.000Z', 'timestamp': '01/05/2026 04:55 pm', 'time': 1015, 'time_formatted': '16:55', 'proper_unix_timestamp': 1767650100000, 'proper_iso_timestamp': '2026-01-05T21:55:00.000Z'}",01/05/2026 16:55,"{'date': '01/05/2026', 'date_formatted': '01/05/2026', 'hours': '04', 'minutes': '55', 'am_pm': 'PM', 'unix_timestamp': 1767632100000, 'iso_timestamp': '2026-01-05T16:55:00.000Z', 'timestamp': '01/05/2026 04:55 pm', 'time': 1015, 'time_formatted': '16:55', 'proper_unix_timestamp': 1767650100000, 'proper_iso_timestamp': '2026-01-05T21:55:00.000Z'}",Style,Style,One Size Fits All / Side Opening Quick Release Locking Baton Holster,One Size Fits All / Side Opening Quick Release Locking Baton Holster,,,,,48,48,$30.00,30,No,False,,,,,24.99,24.99,,,30.70,30.7,14.10,14.1,No,False,,,Yes,True,,,,,,,$30.00,30,$14.82,14.82,No,False
695c33604702b73a64625aba,"<span class=""695c32d94e794334fd502205"" data-kn=""connection-value"">Tactical New White 8-Piece Set (Security Patrol Duty Belt, Quick Release Locking Holster)</span>","[{'id': '695c32d94e794334fd502205', 'identifier': 'Tactical New White 8-Piece Set (Security Patrol Duty Belt, Quick Release Locking Holster)'}]",Active,Active,One Size Fits All / Side Opening Quick Release Locking Flashlight Holster,One Size Fits All / Side Opening Quick Release Locking Flashlight Holster,,,,,,,Yes,True,,,01/05/2026 16:55,"{'date': '01/05/2026', 'date_formatted': '01/05/2026', 'hours': '04', 'minutes': '55', 'am_pm': 'PM', 'unix_timestamp': 1767632100000, 'iso_timestamp': '2026-01-05T16:55:00.000Z', 'timestamp': '01/05/2026 04:55 pm', 'time': 1015, 'time_formatted': '16:55', 'proper_unix_timestamp': 1767650100000, 'proper_iso_timestamp': '2026-01-05T21:55:00.000Z'}",01/05/2026 16:55,"{'date': '01/05/2026', 'date_formatted': '01/05/2026', 'hours': '04', 'minutes': '55', 'am_pm': 'PM', 'unix_timestamp': 1767632100000, 'iso_timestamp': '2026-01-05T16:55:00.000Z', 'timestamp': '01/05/2026 04:55 pm', 'time': 1015, 'time_formatted': '16:55', 'proper_unix_timestamp': 1767650100000, 'proper_iso_timestamp': '2026-01-05T21:55:00.000Z'}",Style,Style,One Size Fits All / Side Opening Quick Release Locking Flashlight Holster,One Size Fits All / Side Opening Quick Release Locking Flashlight Holster,,,,,48,48,$30.00,30,No,False,,,,,24.99,24.99,,,30.70,30.7,14.10,14.1,No,False,,,Yes,True,,,,,,,$30.00,30,$14.82,14.82,No,False
695c3360c3a1704a56462a92,"<span class=""695c32d94e794334fd502205"" data-kn=""connection-value"">Tactical New White 8-Piece Set (Security Patrol Duty Belt, Quick Release Locking Holster)</span>","[{'id': '695c32d94e794334fd502205', 'identifier': 'Tactical New White 8-Piece Set (Security Patrol Duty Belt, Quick Release Locking Holster)'}]",Active,Active,One Size Fits All / Side Opening Quick Release Locking OC Spray Holster,One Size Fits All / Side Opening Quick Release Locking OC Spray Holster,,,,,,,Yes,True,,,01/05/2026 16:55,"{'date': '01/05/2026', 'date_formatted': '01/05/2026', 'hours': '04', 'minutes': '55', 'am_pm': 'PM', 'unix_timestamp': 1767632100000, 'iso_timestamp': '2026-01-05T16:55:00.000Z', 'timestamp': '01/05/2026 04:55 pm', 'time': 1015, 'time_formatted': '16:55', 'proper_unix_timestamp': 1767650100000, 'proper_iso_timestamp': '2026-01-05T21:55:00.000Z'}",01/05/2026 16:55,"{'date': '01/05/2026', 'date_formatted': '01/05/2026', 'hours': '04', 'minutes': '55', 'am_pm': 'PM', 'unix_timestamp': 1767632100000, 'iso_timestamp': '2026-01-05T16:55:00.000Z', 'timestamp': '01/05/2026 04:55 pm', 'time': 1015, 'time_formatted': '16:55', 'proper_unix_timestamp': 1767650100000, 'proper_iso_timestamp': '2026-01-05T21:55:00.000Z'}",Style,Style,One Size Fits All / Side Opening Quick Release Locking OC Spray Holster,One Size Fits All / Side Opening Quick Release Locking OC Spray Holster,,,,,48,48,$30.00,30,No,False,,,,,24.99,24.99,,,30.70,30.7,14.10,14.1,No,False,,,Yes,True,,,,,,,$30.00,30,$14.82,14.82,No,False
695c335f4702b73a646250fd,"<span class=""695c32d94e794334fd502205"" data-kn=""connection-value"">Tactical New White 8-Piece Set (Security Patrol Duty Belt, Quick Release Locking Holster)</span>","[{'id': '695c32d94e794334fd502205', 'identifier': 'Tactical New White 8-Piece Set (Security Patrol Duty Belt, Quick Release Locking Holster)'}]",Active,Active,One Size Fits All / Quick Release Universal Handcuff Pouch,One Size Fits All / Quick Release Universal Handcuff Pouch,,,,,,,Yes,True,,,01/05/2026 16:55,"{'date': '01/05/2026', 'date_formatted': '01/05/2026', 'hours': '04', 'minutes': '55', 'am_pm': 'PM', 'unix_timestamp': 1767632100000, 'iso_timestamp': '2026-01-05T16:55:00.000Z', 'timestamp': '01/05/2026 04:55 pm', 'time': 1015, 'time_formatted': '16:55', 'proper_unix_timestamp': 1767650100000, 'proper_iso_timestamp': '2026-01-05T21:55:00.000Z'}",01/05/2026 16:55,"{'date': '01/05/2026', 'date_formatted': '01/05/2026', 'hours': '04', 'minutes': '55', 'am_pm': 'PM', 'unix_timestamp': 1767632100000, 'iso_timestamp': '2026-01-05T16:55:00.000Z', 'timestamp': '01/05/2026 04:55 pm', 'time': 1015, 'time_formatted': '16:55', 'proper_unix_timestamp': 1767650100000, 'proper_iso_timestamp': '2026-01-05T21:55:00.000Z'}",Style,Style,One Size Fits All / Quick Release Universal Handcuff Pouch,One Size Fits All / Quick Release Universal Handcuff Pouch,,,,,58,58,$30.00,30,No,False,,,,,27.99,27.99,,,30.30,30.3,13.60,13.6,No,False,,,Yes,True,,,,,,,$30.00,30,$16.72,16.72,No,False
695c335fce97e160f9702aec,"<span class=""695c32d94e794334fd502205"" data-kn=""connection-value"">Tactical New White 8-Piece Set (Security Patrol Duty Belt, Quick Release Locking Holster)</span>","[{'id': '695c32d94e794334fd502205', 'identifier': 'Tactical New White 8-Piece Set (Security Patrol Duty Belt, Quick Release Locking Holster)'}]",Active,Active,One Size,One Size,,,,,,,Yes,True,,,01/05/2026 16:55,"{'date': '01/05/2026', 'date_formatted': '01/05/2026', 'hours': '04', 'minutes': '55', 'am_pm': 'PM', 'unix_timestamp': 1767632100000, 'iso_timestamp': '2026-01-05T16:55:00.000Z', 'timestamp': '01/05/2026 04:55 pm', 'time': 1015, 'time_formatted': '16:55', 'proper_unix_timestamp': 1767650100000, 'proper_iso_timestamp': '2026-01-05T21:55:00.000Z'}",01/05/2026 16:55,"{'date': '01/05/2026', 'date_formatted': '01/05/2026', 'hours': '04', 'minutes': '55', 'am_pm': 'PM', 'unix_timestamp': 1767632100000, 'iso_timestamp': '2026-01-05T16:55:00.000Z', 'timestamp': '01/05/2026 04:55 pm', 'time': 1015, 'time_formatted': '16:55', 'proper_unix_timestamp': 1767650100000, 'proper_iso_timestamp': '2026-01-05T21:55:00.000Z'}",Style,Style,One Size,One Size,,,,,55,55,$30.00,30,No,False,,,,,26.99,26.99,,,30.20,30.2,13.50,13.5,No,False,,,Yes,True,,,,,,,$30.00,30,$16.15,16.15,No,False
695c335f37eef90c93b35cea,"<span class=""695c32d94e794334fd502205"" data-kn=""connection-value"">Tactical New White 8-Piece Set (Security Patrol Duty Belt, Quick Release Locking Holster)</span>","[{'id': '695c32d94e794334fd502205', 'identifier': 'Tactical New White 8-Piece Set (Security Patrol Duty Belt, Quick Release Locking Holster)'}]",Active,Active,One Size / Canteen Pouch,One Size / Canteen Pouch,,,,,,,Yes,True,,,01/05/2026 16:55,"{'date': '01/05/2026', 'date_formatted': '01/05/2026', 'hours': '04', 'minutes': '55', 'am_pm': 'PM', 'unix_timestamp': 1767632100000, 'iso_timestamp': '2026-01-05T16:55:00.000Z', 'timestamp': '01/05/2026 04:55 pm', 'time': 1015, 'time_formatted': '16:55', 'proper_unix_timestamp': 1767650100000, 'proper_iso_timestamp': '2026-01-05T21:55:00.000Z'}",01/05/2026 16:55,"{'date': '01/05/2026', 'date_formatted': '01/05/2026', 'hours': '04', 'minutes': '55', 'am_pm': 'PM', 'unix_timestamp': 1767632100000, 'iso_timestamp': '2026-01-05T16:55:00.000Z', 'timestamp': '01/05/2026 04:55 pm', 'time': 1015, 'time_formatted': '16:55', 'proper_unix_timestamp': 1767650100000, 'proper_iso_timestamp': '2026-01-05T21:55:00.000Z'}",Style,Style,One Size / Canteen Pouch,One Size / Canteen Pouch,,,,,58,58,$30.00,30,No,False,,,,,27.99,27.99,,,30.30,30.3,13.60,13.6,No,False,,,Yes,True,,,,,,,$30.00,30,$16.72,16.72,No,False
695c335ec71160ba194f8751,"<span class=""695c32e18c1c28d3136ab815"" data-kn=""connection-value"">WOSPORT L4G24 夜视仪支架（铝合金版）-淘宝网</span>","[{'id': '695c32e18c1c28d3136ab815', 'identifier': 'WOSPORT L4G24 夜视仪支架（铝合金版）-淘宝网'}]",Active,Active,One Size / Quick Release D-Clip Pouch,One Size / Quick Release D-Clip Pouch,,,,,,,Yes,True,,,01/05/2026 16:55,"{'date': '01/05/2026', 'date_formatted': '01/05/2026', 'hours': '04', 'minutes': '55', 'am_pm': 'PM', 'unix_timestamp': 1767632100000, 'iso_timestamp': '2026-01-05T16:55:00.000Z', 'timestamp': '01/05/2026 04:55 pm', 'time': 1015, 'time_formatted': '16:55', 'proper_unix_timestamp': 1767650100000, 'proper_iso_timestamp': '2026-01-05T21:55:00.000Z'}",01/05/2026 16:55,"{'date': '01/05/2026', 'date_formatted': '01/05/2026', 'hours': '04', 'minutes': '55', 'am_pm': 'PM', 'unix_timestamp': 1767632100000, 'iso_timestamp': '2026-01-05T16:55:00.000Z', 'timestamp': '01/05/2026 04:55 pm', 'time': 1015, 'time_formatted': '16:55', 'proper_unix_timestamp': 1767650100000, 'proper_iso_timestamp': '2026-01-05T21:55:00.000Z'}",Style,Style,One Size / Quick Release D-Clip Pouch,One Size / Quick Release D-Clip Pouch,,,,,48,48,$30.00,30,No,False,,,,,24.99,24.99,,,30.70,30.7,14.10,14.1,No,False,,,Yes,True,,,,,,,$30.00,30,$14.82,14.82,No,False
695c335ed31dc717397cf3d8,"<span class=""695c32d94e794334fd502205"" data-kn=""connection-value"">Tactical New White 8-Piece Set (Security Patrol Duty Belt, Quick Release Locking Holster)</span>","[{'id': '695c32d94e794334fd502205', 'identifier': 'Tactical New White 8-Piece Set (Security Patrol Duty Belt, Quick Release Locking Holster)'}]",Active,Active,S / Style A Set,S / Style A Set,,,,,,,Yes,True,,,01/05/2026 16:55,"{'date': '01/05/2026', 'date_formatted': '01/05/2026', 'hours': '04', 'minutes': '55', 'am_pm': 'PM', 'unix_timestamp': 1767632100000, 'iso_timestamp': '2026-01-05T16:55:00.000Z', 'timestamp': '01/05/2026 04:55 pm', 'time': 1015, 'time_formatted': '16:55', 'proper_unix_timestamp': 1767650100000, 'proper_iso_timestamp': '2026-01-05T21:55:00.000Z'}",01/05/2026 16:55,"{'date': '01/05/2026', 'date_formatted': '01/05/2026', 'hours': '04', 'minutes': '55', 'am_pm': 'PM', 'unix_timestamp': 1767632100000, 'iso_timestamp': '2026-01-05T16:55:00.000Z', 'timestamp': '01/05/2026 04:55 pm', 'time': 1015, 'time_formatted': '16:55', 'proper_unix_timestamp': 1767650100000, 'proper_iso_timestamp': '2026-01-05T21:55:00.000Z'}",Style,Style,S / Style A Set,S / Style A Set,,,,,202,202,$30.00,30,No,False,,,,,72.99,72.99,,,29.60,29.6,12.90,12.9,No,False,,,Yes,True,,,,,,,$30.00,30,$44.08,44.08,No,False
695c335dc71160ba194f86c1,"<span class=""695c32d94e794334fd502205"" data-kn=""connection-value"">Tactical New White 8-Piece Set (Security Patrol Duty Belt, Quick Release Locking Holster)</span>","[{'id': '695c32d94e794334fd502205', 'identifier': 'Tactical New White 8-Piece Set (Security Patrol Duty Belt, Quick Release Locking Holster)'}]",Active,Active,"S / Quick Release Locking Baton, Spray, Flashlight, Handcuff Pouch 4-Piece Set","S / Quick Release Locking Baton, Spray, Flashlight, Handcuff Pouch 4-Piece Set",,,,,,,Yes,True,,,01/05/2026 16:55,"{'date': '01/05/2026', 'date_formatted': '01/05/2026', 'hours': '04', 'minutes': '55', 'am_pm': 'PM', 'unix_timestamp': 1767632100000, 'iso_timestamp': '2026-01-05T16:55:00.000Z', 'timestamp': '01/05/2026 04:55 pm', 'time': 1015, 'time_formatted': '16:55', 'proper_unix_timestamp': 1767650100000, 'proper_iso_timestamp': '2026-01-05T21:55:00.000Z'}",01/05/2026 16:55,"{'date': '01/05/2026', 'date_formatted': '01/05/2026', 'hours': '04', 'minutes': '55', 'am_pm': 'PM', 'unix_timestamp': 1767632100000, 'iso_timestamp': '2026-01-05T16:55:00.000Z', 'timestamp': '01/05/2026 04:55 pm', 'time': 1015, 'time_formatted': '16:55', 'proper_unix_timestamp': 1767650100000, 'proper_iso_timestamp': '2026-01-05T21:55:00.000Z'}",Style,Style,"S / Quick Release Locking Baton, Spray, Flashlight, Handcuff Pouch 4-Piece Set","S / Quick Release Locking Baton, Spray, Flashlight, Handcuff Pouch 4-Piece Set",,,,,160,160,$30.00,30,No,False,,,,,59.99,59.99,,,29.80,29.8,13.10,13.1,No,False,,,Yes,True,,,,,,,$30.00,30,$36.10,36.1,No,False
695c335d9cd3039a824fbec1,"<span class=""695c32d94e794334fd502205"" data-kn=""connection-value"">Tactical New White 8-Piece Set (Security Patrol Duty Belt, Quick Release Locking Holster)</span>","[{'id': '695c32d94e794334fd502205', 'identifier': 'Tactical New White 8-Piece Set (Security Patrol Duty Belt, Quick Release Locking Holster)'}]",Active,Active,"S / Quick Release Locking Baton, Spray, Flashlight Pouch 3-Piece Set","S / Quick Release Locking Baton, Spray, Flashlight Pouch 3-Piece Set",,,,,,,Yes,True,,,01/05/2026 16:55,"{'date': '01/05/2026', 'date_formatted': '01/05/2026', 'hours': '04', 'minutes': '55', 'am_pm': 'PM', 'unix_timestamp': 1767632100000, 'iso_timestamp': '2026-01-05T16:55:00.000Z', 'timestamp': '01/05/2026 04:55 pm', 'time': 1015, 'time_formatted': '16:55', 'proper_unix_timestamp': 1767650100000, 'proper_iso_timestamp': '2026-01-05T21:55:00.000Z'}",01/05/2026 16:55,"{'date': '01/05/2026', 'date_formatted': '01/05/2026', 'hours': '04', 'minutes': '55', 'am_pm': 'PM', 'unix_timestamp': 1767632100000, 'iso_timestamp': '2026-01-05T16:55:00.000Z', 'timestamp': '01/05/2026 04:55 pm', 'time': 1015, 'time_formatted': '16:55', 'proper_unix_timestamp': 1767650100000, 'proper_iso_timestamp': '2026-01-05T21:55:00.000Z'}",Style,Style,"S / Quick Release Locking Baton, Spray, Flashlight Pouch 3-Piece Set","S / Quick Release Locking Baton, Spray, Flashlight Pouch 3-Piece Set",,,,,120,120,$30.00,30,No,False,,,,,46.99,46.99,,,29.30,29.3,12.60,12.6,No,False,,,Yes,True,,,,,,,$30.00,30,$28.50,28.5,No,False
695c335de6dc4049730f976a,"<span class=""695c32e18c1c28d3136ab815"" data-kn=""connection-value"">WOSPORT L4G24 夜视仪支架（铝合金版）-淘宝网</span>","[{'id': '695c32e18c1c28d3136ab815', 'identifier': 'WOSPORT L4G24 夜视仪支架（铝合金版）-淘宝网'}]",Active,Active,S / Duty Belt Pad,S / Duty Belt Pad,,,,,,,Yes,True,,,01/05/2026 16:55,"{'date': '01/05/2026', 'date_formatted': '01/05/2026', 'hours': '04', 'minutes': '55', 'am_pm': 'PM', 'unix_timestamp': 1767632100000, 'iso_timestamp': '2026-01-05T16:55:00.000Z', 'timestamp': '01/05/2026 04:55 pm', 'time': 1015, 'time_formatted': '16:55', 'proper_unix_timestamp': 1767650100000, 'proper_iso_timestamp': '2026-01-05T21:55:00.000Z'}",01/05/2026 16:55,"{'date': '01/05/2026', 'date_formatted': '01/05/2026', 'hours': '04', 'minutes': '55', 'am_pm': 'PM', 'unix_timestamp': 1767632100000, 'iso_timestamp': '2026-01-05T16:55:00.000Z', 'timestamp': '01/05/2026 04:55 pm', 'time': 1015, 'time_formatted': '16:55', 'proper_unix_timestamp': 1767650100000, 'proper_iso_timestamp': '2026-01-05T21:55:00.000Z'}",Style,Style,S / Duty Belt Pad,S / Duty Belt Pad,,,,,65,65,$30.00,30,No,False,,,,,29.99,29.99,,,29.80,29.8,13.10,13.1,No,False,,,Yes,True,,,,,,,$30.00,30,$18.05,18.05,No,False
695c335c8b911985b129ae0b,"<span class=""695c32e18c1c28d3136ab815"" data-kn=""connection-value"">WOSPORT L4G24 夜视仪支架（铝合金版）-淘宝网</span>","[{'id': '695c32e18c1c28d3136ab815', 'identifier': 'WOSPORT L4G24 夜视仪支架（铝合金版）-淘宝网'}]",Active,Active,S / Outer Duty Belt + Duty Belt Pad,S / Outer Duty Belt + Duty Belt Pad,,,,,,,Yes,True,,,01/05/2026 16:55,"{'date': '01/05/2026', 'date_formatted': '01/05/2026', 'hours': '04', 'minutes': '55', 'am_pm': 'PM', 'unix_timestamp': 1767632100000, 'iso_timestamp': '2026-01-05T16:55:00.000Z', 'timestamp': '01/05/2026 04:55 pm', 'time': 1015, 'time_formatted': '16:55', 'proper_unix_timestamp': 1767650100000, 'proper_iso_timestamp': '2026-01-05T21:55:00.000Z'}",01/05/2026 16:55,"{'date': '01/05/2026', 'date_formatted': '01/05/2026', 'hours': '04', 'minutes': '55', 'am_pm': 'PM', 'unix_timestamp': 1767632100000, 'iso_timestamp': '2026-01-05T16:55:00.000Z', 'timestamp': '01/05/2026 04:55 pm', 'time': 1015, 'time_formatted': '16:55', 'proper_unix_timestamp': 1767650100000, 'proper_iso_timestamp': '2026-01-05T21:55:00.000Z'}",Style,Style,S / Outer Duty Belt + Duty Belt Pad,S / Outer Duty Belt + Duty Belt Pad,,,,,107,107,$30.00,30,No,False,,,,,42.99,42.99,,,29.50,29.5,12.70,12.7,No,False,,,Yes,True,,,,,,,$30.00,30,$26.03,26.03,No,False
695c335c7051e7c103502c68,"<span class=""695c32e18c1c28d3136ab815"" data-kn=""connection-value"">WOSPORT L4G24 夜视仪支架（铝合金版）-淘宝网</span>","[{'id': '695c32e18c1c28d3136ab815', 'identifier': 'WOSPORT L4G24 夜视仪支架（铝合金版）-淘宝网'}]",Active,Active,S / Outer Duty Belt + Duty Belt Pad + Inner Belt,S / Outer Duty Belt + Duty Belt Pad + Inner Belt,,,,,,,Yes,True,,,01/05/2026 16:55,"{'date': '01/05/2026', 'date_formatted': '01/05/2026', 'hours': '04', 'minutes': '55', 'am_pm': 'PM', 'unix_timestamp': 1767632100000, 'iso_timestamp': '2026-01-05T16:55:00.000Z', 'timestamp': '01/05/2026 04:55 pm', 'time': 1015, 'time_formatted': '16:55', 'proper_unix_timestamp': 1767650100000, 'proper_iso_timestamp': '2026-01-05T21:55:00.000Z'}",01/05/2026 16:55,"{'date': '01/05/2026', 'date_formatted': '01/05/2026', 'hours': '04', 'minutes': '55', 'am_pm': 'PM', 'unix_timestamp': 1767632100000, 'iso_timestamp': '2026-01-05T16:55:00.000Z', 'timestamp': '01/05/2026 04:55 pm', 'time': 1015, 'time_formatted': '16:55', 'proper_unix_timestamp': 1767650100000, 'proper_iso_timestamp': '2026-01-05T21:55:00.000Z'}",Style,Style,S / Outer Duty Belt + Duty Belt Pad + Inner Belt,S / Outer Duty Belt + Duty Belt Pad + Inner Belt,,,,,145,145,$30.00,30,No,False,,,,,54.99,54.99,,,29.50,29.5,12.80,12.8,No,False,,,Yes,True,,,,,,,$30.00,30,$33.25,33.25,No,False
695c335c9cd3039a824fb425,"<span class=""695c32d94e794334fd502205"" data-kn=""connection-value"">Tactical New White 8-Piece Set (Security Patrol Duty Belt, Quick Release Locking Holster)</span>","[{'id': '695c32d94e794334fd502205', 'identifier': 'Tactical New White 8-Piece Set (Security Patrol Duty Belt, Quick Release Locking Holster)'}]",Active,Active,S / Quick Release 92/92G Double Retention Holster,S / Quick Release 92/92G Double Retention Holster,,,,,,,Yes,True,,,01/05/2026 16:55,"{'date': '01/05/2026', 'date_formatted': '01/05/2026', 'hours': '04', 'minutes': '55', 'am_pm': 'PM', 'unix_timestamp': 1767632100000, 'iso_timestamp': '2026-01-05T16:55:00.000Z', 'timestamp': '01/05/2026 04:55 pm', 'time': 1015, 'time_formatted': '16:55', 'proper_unix_timestamp': 1767650100000, 'proper_iso_timestamp': '2026-01-05T21:55:00.000Z'}",01/05/2026 16:55,"{'date': '01/05/2026', 'date_formatted': '01/05/2026', 'hours': '04', 'minutes': '55', 'am_pm': 'PM', 'unix_timestamp': 1767632100000, 'iso_timestamp': '2026-01-05T16:55:00.000Z', 'timestamp': '01/05/2026 04:55 pm', 'time': 1015, 'time_formatted': '16:55', 'proper_unix_timestamp': 1767650100000, 'proper_iso_timestamp': '2026-01-05T21:55:00.000Z'}",Style,Style,S / Quick Release 92/92G Double Retention Holster,S / Quick Release 92/92G Double Retention Holster,,,,,65,65,$30.00,30,No,False,,,,,29.99,29.99,,,29.80,29.8,13.10,13.1,No,False,,,Yes,True,,,,,,,$30.00,30,$18.05,18.05,No,False
695c335bb3a75d879c340e32,"<span class=""695c32e18c1c28d3136ab815"" data-kn=""connection-value"">WOSPORT L4G24 夜视仪支架（铝合金版）-淘宝网</span>","[{'id': '695c32e18c1c28d3136ab815', 'identifier': 'WOSPORT L4G24 夜视仪支架（铝合金版）-淘宝网'}]",Active,Active,S / Side Opening Quick Release Locking Baton Pouch,S / Side Opening Quick Release Locking Baton Pouch,,,,,,,Yes,True,,,01/05/2026 16:55,"{'date': '01/05/2026', 'date_formatted': '01/05/2026', 'hours': '04', 'minutes': '55', 'am_pm': 'PM', 'unix_timestamp': 1767632100000, 'iso_timestamp': '2026-01-05T16:55:00.000Z', 'timestamp': '01/05/2026 04:55 pm', 'time': 1015, 'time_formatted': '16:55', 'proper_unix_timestamp': 1767650100000, 'proper_iso_timestamp': '2026-01-05T21:55:00.000Z'}",01/05/2026 16:55,"{'date': '01/05/2026', 'date_formatted': '01/05/2026', 'hours': '04', 'minutes': '55', 'am_pm': 'PM', 'unix_timestamp': 1767632100000, 'iso_timestamp': '2026-01-05T16:55:00.000Z', 'timestamp': '01/05/2026 04:55 pm', 'time': 1015, 'time_formatted': '16:55', 'proper_unix_timestamp': 1767650100000, 'proper_iso_timestamp': '2026-01-05T21:55:00.000Z'}",Style,Style,S / Side Opening Quick Release Locking Baton Pouch,S / Side Opening Quick Release Locking Baton Pouch,,,,,48,48,$30.00,30,No,False,,,,,24.99,24.99,,,30.70,30.7,14.10,14.1,No,False,,,Yes,True,,,,,,,$30.00,30,$14.82,14.82,No,False
695c335b77fe252e9b1bc5bf,"<span class=""695c32e18c1c28d3136ab815"" data-kn=""connection-value"">WOSPORT L4G24 夜视仪支架（铝合金版）-淘宝网</span>","[{'id': '695c32e18c1c28d3136ab815', 'identifier': 'WOSPORT L4G24 夜视仪支架（铝合金版）-淘宝网'}]",Active,Active,S / Side Opening Quick Release Locking Flashlight Pouch,S / Side Opening Quick Release Locking Flashlight Pouch,,,,,,,Yes,True,,,01/05/2026 16:55,"{'date': '01/05/2026', 'date_formatted': '01/05/2026', 'hours': '04', 'minutes': '55', 'am_pm': 'PM', 'unix_timestamp': 1767632100000, 'iso_timestamp': '2026-01-05T16:55:00.000Z', 'timestamp': '01/05/2026 04:55 pm', 'time': 1015, 'time_formatted': '16:55', 'proper_unix_timestamp': 1767650100000, 'proper_iso_timestamp': '2026-01-05T21:55:00.000Z'}",01/05/2026 16:55,"{'date': '01/05/2026', 'date_formatted': '01/05/2026', 'hours': '04', 'minutes': '55', 'am_pm': 'PM', 'unix_timestamp': 1767632100000, 'iso_timestamp': '2026-01-05T16:55:00.000Z', 'timestamp': '01/05/2026 04:55 pm', 'time': 1015, 'time_formatted': '16:55', 'proper_unix_timestamp': 1767650100000, 'proper_iso_timestamp': '2026-01-05T21:55:00.000Z'}",Style,Style,S / Side Opening Quick Release Locking Flashlight Pouch,S / Side Opening Quick Release Locking Flashlight Pouch,,,,,48,48,$30.00,30,No,False,,,,,24.99,24.99,,,30.70,30.7,14.10,14.1,No,False,,,Yes,True,,,,,,,$30.00,30,$14.82,14.82,No,False
695c335b4702b73a6461fcd5,"<span class=""695c32e18c1c28d3136ab815"" data-kn=""connection-value"">WOSPORT L4G24 夜视仪支架（铝合金版）-淘宝网</span>","[{'id': '695c32e18c1c28d3136ab815', 'identifier': 'WOSPORT L4G24 夜视仪支架（铝合金版）-淘宝网'}]",Active,Active,S / Side Opening Quick Release Locking Spray Pouch,S / Side Opening Quick Release Locking Spray Pouch,,,,,,,Yes,True,,,01/05/2026 16:55,"{'date': '01/05/2026', 'date_formatted': '01/05/2026', 'hours': '04', 'minutes': '55', 'am_pm': 'PM', 'unix_timestamp': 1767632100000, 'iso_timestamp': '2026-01-05T16:55:00.000Z', 'timestamp': '01/05/2026 04:55 pm', 'time': 1015, 'time_formatted': '16:55', 'proper_unix_timestamp': 1767650100000, 'proper_iso_timestamp': '2026-01-05T21:55:00.000Z'}",01/05/2026 16:55,"{'date': '01/05/2026', 'date_formatted': '01/05/2026', 'hours': '04', 'minutes': '55', 'am_pm': 'PM', 'unix_timestamp': 1767632100000, 'iso_timestamp': '2026-01-05T16:55:00.000Z', 'timestamp': '01/05/2026 04:55 pm', 'time': 1015, 'time_formatted': '16:55', 'proper_unix_timestamp': 1767650100000, 'proper_iso_timestamp': '2026-01-05T21:55:00.000Z'}",Style,Style,S / Side Opening Quick Release Locking Spray Pouch,S / Side Opening Quick Release Locking Spray Pouch,,,,,48,48,$30.00,30,No,False,,,,,24.99,24.99,,,30.70,30.7,14.10,14.1,No,False,,,Yes,True,,,,,,,$30.00,30,$14.82,14.82,No,False
695c335a26e6116796e43579,"<span class=""695c32d94e794334fd502205"" data-kn=""connection-value"">Tactical New White 8-Piece Set (Security Patrol Duty Belt, Quick Release Locking Holster)</span>","[{'id': '695c32d94e794334fd502205', 'identifier': 'Tactical New White 8-Piece Set (Security Patrol Duty Belt, Quick Release Locking Holster)'}]",Active,Active,S / Quick Release Universal Handcuff Pouch,S / Quick Release Universal Handcuff Pouch,,,,,,,Yes,True,,,01/05/2026 16:55,"{'date': '01/05/2026', 'date_formatted': '01/05/2026', 'hours': '04', 'minutes': '55', 'am_pm': 'PM', 'unix_timestamp': 1767632100000, 'iso_timestamp': '2026-01-05T16:55:00.000Z', 'timestamp': '01/05/2026 04:55 pm', 'time': 1015, 'time_formatted': '16:55', 'proper_unix_timestamp': 1767650100000, 'proper_iso_timestamp': '2026-01-05T21:55:00.000Z'}",01/05/2026 16:55,"{'date': '01/05/2026', 'date_formatted': '01/05/2026', 'hours': '04', 'minutes': '55', 'am_pm': 'PM', 'unix_timestamp': 1767632100000, 'iso_timestamp': '2026-01-05T16:55:00.000Z', 'timestamp': '01/05/2026 04:55 pm', 'time': 1015, 'time_formatted': '16:55', 'proper_unix_timestamp': 1767650100000, 'proper_iso_timestamp': '2026-01-05T21:55:00.000Z'}",Style,Style,S / Quick Release Universal Handcuff Pouch,S / Quick Release Universal Handcuff Pouch,,,,,58,58,$30.00,30,No,False,,,,,27.99,27.99,,,30.30,30.3,13.60,13.6,No,False,,,Yes,True,,,,,,,$30.00,30,$16.72,16.72,No,False
695c335ae4ecfd80d0d76b57,"<span class=""695c32e18c1c28d3136ab815"" data-kn=""connection-value"">WOSPORT L4G24 夜视仪支架（铝合金版）-淘宝网</span>","[{'id': '695c32e18c1c28d3136ab815', 'identifier': 'WOSPORT L4G24 夜视仪支架（铝合金版）-淘宝网'}]",Active,Active,S / Admin Pouch,S / Admin Pouch,,,,,,,Yes,True,,,01/05/2026 16:55,"{'date': '01/05/2026', 'date_formatted': '01/05/2026', 'hours': '04', 'minutes': '55', 'am_pm': 'PM', 'unix_timestamp': 1767632100000, 'iso_timestamp': '2026-01-05T16:55:00.000Z', 'timestamp': '01/05/2026 04:55 pm', 'time': 1015, 'time_formatted': '16:55', 'proper_unix_timestamp': 1767650100000, 'proper_iso_timestamp': '2026-01-05T21:55:00.000Z'}",01/05/2026 16:55,"{'date': '01/05/2026', 'date_formatted': '01/05/2026', 'hours': '04', 'minutes': '55', 'am_pm': 'PM', 'unix_timestamp': 1767632100000, 'iso_timestamp': '2026-01-05T16:55:00.000Z', 'timestamp': '01/05/2026 04:55 pm', 'time': 1015, 'time_formatted': '16:55', 'proper_unix_timestamp': 1767650100000, 'proper_iso_timestamp': '2026-01-05T21:55:00.000Z'}",Style,Style,S / Admin Pouch,S / Admin Pouch,,,,,55,55,$30.00,30,No,False,,,,,26.99,26.99,,,30.20,30.2,13.50,13.5,No,False,,,Yes,True,,,,,,,$30.00,30,$16.15,16.15,No,False
695c335a5dd70f9684df6f82,"<span class=""695c32d94e794334fd502205"" data-kn=""connection-value"">Tactical New White 8-Piece Set (Security Patrol Duty Belt, Quick Release Locking Holster)</span>","[{'id': '695c32d94e794334fd502205', 'identifier': 'Tactical New White 8-Piece Set (Security Patrol Duty Belt, Quick Release Locking Holster)'}]",Active,Active,S / Canteen Pouch,S / Canteen Pouch,,,,,,,Yes,True,,,01/05/2026 16:55,"{'date': '01/05/2026', 'date_formatted': '01/05/2026', 'hours': '04', 'minutes': '55', 'am_pm': 'PM', 'unix_timestamp': 1767632100000, 'iso_timestamp': '2026-01-05T16:55:00.000Z', 'timestamp': '01/05/2026 04:55 pm', 'time': 1015, 'time_formatted': '16:55', 'proper_unix_timestamp': 1767650100000, 'proper_iso_timestamp': '2026-01-05T21:55:00.000Z'}",01/05/2026 16:55,"{'date': '01/05/2026', 'date_formatted': '01/05/2026', 'hours': '04', 'minutes': '55', 'am_pm': 'PM', 'unix_timestamp': 1767632100000, 'iso_timestamp': '2026-01-05T16:55:00.000Z', 'timestamp': '01/05/2026 04:55 pm', 'time': 1015, 'time_formatted': '16:55', 'proper_unix_timestamp': 1767650100000, 'proper_iso_timestamp': '2026-01-05T21:55:00.000Z'}",Style,Style,S / Canteen Pouch,S / Canteen Pouch,,,,,58,58,$30.00,30,No,False,,,,,27.99,27.99,,,30.30,30.3,13.60,13.6,No,False,,,Yes,True,,,,,,,$30.00,30,$16.72,16.72,No,False
695c33591ad01942ad9d848c,"<span class=""695c32d94e794334fd502205"" data-kn=""connection-value"">Tactical New White 8-Piece Set (Security Patrol Duty Belt, Quick Release Locking Holster)</span>","[{'id': '695c32d94e794334fd502205', 'identifier': 'Tactical New White 8-Piece Set (Security Patrol Duty Belt, Quick Release Locking Holster)'}]",Active,Active,S / Quick Release D-Clip Pouch,S / Quick Release D-Clip Pouch,,,,,,,Yes,True,,,01/05/2026 16:55,"{'date': '01/05/2026', 'date_formatted': '01/05/2026', 'hours': '04', 'minutes': '55', 'am_pm': 'PM', 'unix_timestamp': 1767632100000, 'iso_timestamp': '2026-01-05T16:55:00.000Z', 'timestamp': '01/05/2026 04:55 pm', 'time': 1015, 'time_formatted': '16:55', 'proper_unix_timestamp': 1767650100000, 'proper_iso_timestamp': '2026-01-05T21:55:00.000Z'}",01/05/2026 16:55,"{'date': '01/05/2026', 'date_formatted': '01/05/2026', 'hours': '04', 'minutes': '55', 'am_pm': 'PM', 'unix_timestamp': 1767632100000, 'iso_timestamp': '2026-01-05T16:55:00.000Z', 'timestamp': '01/05/2026 04:55 pm', 'time': 1015, 'time_formatted': '16:55', 'proper_unix_timestamp': 1767650100000, 'proper_iso_timestamp': '2026-01-05T21:55:00.000Z'}",Style,Style,S / Quick Release D-Clip Pouch,S / Quick Release D-Clip Pouch,,,,,48,48,$30.00,30,No,False,,,,,24.99,24.99,,,30.70,30.7,14.10,14.1,No,False,,,Yes,True,,,,,,,$30.00,30,$14.82,14.82,No,False
695c33599cd3039a824f8a1e,"<span class=""695c32d94e794334fd502205"" data-kn=""connection-value"">Tactical New White 8-Piece Set (Security Patrol Duty Belt, Quick Release Locking Holster)</span>","[{'id': '695c32d94e794334fd502205', 'identifier': 'Tactical New White 8-Piece Set (Security Patrol Duty Belt, Quick Release Locking Holster)'}]",Active,Active,M / Style A Set,M / Style A Set,,,,,,,Yes,True,,,01/05/2026 16:55,"{'date': '01/05/2026', 'date_formatted': '01/05/2026', 'hours': '04', 'minutes': '55', 'am_pm': 'PM', 'unix_timestamp': 1767632100000, 'iso_timestamp': '2026-01-05T16:55:00.000Z', 'timestamp': '01/05/2026 04:55 pm', 'time': 1015, 'time_formatted': '16:55', 'proper_unix_timestamp': 1767650100000, 'proper_iso_timestamp': '2026-01-05T21:55:00.000Z'}",01/05/2026 16:55,"{'date': '01/05/2026', 'date_formatted': '01/05/2026', 'hours': '04', 'minutes': '55', 'am_pm': 'PM', 'unix_timestamp': 1767632100000, 'iso_timestamp': '2026-01-05T16:55:00.000Z', 'timestamp': '01/05/2026 04:55 pm', 'time': 1015, 'time_formatted': '16:55', 'proper_unix_timestamp': 1767650100000, 'proper_iso_timestamp': '2026-01-05T21:55:00.000Z'}",Style,Style,M / Style A Set,M / Style A Set,,,,,202,202,$30.00,30,No,False,,,,,72.99,72.99,,,29.60,29.6,12.90,12.9,No,False,,,Yes,True,,,,,,,$30.00,30,$44.08,44.08,No,False
695c3358c71160ba194f27c1,"<span class=""695c32d94e794334fd502205"" data-kn=""connection-value"">Tactical New White 8-Piece Set (Security Patrol Duty Belt, Quick Release Locking Holster)</span>","[{'id': '695c32d94e794334fd502205', 'identifier': 'Tactical New White 8-Piece Set (Security Patrol Duty Belt, Quick Release Locking Holster)'}]",Active,Active,"M / Quick Release Locking Baton, Spray, Flashlight, Handcuff Pouch 4-Piece Set","M / Quick Release Locking Baton, Spray, Flashlight, Handcuff Pouch 4-Piece Set",,,,,,,Yes,True,,,01/05/2026 16:55,"{'date': '01/05/2026', 'date_formatted': '01/05/2026', 'hours': '04', 'minutes': '55', 'am_pm': 'PM', 'unix_timestamp': 1767632100000, 'iso_timestamp': '2026-01-05T16:55:00.000Z', 'timestamp': '01/05/2026 04:55 pm', 'time': 1015, 'time_formatted': '16:55', 'proper_unix_timestamp': 1767650100000, 'proper_iso_timestamp': '2026-01-05T21:55:00.000Z'}",01/05/2026 16:55,"{'date': '01/05/2026', 'date_formatted': '01/05/2026', 'hours': '04', 'minutes': '55', 'am_pm': 'PM', 'unix_timestamp': 1767632100000, 'iso_timestamp': '2026-01-05T16:55:00.000Z', 'timestamp': '01/05/2026 04:55 pm', 'time': 1015, 'time_formatted': '16:55', 'proper_unix_timestamp': 1767650100000, 'proper_iso_timestamp': '2026-01-05T21:55:00.000Z'}",Style,Style,"M / Quick Release Locking Baton, Spray, Flashlight, Handcuff Pouch 4-Piece Set","M / Quick Release Locking Baton, Spray, Flashlight, Handcuff Pouch 4-Piece Set",,,,,160,160,$30.00,30,No,False,,,,,59.99,59.99,,,29.80,29.8,13.10,13.1,No,False,,,Yes,True,,,,,,,$30.00,30,$36.10,36.1,No,False
695c335837eef90c93b30d08,"<span class=""695c32d94e794334fd502205"" data-kn=""connection-value"">Tactical New White 8-Piece Set (Security Patrol Duty Belt, Quick Release Locking Holster)</span>","[{'id': '695c32d94e794334fd502205', 'identifier': 'Tactical New White 8-Piece Set (Security Patrol Duty Belt, Quick Release Locking Holster)'}]",Active,Active,"M / Quick Release Locking Baton, Spray, Flashlight Pouch 3-Piece Set","M / Quick Release Locking Baton, Spray, Flashlight Pouch 3-Piece Set",,,,,,,Yes,True,,,01/05/2026 16:55,"{'date': '01/05/2026', 'date_formatted': '01/05/2026', 'hours': '04', 'minutes': '55', 'am_pm': 'PM', 'unix_timestamp': 1767632100000, 'iso_timestamp': '2026-01-05T16:55:00.000Z', 'timestamp': '01/05/2026 04:55 pm', 'time': 1015, 'time_formatted': '16:55', 'proper_unix_timestamp': 1767650100000, 'proper_iso_timestamp': '2026-01-05T21:55:00.000Z'}",01/05/2026 16:55,"{'date': '01/05/2026', 'date_formatted': '01/05/2026', 'hours': '04', 'minutes': '55', 'am_pm': 'PM', 'unix_timestamp': 1767632100000, 'iso_timestamp': '2026-01-05T16:55:00.000Z', 'timestamp': '01/05/2026 04:55 pm', 'time': 1015, 'time_formatted': '16:55', 'proper_unix_timestamp': 1767650100000, 'proper_iso_timestamp': '2026-01-05T21:55:00.000Z'}",Style,Style,"M / Quick Release Locking Baton, Spray, Flashlight Pouch 3-Piece Set","M / Quick Release Locking Baton, Spray, Flashlight Pouch 3-Piece Set",,,,,120,120,$30.00,30,No,False,,,,,46.99,46.99,,,29.30,29.3,12.60,12.6,No,False,,,Yes,True,,,,,,,$30.00,30,$28.50,28.5,No,False
695c3358aae7b5b062d363c2,"<span class=""695c32d94e794334fd502205"" data-kn=""connection-value"">Tactical New White 8-Piece Set (Security Patrol Duty Belt, Quick Release Locking Holster)</span>","[{'id': '695c32d94e794334fd502205', 'identifier': 'Tactical New White 8-Piece Set (Security Patrol Duty Belt, Quick Release Locking Holster)'}]",Active,Active,M / Duty Belt Pad,M / Duty Belt Pad,,,,,,,Yes,True,,,01/05/2026 16:55,"{'date': '01/05/2026', 'date_formatted': '01/05/2026', 'hours': '04', 'minutes': '55', 'am_pm': 'PM', 'unix_timestamp': 1767632100000, 'iso_timestamp': '2026-01-05T16:55:00.000Z', 'timestamp': '01/05/2026 04:55 pm', 'time': 1015, 'time_formatted': '16:55', 'proper_unix_timestamp': 1767650100000, 'proper_iso_timestamp': '2026-01-05T21:55:00.000Z'}",01/05/2026 16:55,"{'date': '01/05/2026', 'date_formatted': '01/05/2026', 'hours': '04', 'minutes': '55', 'am_pm': 'PM', 'unix_timestamp': 1767632100000, 'iso_timestamp': '2026-01-05T16:55:00.000Z', 'timestamp': '01/05/2026 04:55 pm', 'time': 1015, 'time_formatted': '16:55', 'proper_unix_timestamp': 1767650100000, 'proper_iso_timestamp': '2026-01-05T21:55:00.000Z'}",Style,Style,M / Duty Belt Pad,M / Duty Belt Pad,,,,,65,65,$30.00,30,No,False,,,,,29.99,29.99,,,29.80,29.8,13.10,13.1,No,False,,,Yes,True,,,,,,,$30.00,30,$18.05,18.05,No,False
695c3357913f62399ce5cbbe,"<span class=""695c32d94e794334fd502205"" data-kn=""connection-value"">Tactical New White 8-Piece Set (Security Patrol Duty Belt, Quick Release Locking Holster)</span>","[{'id': '695c32d94e794334fd502205', 'identifier': 'Tactical New White 8-Piece Set (Security Patrol Duty Belt, Quick Release Locking Holster)'}]",Active,Active,M / Outer Duty Belt + Duty Belt Pad,M / Outer Duty Belt + Duty Belt Pad,,,,,,,Yes,True,,,01/05/2026 16:55,"{'date': '01/05/2026', 'date_formatted': '01/05/2026', 'hours': '04', 'minutes': '55', 'am_pm': 'PM', 'unix_timestamp': 1767632100000, 'iso_timestamp': '2026-01-05T16:55:00.000Z', 'timestamp': '01/05/2026 04:55 pm', 'time': 1015, 'time_formatted': '16:55', 'proper_unix_timestamp': 1767650100000, 'proper_iso_timestamp': '2026-01-05T21:55:00.000Z'}",01/05/2026 16:55,"{'date': '01/05/2026', 'date_formatted': '01/05/2026', 'hours': '04', 'minutes': '55', 'am_pm': 'PM', 'unix_timestamp': 1767632100000, 'iso_timestamp': '2026-01-05T16:55:00.000Z', 'timestamp': '01/05/2026 04:55 pm', 'time': 1015, 'time_formatted': '16:55', 'proper_unix_timestamp': 1767650100000, 'proper_iso_timestamp': '2026-01-05T21:55:00.000Z'}",Style,Style,M / Outer Duty Belt + Duty Belt Pad,M / Outer Duty Belt + Duty Belt Pad,,,,,107,107,$30.00,30,No,False,,,,,42.99,42.99,,,29.50,29.5,12.70,12.7,No,False,,,Yes,True,,,,,,,$30.00,30,$26.03,26.03,No,False
695c3357b3a75d879c33e0d9,"<span class=""695c32d94e794334fd502205"" data-kn=""connection-value"">Tactical New White 8-Piece Set (Security Patrol Duty Belt, Quick Release Locking Holster)</span>","[{'id': '695c32d94e794334fd502205', 'identifier': 'Tactical New White 8-Piece Set (Security Patrol Duty Belt, Quick Release Locking Holster)'}]",Active,Active,M / Outer Duty Belt + Duty Belt Pad + Inner Belt,M / Outer Duty Belt + Duty Belt Pad + Inner Belt,,,,,,,Yes,True,,,01/05/2026 16:55,"{'date': '01/05/2026', 'date_formatted': '01/05/2026', 'hours': '04', 'minutes': '55', 'am_pm': 'PM', 'unix_timestamp': 1767632100000, 'iso_timestamp': '2026-01-05T16:55:00.000Z', 'timestamp': '01/05/2026 04:55 pm', 'time': 1015, 'time_formatted': '16:55', 'proper_unix_timestamp': 1767650100000, 'proper_iso_timestamp': '2026-01-05T21:55:00.000Z'}",01/05/2026 16:55,"{'date': '01/05/2026', 'date_formatted': '01/05/2026', 'hours': '04', 'minutes': '55', 'am_pm': 'PM', 'unix_timestamp': 1767632100000, 'iso_timestamp': '2026-01-05T16:55:00.000Z', 'timestamp': '01/05/2026 04:55 pm', 'time': 1015, 'time_formatted': '16:55', 'proper_unix_timestamp': 1767650100000, 'proper_iso_timestamp': '2026-01-05T21:55:00.000Z'}",Style,Style,M / Outer Duty Belt + Duty Belt Pad + Inner Belt,M / Outer Duty Belt + Duty Belt Pad + Inner Belt,,,,,145,145,$30.00,30,No,False,,,,,54.99,54.99,,,29.50,29.5,12.80,12.8,No,False,,,Yes,True,,,,,,,$30.00,30,$33.25,33.25,No,False
695c3356985ba8f52548f163,"<span class=""695c32d94e794334fd502205"" data-kn=""connection-value"">Tactical New White 8-Piece Set (Security Patrol Duty Belt, Quick Release Locking Holster)</span>","[{'id': '695c32d94e794334fd502205', 'identifier': 'Tactical New White 8-Piece Set (Security Patrol Duty Belt, Quick Release Locking Holster)'}]",Active,Active,M / Quick Release 92/92G Double Retention Holster,M / Quick Release 92/92G Double Retention Holster,,,,,,,Yes,True,,,01/05/2026 16:55,"{'date': '01/05/2026', 'date_formatted': '01/05/2026', 'hours': '04', 'minutes': '55', 'am_pm': 'PM', 'unix_timestamp': 1767632100000, 'iso_timestamp': '2026-01-05T16:55:00.000Z', 'timestamp': '01/05/2026 04:55 pm', 'time': 1015, 'time_formatted': '16:55', 'proper_unix_timestamp': 1767650100000, 'proper_iso_timestamp': '2026-01-05T21:55:00.000Z'}",01/05/2026 16:55,"{'date': '01/05/2026', 'date_formatted': '01/05/2026', 'hours': '04', 'minutes': '55', 'am_pm': 'PM', 'unix_timestamp': 1767632100000, 'iso_timestamp': '2026-01-05T16:55:00.000Z', 'timestamp': '01/05/2026 04:55 pm', 'time': 1015, 'time_formatted': '16:55', 'proper_unix_timestamp': 1767650100000, 'proper_iso_timestamp': '2026-01-05T21:55:00.000Z'}",Style,Style,M / Quick Release 92/92G Double Retention Holster,M / Quick Release 92/92G Double Retention Holster,,,,,65,65,$30.00,30,No,False,,,,,29.99,29.99,,,29.80,29.8,13.10,13.1,No,False,,,Yes,True,,,,,,,$30.00,30,$18.05,18.05,No,False
695c33562bad95469c551386,"<span class=""695c32d94e794334fd502205"" data-kn=""connection-value"">Tactical New White 8-Piece Set (Security Patrol Duty Belt, Quick Release Locking Holster)</span>","[{'id': '695c32d94e794334fd502205', 'identifier': 'Tactical New White 8-Piece Set (Security Patrol Duty Belt, Quick Release Locking Holster)'}]",Active,Active,M / Side Opening Quick Release Locking Baton Pouch,M / Side Opening Quick Release Locking Baton Pouch,,,,,,,Yes,True,,,01/05/2026 16:55,"{'date': '01/05/2026', 'date_formatted': '01/05/2026', 'hours': '04', 'minutes': '55', 'am_pm': 'PM', 'unix_timestamp': 1767632100000, 'iso_timestamp': '2026-01-05T16:55:00.000Z', 'timestamp': '01/05/2026 04:55 pm', 'time': 1015, 'time_formatted': '16:55', 'proper_unix_timestamp': 1767650100000, 'proper_iso_timestamp': '2026-01-05T21:55:00.000Z'}",01/05/2026 16:55,"{'date': '01/05/2026', 'date_formatted': '01/05/2026', 'hours': '04', 'minutes': '55', 'am_pm': 'PM', 'unix_timestamp': 1767632100000, 'iso_timestamp': '2026-01-05T16:55:00.000Z', 'timestamp': '01/05/2026 04:55 pm', 'time': 1015, 'time_formatted': '16:55', 'proper_unix_timestamp': 1767650100000, 'proper_iso_timestamp': '2026-01-05T21:55:00.000Z'}",Style,Style,M / Side Opening Quick Release Locking Baton Pouch,M / Side Opening Quick Release Locking Baton Pouch,,,,,48,48,$30.00,30,No,False,,,,,24.99,24.99,,,30.70,30.7,14.10,14.1,No,False,,,Yes,True,,,,,,,$30.00,30,$14.82,14.82,No,False
695c3354d745a52edae42556,"<span class=""695c32d94e794334fd502205"" data-kn=""connection-value"">Tactical New White 8-Piece Set (Security Patrol Duty Belt, Quick Release Locking Holster)</span>","[{'id': '695c32d94e794334fd502205', 'identifier': 'Tactical New White 8-Piece Set (Security Patrol Duty Belt, Quick Release Locking Holster)'}]",Active,Active,M / Side Opening Quick Release Locking Flashlight Pouch,M / Side Opening Quick Release Locking Flashlight Pouch,,,,,,,Yes,True,,,01/05/2026 16:55,"{'date': '01/05/2026', 'date_formatted': '01/05/2026', 'hours': '04', 'minutes': '55', 'am_pm': 'PM', 'unix_timestamp': 1767632100000, 'iso_timestamp': '2026-01-05T16:55:00.000Z', 'timestamp': '01/05/2026 04:55 pm', 'time': 1015, 'time_formatted': '16:55', 'proper_unix_timestamp': 1767650100000, 'proper_iso_timestamp': '2026-01-05T21:55:00.000Z'}",01/05/2026 16:55,"{'date': '01/05/2026', 'date_formatted': '01/05/2026', 'hours': '04', 'minutes': '55', 'am_pm': 'PM', 'unix_timestamp': 1767632100000, 'iso_timestamp': '2026-01-05T16:55:00.000Z', 'timestamp': '01/05/2026 04:55 pm', 'time': 1015, 'time_formatted': '16:55', 'proper_unix_timestamp': 1767650100000, 'proper_iso_timestamp': '2026-01-05T21:55:00.000Z'}",Style,Style,M / Side Opening Quick Release Locking Flashlight Pouch,M / Side Opening Quick Release Locking Flashlight Pouch,,,,,48,48,$30.00,30,No,False,,,,,24.99,24.99,,,30.70,30.7,14.10,14.1,No,False,,,Yes,True,,,,,,,$30.00,30,$14.82,14.82,No,False
695c335477fe252e9b1bb7ce,"<span class=""695c32d94e794334fd502205"" data-kn=""connection-value"">Tactical New White 8-Piece Set (Security Patrol Duty Belt, Quick Release Locking Holster)</span>","[{'id': '695c32d94e794334fd502205', 'identifier': 'Tactical New White 8-Piece Set (Security Patrol Duty Belt, Quick Release Locking Holster)'}]",Active,Active,M / Side Opening Quick Release Locking Spray Pouch,M / Side Opening Quick Release Locking Spray Pouch,,,,,,,Yes,True,,,01/05/2026 16:55,"{'date': '01/05/2026', 'date_formatted': '01/05/2026', 'hours': '04', 'minutes': '55', 'am_pm': 'PM', 'unix_timestamp': 1767632100000, 'iso_timestamp': '2026-01-05T16:55:00.000Z', 'timestamp': '01/05/2026 04:55 pm', 'time': 1015, 'time_formatted': '16:55', 'proper_unix_timestamp': 1767650100000, 'proper_iso_timestamp': '2026-01-05T21:55:00.000Z'}",01/05/2026 16:55,"{'date': '01/05/2026', 'date_formatted': '01/05/2026', 'hours': '04', 'minutes': '55', 'am_pm': 'PM', 'unix_timestamp': 1767632100000, 'iso_timestamp': '2026-01-05T16:55:00.000Z', 'timestamp': '01/05/2026 04:55 pm', 'time': 1015, 'time_formatted': '16:55', 'proper_unix_timestamp': 1767650100000, 'proper_iso_timestamp': '2026-01-05T21:55:00.000Z'}",Style,Style,M / Side Opening Quick Release Locking Spray Pouch,M / Side Opening Quick Release Locking Spray Pouch,,,,,48,48,$30.00,30,No,False,,,,,24.99,24.99,,,30.70,30.7,14.10,14.1,No,False,,,Yes,True,,,,,,,$30.00,30,$14.82,14.82,No,False
695c3353c71160ba194f0f51,"<span class=""695c32d94e794334fd502205"" data-kn=""connection-value"">Tactical New White 8-Piece Set (Security Patrol Duty Belt, Quick Release Locking Holster)</span>","[{'id': '695c32d94e794334fd502205', 'identifier': 'Tactical New White 8-Piece Set (Security Patrol Duty Belt, Quick Release Locking Holster)'}]",Active,Active,M / Quick Release Universal Handcuff Pouch,M / Quick Release Universal Handcuff Pouch,,,,,,,Yes,True,,,01/05/2026 16:55,"{'date': '01/05/2026', 'date_formatted': '01/05/2026', 'hours': '04', 'minutes': '55', 'am_pm': 'PM', 'unix_timestamp': 1767632100000, 'iso_timestamp': '2026-01-05T16:55:00.000Z', 'timestamp': '01/05/2026 04:55 pm', 'time': 1015, 'time_formatted': '16:55', 'proper_unix_timestamp': 1767650100000, 'proper_iso_timestamp': '2026-01-05T21:55:00.000Z'}",01/05/2026 16:55,"{'date': '01/05/2026', 'date_formatted': '01/05/2026', 'hours': '04', 'minutes': '55', 'am_pm': 'PM', 'unix_timestamp': 1767632100000, 'iso_timestamp': '2026-01-05T16:55:00.000Z', 'timestamp': '01/05/2026 04:55 pm', 'time': 1015, 'time_formatted': '16:55', 'proper_unix_timestamp': 1767650100000, 'proper_iso_timestamp': '2026-01-05T21:55:00.000Z'}",Style,Style,M / Quick Release Universal Handcuff Pouch,M / Quick Release Universal Handcuff Pouch,,,,,58,58,$30.00,30,No,False,,,,,27.99,27.99,,,30.30,30.3,13.60,13.6,No,False,,,Yes,True,,,,,,,$30.00,30,$16.72,16.72,No,False
695c33532bad95469c5505c9,"<span class=""695c32e18c1c28d3136ab815"" data-kn=""connection-value"">WOSPORT L4G24 夜视仪支架（铝合金版）-淘宝网</span>","[{'id': '695c32e18c1c28d3136ab815', 'identifier': 'WOSPORT L4G24 夜视仪支架（铝合金版）-淘宝网'}]",Active,Active,M / Admin Pouch,M / Admin Pouch,,,,,,,Yes,True,,,01/05/2026 16:55,"{'date': '01/05/2026', 'date_formatted': '01/05/2026', 'hours': '04', 'minutes': '55', 'am_pm': 'PM', 'unix_timestamp': 1767632100000, 'iso_timestamp': '2026-01-05T16:55:00.000Z', 'timestamp': '01/05/2026 04:55 pm', 'time': 1015, 'time_formatted': '16:55', 'proper_unix_timestamp': 1767650100000, 'proper_iso_timestamp': '2026-01-05T21:55:00.000Z'}",01/05/2026 16:55,"{'date': '01/05/2026', 'date_formatted': '01/05/2026', 'hours': '04', 'minutes': '55', 'am_pm': 'PM', 'unix_timestamp': 1767632100000, 'iso_timestamp': '2026-01-05T16:55:00.000Z', 'timestamp': '01/05/2026 04:55 pm', 'time': 1015, 'time_formatted': '16:55', 'proper_unix_timestamp': 1767650100000, 'proper_iso_timestamp': '2026-01-05T21:55:00.000Z'}",Style,Style,M / Admin Pouch,M / Admin Pouch,,,,,55,55,$30.00,30,No,False,,,,,26.99,26.99,,,30.20,30.2,13.50,13.5,No,False,,,Yes,True,,,,,,,$30.00,30,$16.15,16.15,No,False
695c3353713127c96474a590,"<span class=""695c32d94e794334fd502205"" data-kn=""connection-value"">Tactical New White 8-Piece Set (Security Patrol Duty Belt, Quick Release Locking Holster)</span>","[{'id': '695c32d94e794334fd502205', 'identifier': 'Tactical New White 8-Piece Set (Security Patrol Duty Belt, Quick Release Locking Holster)'}]",Active,Active,M / Canteen Pouch,M / Canteen Pouch,,,,,,,Yes,True,,,01/05/2026 16:55,"{'date': '01/05/2026', 'date_formatted': '01/05/2026', 'hours': '04', 'minutes': '55', 'am_pm': 'PM', 'unix_timestamp': 1767632100000, 'iso_timestamp': '2026-01-05T16:55:00.000Z', 'timestamp': '01/05/2026 04:55 pm', 'time': 1015, 'time_formatted': '16:55', 'proper_unix_timestamp': 1767650100000, 'proper_iso_timestamp': '2026-01-05T21:55:00.000Z'}",01/05/2026 16:55,"{'date': '01/05/2026', 'date_formatted': '01/05/2026', 'hours': '04', 'minutes': '55', 'am_pm': 'PM', 'unix_timestamp': 1767632100000, 'iso_timestamp': '2026-01-05T16:55:00.000Z', 'timestamp': '01/05/2026 04:55 pm', 'time': 1015, 'time_formatted': '16:55', 'proper_unix_timestamp': 1767650100000, 'proper_iso_timestamp': '2026-01-05T21:55:00.000Z'}",Style,Style,M / Canteen Pouch,M / Canteen Pouch,,,,,58,58,$30.00,30,No,False,,,,,27.99,27.99,,,30.30,30.3,13.60,13.6,No,False,,,Yes,True,,,,,,,$30.00,30,$16.72,16.72,No,False
695c33522a4e1cd21b0f52a6,"<span class=""695c32d94e794334fd502205"" data-kn=""connection-value"">Tactical New White 8-Piece Set (Security Patrol Duty Belt, Quick Release Locking Holster)</span>","[{'id': '695c32d94e794334fd502205', 'identifier': 'Tactical New White 8-Piece Set (Security Patrol Duty Belt, Quick Release Locking Holster)'}]",Active,Active,M / QD D-ring Pouch,M / QD D-ring Pouch,,,,,,,Yes,True,,,01/05/2026 16:55,"{'date': '01/05/2026', 'date_formatted': '01/05/2026', 'hours': '04', 'minutes': '55', 'am_pm': 'PM', 'unix_timestamp': 1767632100000, 'iso_timestamp': '2026-01-05T16:55:00.000Z', 'timestamp': '01/05/2026 04:55 pm', 'time': 1015, 'time_formatted': '16:55', 'proper_unix_timestamp': 1767650100000, 'proper_iso_timestamp': '2026-01-05T21:55:00.000Z'}",01/05/2026 16:55,"{'date': '01/05/2026', 'date_formatted': '01/05/2026', 'hours': '04', 'minutes': '55', 'am_pm': 'PM', 'unix_timestamp': 1767632100000, 'iso_timestamp': '2026-01-05T16:55:00.000Z', 'timestamp': '01/05/2026 04:55 pm', 'time': 1015, 'time_formatted': '16:55', 'proper_unix_timestamp': 1767650100000, 'proper_iso_timestamp': '2026-01-05T21:55:00.000Z'}",Style,Style,M / QD D-ring Pouch,M / QD D-ring Pouch,,,,,48,48,$30.00,30,No,False,,,,,24.99,24.99,,,30.70,30.7,14.10,14.1,No,False,,,Yes,True,,,,,,,$30.00,30,$14.82,14.82,No,False
695c3352d31dc717397bef60,"<span class=""695c32d94e794334fd502205"" data-kn=""connection-value"">Tactical New White 8-Piece Set (Security Patrol Duty Belt, Quick Release Locking Holster)</span>","[{'id': '695c32d94e794334fd502205', 'identifier': 'Tactical New White 8-Piece Set (Security Patrol Duty Belt, Quick Release Locking Holster)'}]",Active,Active,L / Type A Set,L / Type A Set,,,,,,,Yes,True,,,01/05/2026 16:55,"{'date': '01/05/2026', 'date_formatted': '01/05/2026', 'hours': '04', 'minutes': '55', 'am_pm': 'PM', 'unix_timestamp': 1767632100000, 'iso_timestamp': '2026-01-05T16:55:00.000Z', 'timestamp': '01/05/2026 04:55 pm', 'time': 1015, 'time_formatted': '16:55', 'proper_unix_timestamp': 1767650100000, 'proper_iso_timestamp': '2026-01-05T21:55:00.000Z'}",01/05/2026 16:55,"{'date': '01/05/2026', 'date_formatted': '01/05/2026', 'hours': '04', 'minutes': '55', 'am_pm': 'PM', 'unix_timestamp': 1767632100000, 'iso_timestamp': '2026-01-05T16:55:00.000Z', 'timestamp': '01/05/2026 04:55 pm', 'time': 1015, 'time_formatted': '16:55', 'proper_unix_timestamp': 1767650100000, 'proper_iso_timestamp': '2026-01-05T21:55:00.000Z'}",Style,Style,L / Type A Set,L / Type A Set,,,,,202,202,$30.00,30,No,False,,,,,72.99,72.99,,,29.60,29.6,12.90,12.9,No,False,,,Yes,True,,,,,,,$30.00,30,$44.08,44.08,No,False
695c33511ad01942ad9cef47,"<span class=""695c32d94e794334fd502205"" data-kn=""connection-value"">Tactical New White 8-Piece Set (Security Patrol Duty Belt, Quick Release Locking Holster)</span>","[{'id': '695c32d94e794334fd502205', 'identifier': 'Tactical New White 8-Piece Set (Security Patrol Duty Belt, Quick Release Locking Holster)'}]",Active,Active,"L / QD Locking Baton, Pepper Spray, Flashlight, Handcuff 4-piece Set","L / QD Locking Baton, Pepper Spray, Flashlight, Handcuff 4-piece Set",,,,,,,Yes,True,,,01/05/2026 16:55,"{'date': '01/05/2026', 'date_formatted': '01/05/2026', 'hours': '04', 'minutes': '55', 'am_pm': 'PM', 'unix_timestamp': 1767632100000, 'iso_timestamp': '2026-01-05T16:55:00.000Z', 'timestamp': '01/05/2026 04:55 pm', 'time': 1015, 'time_formatted': '16:55', 'proper_unix_timestamp': 1767650100000, 'proper_iso_timestamp': '2026-01-05T21:55:00.000Z'}",01/05/2026 16:55,"{'date': '01/05/2026', 'date_formatted': '01/05/2026', 'hours': '04', 'minutes': '55', 'am_pm': 'PM', 'unix_timestamp': 1767632100000, 'iso_timestamp': '2026-01-05T16:55:00.000Z', 'timestamp': '01/05/2026 04:55 pm', 'time': 1015, 'time_formatted': '16:55', 'proper_unix_timestamp': 1767650100000, 'proper_iso_timestamp': '2026-01-05T21:55:00.000Z'}",Style,Style,"L / QD Locking Baton, Pepper Spray, Flashlight, Handcuff 4-piece Set","L / QD Locking Baton, Pepper Spray, Flashlight, Handcuff 4-piece Set",,,,,160,160,$30.00,30,No,False,,,,,59.99,59.99,,,29.80,29.8,13.10,13.1,No,False,,,Yes,True,,,,,,,$30.00,30,$36.10,36.1,No,False
695c335177fe252e9b1b956e,"<span class=""695c32d94e794334fd502205"" data-kn=""connection-value"">Tactical New White 8-Piece Set (Security Patrol Duty Belt, Quick Release Locking Holster)</span>","[{'id': '695c32d94e794334fd502205', 'identifier': 'Tactical New White 8-Piece Set (Security Patrol Duty Belt, Quick Release Locking Holster)'}]",Active,Active,"L / QD Locking Baton, Pepper Spray, Flashlight 3-piece Set","L / QD Locking Baton, Pepper Spray, Flashlight 3-piece Set",,,,,,,Yes,True,,,01/05/2026 16:55,"{'date': '01/05/2026', 'date_formatted': '01/05/2026', 'hours': '04', 'minutes': '55', 'am_pm': 'PM', 'unix_timestamp': 1767632100000, 'iso_timestamp': '2026-01-05T16:55:00.000Z', 'timestamp': '01/05/2026 04:55 pm', 'time': 1015, 'time_formatted': '16:55', 'proper_unix_timestamp': 1767650100000, 'proper_iso_timestamp': '2026-01-05T21:55:00.000Z'}",01/05/2026 16:55,"{'date': '01/05/2026', 'date_formatted': '01/05/2026', 'hours': '04', 'minutes': '55', 'am_pm': 'PM', 'unix_timestamp': 1767632100000, 'iso_timestamp': '2026-01-05T16:55:00.000Z', 'timestamp': '01/05/2026 04:55 pm', 'time': 1015, 'time_formatted': '16:55', 'proper_unix_timestamp': 1767650100000, 'proper_iso_timestamp': '2026-01-05T21:55:00.000Z'}",Style,Style,"L / QD Locking Baton, Pepper Spray, Flashlight 3-piece Set","L / QD Locking Baton, Pepper Spray, Flashlight 3-piece Set",,,,,120,120,$30.00,30,No,False,,,,,46.99,46.99,,,29.30,29.3,12.60,12.6,No,False,,,Yes,True,,,,,,,$30.00,30,$28.50,28.5,No,False
695c3350d31dc717397bc116,"<span class=""695c32d94e794334fd502205"" data-kn=""connection-value"">Tactical New White 8-Piece Set (Security Patrol Duty Belt, Quick Release Locking Holster)</span>","[{'id': '695c32d94e794334fd502205', 'identifier': 'Tactical New White 8-Piece Set (Security Patrol Duty Belt, Quick Release Locking Holster)'}]",Active,Active,L / Duty Belt Pad,L / Duty Belt Pad,,,,,,,Yes,True,,,01/05/2026 16:55,"{'date': '01/05/2026', 'date_formatted': '01/05/2026', 'hours': '04', 'minutes': '55', 'am_pm': 'PM', 'unix_timestamp': 1767632100000, 'iso_timestamp': '2026-01-05T16:55:00.000Z', 'timestamp': '01/05/2026 04:55 pm', 'time': 1015, 'time_formatted': '16:55', 'proper_unix_timestamp': 1767650100000, 'proper_iso_timestamp': '2026-01-05T21:55:00.000Z'}",01/05/2026 16:55,"{'date': '01/05/2026', 'date_formatted': '01/05/2026', 'hours': '04', 'minutes': '55', 'am_pm': 'PM', 'unix_timestamp': 1767632100000, 'iso_timestamp': '2026-01-05T16:55:00.000Z', 'timestamp': '01/05/2026 04:55 pm', 'time': 1015, 'time_formatted': '16:55', 'proper_unix_timestamp': 1767650100000, 'proper_iso_timestamp': '2026-01-05T21:55:00.000Z'}",Style,Style,L / Duty Belt Pad,L / Duty Belt Pad,,,,,65,65,$30.00,30,No,False,,,,,29.99,29.99,,,29.80,29.8,13.10,13.1,No,False,,,Yes,True,,,,,,,$30.00,30,$18.05,18.05,No,False
695c3350713127c964745c75,"<span class=""695c32d94e794334fd502205"" data-kn=""connection-value"">Tactical New White 8-Piece Set (Security Patrol Duty Belt, Quick Release Locking Holster)</span>","[{'id': '695c32d94e794334fd502205', 'identifier': 'Tactical New White 8-Piece Set (Security Patrol Duty Belt, Quick Release Locking Holster)'}]",Active,Active,L / Duty Belt + Duty Belt Pad,L / Duty Belt + Duty Belt Pad,,,,,,,Yes,True,,,01/05/2026 16:55,"{'date': '01/05/2026', 'date_formatted': '01/05/2026', 'hours': '04', 'minutes': '55', 'am_pm': 'PM', 'unix_timestamp': 1767632100000, 'iso_timestamp': '2026-01-05T16:55:00.000Z', 'timestamp': '01/05/2026 04:55 pm', 'time': 1015, 'time_formatted': '16:55', 'proper_unix_timestamp': 1767650100000, 'proper_iso_timestamp': '2026-01-05T21:55:00.000Z'}",01/05/2026 16:55,"{'date': '01/05/2026', 'date_formatted': '01/05/2026', 'hours': '04', 'minutes': '55', 'am_pm': 'PM', 'unix_timestamp': 1767632100000, 'iso_timestamp': '2026-01-05T16:55:00.000Z', 'timestamp': '01/05/2026 04:55 pm', 'time': 1015, 'time_formatted': '16:55', 'proper_unix_timestamp': 1767650100000, 'proper_iso_timestamp': '2026-01-05T21:55:00.000Z'}",Style,Style,L / Duty Belt + Duty Belt Pad,L / Duty Belt + Duty Belt Pad,,,,,107,107,$30.00,30,No,False,,,,,42.99,42.99,,,29.50,29.5,12.70,12.7,No,False,,,Yes,True,,,,,,,$30.00,30,$26.03,26.03,No,False
695c33501ad01942ad9cd9f2,"<span class=""695c32d94e794334fd502205"" data-kn=""connection-value"">Tactical New White 8-Piece Set (Security Patrol Duty Belt, Quick Release Locking Holster)</span>","[{'id': '695c32d94e794334fd502205', 'identifier': 'Tactical New White 8-Piece Set (Security Patrol Duty Belt, Quick Release Locking Holster)'}]",Active,Active,L / Duty Belt + Duty Belt Pad + Inner Belt,L / Duty Belt + Duty Belt Pad + Inner Belt,,,,,,,Yes,True,,,01/05/2026 16:55,"{'date': '01/05/2026', 'date_formatted': '01/05/2026', 'hours': '04', 'minutes': '55', 'am_pm': 'PM', 'unix_timestamp': 1767632100000, 'iso_timestamp': '2026-01-05T16:55:00.000Z', 'timestamp': '01/05/2026 04:55 pm', 'time': 1015, 'time_formatted': '16:55', 'proper_unix_timestamp': 1767650100000, 'proper_iso_timestamp': '2026-01-05T21:55:00.000Z'}",01/05/2026 16:55,"{'date': '01/05/2026', 'date_formatted': '01/05/2026', 'hours': '04', 'minutes': '55', 'am_pm': 'PM', 'unix_timestamp': 1767632100000, 'iso_timestamp': '2026-01-05T16:55:00.000Z', 'timestamp': '01/05/2026 04:55 pm', 'time': 1015, 'time_formatted': '16:55', 'proper_unix_timestamp': 1767650100000, 'proper_iso_timestamp': '2026-01-05T21:55:00.000Z'}",Style,Style,L / Duty Belt + Duty Belt Pad + Inner Belt,L / Duty Belt + Duty Belt Pad + Inner Belt,,,,,145,145,$30.00,30,No,False,,,,,54.99,54.99,,,29.50,29.5,12.80,12.8,No,False,,,Yes,True,,,,,,,$30.00,30,$33.25,33.25,No,False
695c334f28a735d447d5bb8a,"<span class=""695c32d94e794334fd502205"" data-kn=""connection-value"">Tactical New White 8-Piece Set (Security Patrol Duty Belt, Quick Release Locking Holster)</span>","[{'id': '695c32d94e794334fd502205', 'identifier': 'Tactical New White 8-Piece Set (Security Patrol Duty Belt, Quick Release Locking Holster)'}]",Active,Active,L / QD 92/92G Dual Retention Holster,L / QD 92/92G Dual Retention Holster,,,,,,,Yes,True,,,01/05/2026 16:55,"{'date': '01/05/2026', 'date_formatted': '01/05/2026', 'hours': '04', 'minutes': '55', 'am_pm': 'PM', 'unix_timestamp': 1767632100000, 'iso_timestamp': '2026-01-05T16:55:00.000Z', 'timestamp': '01/05/2026 04:55 pm', 'time': 1015, 'time_formatted': '16:55', 'proper_unix_timestamp': 1767650100000, 'proper_iso_timestamp': '2026-01-05T21:55:00.000Z'}",01/05/2026 16:55,"{'date': '01/05/2026', 'date_formatted': '01/05/2026', 'hours': '04', 'minutes': '55', 'am_pm': 'PM', 'unix_timestamp': 1767632100000, 'iso_timestamp': '2026-01-05T16:55:00.000Z', 'timestamp': '01/05/2026 04:55 pm', 'time': 1015, 'time_formatted': '16:55', 'proper_unix_timestamp': 1767650100000, 'proper_iso_timestamp': '2026-01-05T21:55:00.000Z'}",Style,Style,L / QD 92/92G Dual Retention Holster,L / QD 92/92G Dual Retention Holster,,,,,65,65,$30.00,30,No,False,,,,,29.99,29.99,,,29.80,29.8,13.10,13.1,No,False,,,Yes,True,,,,,,,$30.00,30,$18.05,18.05,No,False
695c334fb3a75d879c32f70c,"<span class=""695c32e18c1c28d3136ab815"" data-kn=""connection-value"">WOSPORT L4G24 夜视仪支架（铝合金版）-淘宝网</span>","[{'id': '695c32e18c1c28d3136ab815', 'identifier': 'WOSPORT L4G24 夜视仪支架（铝合金版）-淘宝网'}]",Active,Active,One Size / Quick Release Universal Handcuff Pouch,One Size / Quick Release Universal Handcuff Pouch,,,,,,,Yes,True,,,01/05/2026 16:55,"{'date': '01/05/2026', 'date_formatted': '01/05/2026', 'hours': '04', 'minutes': '55', 'am_pm': 'PM', 'unix_timestamp': 1767632100000, 'iso_timestamp': '2026-01-05T16:55:00.000Z', 'timestamp': '01/05/2026 04:55 pm', 'time': 1015, 'time_formatted': '16:55', 'proper_unix_timestamp': 1767650100000, 'proper_iso_timestamp': '2026-01-05T21:55:00.000Z'}",01/05/2026 16:55,"{'date': '01/05/2026', 'date_formatted': '01/05/2026', 'hours': '04', 'minutes': '55', 'am_pm': 'PM', 'unix_timestamp': 1767632100000, 'iso_timestamp': '2026-01-05T16:55:00.000Z', 'timestamp': '01/05/2026 04:55 pm', 'time': 1015, 'time_formatted': '16:55', 'proper_unix_timestamp': 1767650100000, 'proper_iso_timestamp': '2026-01-05T21:55:00.000Z'}",Style,Style,One Size / Quick Release Universal Handcuff Pouch,One Size / Quick Release Universal Handcuff Pouch,,,,,58,58,$30.00,30,No,False,,,,,27.99,27.99,,,30.30,30.3,13.60,13.6,No,False,,,Yes,True,,,,,,,$30.00,30,$16.72,16.72,No,False
695c334ece1739befd211056,"<span class=""695c32e18c1c28d3136ab815"" data-kn=""connection-value"">WOSPORT L4G24 夜视仪支架（铝合金版）-淘宝网</span>","[{'id': '695c32e18c1c28d3136ab815', 'identifier': 'WOSPORT L4G24 夜视仪支架（铝合金版）-淘宝网'}]",Active,Active,One Size / Document Pouch,One Size / Document Pouch,,,,,,,Yes,True,,,01/05/2026 16:55,"{'date': '01/05/2026', 'date_formatted': '01/05/2026', 'hours': '04', 'minutes': '55', 'am_pm': 'PM', 'unix_timestamp': 1767632100000, 'iso_timestamp': '2026-01-05T16:55:00.000Z', 'timestamp': '01/05/2026 04:55 pm', 'time': 1015, 'time_formatted': '16:55', 'proper_unix_timestamp': 1767650100000, 'proper_iso_timestamp': '2026-01-05T21:55:00.000Z'}",01/05/2026 16:55,"{'date': '01/05/2026', 'date_formatted': '01/05/2026', 'hours': '04', 'minutes': '55', 'am_pm': 'PM', 'unix_timestamp': 1767632100000, 'iso_timestamp': '2026-01-05T16:55:00.000Z', 'timestamp': '01/05/2026 04:55 pm', 'time': 1015, 'time_formatted': '16:55', 'proper_unix_timestamp': 1767650100000, 'proper_iso_timestamp': '2026-01-05T21:55:00.000Z'}",Style,Style,One Size / Document Pouch,One Size / Document Pouch,,,,,55,55,$30.00,30,No,False,,,,,26.99,26.99,,,30.20,30.2,13.50,13.5,No,False,,,Yes,True,,,,,,,$30.00,30,$16.15,16.15,No,False
695c334e6e9e39d7e3811173,"<span class=""695c32e18c1c28d3136ab815"" data-kn=""connection-value"">WOSPORT L4G24 夜视仪支架（铝合金版）-淘宝网</span>","[{'id': '695c32e18c1c28d3136ab815', 'identifier': 'WOSPORT L4G24 夜视仪支架（铝合金版）-淘宝网'}]",Active,Active,One Size / Radio Pouch,One Size / Radio Pouch,,,,,,,Yes,True,,,01/05/2026 16:55,"{'date': '01/05/2026', 'date_formatted': '01/05/2026', 'hours': '04', 'minutes': '55', 'am_pm': 'PM', 'unix_timestamp': 1767632100000, 'iso_timestamp': '2026-01-05T16:55:00.000Z', 'timestamp': '01/05/2026 04:55 pm', 'time': 1015, 'time_formatted': '16:55', 'proper_unix_timestamp': 1767650100000, 'proper_iso_timestamp': '2026-01-05T21:55:00.000Z'}",01/05/2026 16:55,"{'date': '01/05/2026', 'date_formatted': '01/05/2026', 'hours': '04', 'minutes': '55', 'am_pm': 'PM', 'unix_timestamp': 1767632100000, 'iso_timestamp': '2026-01-05T16:55:00.000Z', 'timestamp': '01/05/2026 04:55 pm', 'time': 1015, 'time_formatted': '16:55', 'proper_unix_timestamp': 1767650100000, 'proper_iso_timestamp': '2026-01-05T21:55:00.000Z'}",Style,Style,One Size / Radio Pouch,One Size / Radio Pouch,,,,,45,45,$30.00,30,No,False,,,,,23.99,23.99,,,30.60,30.6,14.00,14,No,False,,,Yes,True,,,,,,,$30.00,30,$14.25,14.25,No,False
695c334d1ad01942ad9cb4a0,"<span class=""695c32e18c1c28d3136ab815"" data-kn=""connection-value"">WOSPORT L4G24 夜视仪支架（铝合金版）-淘宝网</span>","[{'id': '695c32e18c1c28d3136ab815', 'identifier': 'WOSPORT L4G24 夜视仪支架（铝合金版）-淘宝网'}]",Active,Active,One Size / Water Bottle Pouch,One Size / Water Bottle Pouch,,,,,,,Yes,True,,,01/05/2026 16:55,"{'date': '01/05/2026', 'date_formatted': '01/05/2026', 'hours': '04', 'minutes': '55', 'am_pm': 'PM', 'unix_timestamp': 1767632100000, 'iso_timestamp': '2026-01-05T16:55:00.000Z', 'timestamp': '01/05/2026 04:55 pm', 'time': 1015, 'time_formatted': '16:55', 'proper_unix_timestamp': 1767650100000, 'proper_iso_timestamp': '2026-01-05T21:55:00.000Z'}",01/05/2026 16:55,"{'date': '01/05/2026', 'date_formatted': '01/05/2026', 'hours': '04', 'minutes': '55', 'am_pm': 'PM', 'unix_timestamp': 1767632100000, 'iso_timestamp': '2026-01-05T16:55:00.000Z', 'timestamp': '01/05/2026 04:55 pm', 'time': 1015, 'time_formatted': '16:55', 'proper_unix_timestamp': 1767650100000, 'proper_iso_timestamp': '2026-01-05T21:55:00.000Z'}",Style,Style,One Size / Water Bottle Pouch,One Size / Water Bottle Pouch,,,,,58,58,$30.00,30,No,False,,,,,27.99,27.99,,,30.30,30.3,13.60,13.6,No,False,,,Yes,True,,,,,,,$30.00,30,$16.72,16.72,No,False
695c334d9b81574973793ab0,"<span class=""695c32e18c1c28d3136ab815"" data-kn=""connection-value"">WOSPORT L4G24 夜视仪支架（铝合金版）-淘宝网</span>","[{'id': '695c32e18c1c28d3136ab815', 'identifier': 'WOSPORT L4G24 夜视仪支架（铝合金版）-淘宝网'}]",Active,Active,S / Quick-release 92/92G Double Retention Holster,S / Quick-release 92/92G Double Retention Holster,,,,,,,Yes,True,,,01/05/2026 16:55,"{'date': '01/05/2026', 'date_formatted': '01/05/2026', 'hours': '04', 'minutes': '55', 'am_pm': 'PM', 'unix_timestamp': 1767632100000, 'iso_timestamp': '2026-01-05T16:55:00.000Z', 'timestamp': '01/05/2026 04:55 pm', 'time': 1015, 'time_formatted': '16:55', 'proper_unix_timestamp': 1767650100000, 'proper_iso_timestamp': '2026-01-05T21:55:00.000Z'}",01/05/2026 16:55,"{'date': '01/05/2026', 'date_formatted': '01/05/2026', 'hours': '04', 'minutes': '55', 'am_pm': 'PM', 'unix_timestamp': 1767632100000, 'iso_timestamp': '2026-01-05T16:55:00.000Z', 'timestamp': '01/05/2026 04:55 pm', 'time': 1015, 'time_formatted': '16:55', 'proper_unix_timestamp': 1767650100000, 'proper_iso_timestamp': '2026-01-05T21:55:00.000Z'}",Style,Style,S / Quick-release 92/92G Double Retention Holster,S / Quick-release 92/92G Double Retention Holster,,,,,65,65,$30.00,30,No,False,,,,,29.99,29.99,,,29.80,29.8,13.10,13.1,No,False,,,Yes,True,,,,,,,$30.00,30,$18.05,18.05,No,False
695c334dce1739befd20d7f0,"<span class=""695c32e18c1c28d3136ab815"" data-kn=""connection-value"">WOSPORT L4G24 夜视仪支架（铝合金版）-淘宝网</span>","[{'id': '695c32e18c1c28d3136ab815', 'identifier': 'WOSPORT L4G24 夜视仪支架（铝合金版）-淘宝网'}]",Active,Active,S / Quick-release Universal Pistol Holster,S / Quick-release Universal Pistol Holster,,,,,,,Yes,True,,,01/05/2026 16:55,"{'date': '01/05/2026', 'date_formatted': '01/05/2026', 'hours': '04', 'minutes': '55', 'am_pm': 'PM', 'unix_timestamp': 1767632100000, 'iso_timestamp': '2026-01-05T16:55:00.000Z', 'timestamp': '01/05/2026 04:55 pm', 'time': 1015, 'time_formatted': '16:55', 'proper_unix_timestamp': 1767650100000, 'proper_iso_timestamp': '2026-01-05T21:55:00.000Z'}",01/05/2026 16:55,"{'date': '01/05/2026', 'date_formatted': '01/05/2026', 'hours': '04', 'minutes': '55', 'am_pm': 'PM', 'unix_timestamp': 1767632100000, 'iso_timestamp': '2026-01-05T16:55:00.000Z', 'timestamp': '01/05/2026 04:55 pm', 'time': 1015, 'time_formatted': '16:55', 'proper_unix_timestamp': 1767650100000, 'proper_iso_timestamp': '2026-01-05T21:55:00.000Z'}",Style,Style,S / Quick-release Universal Pistol Holster,S / Quick-release Universal Pistol Holster,,,,,58,58,$30.00,30,No,False,,,,,27.99,27.99,,,30.30,30.3,13.60,13.6,No,False,,,Yes,True,,,,,,,$30.00,30,$16.72,16.72,No,False
695c334c12bb85c5f2121367,"<span class=""695c32e18c1c28d3136ab815"" data-kn=""connection-value"">WOSPORT L4G24 夜视仪支架（铝合金版）-淘宝网</span>","[{'id': '695c32e18c1c28d3136ab815', 'identifier': 'WOSPORT L4G24 夜视仪支架（铝合金版）-淘宝网'}]",Active,Active,S / Radio Pouch,S / Radio Pouch,,,,,,,Yes,True,,,01/05/2026 16:55,"{'date': '01/05/2026', 'date_formatted': '01/05/2026', 'hours': '04', 'minutes': '55', 'am_pm': 'PM', 'unix_timestamp': 1767632100000, 'iso_timestamp': '2026-01-05T16:55:00.000Z', 'timestamp': '01/05/2026 04:55 pm', 'time': 1015, 'time_formatted': '16:55', 'proper_unix_timestamp': 1767650100000, 'proper_iso_timestamp': '2026-01-05T21:55:00.000Z'}",01/05/2026 16:55,"{'date': '01/05/2026', 'date_formatted': '01/05/2026', 'hours': '04', 'minutes': '55', 'am_pm': 'PM', 'unix_timestamp': 1767632100000, 'iso_timestamp': '2026-01-05T16:55:00.000Z', 'timestamp': '01/05/2026 04:55 pm', 'time': 1015, 'time_formatted': '16:55', 'proper_unix_timestamp': 1767650100000, 'proper_iso_timestamp': '2026-01-05T21:55:00.000Z'}",Style,Style,S / Radio Pouch,S / Radio Pouch,,,,,45,45,$30.00,30,No,False,,,,,23.99,23.99,,,30.60,30.6,14.00,14,No,False,,,Yes,True,,,,,,,$30.00,30,$14.25,14.25,No,False
695c334c66d8ef040cfd2f58,"<span class=""695c32e18c1c28d3136ab815"" data-kn=""connection-value"">WOSPORT L4G24 夜视仪支架（铝合金版）-淘宝网</span>","[{'id': '695c32e18c1c28d3136ab815', 'identifier': 'WOSPORT L4G24 夜视仪支架（铝合金版）-淘宝网'}]",Active,Active,S / Water Bottle Pouch,S / Water Bottle Pouch,,,,,,,Yes,True,,,01/05/2026 16:55,"{'date': '01/05/2026', 'date_formatted': '01/05/2026', 'hours': '04', 'minutes': '55', 'am_pm': 'PM', 'unix_timestamp': 1767632100000, 'iso_timestamp': '2026-01-05T16:55:00.000Z', 'timestamp': '01/05/2026 04:55 pm', 'time': 1015, 'time_formatted': '16:55', 'proper_unix_timestamp': 1767650100000, 'proper_iso_timestamp': '2026-01-05T21:55:00.000Z'}",01/05/2026 16:55,"{'date': '01/05/2026', 'date_formatted': '01/05/2026', 'hours': '04', 'minutes': '55', 'am_pm': 'PM', 'unix_timestamp': 1767632100000, 'iso_timestamp': '2026-01-05T16:55:00.000Z', 'timestamp': '01/05/2026 04:55 pm', 'time': 1015, 'time_formatted': '16:55', 'proper_unix_timestamp': 1767650100000, 'proper_iso_timestamp': '2026-01-05T21:55:00.000Z'}",Style,Style,S / Water Bottle Pouch,S / Water Bottle Pouch,,,,,58,58,$30.00,30,No,False,,,,,27.99,27.99,,,30.30,30.3,13.60,13.6,No,False,,,Yes,True,,,,,,,$30.00,30,$16.72,16.72,No,False
695c334c12bb85c5f211f567,"<span class=""695c32e18c1c28d3136ab815"" data-kn=""connection-value"">WOSPORT L4G24 夜视仪支架（铝合金版）-淘宝网</span>","[{'id': '695c32e18c1c28d3136ab815', 'identifier': 'WOSPORT L4G24 夜视仪支架（铝合金版）-淘宝网'}]",Active,Active,S / Quick-Release D-Ring Pouch,S / Quick-Release D-Ring Pouch,,,,,,,Yes,True,,,01/05/2026 16:55,"{'date': '01/05/2026', 'date_formatted': '01/05/2026', 'hours': '04', 'minutes': '55', 'am_pm': 'PM', 'unix_timestamp': 1767632100000, 'iso_timestamp': '2026-01-05T16:55:00.000Z', 'timestamp': '01/05/2026 04:55 pm', 'time': 1015, 'time_formatted': '16:55', 'proper_unix_timestamp': 1767650100000, 'proper_iso_timestamp': '2026-01-05T21:55:00.000Z'}",01/05/2026 16:55,"{'date': '01/05/2026', 'date_formatted': '01/05/2026', 'hours': '04', 'minutes': '55', 'am_pm': 'PM', 'unix_timestamp': 1767632100000, 'iso_timestamp': '2026-01-05T16:55:00.000Z', 'timestamp': '01/05/2026 04:55 pm', 'time': 1015, 'time_formatted': '16:55', 'proper_unix_timestamp': 1767650100000, 'proper_iso_timestamp': '2026-01-05T21:55:00.000Z'}",Style,Style,S / Quick-Release D-Ring Pouch,S / Quick-Release D-Ring Pouch,,,,,48,48,$30.00,30,No,False,,,,,24.99,24.99,,,30.70,30.7,14.10,14.1,No,False,,,Yes,True,,,,,,,$30.00,30,$14.82,14.82,No,False
695c334bd745a52edae3de12,"<span class=""695c32e18c1c28d3136ab815"" data-kn=""connection-value"">WOSPORT L4G24 夜视仪支架（铝合金版）-淘宝网</span>","[{'id': '695c32e18c1c28d3136ab815', 'identifier': 'WOSPORT L4G24 夜视仪支架（铝合金版）-淘宝网'}]",Active,Active,M / Set A,M / Set A,,,,,,,Yes,True,,,01/05/2026 16:55,"{'date': '01/05/2026', 'date_formatted': '01/05/2026', 'hours': '04', 'minutes': '55', 'am_pm': 'PM', 'unix_timestamp': 1767632100000, 'iso_timestamp': '2026-01-05T16:55:00.000Z', 'timestamp': '01/05/2026 04:55 pm', 'time': 1015, 'time_formatted': '16:55', 'proper_unix_timestamp': 1767650100000, 'proper_iso_timestamp': '2026-01-05T21:55:00.000Z'}",01/05/2026 16:55,"{'date': '01/05/2026', 'date_formatted': '01/05/2026', 'hours': '04', 'minutes': '55', 'am_pm': 'PM', 'unix_timestamp': 1767632100000, 'iso_timestamp': '2026-01-05T16:55:00.000Z', 'timestamp': '01/05/2026 04:55 pm', 'time': 1015, 'time_formatted': '16:55', 'proper_unix_timestamp': 1767650100000, 'proper_iso_timestamp': '2026-01-05T21:55:00.000Z'}",Style,Style,M / Set A,M / Set A,,,,,202,202,$30.00,30,No,False,,,,,72.99,72.99,,,29.60,29.6,12.90,12.9,No,False,,,Yes,True,,,,,,,$30.00,30,$44.08,44.08,No,False
695c334b1e9722c9bffff34a,"<span class=""695c32e18c1c28d3136ab815"" data-kn=""connection-value"">WOSPORT L4G24 夜视仪支架（铝合金版）-淘宝网</span>","[{'id': '695c32e18c1c28d3136ab815', 'identifier': 'WOSPORT L4G24 夜视仪支架（铝合金版）-淘宝网'}]",Active,Active,"M / Quick-release Locking Baton, Spray, Flashlight, Pistol Holster 4-Piece Set","M / Quick-release Locking Baton, Spray, Flashlight, Pistol Holster 4-Piece Set",,,,,,,Yes,True,,,01/05/2026 16:55,"{'date': '01/05/2026', 'date_formatted': '01/05/2026', 'hours': '04', 'minutes': '55', 'am_pm': 'PM', 'unix_timestamp': 1767632100000, 'iso_timestamp': '2026-01-05T16:55:00.000Z', 'timestamp': '01/05/2026 04:55 pm', 'time': 1015, 'time_formatted': '16:55', 'proper_unix_timestamp': 1767650100000, 'proper_iso_timestamp': '2026-01-05T21:55:00.000Z'}",01/05/2026 16:55,"{'date': '01/05/2026', 'date_formatted': '01/05/2026', 'hours': '04', 'minutes': '55', 'am_pm': 'PM', 'unix_timestamp': 1767632100000, 'iso_timestamp': '2026-01-05T16:55:00.000Z', 'timestamp': '01/05/2026 04:55 pm', 'time': 1015, 'time_formatted': '16:55', 'proper_unix_timestamp': 1767650100000, 'proper_iso_timestamp': '2026-01-05T21:55:00.000Z'}",Style,Style,"M / Quick-release Locking Baton, Spray, Flashlight, Pistol Holster 4-Piece Set","M / Quick-release Locking Baton, Spray, Flashlight, Pistol Holster 4-Piece Set",,,,,160,160,$30.00,30,No,False,,,,,59.99,59.99,,,29.80,29.8,13.10,13.1,No,False,,,Yes,True,,,,,,,$30.00,30,$36.10,36.1,No,False
695c334a612ae4b6294d629a,"<span class=""695c32e18c1c28d3136ab815"" data-kn=""connection-value"">WOSPORT L4G24 夜视仪支架（铝合金版）-淘宝网</span>","[{'id': '695c32e18c1c28d3136ab815', 'identifier': 'WOSPORT L4G24 夜视仪支架（铝合金版）-淘宝网'}]",Active,Active,"M / Quick-release Locking Baton, Spray, Flashlight 3-Piece Set","M / Quick-release Locking Baton, Spray, Flashlight 3-Piece Set",,,,,,,Yes,True,,,01/05/2026 16:55,"{'date': '01/05/2026', 'date_formatted': '01/05/2026', 'hours': '04', 'minutes': '55', 'am_pm': 'PM', 'unix_timestamp': 1767632100000, 'iso_timestamp': '2026-01-05T16:55:00.000Z', 'timestamp': '01/05/2026 04:55 pm', 'time': 1015, 'time_formatted': '16:55', 'proper_unix_timestamp': 1767650100000, 'proper_iso_timestamp': '2026-01-05T21:55:00.000Z'}",01/05/2026 16:55,"{'date': '01/05/2026', 'date_formatted': '01/05/2026', 'hours': '04', 'minutes': '55', 'am_pm': 'PM', 'unix_timestamp': 1767632100000, 'iso_timestamp': '2026-01-05T16:55:00.000Z', 'timestamp': '01/05/2026 04:55 pm', 'time': 1015, 'time_formatted': '16:55', 'proper_unix_timestamp': 1767650100000, 'proper_iso_timestamp': '2026-01-05T21:55:00.000Z'}",Style,Style,"M / Quick-release Locking Baton, Spray, Flashlight 3-Piece Set","M / Quick-release Locking Baton, Spray, Flashlight 3-Piece Set",,,,,120,120,$30.00,30,No,False,,,,,46.99,46.99,,,29.30,29.3,12.60,12.6,No,False,,,Yes,True,,,,,,,$30.00,30,$28.50,28.5,No,False
695c334a12bb85c5f211e935,"<span class=""695c32e18c1c28d3136ab815"" data-kn=""connection-value"">WOSPORT L4G24 夜视仪支架（铝合金版）-淘宝网</span>","[{'id': '695c32e18c1c28d3136ab815', 'identifier': 'WOSPORT L4G24 夜视仪支架（铝合金版）-淘宝网'}]",Active,Active,M / Battle Belt,M / Battle Belt,,,,,,,Yes,True,,,01/05/2026 16:55,"{'date': '01/05/2026', 'date_formatted': '01/05/2026', 'hours': '04', 'minutes': '55', 'am_pm': 'PM', 'unix_timestamp': 1767632100000, 'iso_timestamp': '2026-01-05T16:55:00.000Z', 'timestamp': '01/05/2026 04:55 pm', 'time': 1015, 'time_formatted': '16:55', 'proper_unix_timestamp': 1767650100000, 'proper_iso_timestamp': '2026-01-05T21:55:00.000Z'}",01/05/2026 16:55,"{'date': '01/05/2026', 'date_formatted': '01/05/2026', 'hours': '04', 'minutes': '55', 'am_pm': 'PM', 'unix_timestamp': 1767632100000, 'iso_timestamp': '2026-01-05T16:55:00.000Z', 'timestamp': '01/05/2026 04:55 pm', 'time': 1015, 'time_formatted': '16:55', 'proper_unix_timestamp': 1767650100000, 'proper_iso_timestamp': '2026-01-05T21:55:00.000Z'}",Style,Style,M / Battle Belt,M / Battle Belt,,,,,65,65,$30.00,30,No,False,,,,,29.99,29.99,,,29.80,29.8,13.10,13.1,No,False,,,Yes,True,,,,,,,$30.00,30,$18.05,18.05,No,False
695c334a26e6116796e39c35,"<span class=""695c32e18c1c28d3136ab815"" data-kn=""connection-value"">WOSPORT L4G24 夜视仪支架（铝合金版）-淘宝网</span>","[{'id': '695c32e18c1c28d3136ab815', 'identifier': 'WOSPORT L4G24 夜视仪支架（铝合金版）-淘宝网'}]",Active,Active,M / Outer Belt + Battle Belt,M / Outer Belt + Battle Belt,,,,,,,Yes,True,,,01/05/2026 16:55,"{'date': '01/05/2026', 'date_formatted': '01/05/2026', 'hours': '04', 'minutes': '55', 'am_pm': 'PM', 'unix_timestamp': 1767632100000, 'iso_timestamp': '2026-01-05T16:55:00.000Z', 'timestamp': '01/05/2026 04:55 pm', 'time': 1015, 'time_formatted': '16:55', 'proper_unix_timestamp': 1767650100000, 'proper_iso_timestamp': '2026-01-05T21:55:00.000Z'}",01/05/2026 16:55,"{'date': '01/05/2026', 'date_formatted': '01/05/2026', 'hours': '04', 'minutes': '55', 'am_pm': 'PM', 'unix_timestamp': 1767632100000, 'iso_timestamp': '2026-01-05T16:55:00.000Z', 'timestamp': '01/05/2026 04:55 pm', 'time': 1015, 'time_formatted': '16:55', 'proper_unix_timestamp': 1767650100000, 'proper_iso_timestamp': '2026-01-05T21:55:00.000Z'}",Style,Style,M / Outer Belt + Battle Belt,M / Outer Belt + Battle Belt,,,,,107,107,$30.00,30,No,False,,,,,42.99,42.99,,,29.50,29.5,12.70,12.7,No,False,,,Yes,True,,,,,,,$30.00,30,$26.03,26.03,No,False
695c33493f54f8d4dc485030,"<span class=""695c32e18c1c28d3136ab815"" data-kn=""connection-value"">WOSPORT L4G24 夜视仪支架（铝合金版）-淘宝网</span>","[{'id': '695c32e18c1c28d3136ab815', 'identifier': 'WOSPORT L4G24 夜视仪支架（铝合金版）-淘宝网'}]",Active,Active,M / Outer Belt + Battle Belt + Inner Belt,M / Outer Belt + Battle Belt + Inner Belt,,,,,,,Yes,True,,,01/05/2026 16:55,"{'date': '01/05/2026', 'date_formatted': '01/05/2026', 'hours': '04', 'minutes': '55', 'am_pm': 'PM', 'unix_timestamp': 1767632100000, 'iso_timestamp': '2026-01-05T16:55:00.000Z', 'timestamp': '01/05/2026 04:55 pm', 'time': 1015, 'time_formatted': '16:55', 'proper_unix_timestamp': 1767650100000, 'proper_iso_timestamp': '2026-01-05T21:55:00.000Z'}",01/05/2026 16:55,"{'date': '01/05/2026', 'date_formatted': '01/05/2026', 'hours': '04', 'minutes': '55', 'am_pm': 'PM', 'unix_timestamp': 1767632100000, 'iso_timestamp': '2026-01-05T16:55:00.000Z', 'timestamp': '01/05/2026 04:55 pm', 'time': 1015, 'time_formatted': '16:55', 'proper_unix_timestamp': 1767650100000, 'proper_iso_timestamp': '2026-01-05T21:55:00.000Z'}",Style,Style,M / Outer Belt + Battle Belt + Inner Belt,M / Outer Belt + Battle Belt + Inner Belt,,,,,145,145,$30.00,30,No,False,,,,,54.99,54.99,,,29.50,29.5,12.80,12.8,No,False,,,Yes,True,,,,,,,$30.00,30,$33.25,33.25,No,False
695c3349e3d1a0c37199766f,"<span class=""695c32e18c1c28d3136ab815"" data-kn=""connection-value"">WOSPORT L4G24 夜视仪支架（铝合金版）-淘宝网</span>","[{'id': '695c32e18c1c28d3136ab815', 'identifier': 'WOSPORT L4G24 夜视仪支架（铝合金版）-淘宝网'}]",Active,Active,M / Quick-release 92/92G Double Retention Holster,M / Quick-release 92/92G Double Retention Holster,,,,,,,Yes,True,,,01/05/2026 16:55,"{'date': '01/05/2026', 'date_formatted': '01/05/2026', 'hours': '04', 'minutes': '55', 'am_pm': 'PM', 'unix_timestamp': 1767632100000, 'iso_timestamp': '2026-01-05T16:55:00.000Z', 'timestamp': '01/05/2026 04:55 pm', 'time': 1015, 'time_formatted': '16:55', 'proper_unix_timestamp': 1767650100000, 'proper_iso_timestamp': '2026-01-05T21:55:00.000Z'}",01/05/2026 16:55,"{'date': '01/05/2026', 'date_formatted': '01/05/2026', 'hours': '04', 'minutes': '55', 'am_pm': 'PM', 'unix_timestamp': 1767632100000, 'iso_timestamp': '2026-01-05T16:55:00.000Z', 'timestamp': '01/05/2026 04:55 pm', 'time': 1015, 'time_formatted': '16:55', 'proper_unix_timestamp': 1767650100000, 'proper_iso_timestamp': '2026-01-05T21:55:00.000Z'}",Style,Style,M / Quick-release 92/92G Double Retention Holster,M / Quick-release 92/92G Double Retention Holster,,,,,65,65,$30.00,30,No,False,,,,,29.99,29.99,,,29.80,29.8,13.10,13.1,No,False,,,Yes,True,,,,,,,$30.00,30,$18.05,18.05,No,False
695c33499b8157497378fc33,"<span class=""695c32e18c1c28d3136ab815"" data-kn=""connection-value"">WOSPORT L4G24 夜视仪支架（铝合金版）-淘宝网</span>","[{'id': '695c32e18c1c28d3136ab815', 'identifier': 'WOSPORT L4G24 夜视仪支架（铝合金版）-淘宝网'}]",Active,Active,M / Side-Opening Quick-Release Locking Baton Holster,M / Side-Opening Quick-Release Locking Baton Holster,,,,,,,Yes,True,,,01/05/2026 16:55,"{'date': '01/05/2026', 'date_formatted': '01/05/2026', 'hours': '04', 'minutes': '55', 'am_pm': 'PM', 'unix_timestamp': 1767632100000, 'iso_timestamp': '2026-01-05T16:55:00.000Z', 'timestamp': '01/05/2026 04:55 pm', 'time': 1015, 'time_formatted': '16:55', 'proper_unix_timestamp': 1767650100000, 'proper_iso_timestamp': '2026-01-05T21:55:00.000Z'}",01/05/2026 16:55,"{'date': '01/05/2026', 'date_formatted': '01/05/2026', 'hours': '04', 'minutes': '55', 'am_pm': 'PM', 'unix_timestamp': 1767632100000, 'iso_timestamp': '2026-01-05T16:55:00.000Z', 'timestamp': '01/05/2026 04:55 pm', 'time': 1015, 'time_formatted': '16:55', 'proper_unix_timestamp': 1767650100000, 'proper_iso_timestamp': '2026-01-05T21:55:00.000Z'}",Style,Style,M / Side-Opening Quick-Release Locking Baton Holster,M / Side-Opening Quick-Release Locking Baton Holster,,,,,48,48,$30.00,30,No,False,,,,,24.99,24.99,,,30.70,30.7,14.10,14.1,No,False,,,Yes,True,,,,,,,$30.00,30,$14.82,14.82,No,False
695c3348c3a1704a56459d1c,"<span class=""695c32e18c1c28d3136ab815"" data-kn=""connection-value"">WOSPORT L4G24 夜视仪支架（铝合金版）-淘宝网</span>","[{'id': '695c32e18c1c28d3136ab815', 'identifier': 'WOSPORT L4G24 夜视仪支架（铝合金版）-淘宝网'}]",Active,Active,M / Side-Opening Quick-Release Locking Flashlight Holster,M / Side-Opening Quick-Release Locking Flashlight Holster,,,,,,,Yes,True,,,01/05/2026 16:55,"{'date': '01/05/2026', 'date_formatted': '01/05/2026', 'hours': '04', 'minutes': '55', 'am_pm': 'PM', 'unix_timestamp': 1767632100000, 'iso_timestamp': '2026-01-05T16:55:00.000Z', 'timestamp': '01/05/2026 04:55 pm', 'time': 1015, 'time_formatted': '16:55', 'proper_unix_timestamp': 1767650100000, 'proper_iso_timestamp': '2026-01-05T21:55:00.000Z'}",01/05/2026 16:55,"{'date': '01/05/2026', 'date_formatted': '01/05/2026', 'hours': '04', 'minutes': '55', 'am_pm': 'PM', 'unix_timestamp': 1767632100000, 'iso_timestamp': '2026-01-05T16:55:00.000Z', 'timestamp': '01/05/2026 04:55 pm', 'time': 1015, 'time_formatted': '16:55', 'proper_unix_timestamp': 1767650100000, 'proper_iso_timestamp': '2026-01-05T21:55:00.000Z'}",Style,Style,M / Side-Opening Quick-Release Locking Flashlight Holster,M / Side-Opening Quick-Release Locking Flashlight Holster,,,,,48,48,$30.00,30,No,False,,,,,24.99,24.99,,,30.70,30.7,14.10,14.1,No,False,,,Yes,True,,,,,,,$30.00,30,$14.82,14.82,No,False
695c3348bde2c63e6cb2c462,"<span class=""695c32e18c1c28d3136ab815"" data-kn=""connection-value"">WOSPORT L4G24 夜视仪支架（铝合金版）-淘宝网</span>","[{'id': '695c32e18c1c28d3136ab815', 'identifier': 'WOSPORT L4G24 夜视仪支架（铝合金版）-淘宝网'}]",Active,Active,M / Side-Opening Quick-Release Locking Pepper Spray Holster,M / Side-Opening Quick-Release Locking Pepper Spray Holster,,,,,,,Yes,True,,,01/05/2026 16:55,"{'date': '01/05/2026', 'date_formatted': '01/05/2026', 'hours': '04', 'minutes': '55', 'am_pm': 'PM', 'unix_timestamp': 1767632100000, 'iso_timestamp': '2026-01-05T16:55:00.000Z', 'timestamp': '01/05/2026 04:55 pm', 'time': 1015, 'time_formatted': '16:55', 'proper_unix_timestamp': 1767650100000, 'proper_iso_timestamp': '2026-01-05T21:55:00.000Z'}",01/05/2026 16:55,"{'date': '01/05/2026', 'date_formatted': '01/05/2026', 'hours': '04', 'minutes': '55', 'am_pm': 'PM', 'unix_timestamp': 1767632100000, 'iso_timestamp': '2026-01-05T16:55:00.000Z', 'timestamp': '01/05/2026 04:55 pm', 'time': 1015, 'time_formatted': '16:55', 'proper_unix_timestamp': 1767650100000, 'proper_iso_timestamp': '2026-01-05T21:55:00.000Z'}",Style,Style,M / Side-Opening Quick-Release Locking Pepper Spray Holster,M / Side-Opening Quick-Release Locking Pepper Spray Holster,,,,,48,48,$30.00,30,No,False,,,,,24.99,24.99,,,30.70,30.7,14.10,14.1,No,False,,,Yes,True,,,,,,,$30.00,30,$14.82,14.82,No,False
695c33479cd3039a824f114e,"<span class=""695c32e18c1c28d3136ab815"" data-kn=""connection-value"">WOSPORT L4G24 夜视仪支架（铝合金版）-淘宝网</span>","[{'id': '695c32e18c1c28d3136ab815', 'identifier': 'WOSPORT L4G24 夜视仪支架（铝合金版）-淘宝网'}]",Active,Active,M / Quick-release Universal Pistol Holster,M / Quick-release Universal Pistol Holster,,,,,,,Yes,True,,,01/05/2026 16:55,"{'date': '01/05/2026', 'date_formatted': '01/05/2026', 'hours': '04', 'minutes': '55', 'am_pm': 'PM', 'unix_timestamp': 1767632100000, 'iso_timestamp': '2026-01-05T16:55:00.000Z', 'timestamp': '01/05/2026 04:55 pm', 'time': 1015, 'time_formatted': '16:55', 'proper_unix_timestamp': 1767650100000, 'proper_iso_timestamp': '2026-01-05T21:55:00.000Z'}",01/05/2026 16:55,"{'date': '01/05/2026', 'date_formatted': '01/05/2026', 'hours': '04', 'minutes': '55', 'am_pm': 'PM', 'unix_timestamp': 1767632100000, 'iso_timestamp': '2026-01-05T16:55:00.000Z', 'timestamp': '01/05/2026 04:55 pm', 'time': 1015, 'time_formatted': '16:55', 'proper_unix_timestamp': 1767650100000, 'proper_iso_timestamp': '2026-01-05T21:55:00.000Z'}",Style,Style,M / Quick-release Universal Pistol Holster,M / Quick-release Universal Pistol Holster,,,,,58,58,$30.00,30,No,False,,,,,27.99,27.99,,,30.30,30.3,13.60,13.6,No,False,,,Yes,True,,,,,,,$30.00,30,$16.72,16.72,No,False
695c3347ce97e160f96f98c0,"<span class=""695c32e18c1c28d3136ab815"" data-kn=""connection-value"">WOSPORT L4G24 夜视仪支架（铝合金版）-淘宝网</span>","[{'id': '695c32e18c1c28d3136ab815', 'identifier': 'WOSPORT L4G24 夜视仪支架（铝合金版）-淘宝网'}]",Active,Active,M / Radio Pouch,M / Radio Pouch,,,,,,,Yes,True,,,01/05/2026 16:55,"{'date': '01/05/2026', 'date_formatted': '01/05/2026', 'hours': '04', 'minutes': '55', 'am_pm': 'PM', 'unix_timestamp': 1767632100000, 'iso_timestamp': '2026-01-05T16:55:00.000Z', 'timestamp': '01/05/2026 04:55 pm', 'time': 1015, 'time_formatted': '16:55', 'proper_unix_timestamp': 1767650100000, 'proper_iso_timestamp': '2026-01-05T21:55:00.000Z'}",01/05/2026 16:55,"{'date': '01/05/2026', 'date_formatted': '01/05/2026', 'hours': '04', 'minutes': '55', 'am_pm': 'PM', 'unix_timestamp': 1767632100000, 'iso_timestamp': '2026-01-05T16:55:00.000Z', 'timestamp': '01/05/2026 04:55 pm', 'time': 1015, 'time_formatted': '16:55', 'proper_unix_timestamp': 1767650100000, 'proper_iso_timestamp': '2026-01-05T21:55:00.000Z'}",Style,Style,M / Radio Pouch,M / Radio Pouch,,,,,45,45,$30.00,30,No,False,,,,,23.99,23.99,,,30.60,30.6,14.00,14,No,False,,,Yes,True,,,,,,,$30.00,30,$14.25,14.25,No,False
695c33473b63f2dd235b9647,"<span class=""695c32e18c1c28d3136ab815"" data-kn=""connection-value"">WOSPORT L4G24 夜视仪支架（铝合金版）-淘宝网</span>","[{'id': '695c32e18c1c28d3136ab815', 'identifier': 'WOSPORT L4G24 夜视仪支架（铝合金版）-淘宝网'}]",Active,Active,M / Water Bottle Pouch,M / Water Bottle Pouch,,,,,,,Yes,True,,,01/05/2026 16:55,"{'date': '01/05/2026', 'date_formatted': '01/05/2026', 'hours': '04', 'minutes': '55', 'am_pm': 'PM', 'unix_timestamp': 1767632100000, 'iso_timestamp': '2026-01-05T16:55:00.000Z', 'timestamp': '01/05/2026 04:55 pm', 'time': 1015, 'time_formatted': '16:55', 'proper_unix_timestamp': 1767650100000, 'proper_iso_timestamp': '2026-01-05T21:55:00.000Z'}",01/05/2026 16:55,"{'date': '01/05/2026', 'date_formatted': '01/05/2026', 'hours': '04', 'minutes': '55', 'am_pm': 'PM', 'unix_timestamp': 1767632100000, 'iso_timestamp': '2026-01-05T16:55:00.000Z', 'timestamp': '01/05/2026 04:55 pm', 'time': 1015, 'time_formatted': '16:55', 'proper_unix_timestamp': 1767650100000, 'proper_iso_timestamp': '2026-01-05T21:55:00.000Z'}",Style,Style,M / Water Bottle Pouch,M / Water Bottle Pouch,,,,,58,58,$30.00,30,No,False,,,,,27.99,27.99,,,30.30,30.3,13.60,13.6,No,False,,,Yes,True,,,,,,,$30.00,30,$16.72,16.72,No,False
695c334628a735d447d516d7,"<span class=""695c32e18c1c28d3136ab815"" data-kn=""connection-value"">WOSPORT L4G24 夜视仪支架（铝合金版）-淘宝网</span>","[{'id': '695c32e18c1c28d3136ab815', 'identifier': 'WOSPORT L4G24 夜视仪支架（铝合金版）-淘宝网'}]",Active,Active,M / Quick-Release D-Ring Pouch,M / Quick-Release D-Ring Pouch,,,,,,,Yes,True,,,01/05/2026 16:55,"{'date': '01/05/2026', 'date_formatted': '01/05/2026', 'hours': '04', 'minutes': '55', 'am_pm': 'PM', 'unix_timestamp': 1767632100000, 'iso_timestamp': '2026-01-05T16:55:00.000Z', 'timestamp': '01/05/2026 04:55 pm', 'time': 1015, 'time_formatted': '16:55', 'proper_unix_timestamp': 1767650100000, 'proper_iso_timestamp': '2026-01-05T21:55:00.000Z'}",01/05/2026 16:55,"{'date': '01/05/2026', 'date_formatted': '01/05/2026', 'hours': '04', 'minutes': '55', 'am_pm': 'PM', 'unix_timestamp': 1767632100000, 'iso_timestamp': '2026-01-05T16:55:00.000Z', 'timestamp': '01/05/2026 04:55 pm', 'time': 1015, 'time_formatted': '16:55', 'proper_unix_timestamp': 1767650100000, 'proper_iso_timestamp': '2026-01-05T21:55:00.000Z'}",Style,Style,M / Quick-Release D-Ring Pouch,M / Quick-Release D-Ring Pouch,,,,,48,48,$30.00,30,No,False,,,,,24.99,24.99,,,30.70,30.7,14.10,14.1,No,False,,,Yes,True,,,,,,,$30.00,30,$14.82,14.82,No,False
695c33469b8157497378d1a3,"<span class=""695c32e18c1c28d3136ab815"" data-kn=""connection-value"">WOSPORT L4G24 夜视仪支架（铝合金版）-淘宝网</span>","[{'id': '695c32e18c1c28d3136ab815', 'identifier': 'WOSPORT L4G24 夜视仪支架（铝合金版）-淘宝网'}]",Active,Active,L / Set A,L / Set A,,,,,,,Yes,True,,,01/05/2026 16:55,"{'date': '01/05/2026', 'date_formatted': '01/05/2026', 'hours': '04', 'minutes': '55', 'am_pm': 'PM', 'unix_timestamp': 1767632100000, 'iso_timestamp': '2026-01-05T16:55:00.000Z', 'timestamp': '01/05/2026 04:55 pm', 'time': 1015, 'time_formatted': '16:55', 'proper_unix_timestamp': 1767650100000, 'proper_iso_timestamp': '2026-01-05T21:55:00.000Z'}",01/05/2026 16:55,"{'date': '01/05/2026', 'date_formatted': '01/05/2026', 'hours': '04', 'minutes': '55', 'am_pm': 'PM', 'unix_timestamp': 1767632100000, 'iso_timestamp': '2026-01-05T16:55:00.000Z', 'timestamp': '01/05/2026 04:55 pm', 'time': 1015, 'time_formatted': '16:55', 'proper_unix_timestamp': 1767650100000, 'proper_iso_timestamp': '2026-01-05T21:55:00.000Z'}",Style,Style,L / Set A,L / Set A,,,,,202,202,$30.00,30,No,False,,,,,72.99,72.99,,,29.60,29.6,12.90,12.9,No,False,,,Yes,True,,,,,,,$30.00,30,$44.08,44.08,No,False
695c33469b8157497378ccbc,"<span class=""695c32e18c1c28d3136ab815"" data-kn=""connection-value"">WOSPORT L4G24 夜视仪支架（铝合金版）-淘宝网</span>","[{'id': '695c32e18c1c28d3136ab815', 'identifier': 'WOSPORT L4G24 夜视仪支架（铝合金版）-淘宝网'}]",Active,Active,"L / Quick-release Locking Baton, Spray, Flashlight, Pistol Holster 4-Piece Set","L / Quick-release Locking Baton, Spray, Flashlight, Pistol Holster 4-Piece Set",,,,,,,Yes,True,,,01/05/2026 16:55,"{'date': '01/05/2026', 'date_formatted': '01/05/2026', 'hours': '04', 'minutes': '55', 'am_pm': 'PM', 'unix_timestamp': 1767632100000, 'iso_timestamp': '2026-01-05T16:55:00.000Z', 'timestamp': '01/05/2026 04:55 pm', 'time': 1015, 'time_formatted': '16:55', 'proper_unix_timestamp': 1767650100000, 'proper_iso_timestamp': '2026-01-05T21:55:00.000Z'}",01/05/2026 16:55,"{'date': '01/05/2026', 'date_formatted': '01/05/2026', 'hours': '04', 'minutes': '55', 'am_pm': 'PM', 'unix_timestamp': 1767632100000, 'iso_timestamp': '2026-01-05T16:55:00.000Z', 'timestamp': '01/05/2026 04:55 pm', 'time': 1015, 'time_formatted': '16:55', 'proper_unix_timestamp': 1767650100000, 'proper_iso_timestamp': '2026-01-05T21:55:00.000Z'}",Style,Style,"L / Quick-release Locking Baton, Spray, Flashlight, Pistol Holster 4-Piece Set","L / Quick-release Locking Baton, Spray, Flashlight, Pistol Holster 4-Piece Set",,,,,160,160,$30.00,30,No,False,,,,,59.99,59.99,,,29.80,29.8,13.10,13.1,No,False,,,Yes,True,,,,,,,$30.00,30,$36.10,36.1,No,False
695c33459b8157497378c872,"<span class=""695c32e18c1c28d3136ab815"" data-kn=""connection-value"">WOSPORT L4G24 夜视仪支架（铝合金版）-淘宝网</span>","[{'id': '695c32e18c1c28d3136ab815', 'identifier': 'WOSPORT L4G24 夜视仪支架（铝合金版）-淘宝网'}]",Active,Active,"L / Quick-release Locking Baton, Spray, Flashlight 3-Piece Set","L / Quick-release Locking Baton, Spray, Flashlight 3-Piece Set",,,,,,,Yes,True,,,01/05/2026 16:55,"{'date': '01/05/2026', 'date_formatted': '01/05/2026', 'hours': '04', 'minutes': '55', 'am_pm': 'PM', 'unix_timestamp': 1767632100000, 'iso_timestamp': '2026-01-05T16:55:00.000Z', 'timestamp': '01/05/2026 04:55 pm', 'time': 1015, 'time_formatted': '16:55', 'proper_unix_timestamp': 1767650100000, 'proper_iso_timestamp': '2026-01-05T21:55:00.000Z'}",01/05/2026 16:55,"{'date': '01/05/2026', 'date_formatted': '01/05/2026', 'hours': '04', 'minutes': '55', 'am_pm': 'PM', 'unix_timestamp': 1767632100000, 'iso_timestamp': '2026-01-05T16:55:00.000Z', 'timestamp': '01/05/2026 04:55 pm', 'time': 1015, 'time_formatted': '16:55', 'proper_unix_timestamp': 1767650100000, 'proper_iso_timestamp': '2026-01-05T21:55:00.000Z'}",Style,Style,"L / Quick-release Locking Baton, Spray, Flashlight 3-Piece Set","L / Quick-release Locking Baton, Spray, Flashlight 3-Piece Set",,,,,120,120,$30.00,30,No,False,,,,,46.99,46.99,,,29.30,29.3,12.60,12.6,No,False,,,Yes,True,,,,,,,$30.00,30,$28.50,28.5,No,False
695c33454e794334fd545c42,"<span class=""695c32e18c1c28d3136ab815"" data-kn=""connection-value"">WOSPORT L4G24 夜视仪支架（铝合金版）-淘宝网</span>","[{'id': '695c32e18c1c28d3136ab815', 'identifier': 'WOSPORT L4G24 夜视仪支架（铝合金版）-淘宝网'}]",Active,Active,L / Duty Belt,L / Duty Belt,,,,,,,Yes,True,,,01/05/2026 16:55,"{'date': '01/05/2026', 'date_formatted': '01/05/2026', 'hours': '04', 'minutes': '55', 'am_pm': 'PM', 'unix_timestamp': 1767632100000, 'iso_timestamp': '2026-01-05T16:55:00.000Z', 'timestamp': '01/05/2026 04:55 pm', 'time': 1015, 'time_formatted': '16:55', 'proper_unix_timestamp': 1767650100000, 'proper_iso_timestamp': '2026-01-05T21:55:00.000Z'}",01/05/2026 16:55,"{'date': '01/05/2026', 'date_formatted': '01/05/2026', 'hours': '04', 'minutes': '55', 'am_pm': 'PM', 'unix_timestamp': 1767632100000, 'iso_timestamp': '2026-01-05T16:55:00.000Z', 'timestamp': '01/05/2026 04:55 pm', 'time': 1015, 'time_formatted': '16:55', 'proper_unix_timestamp': 1767650100000, 'proper_iso_timestamp': '2026-01-05T21:55:00.000Z'}",Style,Style,L / Duty Belt,L / Duty Belt,,,,,65,65,$30.00,30,No,False,,,,,29.99,29.99,,,29.80,29.8,13.10,13.1,No,False,,,Yes,True,,,,,,,$30.00,30,$18.05,18.05,No,False
695c33454e794334fd545b8a,"<span class=""695c32e18c1c28d3136ab815"" data-kn=""connection-value"">WOSPORT L4G24 夜视仪支架（铝合金版）-淘宝网</span>","[{'id': '695c32e18c1c28d3136ab815', 'identifier': 'WOSPORT L4G24 夜视仪支架（铝合金版）-淘宝网'}]",Active,Active,L / Outer Belt + Duty Belt,L / Outer Belt + Duty Belt,,,,,,,Yes,True,,,01/05/2026 16:55,"{'date': '01/05/2026', 'date_formatted': '01/05/2026', 'hours': '04', 'minutes': '55', 'am_pm': 'PM', 'unix_timestamp': 1767632100000, 'iso_timestamp': '2026-01-05T16:55:00.000Z', 'timestamp': '01/05/2026 04:55 pm', 'time': 1015, 'time_formatted': '16:55', 'proper_unix_timestamp': 1767650100000, 'proper_iso_timestamp': '2026-01-05T21:55:00.000Z'}",01/05/2026 16:55,"{'date': '01/05/2026', 'date_formatted': '01/05/2026', 'hours': '04', 'minutes': '55', 'am_pm': 'PM', 'unix_timestamp': 1767632100000, 'iso_timestamp': '2026-01-05T16:55:00.000Z', 'timestamp': '01/05/2026 04:55 pm', 'time': 1015, 'time_formatted': '16:55', 'proper_unix_timestamp': 1767650100000, 'proper_iso_timestamp': '2026-01-05T21:55:00.000Z'}",Style,Style,L / Outer Belt + Duty Belt,L / Outer Belt + Duty Belt,,,,,107,107,$30.00,30,No,False,,,,,42.99,42.99,,,29.50,29.5,12.70,12.7,No,False,,,Yes,True,,,,,,,$30.00,30,$26.03,26.03,No,False
695c3344f4bf2f7ec13967de,"<span class=""695c32e18c1c28d3136ab815"" data-kn=""connection-value"">WOSPORT L4G24 夜视仪支架（铝合金版）-淘宝网</span>","[{'id': '695c32e18c1c28d3136ab815', 'identifier': 'WOSPORT L4G24 夜视仪支架（铝合金版）-淘宝网'}]",Active,Active,L / Outer Belt + Duty Belt + Inner Belt,L / Outer Belt + Duty Belt + Inner Belt,,,,,,,Yes,True,,,01/05/2026 16:55,"{'date': '01/05/2026', 'date_formatted': '01/05/2026', 'hours': '04', 'minutes': '55', 'am_pm': 'PM', 'unix_timestamp': 1767632100000, 'iso_timestamp': '2026-01-05T16:55:00.000Z', 'timestamp': '01/05/2026 04:55 pm', 'time': 1015, 'time_formatted': '16:55', 'proper_unix_timestamp': 1767650100000, 'proper_iso_timestamp': '2026-01-05T21:55:00.000Z'}",01/05/2026 16:55,"{'date': '01/05/2026', 'date_formatted': '01/05/2026', 'hours': '04', 'minutes': '55', 'am_pm': 'PM', 'unix_timestamp': 1767632100000, 'iso_timestamp': '2026-01-05T16:55:00.000Z', 'timestamp': '01/05/2026 04:55 pm', 'time': 1015, 'time_formatted': '16:55', 'proper_unix_timestamp': 1767650100000, 'proper_iso_timestamp': '2026-01-05T21:55:00.000Z'}",Style,Style,L / Outer Belt + Duty Belt + Inner Belt,L / Outer Belt + Duty Belt + Inner Belt,,,,,145,145,$30.00,30,No,False,,,,,54.99,54.99,,,29.50,29.5,12.80,12.8,No,False,,,Yes,True,,,,,,,$30.00,30,$33.25,33.25,No,False
695c334428a735d447d4fca8,"<span class=""695c32e18c1c28d3136ab815"" data-kn=""connection-value"">WOSPORT L4G24 夜视仪支架（铝合金版）-淘宝网</span>","[{'id': '695c32e18c1c28d3136ab815', 'identifier': 'WOSPORT L4G24 夜视仪支架（铝合金版）-淘宝网'}]",Active,Active,L / Quick-release 92/92G Double Retention Holster,L / Quick-release 92/92G Double Retention Holster,,,,,,,Yes,True,,,01/05/2026 16:55,"{'date': '01/05/2026', 'date_formatted': '01/05/2026', 'hours': '04', 'minutes': '55', 'am_pm': 'PM', 'unix_timestamp': 1767632100000, 'iso_timestamp': '2026-01-05T16:55:00.000Z', 'timestamp': '01/05/2026 04:55 pm', 'time': 1015, 'time_formatted': '16:55', 'proper_unix_timestamp': 1767650100000, 'proper_iso_timestamp': '2026-01-05T21:55:00.000Z'}",01/05/2026 16:55,"{'date': '01/05/2026', 'date_formatted': '01/05/2026', 'hours': '04', 'minutes': '55', 'am_pm': 'PM', 'unix_timestamp': 1767632100000, 'iso_timestamp': '2026-01-05T16:55:00.000Z', 'timestamp': '01/05/2026 04:55 pm', 'time': 1015, 'time_formatted': '16:55', 'proper_unix_timestamp': 1767650100000, 'proper_iso_timestamp': '2026-01-05T21:55:00.000Z'}",Style,Style,L / Quick-release 92/92G Double Retention Holster,L / Quick-release 92/92G Double Retention Holster,,,,,65,65,$30.00,30,No,False,,,,,29.99,29.99,,,29.80,29.8,13.10,13.1,No,False,,,Yes,True,,,,,,,$30.00,30,$18.05,18.05,No,False
695c33441e9722c9bfffa68f,"<span class=""695c32e18c1c28d3136ab815"" data-kn=""connection-value"">WOSPORT L4G24 夜视仪支架（铝合金版）-淘宝网</span>","[{'id': '695c32e18c1c28d3136ab815', 'identifier': 'WOSPORT L4G24 夜视仪支架（铝合金版）-淘宝网'}]",Active,Active,L / Side-opening Quick-release Locking Baton Holster,L / Side-opening Quick-release Locking Baton Holster,,,,,,,Yes,True,,,01/05/2026 16:55,"{'date': '01/05/2026', 'date_formatted': '01/05/2026', 'hours': '04', 'minutes': '55', 'am_pm': 'PM', 'unix_timestamp': 1767632100000, 'iso_timestamp': '2026-01-05T16:55:00.000Z', 'timestamp': '01/05/2026 04:55 pm', 'time': 1015, 'time_formatted': '16:55', 'proper_unix_timestamp': 1767650100000, 'proper_iso_timestamp': '2026-01-05T21:55:00.000Z'}",01/05/2026 16:55,"{'date': '01/05/2026', 'date_formatted': '01/05/2026', 'hours': '04', 'minutes': '55', 'am_pm': 'PM', 'unix_timestamp': 1767632100000, 'iso_timestamp': '2026-01-05T16:55:00.000Z', 'timestamp': '01/05/2026 04:55 pm', 'time': 1015, 'time_formatted': '16:55', 'proper_unix_timestamp': 1767650100000, 'proper_iso_timestamp': '2026-01-05T21:55:00.000Z'}",Style,Style,L / Side-opening Quick-release Locking Baton Holster,L / Side-opening Quick-release Locking Baton Holster,,,,,48,48,$30.00,30,No,False,,,,,24.99,24.99,,,30.70,30.7,14.10,14.1,No,False,,,Yes,True,,,,,,,$30.00,30,$14.82,14.82,No,False
695c33432bad95469c538c31,"<span class=""695c32e18c1c28d3136ab815"" data-kn=""connection-value"">WOSPORT L4G24 夜视仪支架（铝合金版）-淘宝网</span>","[{'id': '695c32e18c1c28d3136ab815', 'identifier': 'WOSPORT L4G24 夜视仪支架（铝合金版）-淘宝网'}]",Active,Active,L / Side-opening Quick-release Locking Flashlight Holster,L / Side-opening Quick-release Locking Flashlight Holster,,,,,,,Yes,True,,,01/05/2026 16:55,"{'date': '01/05/2026', 'date_formatted': '01/05/2026', 'hours': '04', 'minutes': '55', 'am_pm': 'PM', 'unix_timestamp': 1767632100000, 'iso_timestamp': '2026-01-05T16:55:00.000Z', 'timestamp': '01/05/2026 04:55 pm', 'time': 1015, 'time_formatted': '16:55', 'proper_unix_timestamp': 1767650100000, 'proper_iso_timestamp': '2026-01-05T21:55:00.000Z'}",01/05/2026 16:55,"{'date': '01/05/2026', 'date_formatted': '01/05/2026', 'hours': '04', 'minutes': '55', 'am_pm': 'PM', 'unix_timestamp': 1767632100000, 'iso_timestamp': '2026-01-05T16:55:00.000Z', 'timestamp': '01/05/2026 04:55 pm', 'time': 1015, 'time_formatted': '16:55', 'proper_unix_timestamp': 1767650100000, 'proper_iso_timestamp': '2026-01-05T21:55:00.000Z'}",Style,Style,L / Side-opening Quick-release Locking Flashlight Holster,L / Side-opening Quick-release Locking Flashlight Holster,,,,,48,48,$30.00,30,No,False,,,,,24.99,24.99,,,30.70,30.7,14.10,14.1,No,False,,,Yes,True,,,,,,,$30.00,30,$14.82,14.82,No,False
695c334312bb85c5f211c1a9,"<span class=""695c32e18c1c28d3136ab815"" data-kn=""connection-value"">WOSPORT L4G24 夜视仪支架（铝合金版）-淘宝网</span>","[{'id': '695c32e18c1c28d3136ab815', 'identifier': 'WOSPORT L4G24 夜视仪支架（铝合金版）-淘宝网'}]",Active,Active,L / Side-opening Quick-release Locking Spray Holster,L / Side-opening Quick-release Locking Spray Holster,,,,,,,Yes,True,,,01/05/2026 16:55,"{'date': '01/05/2026', 'date_formatted': '01/05/2026', 'hours': '04', 'minutes': '55', 'am_pm': 'PM', 'unix_timestamp': 1767632100000, 'iso_timestamp': '2026-01-05T16:55:00.000Z', 'timestamp': '01/05/2026 04:55 pm', 'time': 1015, 'time_formatted': '16:55', 'proper_unix_timestamp': 1767650100000, 'proper_iso_timestamp': '2026-01-05T21:55:00.000Z'}",01/05/2026 16:55,"{'date': '01/05/2026', 'date_formatted': '01/05/2026', 'hours': '04', 'minutes': '55', 'am_pm': 'PM', 'unix_timestamp': 1767632100000, 'iso_timestamp': '2026-01-05T16:55:00.000Z', 'timestamp': '01/05/2026 04:55 pm', 'time': 1015, 'time_formatted': '16:55', 'proper_unix_timestamp': 1767650100000, 'proper_iso_timestamp': '2026-01-05T21:55:00.000Z'}",Style,Style,L / Side-opening Quick-release Locking Spray Holster,L / Side-opening Quick-release Locking Spray Holster,,,,,48,48,$30.00,30,No,False,,,,,24.99,24.99,,,30.70,30.7,14.10,14.1,No,False,,,Yes,True,,,,,,,$30.00,30,$14.82,14.82,No,False
695c3342f4bf2f7ec1396723,"<span class=""695c32e18c1c28d3136ab815"" data-kn=""connection-value"">WOSPORT L4G24 夜视仪支架（铝合金版）-淘宝网</span>","[{'id': '695c32e18c1c28d3136ab815', 'identifier': 'WOSPORT L4G24 夜视仪支架（铝合金版）-淘宝网'}]",Active,Active,L / Quick-release Universal Pistol Holster,L / Quick-release Universal Pistol Holster,,,,,,,Yes,True,,,01/05/2026 16:55,"{'date': '01/05/2026', 'date_formatted': '01/05/2026', 'hours': '04', 'minutes': '55', 'am_pm': 'PM', 'unix_timestamp': 1767632100000, 'iso_timestamp': '2026-01-05T16:55:00.000Z', 'timestamp': '01/05/2026 04:55 pm', 'time': 1015, 'time_formatted': '16:55', 'proper_unix_timestamp': 1767650100000, 'proper_iso_timestamp': '2026-01-05T21:55:00.000Z'}",01/05/2026 16:55,"{'date': '01/05/2026', 'date_formatted': '01/05/2026', 'hours': '04', 'minutes': '55', 'am_pm': 'PM', 'unix_timestamp': 1767632100000, 'iso_timestamp': '2026-01-05T16:55:00.000Z', 'timestamp': '01/05/2026 04:55 pm', 'time': 1015, 'time_formatted': '16:55', 'proper_unix_timestamp': 1767650100000, 'proper_iso_timestamp': '2026-01-05T21:55:00.000Z'}",Style,Style,L / Quick-release Universal Pistol Holster,L / Quick-release Universal Pistol Holster,,,,,58,58,$30.00,30,No,False,,,,,27.99,27.99,,,30.30,30.3,13.60,13.6,No,False,,,Yes,True,,,,,,,$30.00,30,$16.72,16.72,No,False
695c3342bd3270258c433223,"<span class=""695c32e18c1c28d3136ab815"" data-kn=""connection-value"">WOSPORT L4G24 夜视仪支架（铝合金版）-淘宝网</span>","[{'id': '695c32e18c1c28d3136ab815', 'identifier': 'WOSPORT L4G24 夜视仪支架（铝合金版）-淘宝网'}]",Active,Active,L / Document Pouch,L / Document Pouch,,,,,,,Yes,True,,,01/05/2026 16:55,"{'date': '01/05/2026', 'date_formatted': '01/05/2026', 'hours': '04', 'minutes': '55', 'am_pm': 'PM', 'unix_timestamp': 1767632100000, 'iso_timestamp': '2026-01-05T16:55:00.000Z', 'timestamp': '01/05/2026 04:55 pm', 'time': 1015, 'time_formatted': '16:55', 'proper_unix_timestamp': 1767650100000, 'proper_iso_timestamp': '2026-01-05T21:55:00.000Z'}",01/05/2026 16:55,"{'date': '01/05/2026', 'date_formatted': '01/05/2026', 'hours': '04', 'minutes': '55', 'am_pm': 'PM', 'unix_timestamp': 1767632100000, 'iso_timestamp': '2026-01-05T16:55:00.000Z', 'timestamp': '01/05/2026 04:55 pm', 'time': 1015, 'time_formatted': '16:55', 'proper_unix_timestamp': 1767650100000, 'proper_iso_timestamp': '2026-01-05T21:55:00.000Z'}",Style,Style,L / Document Pouch,L / Document Pouch,,,,,55,55,$30.00,30,No,False,,,,,26.99,26.99,,,30.20,30.2,13.50,13.5,No,False,,,Yes,True,,,,,,,$30.00,30,$16.15,16.15,No,False
695c3342985ba8f52547ac40,"<span class=""695c32e18c1c28d3136ab815"" data-kn=""connection-value"">WOSPORT L4G24 夜视仪支架（铝合金版）-淘宝网</span>","[{'id': '695c32e18c1c28d3136ab815', 'identifier': 'WOSPORT L4G24 夜视仪支架（铝合金版）-淘宝网'}]",Active,Active,L / Radio Pouch,L / Radio Pouch,,,,,,,Yes,True,,,01/05/2026 16:55,"{'date': '01/05/2026', 'date_formatted': '01/05/2026', 'hours': '04', 'minutes': '55', 'am_pm': 'PM', 'unix_timestamp': 1767632100000, 'iso_timestamp': '2026-01-05T16:55:00.000Z', 'timestamp': '01/05/2026 04:55 pm', 'time': 1015, 'time_formatted': '16:55', 'proper_unix_timestamp': 1767650100000, 'proper_iso_timestamp': '2026-01-05T21:55:00.000Z'}",01/05/2026 16:55,"{'date': '01/05/2026', 'date_formatted': '01/05/2026', 'hours': '04', 'minutes': '55', 'am_pm': 'PM', 'unix_timestamp': 1767632100000, 'iso_timestamp': '2026-01-05T16:55:00.000Z', 'timestamp': '01/05/2026 04:55 pm', 'time': 1015, 'time_formatted': '16:55', 'proper_unix_timestamp': 1767650100000, 'proper_iso_timestamp': '2026-01-05T21:55:00.000Z'}",Style,Style,L / Radio Pouch,L / Radio Pouch,,,,,45,45,$30.00,30,No,False,,,,,23.99,23.99,,,30.60,30.6,14.00,14,No,False,,,Yes,True,,,,,,,$30.00,30,$14.25,14.25,No,False
695c33411e9722c9bfffa588,"<span class=""695c32e18c1c28d3136ab815"" data-kn=""connection-value"">WOSPORT L4G24 夜视仪支架（铝合金版）-淘宝网</span>","[{'id': '695c32e18c1c28d3136ab815', 'identifier': 'WOSPORT L4G24 夜视仪支架（铝合金版）-淘宝网'}]",Active,Active,L / Water Bottle Pouch,L / Water Bottle Pouch,,,,,,,Yes,True,,,01/05/2026 16:55,"{'date': '01/05/2026', 'date_formatted': '01/05/2026', 'hours': '04', 'minutes': '55', 'am_pm': 'PM', 'unix_timestamp': 1767632100000, 'iso_timestamp': '2026-01-05T16:55:00.000Z', 'timestamp': '01/05/2026 04:55 pm', 'time': 1015, 'time_formatted': '16:55', 'proper_unix_timestamp': 1767650100000, 'proper_iso_timestamp': '2026-01-05T21:55:00.000Z'}",01/05/2026 16:55,"{'date': '01/05/2026', 'date_formatted': '01/05/2026', 'hours': '04', 'minutes': '55', 'am_pm': 'PM', 'unix_timestamp': 1767632100000, 'iso_timestamp': '2026-01-05T16:55:00.000Z', 'timestamp': '01/05/2026 04:55 pm', 'time': 1015, 'time_formatted': '16:55', 'proper_unix_timestamp': 1767650100000, 'proper_iso_timestamp': '2026-01-05T21:55:00.000Z'}",Style,Style,L / Water Bottle Pouch,L / Water Bottle Pouch,,,,,58,58,$30.00,30,No,False,,,,,27.99,27.99,,,30.30,30.3,13.60,13.6,No,False,,,Yes,True,,,,,,,$30.00,30,$16.72,16.72,No,False
695c3341b3a75d879c323015,"<span class=""695c32e18c1c28d3136ab815"" data-kn=""connection-value"">WOSPORT L4G24 夜视仪支架（铝合金版）-淘宝网</span>","[{'id': '695c32e18c1c28d3136ab815', 'identifier': 'WOSPORT L4G24 夜视仪支架（铝合金版）-淘宝网'}]",Active,Active,L / Quick-release D-Ring Pouch,L / Quick-release D-Ring Pouch,,,,,,,Yes,True,,,01/05/2026 16:55,"{'date': '01/05/2026', 'date_formatted': '01/05/2026', 'hours': '04', 'minutes': '55', 'am_pm': 'PM', 'unix_timestamp': 1767632100000, 'iso_timestamp': '2026-01-05T16:55:00.000Z', 'timestamp': '01/05/2026 04:55 pm', 'time': 1015, 'time_formatted': '16:55', 'proper_unix_timestamp': 1767650100000, 'proper_iso_timestamp': '2026-01-05T21:55:00.000Z'}",01/05/2026 16:55,"{'date': '01/05/2026', 'date_formatted': '01/05/2026', 'hours': '04', 'minutes': '55', 'am_pm': 'PM', 'unix_timestamp': 1767632100000, 'iso_timestamp': '2026-01-05T16:55:00.000Z', 'timestamp': '01/05/2026 04:55 pm', 'time': 1015, 'time_formatted': '16:55', 'proper_unix_timestamp': 1767650100000, 'proper_iso_timestamp': '2026-01-05T21:55:00.000Z'}",Style,Style,L / Quick-release D-Ring Pouch,L / Quick-release D-Ring Pouch,,,,,48,48,$30.00,30,No,False,,,,,24.99,24.99,,,30.70,30.7,14.10,14.1,No,False,,,Yes,True,,,,,,,$30.00,30,$14.82,14.82,No,False
695c3340d745a52edae31da2,"<span class=""695c32e18c1c28d3136ab815"" data-kn=""connection-value"">WOSPORT L4G24 夜视仪支架（铝合金版）-淘宝网</span>","[{'id': '695c32e18c1c28d3136ab815', 'identifier': 'WOSPORT L4G24 夜视仪支架（铝合金版）-淘宝网'}]",Active,Active,XL / Set A,XL / Set A,,,,,,,Yes,True,,,01/05/2026 16:55,"{'date': '01/05/2026', 'date_formatted': '01/05/2026', 'hours': '04', 'minutes': '55', 'am_pm': 'PM', 'unix_timestamp': 1767632100000, 'iso_timestamp': '2026-01-05T16:55:00.000Z', 'timestamp': '01/05/2026 04:55 pm', 'time': 1015, 'time_formatted': '16:55', 'proper_unix_timestamp': 1767650100000, 'proper_iso_timestamp': '2026-01-05T21:55:00.000Z'}",01/05/2026 16:55,"{'date': '01/05/2026', 'date_formatted': '01/05/2026', 'hours': '04', 'minutes': '55', 'am_pm': 'PM', 'unix_timestamp': 1767632100000, 'iso_timestamp': '2026-01-05T16:55:00.000Z', 'timestamp': '01/05/2026 04:55 pm', 'time': 1015, 'time_formatted': '16:55', 'proper_unix_timestamp': 1767650100000, 'proper_iso_timestamp': '2026-01-05T21:55:00.000Z'}",Style,Style,XL / Set A,XL / Set A,,,,,202,202,$30.00,30,No,False,,,,,72.99,72.99,,,29.60,29.6,12.90,12.9,No,False,,,Yes,True,,,,,,,$30.00,30,$44.08,44.08,No,False
695c3340913f62399ce525b5,"<span class=""695c32e18c1c28d3136ab815"" data-kn=""connection-value"">WOSPORT L4G24 夜视仪支架（铝合金版）-淘宝网</span>","[{'id': '695c32e18c1c28d3136ab815', 'identifier': 'WOSPORT L4G24 夜视仪支架（铝合金版）-淘宝网'}]",Active,Active,"XL / Quick-release Locking Baton, Spray, Flashlight, Pistol Holster 4-Piece Set","XL / Quick-release Locking Baton, Spray, Flashlight, Pistol Holster 4-Piece Set",,,,,,,Yes,True,,,01/05/2026 16:55,"{'date': '01/05/2026', 'date_formatted': '01/05/2026', 'hours': '04', 'minutes': '55', 'am_pm': 'PM', 'unix_timestamp': 1767632100000, 'iso_timestamp': '2026-01-05T16:55:00.000Z', 'timestamp': '01/05/2026 04:55 pm', 'time': 1015, 'time_formatted': '16:55', 'proper_unix_timestamp': 1767650100000, 'proper_iso_timestamp': '2026-01-05T21:55:00.000Z'}",01/05/2026 16:55,"{'date': '01/05/2026', 'date_formatted': '01/05/2026', 'hours': '04', 'minutes': '55', 'am_pm': 'PM', 'unix_timestamp': 1767632100000, 'iso_timestamp': '2026-01-05T16:55:00.000Z', 'timestamp': '01/05/2026 04:55 pm', 'time': 1015, 'time_formatted': '16:55', 'proper_unix_timestamp': 1767650100000, 'proper_iso_timestamp': '2026-01-05T21:55:00.000Z'}",Style,Style,"XL / Quick-release Locking Baton, Spray, Flashlight, Pistol Holster 4-Piece Set","XL / Quick-release Locking Baton, Spray, Flashlight, Pistol Holster 4-Piece Set",,,,,160,160,$30.00,30,No,False,,,,,59.99,59.99,,,29.80,29.8,13.10,13.1,No,False,,,Yes,True,,,,,,,$30.00,30,$36.10,36.1,No,False
695c333f3b63f2dd235b48ab,"<span class=""695c32e18c1c28d3136ab815"" data-kn=""connection-value"">WOSPORT L4G24 夜视仪支架（铝合金版）-淘宝网</span>","[{'id': '695c32e18c1c28d3136ab815', 'identifier': 'WOSPORT L4G24 夜视仪支架（铝合金版）-淘宝网'}]",Active,Active,"XL / Quick-release Locking Baton, Spray, Flashlight 3-Piece Set","XL / Quick-release Locking Baton, Spray, Flashlight 3-Piece Set",,,,,,,Yes,True,,,01/05/2026 16:55,"{'date': '01/05/2026', 'date_formatted': '01/05/2026', 'hours': '04', 'minutes': '55', 'am_pm': 'PM', 'unix_timestamp': 1767632100000, 'iso_timestamp': '2026-01-05T16:55:00.000Z', 'timestamp': '01/05/2026 04:55 pm', 'time': 1015, 'time_formatted': '16:55', 'proper_unix_timestamp': 1767650100000, 'proper_iso_timestamp': '2026-01-05T21:55:00.000Z'}",01/05/2026 16:55,"{'date': '01/05/2026', 'date_formatted': '01/05/2026', 'hours': '04', 'minutes': '55', 'am_pm': 'PM', 'unix_timestamp': 1767632100000, 'iso_timestamp': '2026-01-05T16:55:00.000Z', 'timestamp': '01/05/2026 04:55 pm', 'time': 1015, 'time_formatted': '16:55', 'proper_unix_timestamp': 1767650100000, 'proper_iso_timestamp': '2026-01-05T21:55:00.000Z'}",Style,Style,"XL / Quick-release Locking Baton, Spray, Flashlight 3-Piece Set","XL / Quick-release Locking Baton, Spray, Flashlight 3-Piece Set",,,,,120,120,$30.00,30,No,False,,,,,46.99,46.99,,,29.30,29.3,12.60,12.6,No,False,,,Yes,True,,,,,,,$30.00,30,$28.50,28.5,No,False
695c333f913f62399ce51dbd,"<span class=""695c32e18c1c28d3136ab815"" data-kn=""connection-value"">WOSPORT L4G24 夜视仪支架（铝合金版）-淘宝网</span>","[{'id': '695c32e18c1c28d3136ab815', 'identifier': 'WOSPORT L4G24 夜视仪支架（铝合金版）-淘宝网'}]",Active,Active,XL / Battle Belt,XL / Battle Belt,,,,,,,Yes,True,,,01/05/2026 16:55,"{'date': '01/05/2026', 'date_formatted': '01/05/2026', 'hours': '04', 'minutes': '55', 'am_pm': 'PM', 'unix_timestamp': 1767632100000, 'iso_timestamp': '2026-01-05T16:55:00.000Z', 'timestamp': '01/05/2026 04:55 pm', 'time': 1015, 'time_formatted': '16:55', 'proper_unix_timestamp': 1767650100000, 'proper_iso_timestamp': '2026-01-05T21:55:00.000Z'}",01/05/2026 16:55,"{'date': '01/05/2026', 'date_formatted': '01/05/2026', 'hours': '04', 'minutes': '55', 'am_pm': 'PM', 'unix_timestamp': 1767632100000, 'iso_timestamp': '2026-01-05T16:55:00.000Z', 'timestamp': '01/05/2026 04:55 pm', 'time': 1015, 'time_formatted': '16:55', 'proper_unix_timestamp': 1767650100000, 'proper_iso_timestamp': '2026-01-05T21:55:00.000Z'}",Style,Style,XL / Battle Belt,XL / Battle Belt,,,,,65,65,$30.00,30,No,False,,,,,29.99,29.99,,,29.80,29.8,13.10,13.1,No,False,,,Yes,True,,,,,,,$30.00,30,$18.05,18.05,No,False
695c333ef7c4633092897f35,"<span class=""695c32e18c1c28d3136ab815"" data-kn=""connection-value"">WOSPORT L4G24 夜视仪支架（铝合金版）-淘宝网</span>","[{'id': '695c32e18c1c28d3136ab815', 'identifier': 'WOSPORT L4G24 夜视仪支架（铝合金版）-淘宝网'}]",Active,Active,XL / Outer Belt + Battle Belt,XL / Outer Belt + Battle Belt,,,,,,,Yes,True,,,01/05/2026 16:55,"{'date': '01/05/2026', 'date_formatted': '01/05/2026', 'hours': '04', 'minutes': '55', 'am_pm': 'PM', 'unix_timestamp': 1767632100000, 'iso_timestamp': '2026-01-05T16:55:00.000Z', 'timestamp': '01/05/2026 04:55 pm', 'time': 1015, 'time_formatted': '16:55', 'proper_unix_timestamp': 1767650100000, 'proper_iso_timestamp': '2026-01-05T21:55:00.000Z'}",01/05/2026 16:55,"{'date': '01/05/2026', 'date_formatted': '01/05/2026', 'hours': '04', 'minutes': '55', 'am_pm': 'PM', 'unix_timestamp': 1767632100000, 'iso_timestamp': '2026-01-05T16:55:00.000Z', 'timestamp': '01/05/2026 04:55 pm', 'time': 1015, 'time_formatted': '16:55', 'proper_unix_timestamp': 1767650100000, 'proper_iso_timestamp': '2026-01-05T21:55:00.000Z'}",Style,Style,XL / Outer Belt + Battle Belt,XL / Outer Belt + Battle Belt,,,,,107,107,$30.00,30,No,False,,,,,42.99,42.99,,,29.50,29.5,12.70,12.7,No,False,,,Yes,True,,,,,,,$30.00,30,$26.03,26.03,No,False
695c333e12bb85c5f2115b8b,"<span class=""695c32e18c1c28d3136ab815"" data-kn=""connection-value"">WOSPORT L4G24 夜视仪支架（铝合金版）-淘宝网</span>","[{'id': '695c32e18c1c28d3136ab815', 'identifier': 'WOSPORT L4G24 夜视仪支架（铝合金版）-淘宝网'}]",Active,Active,XL / Outer Belt + Battle Belt + Inner Belt,XL / Outer Belt + Battle Belt + Inner Belt,,,,,,,Yes,True,,,01/05/2026 16:55,"{'date': '01/05/2026', 'date_formatted': '01/05/2026', 'hours': '04', 'minutes': '55', 'am_pm': 'PM', 'unix_timestamp': 1767632100000, 'iso_timestamp': '2026-01-05T16:55:00.000Z', 'timestamp': '01/05/2026 04:55 pm', 'time': 1015, 'time_formatted': '16:55', 'proper_unix_timestamp': 1767650100000, 'proper_iso_timestamp': '2026-01-05T21:55:00.000Z'}",01/05/2026 16:55,"{'date': '01/05/2026', 'date_formatted': '01/05/2026', 'hours': '04', 'minutes': '55', 'am_pm': 'PM', 'unix_timestamp': 1767632100000, 'iso_timestamp': '2026-01-05T16:55:00.000Z', 'timestamp': '01/05/2026 04:55 pm', 'time': 1015, 'time_formatted': '16:55', 'proper_unix_timestamp': 1767650100000, 'proper_iso_timestamp': '2026-01-05T21:55:00.000Z'}",Style,Style,XL / Outer Belt + Battle Belt + Inner Belt,XL / Outer Belt + Battle Belt + Inner Belt,,,,,145,145,$30.00,30,No,False,,,,,54.99,54.99,,,29.50,29.5,12.80,12.8,No,False,,,Yes,True,,,,,,,$30.00,30,$33.25,33.25,No,False
695c333e913f62399ce50d3c,"<span class=""695c32e18c1c28d3136ab815"" data-kn=""connection-value"">WOSPORT L4G24 夜视仪支架（铝合金版）-淘宝网</span>","[{'id': '695c32e18c1c28d3136ab815', 'identifier': 'WOSPORT L4G24 夜视仪支架（铝合金版）-淘宝网'}]",Active,Active,XL / Quick-release 92/92G Double Retention Holster,XL / Quick-release 92/92G Double Retention Holster,,,,,,,Yes,True,,,01/05/2026 16:55,"{'date': '01/05/2026', 'date_formatted': '01/05/2026', 'hours': '04', 'minutes': '55', 'am_pm': 'PM', 'unix_timestamp': 1767632100000, 'iso_timestamp': '2026-01-05T16:55:00.000Z', 'timestamp': '01/05/2026 04:55 pm', 'time': 1015, 'time_formatted': '16:55', 'proper_unix_timestamp': 1767650100000, 'proper_iso_timestamp': '2026-01-05T21:55:00.000Z'}",01/05/2026 16:55,"{'date': '01/05/2026', 'date_formatted': '01/05/2026', 'hours': '04', 'minutes': '55', 'am_pm': 'PM', 'unix_timestamp': 1767632100000, 'iso_timestamp': '2026-01-05T16:55:00.000Z', 'timestamp': '01/05/2026 04:55 pm', 'time': 1015, 'time_formatted': '16:55', 'proper_unix_timestamp': 1767650100000, 'proper_iso_timestamp': '2026-01-05T21:55:00.000Z'}",Style,Style,XL / Quick-release 92/92G Double Retention Holster,XL / Quick-release 92/92G Double Retention Holster,,,,,65,65,$30.00,30,No,False,,,,,29.99,29.99,,,29.80,29.8,13.10,13.1,No,False,,,Yes,True,,,,,,,$30.00,30,$18.05,18.05,No,False
695c333d4702b73a6460df37,"<span class=""695c32e18c1c28d3136ab815"" data-kn=""connection-value"">WOSPORT L4G24 夜视仪支架（铝合金版）-淘宝网</span>","[{'id': '695c32e18c1c28d3136ab815', 'identifier': 'WOSPORT L4G24 夜视仪支架（铝合金版）-淘宝网'}]",Active,Active,XL / Side-Opening Quick-Release Locking Baton Holster,XL / Side-Opening Quick-Release Locking Baton Holster,,,,,,,Yes,True,,,01/05/2026 16:55,"{'date': '01/05/2026', 'date_formatted': '01/05/2026', 'hours': '04', 'minutes': '55', 'am_pm': 'PM', 'unix_timestamp': 1767632100000, 'iso_timestamp': '2026-01-05T16:55:00.000Z', 'timestamp': '01/05/2026 04:55 pm', 'time': 1015, 'time_formatted': '16:55', 'proper_unix_timestamp': 1767650100000, 'proper_iso_timestamp': '2026-01-05T21:55:00.000Z'}",01/05/2026 16:55,"{'date': '01/05/2026', 'date_formatted': '01/05/2026', 'hours': '04', 'minutes': '55', 'am_pm': 'PM', 'unix_timestamp': 1767632100000, 'iso_timestamp': '2026-01-05T16:55:00.000Z', 'timestamp': '01/05/2026 04:55 pm', 'time': 1015, 'time_formatted': '16:55', 'proper_unix_timestamp': 1767650100000, 'proper_iso_timestamp': '2026-01-05T21:55:00.000Z'}",Style,Style,XL / Side-Opening Quick-Release Locking Baton Holster,XL / Side-Opening Quick-Release Locking Baton Holster,,,,,48,48,$30.00,30,No,False,,,,,24.99,24.99,,,30.70,30.7,14.10,14.1,No,False,,,Yes,True,,,,,,,$30.00,30,$14.82,14.82,No,False
695c333de4ecfd80d0d68e70,"<span class=""695c32e18c1c28d3136ab815"" data-kn=""connection-value"">WOSPORT L4G24 夜视仪支架（铝合金版）-淘宝网</span>","[{'id': '695c32e18c1c28d3136ab815', 'identifier': 'WOSPORT L4G24 夜视仪支架（铝合金版）-淘宝网'}]",Active,Active,XL / Side-Opening Quick-Release Locking Flashlight Holster,XL / Side-Opening Quick-Release Locking Flashlight Holster,,,,,,,Yes,True,,,01/05/2026 16:55,"{'date': '01/05/2026', 'date_formatted': '01/05/2026', 'hours': '04', 'minutes': '55', 'am_pm': 'PM', 'unix_timestamp': 1767632100000, 'iso_timestamp': '2026-01-05T16:55:00.000Z', 'timestamp': '01/05/2026 04:55 pm', 'time': 1015, 'time_formatted': '16:55', 'proper_unix_timestamp': 1767650100000, 'proper_iso_timestamp': '2026-01-05T21:55:00.000Z'}",01/05/2026 16:55,"{'date': '01/05/2026', 'date_formatted': '01/05/2026', 'hours': '04', 'minutes': '55', 'am_pm': 'PM', 'unix_timestamp': 1767632100000, 'iso_timestamp': '2026-01-05T16:55:00.000Z', 'timestamp': '01/05/2026 04:55 pm', 'time': 1015, 'time_formatted': '16:55', 'proper_unix_timestamp': 1767650100000, 'proper_iso_timestamp': '2026-01-05T21:55:00.000Z'}",Style,Style,XL / Side-Opening Quick-Release Locking Flashlight Holster,XL / Side-Opening Quick-Release Locking Flashlight Holster,,,,,48,48,$30.00,30,No,False,,,,,24.99,24.99,,,30.70,30.7,14.10,14.1,No,False,,,Yes,True,,,,,,,$30.00,30,$14.82,14.82,No,False
695c333df7c4633092896699,"<span class=""695c32e18c1c28d3136ab815"" data-kn=""connection-value"">WOSPORT L4G24 夜视仪支架（铝合金版）-淘宝网</span>","[{'id': '695c32e18c1c28d3136ab815', 'identifier': 'WOSPORT L4G24 夜视仪支架（铝合金版）-淘宝网'}]",Active,Active,XL / Side-Opening Quick-Release Locking Pepper Spray Holster,XL / Side-Opening Quick-Release Locking Pepper Spray Holster,,,,,,,Yes,True,,,01/05/2026 16:55,"{'date': '01/05/2026', 'date_formatted': '01/05/2026', 'hours': '04', 'minutes': '55', 'am_pm': 'PM', 'unix_timestamp': 1767632100000, 'iso_timestamp': '2026-01-05T16:55:00.000Z', 'timestamp': '01/05/2026 04:55 pm', 'time': 1015, 'time_formatted': '16:55', 'proper_unix_timestamp': 1767650100000, 'proper_iso_timestamp': '2026-01-05T21:55:00.000Z'}",01/05/2026 16:55,"{'date': '01/05/2026', 'date_formatted': '01/05/2026', 'hours': '04', 'minutes': '55', 'am_pm': 'PM', 'unix_timestamp': 1767632100000, 'iso_timestamp': '2026-01-05T16:55:00.000Z', 'timestamp': '01/05/2026 04:55 pm', 'time': 1015, 'time_formatted': '16:55', 'proper_unix_timestamp': 1767650100000, 'proper_iso_timestamp': '2026-01-05T21:55:00.000Z'}",Style,Style,XL / Side-Opening Quick-Release Locking Pepper Spray Holster,XL / Side-Opening Quick-Release Locking Pepper Spray Holster,,,,,48,48,$30.00,30,No,False,,,,,24.99,24.99,,,30.70,30.7,14.10,14.1,No,False,,,Yes,True,,,,,,,$30.00,30,$14.82,14.82,No,False
695c333caae7b5b062d2f60d,"<span class=""695c32e18c1c28d3136ab815"" data-kn=""connection-value"">WOSPORT L4G24 夜视仪支架（铝合金版）-淘宝网</span>","[{'id': '695c32e18c1c28d3136ab815', 'identifier': 'WOSPORT L4G24 夜视仪支架（铝合金版）-淘宝网'}]",Active,Active,XL / Quick-release Universal Pistol Holster,XL / Quick-release Universal Pistol Holster,,,,,,,Yes,True,,,01/05/2026 16:55,"{'date': '01/05/2026', 'date_formatted': '01/05/2026', 'hours': '04', 'minutes': '55', 'am_pm': 'PM', 'unix_timestamp': 1767632100000, 'iso_timestamp': '2026-01-05T16:55:00.000Z', 'timestamp': '01/05/2026 04:55 pm', 'time': 1015, 'time_formatted': '16:55', 'proper_unix_timestamp': 1767650100000, 'proper_iso_timestamp': '2026-01-05T21:55:00.000Z'}",01/05/2026 16:55,"{'date': '01/05/2026', 'date_formatted': '01/05/2026', 'hours': '04', 'minutes': '55', 'am_pm': 'PM', 'unix_timestamp': 1767632100000, 'iso_timestamp': '2026-01-05T16:55:00.000Z', 'timestamp': '01/05/2026 04:55 pm', 'time': 1015, 'time_formatted': '16:55', 'proper_unix_timestamp': 1767650100000, 'proper_iso_timestamp': '2026-01-05T21:55:00.000Z'}",Style,Style,XL / Quick-release Universal Pistol Holster,XL / Quick-release Universal Pistol Holster,,,,,58,58,$30.00,30,No,False,,,,,27.99,27.99,,,30.30,30.3,13.60,13.6,No,False,,,Yes,True,,,,,,,$30.00,30,$16.72,16.72,No,False
695c333c8b911985b128a59c,"<span class=""695c32e18c1c28d3136ab815"" data-kn=""connection-value"">WOSPORT L4G24 夜视仪支架（铝合金版）-淘宝网</span>","[{'id': '695c32e18c1c28d3136ab815', 'identifier': 'WOSPORT L4G24 夜视仪支架（铝合金版）-淘宝网'}]",Active,Active,XL / Admin Pouch,XL / Admin Pouch,,,,,,,Yes,True,,,01/05/2026 16:55,"{'date': '01/05/2026', 'date_formatted': '01/05/2026', 'hours': '04', 'minutes': '55', 'am_pm': 'PM', 'unix_timestamp': 1767632100000, 'iso_timestamp': '2026-01-05T16:55:00.000Z', 'timestamp': '01/05/2026 04:55 pm', 'time': 1015, 'time_formatted': '16:55', 'proper_unix_timestamp': 1767650100000, 'proper_iso_timestamp': '2026-01-05T21:55:00.000Z'}",01/05/2026 16:55,"{'date': '01/05/2026', 'date_formatted': '01/05/2026', 'hours': '04', 'minutes': '55', 'am_pm': 'PM', 'unix_timestamp': 1767632100000, 'iso_timestamp': '2026-01-05T16:55:00.000Z', 'timestamp': '01/05/2026 04:55 pm', 'time': 1015, 'time_formatted': '16:55', 'proper_unix_timestamp': 1767650100000, 'proper_iso_timestamp': '2026-01-05T21:55:00.000Z'}",Style,Style,XL / Admin Pouch,XL / Admin Pouch,,,,,55,55,$30.00,30,No,False,,,,,26.99,26.99,,,30.20,30.2,13.50,13.5,No,False,,,Yes,True,,,,,,,$30.00,30,$16.15,16.15,No,False
695c333bd31dc717397b03a4,"<span class=""695c32e18c1c28d3136ab815"" data-kn=""connection-value"">WOSPORT L4G24 夜视仪支架（铝合金版）-淘宝网</span>","[{'id': '695c32e18c1c28d3136ab815', 'identifier': 'WOSPORT L4G24 夜视仪支架（铝合金版）-淘宝网'}]",Active,Active,XL / Radio Pouch,XL / Radio Pouch,,,,,,,Yes,True,,,01/05/2026 16:55,"{'date': '01/05/2026', 'date_formatted': '01/05/2026', 'hours': '04', 'minutes': '55', 'am_pm': 'PM', 'unix_timestamp': 1767632100000, 'iso_timestamp': '2026-01-05T16:55:00.000Z', 'timestamp': '01/05/2026 04:55 pm', 'time': 1015, 'time_formatted': '16:55', 'proper_unix_timestamp': 1767650100000, 'proper_iso_timestamp': '2026-01-05T21:55:00.000Z'}",01/05/2026 16:55,"{'date': '01/05/2026', 'date_formatted': '01/05/2026', 'hours': '04', 'minutes': '55', 'am_pm': 'PM', 'unix_timestamp': 1767632100000, 'iso_timestamp': '2026-01-05T16:55:00.000Z', 'timestamp': '01/05/2026 04:55 pm', 'time': 1015, 'time_formatted': '16:55', 'proper_unix_timestamp': 1767650100000, 'proper_iso_timestamp': '2026-01-05T21:55:00.000Z'}",Style,Style,XL / Radio Pouch,XL / Radio Pouch,,,,,45,45,$30.00,30,No,False,,,,,23.99,23.99,,,30.60,30.6,14.00,14,No,False,,,Yes,True,,,,,,,$30.00,30,$14.25,14.25,No,False
695c333bd745a52edae2ae41,"<span class=""695c32e18c1c28d3136ab815"" data-kn=""connection-value"">WOSPORT L4G24 夜视仪支架（铝合金版）-淘宝网</span>","[{'id': '695c32e18c1c28d3136ab815', 'identifier': 'WOSPORT L4G24 夜视仪支架（铝合金版）-淘宝网'}]",Active,Active,XL / Water Bottle Pouch,XL / Water Bottle Pouch,,,,,,,Yes,True,,,01/05/2026 16:55,"{'date': '01/05/2026', 'date_formatted': '01/05/2026', 'hours': '04', 'minutes': '55', 'am_pm': 'PM', 'unix_timestamp': 1767632100000, 'iso_timestamp': '2026-01-05T16:55:00.000Z', 'timestamp': '01/05/2026 04:55 pm', 'time': 1015, 'time_formatted': '16:55', 'proper_unix_timestamp': 1767650100000, 'proper_iso_timestamp': '2026-01-05T21:55:00.000Z'}",01/05/2026 16:55,"{'date': '01/05/2026', 'date_formatted': '01/05/2026', 'hours': '04', 'minutes': '55', 'am_pm': 'PM', 'unix_timestamp': 1767632100000, 'iso_timestamp': '2026-01-05T16:55:00.000Z', 'timestamp': '01/05/2026 04:55 pm', 'time': 1015, 'time_formatted': '16:55', 'proper_unix_timestamp': 1767650100000, 'proper_iso_timestamp': '2026-01-05T21:55:00.000Z'}",Style,Style,XL / Water Bottle Pouch,XL / Water Bottle Pouch,,,,,58,58,$30.00,30,No,False,,,,,27.99,27.99,,,30.30,30.3,13.60,13.6,No,False,,,Yes,True,,,,,,,$30.00,30,$16.72,16.72,No,False
695c333bce1739befd2070e0,"<span class=""695c32e18c1c28d3136ab815"" data-kn=""connection-value"">WOSPORT L4G24 夜视仪支架（铝合金版）-淘宝网</span>","[{'id': '695c32e18c1c28d3136ab815', 'identifier': 'WOSPORT L4G24 夜视仪支架（铝合金版）-淘宝网'}]",Active,Active,XL / Quick-Release D-Ring Pouch,XL / Quick-Release D-Ring Pouch,,,,,,,Yes,True,,,01/05/2026 16:55,"{'date': '01/05/2026', 'date_formatted': '01/05/2026', 'hours': '04', 'minutes': '55', 'am_pm': 'PM', 'unix_timestamp': 1767632100000, 'iso_timestamp': '2026-01-05T16:55:00.000Z', 'timestamp': '01/05/2026 04:55 pm', 'time': 1015, 'time_formatted': '16:55', 'proper_unix_timestamp': 1767650100000, 'proper_iso_timestamp': '2026-01-05T21:55:00.000Z'}",01/05/2026 16:55,"{'date': '01/05/2026', 'date_formatted': '01/05/2026', 'hours': '04', 'minutes': '55', 'am_pm': 'PM', 'unix_timestamp': 1767632100000, 'iso_timestamp': '2026-01-05T16:55:00.000Z', 'timestamp': '01/05/2026 04:55 pm', 'time': 1015, 'time_formatted': '16:55', 'proper_unix_timestamp': 1767650100000, 'proper_iso_timestamp': '2026-01-05T21:55:00.000Z'}",Style,Style,XL / Quick-Release D-Ring Pouch,XL / Quick-Release D-Ring Pouch,,,,,48,48,$30.00,30,No,False,,,,,24.99,24.99,,,30.70,30.7,14.10,14.1,No,False,,,Yes,True,,,,,,,$30.00,30,$14.82,14.82,No,False
695c333a2bad95469c529e5b,"<span class=""695c32e61e9722c9bff9e448"" data-kn=""connection-value"">战术多功能手雷模型装备包 手榴弹道具molle同尺寸弹力收纳附件包-淘宝网</span>","[{'id': '695c32e61e9722c9bff9e448', 'identifier': '战术多功能手雷模型装备包 手榴弹道具molle同尺寸弹力收纳附件包-淘宝网'}]",Active,Active,[Cordura] Black BK,[Cordura] Black BK,,,,,,,Yes,True,,,01/05/2026 16:55,"{'date': '01/05/2026', 'date_formatted': '01/05/2026', 'hours': '04', 'minutes': '55', 'am_pm': 'PM', 'unix_timestamp': 1767632100000, 'iso_timestamp': '2026-01-05T16:55:00.000Z', 'timestamp': '01/05/2026 04:55 pm', 'time': 1015, 'time_formatted': '16:55', 'proper_unix_timestamp': 1767650100000, 'proper_iso_timestamp': '2026-01-05T21:55:00.000Z'}",01/05/2026 16:55,"{'date': '01/05/2026', 'date_formatted': '01/05/2026', 'hours': '04', 'minutes': '55', 'am_pm': 'PM', 'unix_timestamp': 1767632100000, 'iso_timestamp': '2026-01-05T16:55:00.000Z', 'timestamp': '01/05/2026 04:55 pm', 'time': 1015, 'time_formatted': '16:55', 'proper_unix_timestamp': 1767650100000, 'proper_iso_timestamp': '2026-01-05T21:55:00.000Z'}",Color,Color,Black,Black,,,,,32,32,$30.00,30,No,False,,,,,19.99,19.99,,,31.10,31.1,14.50,14.5,No,False,,,Yes,True,,,,,,,$30.00,30,$11.78,11.78,No,False
695c333a4e794334fd53e19c,"<span class=""695c32e61e9722c9bff9e448"" data-kn=""connection-value"">战术多功能手雷模型装备包 手榴弹道具molle同尺寸弹力收纳附件包-淘宝网</span>","[{'id': '695c32e61e9722c9bff9e448', 'identifier': '战术多功能手雷模型装备包 手榴弹道具molle同尺寸弹力收纳附件包-淘宝网'}]",Active,Active,[Cordura] Coyote Brown CB,[Cordura] Coyote Brown CB,,,,,,,Yes,True,,,01/05/2026 16:55,"{'date': '01/05/2026', 'date_formatted': '01/05/2026', 'hours': '04', 'minutes': '55', 'am_pm': 'PM', 'unix_timestamp': 1767632100000, 'iso_timestamp': '2026-01-05T16:55:00.000Z', 'timestamp': '01/05/2026 04:55 pm', 'time': 1015, 'time_formatted': '16:55', 'proper_unix_timestamp': 1767650100000, 'proper_iso_timestamp': '2026-01-05T21:55:00.000Z'}",01/05/2026 16:55,"{'date': '01/05/2026', 'date_formatted': '01/05/2026', 'hours': '04', 'minutes': '55', 'am_pm': 'PM', 'unix_timestamp': 1767632100000, 'iso_timestamp': '2026-01-05T16:55:00.000Z', 'timestamp': '01/05/2026 04:55 pm', 'time': 1015, 'time_formatted': '16:55', 'proper_unix_timestamp': 1767650100000, 'proper_iso_timestamp': '2026-01-05T21:55:00.000Z'}",Color,Color,Coyote,Coyote,,,,,32,32,$30.00,30,No,False,,,,,19.99,19.99,,,31.10,31.1,14.50,14.5,No,False,,,Yes,True,,,,,,,$30.00,30,$11.78,11.78,No,False
695c333a26e6116796e2cc7a,"<span class=""695c32e61e9722c9bff9e448"" data-kn=""connection-value"">战术多功能手雷模型装备包 手榴弹道具molle同尺寸弹力收纳附件包-淘宝网</span>","[{'id': '695c32e61e9722c9bff9e448', 'identifier': '战术多功能手雷模型装备包 手榴弹道具molle同尺寸弹力收纳附件包-淘宝网'}]",Active,Active,[Cordura] Wolf Grey WG,[Cordura] Wolf Grey WG,,,,,,,Yes,True,,,01/05/2026 16:55,"{'date': '01/05/2026', 'date_formatted': '01/05/2026', 'hours': '04', 'minutes': '55', 'am_pm': 'PM', 'unix_timestamp': 1767632100000, 'iso_timestamp': '2026-01-05T16:55:00.000Z', 'timestamp': '01/05/2026 04:55 pm', 'time': 1015, 'time_formatted': '16:55', 'proper_unix_timestamp': 1767650100000, 'proper_iso_timestamp': '2026-01-05T21:55:00.000Z'}",01/05/2026 16:55,"{'date': '01/05/2026', 'date_formatted': '01/05/2026', 'hours': '04', 'minutes': '55', 'am_pm': 'PM', 'unix_timestamp': 1767632100000, 'iso_timestamp': '2026-01-05T16:55:00.000Z', 'timestamp': '01/05/2026 04:55 pm', 'time': 1015, 'time_formatted': '16:55', 'proper_unix_timestamp': 1767650100000, 'proper_iso_timestamp': '2026-01-05T21:55:00.000Z'}",Color,Color,Wolf Grey,Wolf Grey,,,,,32,32,$30.00,30,No,False,,,,,19.99,19.99,,,31.10,31.1,14.50,14.5,No,False,,,Yes,True,,,,,,,$30.00,30,$11.78,11.78,No,False
695c333937eef90c93b270f3,"<span class=""695c32e61e9722c9bff9e448"" data-kn=""connection-value"">战术多功能手雷模型装备包 手榴弹道具molle同尺寸弹力收纳附件包-淘宝网</span>","[{'id': '695c32e61e9722c9bff9e448', 'identifier': '战术多功能手雷模型装备包 手榴弹道具molle同尺寸弹力收纳附件包-淘宝网'}]",Active,Active,[Cordura] Ranger Green RG,[Cordura] Ranger Green RG,,,,,,,Yes,True,,,01/05/2026 16:55,"{'date': '01/05/2026', 'date_formatted': '01/05/2026', 'hours': '04', 'minutes': '55', 'am_pm': 'PM', 'unix_timestamp': 1767632100000, 'iso_timestamp': '2026-01-05T16:55:00.000Z', 'timestamp': '01/05/2026 04:55 pm', 'time': 1015, 'time_formatted': '16:55', 'proper_unix_timestamp': 1767650100000, 'proper_iso_timestamp': '2026-01-05T21:55:00.000Z'}",01/05/2026 16:55,"{'date': '01/05/2026', 'date_formatted': '01/05/2026', 'hours': '04', 'minutes': '55', 'am_pm': 'PM', 'unix_timestamp': 1767632100000, 'iso_timestamp': '2026-01-05T16:55:00.000Z', 'timestamp': '01/05/2026 04:55 pm', 'time': 1015, 'time_formatted': '16:55', 'proper_unix_timestamp': 1767650100000, 'proper_iso_timestamp': '2026-01-05T21:55:00.000Z'}",Color,Color,Ranger Green,Ranger Green,,,,,32,32,$30.00,30,No,False,,,,,19.99,19.99,,,31.10,31.1,14.50,14.5,No,False,,,Yes,True,,,,,,,$30.00,30,$11.78,11.78,No,False
695c33395dd70f9684df4c7c,"<span class=""695c32e61e9722c9bff9e448"" data-kn=""connection-value"">战术多功能手雷模型装备包 手榴弹道具molle同尺寸弹力收纳附件包-淘宝网</span>","[{'id': '695c32e61e9722c9bff9e448', 'identifier': '战术多功能手雷模型装备包 手榴弹道具molle同尺寸弹力收纳附件包-淘宝网'}]",Active,Active,[Cordura] CP Camo,[Cordura] CP Camo,,,,,,,Yes,True,,,01/05/2026 16:55,"{'date': '01/05/2026', 'date_formatted': '01/05/2026', 'hours': '04', 'minutes': '55', 'am_pm': 'PM', 'unix_timestamp': 1767632100000, 'iso_timestamp': '2026-01-05T16:55:00.000Z', 'timestamp': '01/05/2026 04:55 pm', 'time': 1015, 'time_formatted': '16:55', 'proper_unix_timestamp': 1767650100000, 'proper_iso_timestamp': '2026-01-05T21:55:00.000Z'}",01/05/2026 16:55,"{'date': '01/05/2026', 'date_formatted': '01/05/2026', 'hours': '04', 'minutes': '55', 'am_pm': 'PM', 'unix_timestamp': 1767632100000, 'iso_timestamp': '2026-01-05T16:55:00.000Z', 'timestamp': '01/05/2026 04:55 pm', 'time': 1015, 'time_formatted': '16:55', 'proper_unix_timestamp': 1767650100000, 'proper_iso_timestamp': '2026-01-05T21:55:00.000Z'}",Color,Color,CP Camo,CP Camo,,,,,36,36,$30.00,30,No,False,,,,,20.99,20.99,,,30.30,30.3,13.60,13.6,No,False,,,Yes,True,,,,,,,$30.00,30,$12.54,12.54,No,False
695c333837eef90c93b26724,"<span class=""695c32e61e9722c9bff9e448"" data-kn=""connection-value"">战术多功能手雷模型装备包 手榴弹道具molle同尺寸弹力收纳附件包-淘宝网</span>","[{'id': '695c32e61e9722c9bff9e448', 'identifier': '战术多功能手雷模型装备包 手榴弹道具molle同尺寸弹力收纳附件包-淘宝网'}]",Active,Active,[Cordura] Black CP Camo BCP,[Cordura] Black CP Camo BCP,,,,,,,Yes,True,,,01/05/2026 16:55,"{'date': '01/05/2026', 'date_formatted': '01/05/2026', 'hours': '04', 'minutes': '55', 'am_pm': 'PM', 'unix_timestamp': 1767632100000, 'iso_timestamp': '2026-01-05T16:55:00.000Z', 'timestamp': '01/05/2026 04:55 pm', 'time': 1015, 'time_formatted': '16:55', 'proper_unix_timestamp': 1767650100000, 'proper_iso_timestamp': '2026-01-05T21:55:00.000Z'}",01/05/2026 16:55,"{'date': '01/05/2026', 'date_formatted': '01/05/2026', 'hours': '04', 'minutes': '55', 'am_pm': 'PM', 'unix_timestamp': 1767632100000, 'iso_timestamp': '2026-01-05T16:55:00.000Z', 'timestamp': '01/05/2026 04:55 pm', 'time': 1015, 'time_formatted': '16:55', 'proper_unix_timestamp': 1767650100000, 'proper_iso_timestamp': '2026-01-05T21:55:00.000Z'}",Color,Color,Black,Black,,,,,36,36,$30.00,30,No,False,,,,,20.99,20.99,,,30.30,30.3,13.60,13.6,No,False,,,Yes,True,,,,,,,$30.00,30,$12.54,12.54,No,False
695c333812bb85c5f210e316,"<span class=""695c32db4e794334fd5045dc"" data-kn=""connection-value"">跨境新品Clay the Claymore呆萌小方块毛绒公仔节日赠礼好物-淘宝网</span>","[{'id': '695c32db4e794334fd5045dc', 'identifier': '跨境新品Clay the Claymore呆萌小方块毛绒公仔节日赠礼好物-淘宝网'}]",Active,Active,Small Square / 20cm,Small Square / 20cm,,,,,,,Yes,True,,,01/05/2026 16:55,"{'date': '01/05/2026', 'date_formatted': '01/05/2026', 'hours': '04', 'minutes': '55', 'am_pm': 'PM', 'unix_timestamp': 1767632100000, 'iso_timestamp': '2026-01-05T16:55:00.000Z', 'timestamp': '01/05/2026 04:55 pm', 'time': 1015, 'time_formatted': '16:55', 'proper_unix_timestamp': 1767650100000, 'proper_iso_timestamp': '2026-01-05T21:55:00.000Z'}",01/05/2026 16:55,"{'date': '01/05/2026', 'date_formatted': '01/05/2026', 'hours': '04', 'minutes': '55', 'am_pm': 'PM', 'unix_timestamp': 1767632100000, 'iso_timestamp': '2026-01-05T16:55:00.000Z', 'timestamp': '01/05/2026 04:55 pm', 'time': 1015, 'time_formatted': '16:55', 'proper_unix_timestamp': 1767650100000, 'proper_iso_timestamp': '2026-01-05T21:55:00.000Z'}",Profile,Profile,Small Square / 20cm,Small Square / 20cm,,,,,24,24,$30.00,30,No,False,,,,,16.99,16.99,,,29.60,29.6,12.90,12.9,No,False,,,Yes,True,,,,,,,$30.00,30,$10.26,10.26,No,False
695c3338bd3270258c42509d,"<span class=""695c32e18c1c28d3136a9fbc"" data-kn=""connection-value"">九头蛇增高支架 UNITY战术GBRS全金属底座T1 T2 H1 H2 R5镜桥创研-淘宝网</span>","[{'id': '695c32e18c1c28d3136a9fbc', 'identifier': '九头蛇增高支架 UNITY战术GBRS全金属底座T1 T2 H1 H2 R5镜桥创研-淘宝网'}]",Active,Active,Black - G33 Riser Mount CNC High Quality,Black - G33 Riser Mount CNC High Quality,,,,,,,Yes,True,,,01/05/2026 16:55,"{'date': '01/05/2026', 'date_formatted': '01/05/2026', 'hours': '04', 'minutes': '55', 'am_pm': 'PM', 'unix_timestamp': 1767632100000, 'iso_timestamp': '2026-01-05T16:55:00.000Z', 'timestamp': '01/05/2026 04:55 pm', 'time': 1015, 'time_formatted': '16:55', 'proper_unix_timestamp': 1767650100000, 'proper_iso_timestamp': '2026-01-05T21:55:00.000Z'}",01/05/2026 16:55,"{'date': '01/05/2026', 'date_formatted': '01/05/2026', 'hours': '04', 'minutes': '55', 'am_pm': 'PM', 'unix_timestamp': 1767632100000, 'iso_timestamp': '2026-01-05T16:55:00.000Z', 'timestamp': '01/05/2026 04:55 pm', 'time': 1015, 'time_formatted': '16:55', 'proper_unix_timestamp': 1767650100000, 'proper_iso_timestamp': '2026-01-05T21:55:00.000Z'}",Color,Color,Black,Black,,,,,145,145,$30.00,30,No,False,,,,,54.99,54.99,,,29.50,29.5,12.80,12.8,No,False,,,Yes,True,,,,,,,$30.00,30,$33.25,33.25,No,False
695c333712bb85c5f210e292,"<span class=""695c32e18c1c28d3136a9fbc"" data-kn=""connection-value"">九头蛇增高支架 UNITY战术GBRS全金属底座T1 T2 H1 H2 R5镜桥创研-淘宝网</span>","[{'id': '695c32e18c1c28d3136a9fbc', 'identifier': '九头蛇增高支架 UNITY战术GBRS全金属底座T1 T2 H1 H2 R5镜桥创研-淘宝网'}]",Active,Active,Brown - G33 Riser Mount CNC High Quality,Brown - G33 Riser Mount CNC High Quality,,,,,,,Yes,True,,,01/05/2026 16:55,"{'date': '01/05/2026', 'date_formatted': '01/05/2026', 'hours': '04', 'minutes': '55', 'am_pm': 'PM', 'unix_timestamp': 1767632100000, 'iso_timestamp': '2026-01-05T16:55:00.000Z', 'timestamp': '01/05/2026 04:55 pm', 'time': 1015, 'time_formatted': '16:55', 'proper_unix_timestamp': 1767650100000, 'proper_iso_timestamp': '2026-01-05T21:55:00.000Z'}",01/05/2026 16:55,"{'date': '01/05/2026', 'date_formatted': '01/05/2026', 'hours': '04', 'minutes': '55', 'am_pm': 'PM', 'unix_timestamp': 1767632100000, 'iso_timestamp': '2026-01-05T16:55:00.000Z', 'timestamp': '01/05/2026 04:55 pm', 'time': 1015, 'time_formatted': '16:55', 'proper_unix_timestamp': 1767650100000, 'proper_iso_timestamp': '2026-01-05T21:55:00.000Z'}",Color,Color,Brown,Brown,,,,,145,145,$30.00,30,No,False,,,,,54.99,54.99,,,29.50,29.5,12.80,12.8,No,False,,,Yes,True,,,,,,,$30.00,30,$33.25,33.25,No,False
695c3337985ba8f52546f528,"<span class=""695c32e18c1c28d3136a9fbc"" data-kn=""connection-value"">九头蛇增高支架 UNITY战术GBRS全金属底座T1 T2 H1 H2 R5镜桥创研-淘宝网</span>","[{'id': '695c32e18c1c28d3136a9fbc', 'identifier': '九头蛇增高支架 UNITY战术GBRS全金属底座T1 T2 H1 H2 R5镜桥创研-淘宝网'}]",Active,Active,Black - UNITY Riser Mount CNC High Quality,Black - UNITY Riser Mount CNC High Quality,,,,,,,Yes,True,,,01/05/2026 16:55,"{'date': '01/05/2026', 'date_formatted': '01/05/2026', 'hours': '04', 'minutes': '55', 'am_pm': 'PM', 'unix_timestamp': 1767632100000, 'iso_timestamp': '2026-01-05T16:55:00.000Z', 'timestamp': '01/05/2026 04:55 pm', 'time': 1015, 'time_formatted': '16:55', 'proper_unix_timestamp': 1767650100000, 'proper_iso_timestamp': '2026-01-05T21:55:00.000Z'}",01/05/2026 16:55,"{'date': '01/05/2026', 'date_formatted': '01/05/2026', 'hours': '04', 'minutes': '55', 'am_pm': 'PM', 'unix_timestamp': 1767632100000, 'iso_timestamp': '2026-01-05T16:55:00.000Z', 'timestamp': '01/05/2026 04:55 pm', 'time': 1015, 'time_formatted': '16:55', 'proper_unix_timestamp': 1767650100000, 'proper_iso_timestamp': '2026-01-05T21:55:00.000Z'}",Color,Color,Black,Black,,,,,28,28,$30.00,30,No,False,,,,,17.99,17.99,,,28.70,28.7,11.90,11.9,No,False,,,Yes,True,,,,,,,$30.00,30,$11.02,11.02,No,False
695c333737eef90c93b238b3,"<span class=""695c32e18c1c28d3136a9fbc"" data-kn=""connection-value"">九头蛇增高支架 UNITY战术GBRS全金属底座T1 T2 H1 H2 R5镜桥创研-淘宝网</span>","[{'id': '695c32e18c1c28d3136a9fbc', 'identifier': '九头蛇增高支架 UNITY战术GBRS全金属底座T1 T2 H1 H2 R5镜桥创研-淘宝网'}]",Active,Active,Black - UNIT Exps Riser Mount CNC High Quality,Black - UNIT Exps Riser Mount CNC High Quality,,,,,,,Yes,True,,,01/05/2026 16:55,"{'date': '01/05/2026', 'date_formatted': '01/05/2026', 'hours': '04', 'minutes': '55', 'am_pm': 'PM', 'unix_timestamp': 1767632100000, 'iso_timestamp': '2026-01-05T16:55:00.000Z', 'timestamp': '01/05/2026 04:55 pm', 'time': 1015, 'time_formatted': '16:55', 'proper_unix_timestamp': 1767650100000, 'proper_iso_timestamp': '2026-01-05T21:55:00.000Z'}",01/05/2026 16:55,"{'date': '01/05/2026', 'date_formatted': '01/05/2026', 'hours': '04', 'minutes': '55', 'am_pm': 'PM', 'unix_timestamp': 1767632100000, 'iso_timestamp': '2026-01-05T16:55:00.000Z', 'timestamp': '01/05/2026 04:55 pm', 'time': 1015, 'time_formatted': '16:55', 'proper_unix_timestamp': 1767650100000, 'proper_iso_timestamp': '2026-01-05T21:55:00.000Z'}",Color,Color,Black,Black,,,,,20,20,$30.00,30,No,False,,,,,15.99,15.99,,,30.60,30.6,14.00,14,No,False,,,Yes,True,,,,,,,$30.00,30,$9.50,9.5,No,False
695c3336bd3270258c423885,"<span class=""695c32e18c1c28d3136a9fbc"" data-kn=""connection-value"">九头蛇增高支架 UNITY战术GBRS全金属底座T1 T2 H1 H2 R5镜桥创研-淘宝网</span>","[{'id': '695c32e18c1c28d3136a9fbc', 'identifier': '九头蛇增高支架 UNITY战术GBRS全金属底座T1 T2 H1 H2 R5镜桥创研-淘宝网'}]",Active,Active,Brown - UNIT Exps Riser Mount CNC High Quality,Brown - UNIT Exps Riser Mount CNC High Quality,,,,,,,Yes,True,,,01/05/2026 16:55,"{'date': '01/05/2026', 'date_formatted': '01/05/2026', 'hours': '04', 'minutes': '55', 'am_pm': 'PM', 'unix_timestamp': 1767632100000, 'iso_timestamp': '2026-01-05T16:55:00.000Z', 'timestamp': '01/05/2026 04:55 pm', 'time': 1015, 'time_formatted': '16:55', 'proper_unix_timestamp': 1767650100000, 'proper_iso_timestamp': '2026-01-05T21:55:00.000Z'}",01/05/2026 16:55,"{'date': '01/05/2026', 'date_formatted': '01/05/2026', 'hours': '04', 'minutes': '55', 'am_pm': 'PM', 'unix_timestamp': 1767632100000, 'iso_timestamp': '2026-01-05T16:55:00.000Z', 'timestamp': '01/05/2026 04:55 pm', 'time': 1015, 'time_formatted': '16:55', 'proper_unix_timestamp': 1767650100000, 'proper_iso_timestamp': '2026-01-05T21:55:00.000Z'}",Color,Color,Brown,Brown,,,,,20,20,$30.00,30,No,False,,,,,15.99,15.99,,,30.60,30.6,14.00,14,No,False,,,Yes,True,,,,,,,$30.00,30,$9.50,9.5,No,False
695c33363b63f2dd235adf63,"<span class=""695c32e18c1c28d3136a9fbc"" data-kn=""connection-value"">九头蛇增高支架 UNITY战术GBRS全金属底座T1 T2 H1 H2 R5镜桥创研-淘宝网</span>","[{'id': '695c32e18c1c28d3136a9fbc', 'identifier': '九头蛇增高支架 UNITY战术GBRS全金属底座T1 T2 H1 H2 R5镜桥创研-淘宝网'}]",Active,Active,Red - UNIT Exps Riser Mount,Red - UNIT Exps Riser Mount,,,,,,,Yes,True,,,01/05/2026 16:55,"{'date': '01/05/2026', 'date_formatted': '01/05/2026', 'hours': '04', 'minutes': '55', 'am_pm': 'PM', 'unix_timestamp': 1767632100000, 'iso_timestamp': '2026-01-05T16:55:00.000Z', 'timestamp': '01/05/2026 04:55 pm', 'time': 1015, 'time_formatted': '16:55', 'proper_unix_timestamp': 1767650100000, 'proper_iso_timestamp': '2026-01-05T21:55:00.000Z'}",01/05/2026 16:55,"{'date': '01/05/2026', 'date_formatted': '01/05/2026', 'hours': '04', 'minutes': '55', 'am_pm': 'PM', 'unix_timestamp': 1767632100000, 'iso_timestamp': '2026-01-05T16:55:00.000Z', 'timestamp': '01/05/2026 04:55 pm', 'time': 1015, 'time_formatted': '16:55', 'proper_unix_timestamp': 1767650100000, 'proper_iso_timestamp': '2026-01-05T21:55:00.000Z'}",Color,Color,Red,Red,,,,,20,20,$30.00,30,No,False,,,,,15.99,15.99,,,30.60,30.6,14.00,14,No,False,,,Yes,True,,,,,,,$30.00,30,$9.50,9.5,No,False
695c3335a1a72152500f60b3,"<span class=""695c32e18c1c28d3136a9fbc"" data-kn=""connection-value"">九头蛇增高支架 UNITY战术GBRS全金属底座T1 T2 H1 H2 R5镜桥创研-淘宝网</span>","[{'id': '695c32e18c1c28d3136a9fbc', 'identifier': '九头蛇增高支架 UNITY战术GBRS全金属底座T1 T2 H1 H2 R5镜桥创研-淘宝网'}]",Active,Active,"Pink - UNIT Exps Riser Mount, CNC High Quality","Pink - UNIT Exps Riser Mount, CNC High Quality",,,,,,,Yes,True,,,01/05/2026 16:55,"{'date': '01/05/2026', 'date_formatted': '01/05/2026', 'hours': '04', 'minutes': '55', 'am_pm': 'PM', 'unix_timestamp': 1767632100000, 'iso_timestamp': '2026-01-05T16:55:00.000Z', 'timestamp': '01/05/2026 04:55 pm', 'time': 1015, 'time_formatted': '16:55', 'proper_unix_timestamp': 1767650100000, 'proper_iso_timestamp': '2026-01-05T21:55:00.000Z'}",01/05/2026 16:55,"{'date': '01/05/2026', 'date_formatted': '01/05/2026', 'hours': '04', 'minutes': '55', 'am_pm': 'PM', 'unix_timestamp': 1767632100000, 'iso_timestamp': '2026-01-05T16:55:00.000Z', 'timestamp': '01/05/2026 04:55 pm', 'time': 1015, 'time_formatted': '16:55', 'proper_unix_timestamp': 1767650100000, 'proper_iso_timestamp': '2026-01-05T21:55:00.000Z'}",Color,Color,Pink,Pink,,,,,24,24,$30.00,30,No,False,,,,,16.99,16.99,,,29.60,29.6,12.90,12.9,No,False,,,Yes,True,,,,,,,$30.00,30,$10.26,10.26,No,False
695c3335ce97e160f96f0d2e,"<span class=""695c32e18c1c28d3136a9fbc"" data-kn=""connection-value"">九头蛇增高支架 UNITY战术GBRS全金属底座T1 T2 H1 H2 R5镜桥创研-淘宝网</span>","[{'id': '695c32e18c1c28d3136a9fbc', 'identifier': '九头蛇增高支架 UNITY战术GBRS全金属底座T1 T2 H1 H2 R5镜桥创研-淘宝网'}]",Active,Active,"Blue - UNIT Exps Riser Mount, CNC High Quality","Blue - UNIT Exps Riser Mount, CNC High Quality",,,,,,,Yes,True,,,01/05/2026 16:55,"{'date': '01/05/2026', 'date_formatted': '01/05/2026', 'hours': '04', 'minutes': '55', 'am_pm': 'PM', 'unix_timestamp': 1767632100000, 'iso_timestamp': '2026-01-05T16:55:00.000Z', 'timestamp': '01/05/2026 04:55 pm', 'time': 1015, 'time_formatted': '16:55', 'proper_unix_timestamp': 1767650100000, 'proper_iso_timestamp': '2026-01-05T21:55:00.000Z'}",01/05/2026 16:55,"{'date': '01/05/2026', 'date_formatted': '01/05/2026', 'hours': '04', 'minutes': '55', 'am_pm': 'PM', 'unix_timestamp': 1767632100000, 'iso_timestamp': '2026-01-05T16:55:00.000Z', 'timestamp': '01/05/2026 04:55 pm', 'time': 1015, 'time_formatted': '16:55', 'proper_unix_timestamp': 1767650100000, 'proper_iso_timestamp': '2026-01-05T21:55:00.000Z'}",Color,Color,Blue,Blue,,,,,24,24,$30.00,30,No,False,,,,,16.99,16.99,,,29.60,29.6,12.90,12.9,No,False,,,Yes,True,,,,,,,$30.00,30,$10.26,10.26,No,False
695c33351e9722c9bfff54a1,"<span class=""695c32e18c1c28d3136a9fbc"" data-kn=""connection-value"">九头蛇增高支架 UNITY战术GBRS全金属底座T1 T2 H1 H2 R5镜桥创研-淘宝网</span>","[{'id': '695c32e18c1c28d3136a9fbc', 'identifier': '九头蛇增高支架 UNITY战术GBRS全金属底座T1 T2 H1 H2 R5镜桥创研-淘宝网'}]",Active,Active,Black - SIG Riser Mount,Black - SIG Riser Mount,,,,,,,Yes,True,,,01/05/2026 16:55,"{'date': '01/05/2026', 'date_formatted': '01/05/2026', 'hours': '04', 'minutes': '55', 'am_pm': 'PM', 'unix_timestamp': 1767632100000, 'iso_timestamp': '2026-01-05T16:55:00.000Z', 'timestamp': '01/05/2026 04:55 pm', 'time': 1015, 'time_formatted': '16:55', 'proper_unix_timestamp': 1767650100000, 'proper_iso_timestamp': '2026-01-05T21:55:00.000Z'}",01/05/2026 16:55,"{'date': '01/05/2026', 'date_formatted': '01/05/2026', 'hours': '04', 'minutes': '55', 'am_pm': 'PM', 'unix_timestamp': 1767632100000, 'iso_timestamp': '2026-01-05T16:55:00.000Z', 'timestamp': '01/05/2026 04:55 pm', 'time': 1015, 'time_formatted': '16:55', 'proper_unix_timestamp': 1767650100000, 'proper_iso_timestamp': '2026-01-05T21:55:00.000Z'}",Color,Color,Black,Black,,,,,38,38,$30.00,30,No,False,,,,,21.99,21.99,,,31.20,31.2,14.70,14.7,No,False,,,Yes,True,,,,,,,$30.00,30,$12.92,12.92,No,False
695c3334f6f9dc54041d7d7e,"<span class=""695c32e18c1c28d3136a9fbc"" data-kn=""connection-value"">九头蛇增高支架 UNITY战术GBRS全金属底座T1 T2 H1 H2 R5镜桥创研-淘宝网</span>","[{'id': '695c32e18c1c28d3136a9fbc', 'identifier': '九头蛇增高支架 UNITY战术GBRS全金属底座T1 T2 H1 H2 R5镜桥创研-淘宝网'}]",Active,Active,Black - SLR Riser Mount,Black - SLR Riser Mount,,,,,,,Yes,True,,,01/05/2026 16:55,"{'date': '01/05/2026', 'date_formatted': '01/05/2026', 'hours': '04', 'minutes': '55', 'am_pm': 'PM', 'unix_timestamp': 1767632100000, 'iso_timestamp': '2026-01-05T16:55:00.000Z', 'timestamp': '01/05/2026 04:55 pm', 'time': 1015, 'time_formatted': '16:55', 'proper_unix_timestamp': 1767650100000, 'proper_iso_timestamp': '2026-01-05T21:55:00.000Z'}",01/05/2026 16:55,"{'date': '01/05/2026', 'date_formatted': '01/05/2026', 'hours': '04', 'minutes': '55', 'am_pm': 'PM', 'unix_timestamp': 1767632100000, 'iso_timestamp': '2026-01-05T16:55:00.000Z', 'timestamp': '01/05/2026 04:55 pm', 'time': 1015, 'time_formatted': '16:55', 'proper_unix_timestamp': 1767650100000, 'proper_iso_timestamp': '2026-01-05T21:55:00.000Z'}",Color,Color,Black,Black,,,,,38,38,$30.00,30,No,False,,,,,21.99,21.99,,,31.20,31.2,14.70,14.7,No,False,,,Yes,True,,,,,,,$30.00,30,$12.92,12.92,No,False
695c33342bad95469c520d5f,"<span class=""695c32daf2f2b855f35d6f82"" data-kn=""connection-value"">左右手转换快拔枪套 G17 G19 2011 VP9 P320带下挂万用型导轨枪套-淘宝网</span>","[{'id': '695c32daf2f2b855f35d6f82', 'identifier': '左右手转换快拔枪套 G17 G19 2011 VP9 P320带下挂万用型导轨枪套-淘宝网'}]",Active,Active,Black (Standard),Black (Standard),,,,,,,Yes,True,,,01/05/2026 16:55,"{'date': '01/05/2026', 'date_formatted': '01/05/2026', 'hours': '04', 'minutes': '55', 'am_pm': 'PM', 'unix_timestamp': 1767632100000, 'iso_timestamp': '2026-01-05T16:55:00.000Z', 'timestamp': '01/05/2026 04:55 pm', 'time': 1015, 'time_formatted': '16:55', 'proper_unix_timestamp': 1767650100000, 'proper_iso_timestamp': '2026-01-05T21:55:00.000Z'}",01/05/2026 16:55,"{'date': '01/05/2026', 'date_formatted': '01/05/2026', 'hours': '04', 'minutes': '55', 'am_pm': 'PM', 'unix_timestamp': 1767632100000, 'iso_timestamp': '2026-01-05T16:55:00.000Z', 'timestamp': '01/05/2026 04:55 pm', 'time': 1015, 'time_formatted': '16:55', 'proper_unix_timestamp': 1767650100000, 'proper_iso_timestamp': '2026-01-05T21:55:00.000Z'}",Color,Color,Black,Black,Profile,Profile,Standard,Standard,56,56,$30.00,30,No,False,,,,,26.99,26.99,,,29.50,29.5,12.70,12.7,No,False,,,Yes,True,,,,,,,$30.00,30,$16.34,16.34,No,False
695c333337eef90c93b1f0eb,"<span class=""695c32daf2f2b855f35d6f82"" data-kn=""connection-value"">左右手转换快拔枪套 G17 G19 2011 VP9 P320带下挂万用型导轨枪套-淘宝网</span>","[{'id': '695c32daf2f2b855f35d6f82', 'identifier': '左右手转换快拔枪套 G17 G19 2011 VP9 P320带下挂万用型导轨枪套-淘宝网'}]",Active,Active,Belt Buckle,Belt Buckle,,,,,,,Yes,True,,,01/05/2026 16:54,"{'date': '01/05/2026', 'date_formatted': '01/05/2026', 'hours': '04', 'minutes': '54', 'am_pm': 'PM', 'unix_timestamp': 1767632040000, 'iso_timestamp': '2026-01-05T16:54:00.000Z', 'timestamp': '01/05/2026 04:54 pm', 'time': 1014, 'time_formatted': '16:54', 'proper_unix_timestamp': 1767650040000, 'proper_iso_timestamp': '2026-01-05T21:54:00.000Z'}",01/05/2026 16:54,"{'date': '01/05/2026', 'date_formatted': '01/05/2026', 'hours': '04', 'minutes': '54', 'am_pm': 'PM', 'unix_timestamp': 1767632040000, 'iso_timestamp': '2026-01-05T16:54:00.000Z', 'timestamp': '01/05/2026 04:54 pm', 'time': 1014, 'time_formatted': '16:54', 'proper_unix_timestamp': 1767650040000, 'proper_iso_timestamp': '2026-01-05T21:54:00.000Z'}",Style,Style,Belt Buckle,Belt Buckle,,,,,18,18,$30.00,30,No,False,,,,,14.99,14.99,,,29.20,29.2,12.40,12.4,No,False,,,Yes,True,,,,,,,$30.00,30,$9.12,9.12,No,False
695c33339b8157497377e08c,"<span class=""695c32daf2f2b855f35d6f82"" data-kn=""connection-value"">左右手转换快拔枪套 G17 G19 2011 VP9 P320带下挂万用型导轨枪套-淘宝网</span>","[{'id': '695c32daf2f2b855f35d6f82', 'identifier': '左右手转换快拔枪套 G17 G19 2011 VP9 P320带下挂万用型导轨枪套-淘宝网'}]",Active,Active,Chest Rig Panel,Chest Rig Panel,,,,,,,Yes,True,,,01/05/2026 16:54,"{'date': '01/05/2026', 'date_formatted': '01/05/2026', 'hours': '04', 'minutes': '54', 'am_pm': 'PM', 'unix_timestamp': 1767632040000, 'iso_timestamp': '2026-01-05T16:54:00.000Z', 'timestamp': '01/05/2026 04:54 pm', 'time': 1014, 'time_formatted': '16:54', 'proper_unix_timestamp': 1767650040000, 'proper_iso_timestamp': '2026-01-05T21:54:00.000Z'}",01/05/2026 16:54,"{'date': '01/05/2026', 'date_formatted': '01/05/2026', 'hours': '04', 'minutes': '54', 'am_pm': 'PM', 'unix_timestamp': 1767632040000, 'iso_timestamp': '2026-01-05T16:54:00.000Z', 'timestamp': '01/05/2026 04:54 pm', 'time': 1014, 'time_formatted': '16:54', 'proper_unix_timestamp': 1767650040000, 'proper_iso_timestamp': '2026-01-05T21:54:00.000Z'}",Style,Style,Chest Rig Panel,Chest Rig Panel,,,,,25,25,$30.00,30,No,False,,,,,16.99,16.99,,,28.50,28.5,11.70,11.7,No,False,,,Yes,True,,,,,,,$30.00,30,$10.45,10.45,No,False
695c33324e794334fd5359dc,"<span class=""695c32daf2f2b855f35d6f82"" data-kn=""connection-value"">左右手转换快拔枪套 G17 G19 2011 VP9 P320带下挂万用型导轨枪套-淘宝网</span>","[{'id': '695c32daf2f2b855f35d6f82', 'identifier': '左右手转换快拔枪套 G17 G19 2011 VP9 P320带下挂万用型导轨枪套-淘宝网'}]",Active,Active,Leg Rig Panel,Leg Rig Panel,,,,,,,Yes,True,,,01/05/2026 16:54,"{'date': '01/05/2026', 'date_formatted': '01/05/2026', 'hours': '04', 'minutes': '54', 'am_pm': 'PM', 'unix_timestamp': 1767632040000, 'iso_timestamp': '2026-01-05T16:54:00.000Z', 'timestamp': '01/05/2026 04:54 pm', 'time': 1014, 'time_formatted': '16:54', 'proper_unix_timestamp': 1767650040000, 'proper_iso_timestamp': '2026-01-05T21:54:00.000Z'}",01/05/2026 16:54,"{'date': '01/05/2026', 'date_formatted': '01/05/2026', 'hours': '04', 'minutes': '54', 'am_pm': 'PM', 'unix_timestamp': 1767632040000, 'iso_timestamp': '2026-01-05T16:54:00.000Z', 'timestamp': '01/05/2026 04:54 pm', 'time': 1014, 'time_formatted': '16:54', 'proper_unix_timestamp': 1767650040000, 'proper_iso_timestamp': '2026-01-05T21:54:00.000Z'}",Style,Style,Leg Rig Panel,Leg Rig Panel,,,,,62,62,$30.00,30,No,False,,,,,28.99,28.99,,,29.70,29.7,13.00,13,No,False,,,Yes,True,,,,,,,$30.00,30,$17.48,17.48,No,False
695c3332985ba8f52546b5e5,"<span class=""695c32e71d735f55f73afc99"" data-kn=""connection-value"">雅科达jpc 6094 cpc AVS战术背心水壶插板内胆降温防护板通用PE板-淘宝网</span>","[{'id': '695c32e71d735f55f73afc99', 'identifier': '雅科达jpc 6094 cpc AVS战术背心水壶插板内胆降温防护板通用PE板-淘宝网'}]",Active,Active,Black - One Piece,Black - One Piece,,,,,,,Yes,True,,,01/05/2026 16:54,"{'date': '01/05/2026', 'date_formatted': '01/05/2026', 'hours': '04', 'minutes': '54', 'am_pm': 'PM', 'unix_timestamp': 1767632040000, 'iso_timestamp': '2026-01-05T16:54:00.000Z', 'timestamp': '01/05/2026 04:54 pm', 'time': 1014, 'time_formatted': '16:54', 'proper_unix_timestamp': 1767650040000, 'proper_iso_timestamp': '2026-01-05T21:54:00.000Z'}",01/05/2026 16:54,"{'date': '01/05/2026', 'date_formatted': '01/05/2026', 'hours': '04', 'minutes': '54', 'am_pm': 'PM', 'unix_timestamp': 1767632040000, 'iso_timestamp': '2026-01-05T16:54:00.000Z', 'timestamp': '01/05/2026 04:54 pm', 'time': 1014, 'time_formatted': '16:54', 'proper_unix_timestamp': 1767650040000, 'proper_iso_timestamp': '2026-01-05T21:54:00.000Z'}",Color,Color,Black,Black,,,,,69,69,$30.00,30,No,False,,,,,30.99,30.99,,,29.30,29.3,12.60,12.6,No,False,,,Yes,True,,,,,,,$30.00,30,$18.81,18.81,No,False
695c3332bd3270258c4237fa,"<span class=""695c32e71d735f55f73afc99"" data-kn=""connection-value"">雅科达jpc 6094 cpc AVS战术背心水壶插板内胆降温防护板通用PE板-淘宝网</span>","[{'id': '695c32e71d735f55f73afc99', 'identifier': '雅科达jpc 6094 cpc AVS战术背心水壶插板内胆降温防护板通用PE板-淘宝网'}]",Active,Active,Tan - One Piece,Tan - One Piece,,,,,,,Yes,True,,,01/05/2026 16:54,"{'date': '01/05/2026', 'date_formatted': '01/05/2026', 'hours': '04', 'minutes': '54', 'am_pm': 'PM', 'unix_timestamp': 1767632040000, 'iso_timestamp': '2026-01-05T16:54:00.000Z', 'timestamp': '01/05/2026 04:54 pm', 'time': 1014, 'time_formatted': '16:54', 'proper_unix_timestamp': 1767650040000, 'proper_iso_timestamp': '2026-01-05T21:54:00.000Z'}",01/05/2026 16:54,"{'date': '01/05/2026', 'date_formatted': '01/05/2026', 'hours': '04', 'minutes': '54', 'am_pm': 'PM', 'unix_timestamp': 1767632040000, 'iso_timestamp': '2026-01-05T16:54:00.000Z', 'timestamp': '01/05/2026 04:54 pm', 'time': 1014, 'time_formatted': '16:54', 'proper_unix_timestamp': 1767650040000, 'proper_iso_timestamp': '2026-01-05T21:54:00.000Z'}",Color,Color,Tan,Tan,,,,,69,69,$30.00,30,No,False,,,,,30.99,30.99,,,29.30,29.3,12.60,12.6,No,False,,,Yes,True,,,,,,,$30.00,30,$18.81,18.81,No,False
695c33319b8157497377bd93,"<span class=""695c32e71d735f55f73afc99"" data-kn=""connection-value"">雅科达jpc 6094 cpc AVS战术背心水壶插板内胆降温防护板通用PE板-淘宝网</span>","[{'id': '695c32e71d735f55f73afc99', 'identifier': '雅科达jpc 6094 cpc AVS战术背心水壶插板内胆降温防护板通用PE板-淘宝网'}]",Active,Active,Orange - One Piece,Orange - One Piece,,,,,,,Yes,True,,,01/05/2026 16:54,"{'date': '01/05/2026', 'date_formatted': '01/05/2026', 'hours': '04', 'minutes': '54', 'am_pm': 'PM', 'unix_timestamp': 1767632040000, 'iso_timestamp': '2026-01-05T16:54:00.000Z', 'timestamp': '01/05/2026 04:54 pm', 'time': 1014, 'time_formatted': '16:54', 'proper_unix_timestamp': 1767650040000, 'proper_iso_timestamp': '2026-01-05T21:54:00.000Z'}",01/05/2026 16:54,"{'date': '01/05/2026', 'date_formatted': '01/05/2026', 'hours': '04', 'minutes': '54', 'am_pm': 'PM', 'unix_timestamp': 1767632040000, 'iso_timestamp': '2026-01-05T16:54:00.000Z', 'timestamp': '01/05/2026 04:54 pm', 'time': 1014, 'time_formatted': '16:54', 'proper_unix_timestamp': 1767650040000, 'proper_iso_timestamp': '2026-01-05T21:54:00.000Z'}",Color,Color,Orange,Orange,,,,,69,69,$30.00,30,No,False,,,,,30.99,30.99,,,29.30,29.3,12.60,12.6,No,False,,,Yes,True,,,,,,,$30.00,30,$18.81,18.81,No,False
695c33304e794334fd533cd9,"<span class=""695c32e71d735f55f73afc99"" data-kn=""connection-value"">雅科达jpc 6094 cpc AVS战术背心水壶插板内胆降温防护板通用PE板-淘宝网</span>","[{'id': '695c32e71d735f55f73afc99', 'identifier': '雅科达jpc 6094 cpc AVS战术背心水壶插板内胆降温防护板通用PE板-淘宝网'}]",Active,Active,OD Green - One Piece,OD Green - One Piece,,,,,,,Yes,True,,,01/05/2026 16:54,"{'date': '01/05/2026', 'date_formatted': '01/05/2026', 'hours': '04', 'minutes': '54', 'am_pm': 'PM', 'unix_timestamp': 1767632040000, 'iso_timestamp': '2026-01-05T16:54:00.000Z', 'timestamp': '01/05/2026 04:54 pm', 'time': 1014, 'time_formatted': '16:54', 'proper_unix_timestamp': 1767650040000, 'proper_iso_timestamp': '2026-01-05T21:54:00.000Z'}",01/05/2026 16:54,"{'date': '01/05/2026', 'date_formatted': '01/05/2026', 'hours': '04', 'minutes': '54', 'am_pm': 'PM', 'unix_timestamp': 1767632040000, 'iso_timestamp': '2026-01-05T16:54:00.000Z', 'timestamp': '01/05/2026 04:54 pm', 'time': 1014, 'time_formatted': '16:54', 'proper_unix_timestamp': 1767650040000, 'proper_iso_timestamp': '2026-01-05T21:54:00.000Z'}",Color,Color,OD Green,OD Green,,,,,69,69,$30.00,30,No,False,,,,,30.99,30.99,,,29.30,29.3,12.60,12.6,No,False,,,Yes,True,,,,,,,$30.00,30,$18.81,18.81,No,False
695c33302a4e1cd21b0ec662,"<span class=""695c32db9cd3039a824c98ad"" data-kn=""connection-value"">【MST2011底盖/井合集】CNC金属护边铝合金底盖底座配件-淘宝网</span>","[{'id': '695c32db9cd3039a824c98ad', 'identifier': '【MST2011底盖/井合集】CNC金属护边铝合金底盖底座配件-淘宝网'}]",Active,Active,MST2011 Base Plate - Black,MST2011 Base Plate - Black,,,,,,,Yes,True,,,01/05/2026 16:54,"{'date': '01/05/2026', 'date_formatted': '01/05/2026', 'hours': '04', 'minutes': '54', 'am_pm': 'PM', 'unix_timestamp': 1767632040000, 'iso_timestamp': '2026-01-05T16:54:00.000Z', 'timestamp': '01/05/2026 04:54 pm', 'time': 1014, 'time_formatted': '16:54', 'proper_unix_timestamp': 1767650040000, 'proper_iso_timestamp': '2026-01-05T21:54:00.000Z'}",01/05/2026 16:54,"{'date': '01/05/2026', 'date_formatted': '01/05/2026', 'hours': '04', 'minutes': '54', 'am_pm': 'PM', 'unix_timestamp': 1767632040000, 'iso_timestamp': '2026-01-05T16:54:00.000Z', 'timestamp': '01/05/2026 04:54 pm', 'time': 1014, 'time_formatted': '16:54', 'proper_unix_timestamp': 1767650040000, 'proper_iso_timestamp': '2026-01-05T21:54:00.000Z'}",Color,Color,Black,Black,,,,,56,56,$30.00,30,No,False,,,,,26.99,26.99,,,29.50,29.5,12.70,12.7,No,False,,,Yes,True,,,,,,,$30.00,30,$16.34,16.34,No,False
695c33308b911985b127f13d,"<span class=""695c32db9cd3039a824c98ad"" data-kn=""connection-value"">【MST2011底盖/井合集】CNC金属护边铝合金底盖底座配件-淘宝网</span>","[{'id': '695c32db9cd3039a824c98ad', 'identifier': '【MST2011底盖/井合集】CNC金属护边铝合金底盖底座配件-淘宝网'}]",Active,Active,MST2011 Base Plate - Silver,MST2011 Base Plate - Silver,,,,,,,Yes,True,,,01/05/2026 16:54,"{'date': '01/05/2026', 'date_formatted': '01/05/2026', 'hours': '04', 'minutes': '54', 'am_pm': 'PM', 'unix_timestamp': 1767632040000, 'iso_timestamp': '2026-01-05T16:54:00.000Z', 'timestamp': '01/05/2026 04:54 pm', 'time': 1014, 'time_formatted': '16:54', 'proper_unix_timestamp': 1767650040000, 'proper_iso_timestamp': '2026-01-05T21:54:00.000Z'}",01/05/2026 16:54,"{'date': '01/05/2026', 'date_formatted': '01/05/2026', 'hours': '04', 'minutes': '54', 'am_pm': 'PM', 'unix_timestamp': 1767632040000, 'iso_timestamp': '2026-01-05T16:54:00.000Z', 'timestamp': '01/05/2026 04:54 pm', 'time': 1014, 'time_formatted': '16:54', 'proper_unix_timestamp': 1767650040000, 'proper_iso_timestamp': '2026-01-05T21:54:00.000Z'}",Color,Color,Silver,Silver,,,,,56,56,$30.00,30,No,False,,,,,26.99,26.99,,,29.50,29.5,12.70,12.7,No,False,,,Yes,True,,,,,,,$30.00,30,$16.34,16.34,No,False
695c332f9f7a567135213507,"<span class=""695c32db9cd3039a824c98ad"" data-kn=""connection-value"">【MST2011底盖/井合集】CNC金属护边铝合金底盖底座配件-淘宝网</span>","[{'id': '695c32db9cd3039a824c98ad', 'identifier': '【MST2011底盖/井合集】CNC金属护边铝合金底盖底座配件-淘宝网'}]",Active,Active,MST2011 Base Plate - Red,MST2011 Base Plate - Red,,,,,,,Yes,True,,,01/05/2026 16:54,"{'date': '01/05/2026', 'date_formatted': '01/05/2026', 'hours': '04', 'minutes': '54', 'am_pm': 'PM', 'unix_timestamp': 1767632040000, 'iso_timestamp': '2026-01-05T16:54:00.000Z', 'timestamp': '01/05/2026 04:54 pm', 'time': 1014, 'time_formatted': '16:54', 'proper_unix_timestamp': 1767650040000, 'proper_iso_timestamp': '2026-01-05T21:54:00.000Z'}",01/05/2026 16:54,"{'date': '01/05/2026', 'date_formatted': '01/05/2026', 'hours': '04', 'minutes': '54', 'am_pm': 'PM', 'unix_timestamp': 1767632040000, 'iso_timestamp': '2026-01-05T16:54:00.000Z', 'timestamp': '01/05/2026 04:54 pm', 'time': 1014, 'time_formatted': '16:54', 'proper_unix_timestamp': 1767650040000, 'proper_iso_timestamp': '2026-01-05T21:54:00.000Z'}",Color,Color,Red,Red,,,,,56,56,$30.00,30,No,False,,,,,26.99,26.99,,,29.50,29.5,12.70,12.7,No,False,,,Yes,True,,,,,,,$30.00,30,$16.34,16.34,No,False
695c332f985ba8f52546934b,"<span class=""695c32db9cd3039a824c98ad"" data-kn=""connection-value"">【MST2011底盖/井合集】CNC金属护边铝合金底盖底座配件-淘宝网</span>","[{'id': '695c32db9cd3039a824c98ad', 'identifier': '【MST2011底盖/井合集】CNC金属护边铝合金底盖底座配件-淘宝网'}]",Active,Active,MST2011 Base Plate - Grey,MST2011 Base Plate - Grey,,,,,,,Yes,True,,,01/05/2026 16:54,"{'date': '01/05/2026', 'date_formatted': '01/05/2026', 'hours': '04', 'minutes': '54', 'am_pm': 'PM', 'unix_timestamp': 1767632040000, 'iso_timestamp': '2026-01-05T16:54:00.000Z', 'timestamp': '01/05/2026 04:54 pm', 'time': 1014, 'time_formatted': '16:54', 'proper_unix_timestamp': 1767650040000, 'proper_iso_timestamp': '2026-01-05T21:54:00.000Z'}",01/05/2026 16:54,"{'date': '01/05/2026', 'date_formatted': '01/05/2026', 'hours': '04', 'minutes': '54', 'am_pm': 'PM', 'unix_timestamp': 1767632040000, 'iso_timestamp': '2026-01-05T16:54:00.000Z', 'timestamp': '01/05/2026 04:54 pm', 'time': 1014, 'time_formatted': '16:54', 'proper_unix_timestamp': 1767650040000, 'proper_iso_timestamp': '2026-01-05T21:54:00.000Z'}",Color,Color,Grey,Grey,,,,,56,56,$30.00,30,No,False,,,,,26.99,26.99,,,29.50,29.5,12.70,12.7,No,False,,,Yes,True,,,,,,,$30.00,30,$16.34,16.34,No,False
695c332f7051e7c1034f3ef1,"<span class=""695c32db9cd3039a824c98ad"" data-kn=""connection-value"">【MST2011底盖/井合集】CNC金属护边铝合金底盖底座配件-淘宝网</span>","[{'id': '695c32db9cd3039a824c98ad', 'identifier': '【MST2011底盖/井合集】CNC金属护边铝合金底盖底座配件-淘宝网'}]",Active,Active,MST2011 Magwell (Eng,MST2011 Magwell (Eng,,,,,,,Yes,True,,,01/05/2026 16:54,"{'date': '01/05/2026', 'date_formatted': '01/05/2026', 'hours': '04', 'minutes': '54', 'am_pm': 'PM', 'unix_timestamp': 1767632040000, 'iso_timestamp': '2026-01-05T16:54:00.000Z', 'timestamp': '01/05/2026 04:54 pm', 'time': 1014, 'time_formatted': '16:54', 'proper_unix_timestamp': 1767650040000, 'proper_iso_timestamp': '2026-01-05T21:54:00.000Z'}",01/05/2026 16:54,"{'date': '01/05/2026', 'date_formatted': '01/05/2026', 'hours': '04', 'minutes': '54', 'am_pm': 'PM', 'unix_timestamp': 1767632040000, 'iso_timestamp': '2026-01-05T16:54:00.000Z', 'timestamp': '01/05/2026 04:54 pm', 'time': 1014, 'time_formatted': '16:54', 'proper_unix_timestamp': 1767650040000, 'proper_iso_timestamp': '2026-01-05T21:54:00.000Z'}",Style,Style,MST2011 Magwell (Eng,MST2011 Magwell (Eng,,,,,56,56,$30.00,30,No,False,,,,,26.99,26.99,,,29.50,29.5,12.70,12.7,No,False,,,Yes,True,,,,,,,$30.00,30,$16.34,16.34,No,False
695c332e1e9722c9bfff2910,"<span class=""695c32db9cd3039a824c98ad"" data-kn=""connection-value"">【MST2011底盖/井合集】CNC金属护边铝合金底盖底座配件-淘宝网</span>","[{'id': '695c32db9cd3039a824c98ad', 'identifier': '【MST2011底盖/井合集】CNC金属护边铝合金底盖底座配件-淘宝网'}]",Active,Active,MST2011井（刻字款）-灰色,MST2011井（刻字款）-灰色,,,,,,,Yes,True,,,01/05/2026 16:54,"{'date': '01/05/2026', 'date_formatted': '01/05/2026', 'hours': '04', 'minutes': '54', 'am_pm': 'PM', 'unix_timestamp': 1767632040000, 'iso_timestamp': '2026-01-05T16:54:00.000Z', 'timestamp': '01/05/2026 04:54 pm', 'time': 1014, 'time_formatted': '16:54', 'proper_unix_timestamp': 1767650040000, 'proper_iso_timestamp': '2026-01-05T21:54:00.000Z'}",01/05/2026 16:54,"{'date': '01/05/2026', 'date_formatted': '01/05/2026', 'hours': '04', 'minutes': '54', 'am_pm': 'PM', 'unix_timestamp': 1767632040000, 'iso_timestamp': '2026-01-05T16:54:00.000Z', 'timestamp': '01/05/2026 04:54 pm', 'time': 1014, 'time_formatted': '16:54', 'proper_unix_timestamp': 1767650040000, 'proper_iso_timestamp': '2026-01-05T21:54:00.000Z'}",Style,Style,MST2011井（刻字款）-灰色,MST2011井（刻字款）-灰色,,,,,84,84,$30.00,30,No,False,,,,,35.99,35.99,,,29.80,29.8,13.10,13.1,No,False,,,Yes,True,,,,,,,$30.00,30,$21.66,21.66,No,False
695c332e9f7a567135211ca6,"<span class=""695c32db9cd3039a824c98ad"" data-kn=""connection-value"">【MST2011底盖/井合集】CNC金属护边铝合金底盖底座配件-淘宝网</span>","[{'id': '695c32db9cd3039a824c98ad', 'identifier': '【MST2011底盖/井合集】CNC金属护边铝合金底盖底座配件-淘宝网'}]",Active,Active,MST2011井（刻字款）-黑色,MST2011井（刻字款）-黑色,,,,,,,Yes,True,,,01/05/2026 16:54,"{'date': '01/05/2026', 'date_formatted': '01/05/2026', 'hours': '04', 'minutes': '54', 'am_pm': 'PM', 'unix_timestamp': 1767632040000, 'iso_timestamp': '2026-01-05T16:54:00.000Z', 'timestamp': '01/05/2026 04:54 pm', 'time': 1014, 'time_formatted': '16:54', 'proper_unix_timestamp': 1767650040000, 'proper_iso_timestamp': '2026-01-05T21:54:00.000Z'}",01/05/2026 16:54,"{'date': '01/05/2026', 'date_formatted': '01/05/2026', 'hours': '04', 'minutes': '54', 'am_pm': 'PM', 'unix_timestamp': 1767632040000, 'iso_timestamp': '2026-01-05T16:54:00.000Z', 'timestamp': '01/05/2026 04:54 pm', 'time': 1014, 'time_formatted': '16:54', 'proper_unix_timestamp': 1767650040000, 'proper_iso_timestamp': '2026-01-05T21:54:00.000Z'}",Style,Style,MST2011井（刻字款）-黑色,MST2011井（刻字款）-黑色,,,,,84,84,$30.00,30,No,False,,,,,35.99,35.99,,,29.80,29.8,13.10,13.1,No,False,,,Yes,True,,,,,,,$30.00,30,$21.66,21.66,No,False
695c332e7051e7c1034f2513,"<span class=""695c32db9cd3039a824c98ad"" data-kn=""connection-value"">【MST2011底盖/井合集】CNC金属护边铝合金底盖底座配件-淘宝网</span>","[{'id': '695c32db9cd3039a824c98ad', 'identifier': '【MST2011底盖/井合集】CNC金属护边铝合金底盖底座配件-淘宝网'}]",Active,Active,MST2011井（刻字款）-银色,MST2011井（刻字款）-银色,,,,,,,Yes,True,,,01/05/2026 16:54,"{'date': '01/05/2026', 'date_formatted': '01/05/2026', 'hours': '04', 'minutes': '54', 'am_pm': 'PM', 'unix_timestamp': 1767632040000, 'iso_timestamp': '2026-01-05T16:54:00.000Z', 'timestamp': '01/05/2026 04:54 pm', 'time': 1014, 'time_formatted': '16:54', 'proper_unix_timestamp': 1767650040000, 'proper_iso_timestamp': '2026-01-05T21:54:00.000Z'}",01/05/2026 16:54,"{'date': '01/05/2026', 'date_formatted': '01/05/2026', 'hours': '04', 'minutes': '54', 'am_pm': 'PM', 'unix_timestamp': 1767632040000, 'iso_timestamp': '2026-01-05T16:54:00.000Z', 'timestamp': '01/05/2026 04:54 pm', 'time': 1014, 'time_formatted': '16:54', 'proper_unix_timestamp': 1767650040000, 'proper_iso_timestamp': '2026-01-05T21:54:00.000Z'}",Style,Style,MST2011井（刻字款）-银色,MST2011井（刻字款）-银色,,,,,84,84,$30.00,30,No,False,,,,,35.99,35.99,,,29.80,29.8,13.10,13.1,No,False,,,Yes,True,,,,,,,$30.00,30,$21.66,21.66,No,False
695c332dc3a1704a564569fb,"<span class=""695c32db9cd3039a824c98ad"" data-kn=""connection-value"">【MST2011底盖/井合集】CNC金属护边铝合金底盖底座配件-淘宝网</span>","[{'id': '695c32db9cd3039a824c98ad', 'identifier': '【MST2011底盖/井合集】CNC金属护边铝合金底盖底座配件-淘宝网'}]",Active,Active,MST2011井-金色,MST2011井-金色,,,,,,,Yes,True,,,01/05/2026 16:54,"{'date': '01/05/2026', 'date_formatted': '01/05/2026', 'hours': '04', 'minutes': '54', 'am_pm': 'PM', 'unix_timestamp': 1767632040000, 'iso_timestamp': '2026-01-05T16:54:00.000Z', 'timestamp': '01/05/2026 04:54 pm', 'time': 1014, 'time_formatted': '16:54', 'proper_unix_timestamp': 1767650040000, 'proper_iso_timestamp': '2026-01-05T21:54:00.000Z'}",01/05/2026 16:54,"{'date': '01/05/2026', 'date_formatted': '01/05/2026', 'hours': '04', 'minutes': '54', 'am_pm': 'PM', 'unix_timestamp': 1767632040000, 'iso_timestamp': '2026-01-05T16:54:00.000Z', 'timestamp': '01/05/2026 04:54 pm', 'time': 1014, 'time_formatted': '16:54', 'proper_unix_timestamp': 1767650040000, 'proper_iso_timestamp': '2026-01-05T21:54:00.000Z'}",Style,Style,MST2011井-金色,MST2011井-金色,,,,,84,84,$30.00,30,No,False,,,,,35.99,35.99,,,29.80,29.8,13.10,13.1,No,False,,,Yes,True,,,,,,,$30.00,30,$21.66,21.66,No,False
695c332d6e9e39d7e3804e50,"<span class=""695c32db9cd3039a824c98ad"" data-kn=""connection-value"">【MST2011底盖/井合集】CNC金属护边铝合金底盖底座配件-淘宝网</span>","[{'id': '695c32db9cd3039a824c98ad', 'identifier': '【MST2011底盖/井合集】CNC金属护边铝合金底盖底座配件-淘宝网'}]",Active,Active,MST2011井银色,MST2011井银色,,,,,,,Yes,True,,,01/05/2026 16:54,"{'date': '01/05/2026', 'date_formatted': '01/05/2026', 'hours': '04', 'minutes': '54', 'am_pm': 'PM', 'unix_timestamp': 1767632040000, 'iso_timestamp': '2026-01-05T16:54:00.000Z', 'timestamp': '01/05/2026 04:54 pm', 'time': 1014, 'time_formatted': '16:54', 'proper_unix_timestamp': 1767650040000, 'proper_iso_timestamp': '2026-01-05T21:54:00.000Z'}",01/05/2026 16:54,"{'date': '01/05/2026', 'date_formatted': '01/05/2026', 'hours': '04', 'minutes': '54', 'am_pm': 'PM', 'unix_timestamp': 1767632040000, 'iso_timestamp': '2026-01-05T16:54:00.000Z', 'timestamp': '01/05/2026 04:54 pm', 'time': 1014, 'time_formatted': '16:54', 'proper_unix_timestamp': 1767650040000, 'proper_iso_timestamp': '2026-01-05T21:54:00.000Z'}",Style,Style,MST2011井银色,MST2011井银色,,,,,84,84,$30.00,30,No,False,,,,,35.99,35.99,,,29.80,29.8,13.10,13.1,No,False,,,Yes,True,,,,,,,$30.00,30,$21.66,21.66,No,False
695c332c6e9e39d7e3804dcd,"<span class=""695c32e07051e7c1034c6bd3"" data-kn=""connection-value"">金属增高支架镜桥GBRS Hydra九头蛇UNITY EXPS底座T1 T2 H1 2红点-淘宝网</span>","[{'id': '695c32e07051e7c1034c6bd3', 'identifier': '金属增高支架镜桥GBRS Hydra九头蛇UNITY EXPS底座T1 T2 H1 2红点-淘宝网'}]",Active,Active,黑色矮款-GBRS Hydra Mount九头蛇,黑色矮款-GBRS Hydra Mount九头蛇,,,,,,,Yes,True,,,01/05/2026 16:54,"{'date': '01/05/2026', 'date_formatted': '01/05/2026', 'hours': '04', 'minutes': '54', 'am_pm': 'PM', 'unix_timestamp': 1767632040000, 'iso_timestamp': '2026-01-05T16:54:00.000Z', 'timestamp': '01/05/2026 04:54 pm', 'time': 1014, 'time_formatted': '16:54', 'proper_unix_timestamp': 1767650040000, 'proper_iso_timestamp': '2026-01-05T21:54:00.000Z'}",01/05/2026 16:54,"{'date': '01/05/2026', 'date_formatted': '01/05/2026', 'hours': '04', 'minutes': '54', 'am_pm': 'PM', 'unix_timestamp': 1767632040000, 'iso_timestamp': '2026-01-05T16:54:00.000Z', 'timestamp': '01/05/2026 04:54 pm', 'time': 1014, 'time_formatted': '16:54', 'proper_unix_timestamp': 1767650040000, 'proper_iso_timestamp': '2026-01-05T21:54:00.000Z'}",Style,Style,黑色矮款-GBRS Hydra Mount九头蛇,黑色矮款-GBRS Hydra Mount九头蛇,,,,,128,128,$30.00,30,No,False,,,,,49.99,49.99,,,29.90,29.9,13.30,13.3,No,False,,,Yes,True,,,,,,,$30.00,30,$30.02,30.02,No,False
695c332c913f62399ce44b04,"<span class=""695c32e07051e7c1034c6bd3"" data-kn=""connection-value"">金属增高支架镜桥GBRS Hydra九头蛇UNITY EXPS底座T1 T2 H1 2红点-淘宝网</span>","[{'id': '695c32e07051e7c1034c6bd3', 'identifier': '金属增高支架镜桥GBRS Hydra九头蛇UNITY EXPS底座T1 T2 H1 2红点-淘宝网'}]",Active,Active,金棕色矮款-GBRS Hydra Mount九头蛇,金棕色矮款-GBRS Hydra Mount九头蛇,,,,,,,Yes,True,,,01/05/2026 16:54,"{'date': '01/05/2026', 'date_formatted': '01/05/2026', 'hours': '04', 'minutes': '54', 'am_pm': 'PM', 'unix_timestamp': 1767632040000, 'iso_timestamp': '2026-01-05T16:54:00.000Z', 'timestamp': '01/05/2026 04:54 pm', 'time': 1014, 'time_formatted': '16:54', 'proper_unix_timestamp': 1767650040000, 'proper_iso_timestamp': '2026-01-05T21:54:00.000Z'}",01/05/2026 16:54,"{'date': '01/05/2026', 'date_formatted': '01/05/2026', 'hours': '04', 'minutes': '54', 'am_pm': 'PM', 'unix_timestamp': 1767632040000, 'iso_timestamp': '2026-01-05T16:54:00.000Z', 'timestamp': '01/05/2026 04:54 pm', 'time': 1014, 'time_formatted': '16:54', 'proper_unix_timestamp': 1767650040000, 'proper_iso_timestamp': '2026-01-05T21:54:00.000Z'}",Style,Style,金棕色矮款-GBRS Hydra Mount九头蛇,金棕色矮款-GBRS Hydra Mount九头蛇,,,,,128,128,$30.00,30,No,False,,,,,49.99,49.99,,,29.90,29.9,13.30,13.3,No,False,,,Yes,True,,,,,,,$30.00,30,$30.02,30.02,No,False
695c332c26e6116796e224a2,"<span class=""695c32e07051e7c1034c6bd3"" data-kn=""connection-value"">金属增高支架镜桥GBRS Hydra九头蛇UNITY EXPS底座T1 T2 H1 2红点-淘宝网</span>","[{'id': '695c32e07051e7c1034c6bd3', 'identifier': '金属增高支架镜桥GBRS Hydra九头蛇UNITY EXPS底座T1 T2 H1 2红点-淘宝网'}]",Active,Active,黑色高款-GBRS Hydra Mount九头蛇,黑色高款-GBRS Hydra Mount九头蛇,,,,,,,Yes,True,,,01/05/2026 16:54,"{'date': '01/05/2026', 'date_formatted': '01/05/2026', 'hours': '04', 'minutes': '54', 'am_pm': 'PM', 'unix_timestamp': 1767632040000, 'iso_timestamp': '2026-01-05T16:54:00.000Z', 'timestamp': '01/05/2026 04:54 pm', 'time': 1014, 'time_formatted': '16:54', 'proper_unix_timestamp': 1767650040000, 'proper_iso_timestamp': '2026-01-05T21:54:00.000Z'}",01/05/2026 16:54,"{'date': '01/05/2026', 'date_formatted': '01/05/2026', 'hours': '04', 'minutes': '54', 'am_pm': 'PM', 'unix_timestamp': 1767632040000, 'iso_timestamp': '2026-01-05T16:54:00.000Z', 'timestamp': '01/05/2026 04:54 pm', 'time': 1014, 'time_formatted': '16:54', 'proper_unix_timestamp': 1767650040000, 'proper_iso_timestamp': '2026-01-05T21:54:00.000Z'}",Style,Style,黑色高款-GBRS Hydra Mount九头蛇,黑色高款-GBRS Hydra Mount九头蛇,,,,,128,128,$30.00,30,No,False,,,,,49.99,49.99,,,29.90,29.9,13.30,13.3,No,False,,,Yes,True,,,,,,,$30.00,30,$30.02,30.02,No,False
695c332b1ad01942ad9b218f,"<span class=""695c32e07051e7c1034c6bd3"" data-kn=""connection-value"">金属增高支架镜桥GBRS Hydra九头蛇UNITY EXPS底座T1 T2 H1 2红点-淘宝网</span>","[{'id': '695c32e07051e7c1034c6bd3', 'identifier': '金属增高支架镜桥GBRS Hydra九头蛇UNITY EXPS底座T1 T2 H1 2红点-淘宝网'}]",Active,Active,沙色高款-GBRS Hydra Mount九头蛇,沙色高款-GBRS Hydra Mount九头蛇,,,,,,,Yes,True,,,01/05/2026 16:54,"{'date': '01/05/2026', 'date_formatted': '01/05/2026', 'hours': '04', 'minutes': '54', 'am_pm': 'PM', 'unix_timestamp': 1767632040000, 'iso_timestamp': '2026-01-05T16:54:00.000Z', 'timestamp': '01/05/2026 04:54 pm', 'time': 1014, 'time_formatted': '16:54', 'proper_unix_timestamp': 1767650040000, 'proper_iso_timestamp': '2026-01-05T21:54:00.000Z'}",01/05/2026 16:54,"{'date': '01/05/2026', 'date_formatted': '01/05/2026', 'hours': '04', 'minutes': '54', 'am_pm': 'PM', 'unix_timestamp': 1767632040000, 'iso_timestamp': '2026-01-05T16:54:00.000Z', 'timestamp': '01/05/2026 04:54 pm', 'time': 1014, 'time_formatted': '16:54', 'proper_unix_timestamp': 1767650040000, 'proper_iso_timestamp': '2026-01-05T21:54:00.000Z'}",Style,Style,沙色高款-GBRS Hydra Mount九头蛇,沙色高款-GBRS Hydra Mount九头蛇,,,,,128,128,$30.00,30,No,False,,,,,49.99,49.99,,,29.90,29.9,13.30,13.3,No,False,,,Yes,True,,,,,,,$30.00,30,$30.02,30.02,No,False
695c332b713127c964723316,"<span class=""695c32e07051e7c1034c6bd3"" data-kn=""connection-value"">金属增高支架镜桥GBRS Hydra九头蛇UNITY EXPS底座T1 T2 H1 2红点-淘宝网</span>","[{'id': '695c32e07051e7c1034c6bd3', 'identifier': '金属增高支架镜桥GBRS Hydra九头蛇UNITY EXPS底座T1 T2 H1 2红点-淘宝网'}]",Active,Active,黑色高款-UNITY FAST,黑色高款-UNITY FAST,,,,,,,Yes,True,,,01/05/2026 16:54,"{'date': '01/05/2026', 'date_formatted': '01/05/2026', 'hours': '04', 'minutes': '54', 'am_pm': 'PM', 'unix_timestamp': 1767632040000, 'iso_timestamp': '2026-01-05T16:54:00.000Z', 'timestamp': '01/05/2026 04:54 pm', 'time': 1014, 'time_formatted': '16:54', 'proper_unix_timestamp': 1767650040000, 'proper_iso_timestamp': '2026-01-05T21:54:00.000Z'}",01/05/2026 16:54,"{'date': '01/05/2026', 'date_formatted': '01/05/2026', 'hours': '04', 'minutes': '54', 'am_pm': 'PM', 'unix_timestamp': 1767632040000, 'iso_timestamp': '2026-01-05T16:54:00.000Z', 'timestamp': '01/05/2026 04:54 pm', 'time': 1014, 'time_formatted': '16:54', 'proper_unix_timestamp': 1767650040000, 'proper_iso_timestamp': '2026-01-05T21:54:00.000Z'}",Style,Style,黑色高款-UNITY FAST,黑色高款-UNITY FAST,,,,,68,68,$30.00,30,No,False,,,,,30.99,30.99,,,29.90,29.9,13.20,13.2,No,False,,,Yes,True,,,,,,,$30.00,30,$18.62,18.62,No,False
695c332ae3d1a0c37198d1f0,"<span class=""695c32e07051e7c1034c6bd3"" data-kn=""connection-value"">金属增高支架镜桥GBRS Hydra九头蛇UNITY EXPS底座T1 T2 H1 2红点-淘宝网</span>","[{'id': '695c32e07051e7c1034c6bd3', 'identifier': '金属增高支架镜桥GBRS Hydra九头蛇UNITY EXPS底座T1 T2 H1 2红点-淘宝网'}]",Active,Active,金棕色高款-UNITY FAST,金棕色高款-UNITY FAST,,,,,,,Yes,True,,,01/05/2026 16:54,"{'date': '01/05/2026', 'date_formatted': '01/05/2026', 'hours': '04', 'minutes': '54', 'am_pm': 'PM', 'unix_timestamp': 1767632040000, 'iso_timestamp': '2026-01-05T16:54:00.000Z', 'timestamp': '01/05/2026 04:54 pm', 'time': 1014, 'time_formatted': '16:54', 'proper_unix_timestamp': 1767650040000, 'proper_iso_timestamp': '2026-01-05T21:54:00.000Z'}",01/05/2026 16:54,"{'date': '01/05/2026', 'date_formatted': '01/05/2026', 'hours': '04', 'minutes': '54', 'am_pm': 'PM', 'unix_timestamp': 1767632040000, 'iso_timestamp': '2026-01-05T16:54:00.000Z', 'timestamp': '01/05/2026 04:54 pm', 'time': 1014, 'time_formatted': '16:54', 'proper_unix_timestamp': 1767650040000, 'proper_iso_timestamp': '2026-01-05T21:54:00.000Z'}",Style,Style,金棕色高款-UNITY FAST,金棕色高款-UNITY FAST,,,,,68,68,$30.00,30,No,False,,,,,30.99,30.99,,,29.90,29.9,13.20,13.2,No,False,,,Yes,True,,,,,,,$30.00,30,$18.62,18.62,No,False
695c332ae4ecfd80d0d63082,"<span class=""695c32e07051e7c1034c6bd3"" data-kn=""connection-value"">金属增高支架镜桥GBRS Hydra九头蛇UNITY EXPS底座T1 T2 H1 2红点-淘宝网</span>","[{'id': '695c32e07051e7c1034c6bd3', 'identifier': '金属增高支架镜桥GBRS Hydra九头蛇UNITY EXPS底座T1 T2 H1 2红点-淘宝网'}]",Active,Active,黑色矮款-UNITY FAST,黑色矮款-UNITY FAST,,,,,,,Yes,True,,,01/05/2026 16:54,"{'date': '01/05/2026', 'date_formatted': '01/05/2026', 'hours': '04', 'minutes': '54', 'am_pm': 'PM', 'unix_timestamp': 1767632040000, 'iso_timestamp': '2026-01-05T16:54:00.000Z', 'timestamp': '01/05/2026 04:54 pm', 'time': 1014, 'time_formatted': '16:54', 'proper_unix_timestamp': 1767650040000, 'proper_iso_timestamp': '2026-01-05T21:54:00.000Z'}",01/05/2026 16:54,"{'date': '01/05/2026', 'date_formatted': '01/05/2026', 'hours': '04', 'minutes': '54', 'am_pm': 'PM', 'unix_timestamp': 1767632040000, 'iso_timestamp': '2026-01-05T16:54:00.000Z', 'timestamp': '01/05/2026 04:54 pm', 'time': 1014, 'time_formatted': '16:54', 'proper_unix_timestamp': 1767650040000, 'proper_iso_timestamp': '2026-01-05T21:54:00.000Z'}",Style,Style,黑色矮款-UNITY FAST,黑色矮款-UNITY FAST,,,,,68,68,$30.00,30,No,False,,,,,30.99,30.99,,,29.90,29.9,13.20,13.2,No,False,,,Yes,True,,,,,,,$30.00,30,$18.62,18.62,No,False
695c332a2bad95469c50f6ef,"<span class=""695c32e07051e7c1034c6bd3"" data-kn=""connection-value"">金属增高支架镜桥GBRS Hydra九头蛇UNITY EXPS底座T1 T2 H1 2红点-淘宝网</span>","[{'id': '695c32e07051e7c1034c6bd3', 'identifier': '金属增高支架镜桥GBRS Hydra九头蛇UNITY EXPS底座T1 T2 H1 2红点-淘宝网'}]",Active,Active,金棕色矮款-UNITY FAST,金棕色矮款-UNITY FAST,,,,,,,Yes,True,,,01/05/2026 16:54,"{'date': '01/05/2026', 'date_formatted': '01/05/2026', 'hours': '04', 'minutes': '54', 'am_pm': 'PM', 'unix_timestamp': 1767632040000, 'iso_timestamp': '2026-01-05T16:54:00.000Z', 'timestamp': '01/05/2026 04:54 pm', 'time': 1014, 'time_formatted': '16:54', 'proper_unix_timestamp': 1767650040000, 'proper_iso_timestamp': '2026-01-05T21:54:00.000Z'}",01/05/2026 16:54,"{'date': '01/05/2026', 'date_formatted': '01/05/2026', 'hours': '04', 'minutes': '54', 'am_pm': 'PM', 'unix_timestamp': 1767632040000, 'iso_timestamp': '2026-01-05T16:54:00.000Z', 'timestamp': '01/05/2026 04:54 pm', 'time': 1014, 'time_formatted': '16:54', 'proper_unix_timestamp': 1767650040000, 'proper_iso_timestamp': '2026-01-05T21:54:00.000Z'}",Style,Style,金棕色矮款-UNITY FAST,金棕色矮款-UNITY FAST,,,,,68,68,$30.00,30,No,False,,,,,30.99,30.99,,,29.90,29.9,13.20,13.2,No,False,,,Yes,True,,,,,,,$30.00,30,$18.62,18.62,No,False
695c3329612ae4b6294ca52e,"<span class=""695c32e07051e7c1034c6bd3"" data-kn=""connection-value"">金属增高支架镜桥GBRS Hydra九头蛇UNITY EXPS底座T1 T2 H1 2红点-淘宝网</span>","[{'id': '695c32e07051e7c1034c6bd3', 'identifier': '金属增高支架镜桥GBRS Hydra九头蛇UNITY EXPS底座T1 T2 H1 2红点-淘宝网'}]",Active,Active,黑色-UNITY EXPS,黑色-UNITY EXPS,,,,,,,Yes,True,,,01/05/2026 16:54,"{'date': '01/05/2026', 'date_formatted': '01/05/2026', 'hours': '04', 'minutes': '54', 'am_pm': 'PM', 'unix_timestamp': 1767632040000, 'iso_timestamp': '2026-01-05T16:54:00.000Z', 'timestamp': '01/05/2026 04:54 pm', 'time': 1014, 'time_formatted': '16:54', 'proper_unix_timestamp': 1767650040000, 'proper_iso_timestamp': '2026-01-05T21:54:00.000Z'}",01/05/2026 16:54,"{'date': '01/05/2026', 'date_formatted': '01/05/2026', 'hours': '04', 'minutes': '54', 'am_pm': 'PM', 'unix_timestamp': 1767632040000, 'iso_timestamp': '2026-01-05T16:54:00.000Z', 'timestamp': '01/05/2026 04:54 pm', 'time': 1014, 'time_formatted': '16:54', 'proper_unix_timestamp': 1767650040000, 'proper_iso_timestamp': '2026-01-05T21:54:00.000Z'}",Style,Style,黑色-UNITY EXPS,黑色-UNITY EXPS,,,,,38,38,$30.00,30,No,False,,,,,21.99,21.99,,,31.20,31.2,14.70,14.7,No,False,,,Yes,True,,,,,,,$30.00,30,$12.92,12.92,No,False
695c33291ad01942ad9b0123,"<span class=""695c32e07051e7c1034c6bd3"" data-kn=""connection-value"">金属增高支架镜桥GBRS Hydra九头蛇UNITY EXPS底座T1 T2 H1 2红点-淘宝网</span>","[{'id': '695c32e07051e7c1034c6bd3', 'identifier': '金属增高支架镜桥GBRS Hydra九头蛇UNITY EXPS底座T1 T2 H1 2红点-淘宝网'}]",Active,Active,金棕色-UNITY EXPS,金棕色-UNITY EXPS,,,,,,,Yes,True,,,01/05/2026 16:54,"{'date': '01/05/2026', 'date_formatted': '01/05/2026', 'hours': '04', 'minutes': '54', 'am_pm': 'PM', 'unix_timestamp': 1767632040000, 'iso_timestamp': '2026-01-05T16:54:00.000Z', 'timestamp': '01/05/2026 04:54 pm', 'time': 1014, 'time_formatted': '16:54', 'proper_unix_timestamp': 1767650040000, 'proper_iso_timestamp': '2026-01-05T21:54:00.000Z'}",01/05/2026 16:54,"{'date': '01/05/2026', 'date_formatted': '01/05/2026', 'hours': '04', 'minutes': '54', 'am_pm': 'PM', 'unix_timestamp': 1767632040000, 'iso_timestamp': '2026-01-05T16:54:00.000Z', 'timestamp': '01/05/2026 04:54 pm', 'time': 1014, 'time_formatted': '16:54', 'proper_unix_timestamp': 1767650040000, 'proper_iso_timestamp': '2026-01-05T21:54:00.000Z'}",Style,Style,金棕色-UNITY EXPS,金棕色-UNITY EXPS,,,,,38,38,$30.00,30,No,False,,,,,21.99,21.99,,,31.20,31.2,14.70,14.7,No,False,,,Yes,True,,,,,,,$30.00,30,$12.92,12.92,No,False
695c33288b911985b127b252,"<span class=""695c32e3bde2c63e6cada76c"" data-kn=""connection-value"">七彩喷火夜光消荧光玩具喷火战术夜光激发装置软弹感应器影视装备-淘宝网</span>","[{'id': '695c32e3bde2c63e6cada76c', 'identifier': '七彩喷火夜光消荧光玩具喷火战术夜光激发装置软弹感应器影视装备-淘宝网'}]",Active,Active,Flamethrower Pig Tracer Suppressor,Flamethrower Pig Tracer Suppressor,,,,,,,Yes,True,,,01/05/2026 16:54,"{'date': '01/05/2026', 'date_formatted': '01/05/2026', 'hours': '04', 'minutes': '54', 'am_pm': 'PM', 'unix_timestamp': 1767632040000, 'iso_timestamp': '2026-01-05T16:54:00.000Z', 'timestamp': '01/05/2026 04:54 pm', 'time': 1014, 'time_formatted': '16:54', 'proper_unix_timestamp': 1767650040000, 'proper_iso_timestamp': '2026-01-05T21:54:00.000Z'}",01/05/2026 16:54,"{'date': '01/05/2026', 'date_formatted': '01/05/2026', 'hours': '04', 'minutes': '54', 'am_pm': 'PM', 'unix_timestamp': 1767632040000, 'iso_timestamp': '2026-01-05T16:54:00.000Z', 'timestamp': '01/05/2026 04:54 pm', 'time': 1014, 'time_formatted': '16:54', 'proper_unix_timestamp': 1767650040000, 'proper_iso_timestamp': '2026-01-05T21:54:00.000Z'}",Style,Style,Flamethrower Pig Tracer Suppressor,Flamethrower Pig Tracer Suppressor,,,,,135,135,$30.00,30,No,False,,,,,51.99,51.99,,,29.70,29.7,13.00,13,No,False,,,Yes,True,,,,,,,$30.00,30,$31.35,31.35,No,False
695c33289b8157497376fdf4,"<span class=""695c32e3bde2c63e6cada76c"" data-kn=""connection-value"">七彩喷火夜光消荧光玩具喷火战术夜光激发装置软弹感应器影视装备-淘宝网</span>","[{'id': '695c32e3bde2c63e6cada76c', 'identifier': '七彩喷火夜光消荧光玩具喷火战术夜光激发装置软弹感应器影视装备-淘宝网'}]",Active,Active,Rainbow SLR Tracer Suppressor,Rainbow SLR Tracer Suppressor,,,,,,,Yes,True,,,01/05/2026 16:54,"{'date': '01/05/2026', 'date_formatted': '01/05/2026', 'hours': '04', 'minutes': '54', 'am_pm': 'PM', 'unix_timestamp': 1767632040000, 'iso_timestamp': '2026-01-05T16:54:00.000Z', 'timestamp': '01/05/2026 04:54 pm', 'time': 1014, 'time_formatted': '16:54', 'proper_unix_timestamp': 1767650040000, 'proper_iso_timestamp': '2026-01-05T21:54:00.000Z'}",01/05/2026 16:54,"{'date': '01/05/2026', 'date_formatted': '01/05/2026', 'hours': '04', 'minutes': '54', 'am_pm': 'PM', 'unix_timestamp': 1767632040000, 'iso_timestamp': '2026-01-05T16:54:00.000Z', 'timestamp': '01/05/2026 04:54 pm', 'time': 1014, 'time_formatted': '16:54', 'proper_unix_timestamp': 1767650040000, 'proper_iso_timestamp': '2026-01-05T21:54:00.000Z'}",Style,Style,Rainbow SLR Tracer Suppressor,Rainbow SLR Tracer Suppressor,,,,,185,185,$30.00,30,No,False,,,,,67.99,67.99,,,29.90,29.9,13.20,13.2,No,False,,,Yes,True,,,,,,,$30.00,30,$40.85,40.85,No,False
695c33288b911985b127a5e1,"<span class=""695c32e3bde2c63e6cada76c"" data-kn=""connection-value"">七彩喷火夜光消荧光玩具喷火战术夜光激发装置软弹感应器影视装备-淘宝网</span>","[{'id': '695c32e3bde2c63e6cada76c', 'identifier': '七彩喷火夜光消荧光玩具喷火战术夜光激发装置软弹感应器影视装备-淘宝网'}]",Active,Active,Oppressor Rainbow Tracer Suppressor,Oppressor Rainbow Tracer Suppressor,,,,,,,Yes,True,,,01/05/2026 16:54,"{'date': '01/05/2026', 'date_formatted': '01/05/2026', 'hours': '04', 'minutes': '54', 'am_pm': 'PM', 'unix_timestamp': 1767632040000, 'iso_timestamp': '2026-01-05T16:54:00.000Z', 'timestamp': '01/05/2026 04:54 pm', 'time': 1014, 'time_formatted': '16:54', 'proper_unix_timestamp': 1767650040000, 'proper_iso_timestamp': '2026-01-05T21:54:00.000Z'}",01/05/2026 16:54,"{'date': '01/05/2026', 'date_formatted': '01/05/2026', 'hours': '04', 'minutes': '54', 'am_pm': 'PM', 'unix_timestamp': 1767632040000, 'iso_timestamp': '2026-01-05T16:54:00.000Z', 'timestamp': '01/05/2026 04:54 pm', 'time': 1014, 'time_formatted': '16:54', 'proper_unix_timestamp': 1767650040000, 'proper_iso_timestamp': '2026-01-05T21:54:00.000Z'}",Style,Style,Oppressor Rainbow Tracer Suppressor,Oppressor Rainbow Tracer Suppressor,,,,,225,225,$30.00,30,No,False,,,,,80.99,80.99,,,30.20,30.2,13.50,13.5,No,False,,,Yes,True,,,,,,,$30.00,30,$48.45,48.45,No,False
695c33279b8157497376debb,"<span class=""695c32e3bde2c63e6cada76c"" data-kn=""connection-value"">七彩喷火夜光消荧光玩具喷火战术夜光激发装置软弹感应器影视装备-淘宝网</span>","[{'id': '695c32e3bde2c63e6cada76c', 'identifier': '七彩喷火夜光消荧光玩具喷火战术夜光激发装置软弹感应器影视装备-淘宝网'}]",Active,Active,Honeycomb Rainbow Tracer Suppressor,Honeycomb Rainbow Tracer Suppressor,,,,,,,Yes,True,,,01/05/2026 16:54,"{'date': '01/05/2026', 'date_formatted': '01/05/2026', 'hours': '04', 'minutes': '54', 'am_pm': 'PM', 'unix_timestamp': 1767632040000, 'iso_timestamp': '2026-01-05T16:54:00.000Z', 'timestamp': '01/05/2026 04:54 pm', 'time': 1014, 'time_formatted': '16:54', 'proper_unix_timestamp': 1767650040000, 'proper_iso_timestamp': '2026-01-05T21:54:00.000Z'}",01/05/2026 16:54,"{'date': '01/05/2026', 'date_formatted': '01/05/2026', 'hours': '04', 'minutes': '54', 'am_pm': 'PM', 'unix_timestamp': 1767632040000, 'iso_timestamp': '2026-01-05T16:54:00.000Z', 'timestamp': '01/05/2026 04:54 pm', 'time': 1014, 'time_formatted': '16:54', 'proper_unix_timestamp': 1767650040000, 'proper_iso_timestamp': '2026-01-05T21:54:00.000Z'}",Style,Style,Honeycomb Rainbow Tracer Suppressor,Honeycomb Rainbow Tracer Suppressor,,,,,225,225,$30.00,30,No,False,,,,,80.99,80.99,,,30.20,30.2,13.50,13.5,No,False,,,Yes,True,,,,,,,$30.00,30,$48.45,48.45,No,False
695c3327713127c96471cf29,"<span class=""695c32e537eef90c93aec7bb"" data-kn=""connection-value"">FMA 蝎式软壳快拔旦夹套5.56/7.62\9mm旦匣包 军迷射击MOLLE包-淘宝网</span>","[{'id': '695c32e537eef90c93aec7bb', 'identifier': 'FMA 蝎式软壳快拔旦夹套5.56/7.62\\9mm旦匣包 军迷射击MOLLE包-淘宝网'}]",Active,Active,OD军绿色 / 大款,OD军绿色 / 大款,,,,,,,Yes,True,,,01/05/2026 16:54,"{'date': '01/05/2026', 'date_formatted': '01/05/2026', 'hours': '04', 'minutes': '54', 'am_pm': 'PM', 'unix_timestamp': 1767632040000, 'iso_timestamp': '2026-01-05T16:54:00.000Z', 'timestamp': '01/05/2026 04:54 pm', 'time': 1014, 'time_formatted': '16:54', 'proper_unix_timestamp': 1767650040000, 'proper_iso_timestamp': '2026-01-05T21:54:00.000Z'}",01/05/2026 16:54,"{'date': '01/05/2026', 'date_formatted': '01/05/2026', 'hours': '04', 'minutes': '54', 'am_pm': 'PM', 'unix_timestamp': 1767632040000, 'iso_timestamp': '2026-01-05T16:54:00.000Z', 'timestamp': '01/05/2026 04:54 pm', 'time': 1014, 'time_formatted': '16:54', 'proper_unix_timestamp': 1767650040000, 'proper_iso_timestamp': '2026-01-05T21:54:00.000Z'}",Style,Style,OD军绿色 / 大款,OD军绿色 / 大款,,,,,31,31,$30.00,30,No,False,,,,,18.99,18.99,,,29.00,29,12.20,12.2,No,False,,,Yes,True,,,,,,,$30.00,30,$11.59,11.59,No,False
695c3326713127c96471c302,"<span class=""695c32e537eef90c93aec7bb"" data-kn=""connection-value"">FMA 蝎式软壳快拔旦夹套5.56/7.62\9mm旦匣包 军迷射击MOLLE包-淘宝网</span>","[{'id': '695c32e537eef90c93aec7bb', 'identifier': 'FMA 蝎式软壳快拔旦夹套5.56/7.62\\9mm旦匣包 军迷射击MOLLE包-淘宝网'}]",Active,Active,OD军绿色 / 小款,OD军绿色 / 小款,,,,,,,Yes,True,,,01/05/2026 16:54,"{'date': '01/05/2026', 'date_formatted': '01/05/2026', 'hours': '04', 'minutes': '54', 'am_pm': 'PM', 'unix_timestamp': 1767632040000, 'iso_timestamp': '2026-01-05T16:54:00.000Z', 'timestamp': '01/05/2026 04:54 pm', 'time': 1014, 'time_formatted': '16:54', 'proper_unix_timestamp': 1767650040000, 'proper_iso_timestamp': '2026-01-05T21:54:00.000Z'}",01/05/2026 16:54,"{'date': '01/05/2026', 'date_formatted': '01/05/2026', 'hours': '04', 'minutes': '54', 'am_pm': 'PM', 'unix_timestamp': 1767632040000, 'iso_timestamp': '2026-01-05T16:54:00.000Z', 'timestamp': '01/05/2026 04:54 pm', 'time': 1014, 'time_formatted': '16:54', 'proper_unix_timestamp': 1767650040000, 'proper_iso_timestamp': '2026-01-05T21:54:00.000Z'}",Style,Style,OD军绿色 / 小款,OD军绿色 / 小款,,,,,28,28,$30.00,30,No,False,,,,,17.99,17.99,,,28.70,28.7,11.90,11.9,No,False,,,Yes,True,,,,,,,$30.00,30,$11.02,11.02,No,False
695c3326713127c96471b691,"<span class=""695c32e537eef90c93aec7bb"" data-kn=""connection-value"">FMA 蝎式软壳快拔旦夹套5.56/7.62\9mm旦匣包 军迷射击MOLLE包-淘宝网</span>","[{'id': '695c32e537eef90c93aec7bb', 'identifier': 'FMA 蝎式软壳快拔旦夹套5.56/7.62\\9mm旦匣包 军迷射击MOLLE包-淘宝网'}]",Active,Active,OD军绿色 / 短款,OD军绿色 / 短款,,,,,,,Yes,True,,,01/05/2026 16:54,"{'date': '01/05/2026', 'date_formatted': '01/05/2026', 'hours': '04', 'minutes': '54', 'am_pm': 'PM', 'unix_timestamp': 1767632040000, 'iso_timestamp': '2026-01-05T16:54:00.000Z', 'timestamp': '01/05/2026 04:54 pm', 'time': 1014, 'time_formatted': '16:54', 'proper_unix_timestamp': 1767650040000, 'proper_iso_timestamp': '2026-01-05T21:54:00.000Z'}",01/05/2026 16:54,"{'date': '01/05/2026', 'date_formatted': '01/05/2026', 'hours': '04', 'minutes': '54', 'am_pm': 'PM', 'unix_timestamp': 1767632040000, 'iso_timestamp': '2026-01-05T16:54:00.000Z', 'timestamp': '01/05/2026 04:54 pm', 'time': 1014, 'time_formatted': '16:54', 'proper_unix_timestamp': 1767650040000, 'proper_iso_timestamp': '2026-01-05T21:54:00.000Z'}",Style,Style,OD军绿色 / 短款,OD军绿色 / 短款,,,,,28,28,$30.00,30,No,False,,,,,17.99,17.99,,,28.70,28.7,11.90,11.9,No,False,,,Yes,True,,,,,,,$30.00,30,$11.02,11.02,No,False
695c332612bb85c5f20ffae6,"<span class=""695c32e537eef90c93aec7bb"" data-kn=""connection-value"">FMA 蝎式软壳快拔旦夹套5.56/7.62\9mm旦匣包 军迷射击MOLLE包-淘宝网</span>","[{'id': '695c32e537eef90c93aec7bb', 'identifier': 'FMA 蝎式软壳快拔旦夹套5.56/7.62\\9mm旦匣包 军迷射击MOLLE包-淘宝网'}]",Active,Active,DE泥色 / 大款,DE泥色 / 大款,,,,,,,Yes,True,,,01/05/2026 16:54,"{'date': '01/05/2026', 'date_formatted': '01/05/2026', 'hours': '04', 'minutes': '54', 'am_pm': 'PM', 'unix_timestamp': 1767632040000, 'iso_timestamp': '2026-01-05T16:54:00.000Z', 'timestamp': '01/05/2026 04:54 pm', 'time': 1014, 'time_formatted': '16:54', 'proper_unix_timestamp': 1767650040000, 'proper_iso_timestamp': '2026-01-05T21:54:00.000Z'}",01/05/2026 16:54,"{'date': '01/05/2026', 'date_formatted': '01/05/2026', 'hours': '04', 'minutes': '54', 'am_pm': 'PM', 'unix_timestamp': 1767632040000, 'iso_timestamp': '2026-01-05T16:54:00.000Z', 'timestamp': '01/05/2026 04:54 pm', 'time': 1014, 'time_formatted': '16:54', 'proper_unix_timestamp': 1767650040000, 'proper_iso_timestamp': '2026-01-05T21:54:00.000Z'}",Style,Style,DE泥色 / 大款,DE泥色 / 大款,,,,,31,31,$30.00,30,No,False,,,,,18.99,18.99,,,29.00,29,12.20,12.2,No,False,,,Yes,True,,,,,,,$30.00,30,$11.59,11.59,No,False
695c3325bde2c63e6cb19355,"<span class=""695c32e537eef90c93aec7bb"" data-kn=""connection-value"">FMA 蝎式软壳快拔旦夹套5.56/7.62\9mm旦匣包 军迷射击MOLLE包-淘宝网</span>","[{'id': '695c32e537eef90c93aec7bb', 'identifier': 'FMA 蝎式软壳快拔旦夹套5.56/7.62\\9mm旦匣包 军迷射击MOLLE包-淘宝网'}]",Active,Active,DE泥色 / 小款,DE泥色 / 小款,,,,,,,Yes,True,,,01/05/2026 16:54,"{'date': '01/05/2026', 'date_formatted': '01/05/2026', 'hours': '04', 'minutes': '54', 'am_pm': 'PM', 'unix_timestamp': 1767632040000, 'iso_timestamp': '2026-01-05T16:54:00.000Z', 'timestamp': '01/05/2026 04:54 pm', 'time': 1014, 'time_formatted': '16:54', 'proper_unix_timestamp': 1767650040000, 'proper_iso_timestamp': '2026-01-05T21:54:00.000Z'}",01/05/2026 16:54,"{'date': '01/05/2026', 'date_formatted': '01/05/2026', 'hours': '04', 'minutes': '54', 'am_pm': 'PM', 'unix_timestamp': 1767632040000, 'iso_timestamp': '2026-01-05T16:54:00.000Z', 'timestamp': '01/05/2026 04:54 pm', 'time': 1014, 'time_formatted': '16:54', 'proper_unix_timestamp': 1767650040000, 'proper_iso_timestamp': '2026-01-05T21:54:00.000Z'}",Style,Style,DE泥色 / 小款,DE泥色 / 小款,,,,,28,28,$30.00,30,No,False,,,,,17.99,17.99,,,28.70,28.7,11.90,11.9,No,False,,,Yes,True,,,,,,,$30.00,30,$11.02,11.02,No,False
695c3325bde2c63e6cb192ce,"<span class=""695c32e537eef90c93aec7bb"" data-kn=""connection-value"">FMA 蝎式软壳快拔旦夹套5.56/7.62\9mm旦匣包 军迷射击MOLLE包-淘宝网</span>","[{'id': '695c32e537eef90c93aec7bb', 'identifier': 'FMA 蝎式软壳快拔旦夹套5.56/7.62\\9mm旦匣包 军迷射击MOLLE包-淘宝网'}]",Active,Active,DE泥色 / 短款,DE泥色 / 短款,,,,,,,Yes,True,,,01/05/2026 16:54,"{'date': '01/05/2026', 'date_formatted': '01/05/2026', 'hours': '04', 'minutes': '54', 'am_pm': 'PM', 'unix_timestamp': 1767632040000, 'iso_timestamp': '2026-01-05T16:54:00.000Z', 'timestamp': '01/05/2026 04:54 pm', 'time': 1014, 'time_formatted': '16:54', 'proper_unix_timestamp': 1767650040000, 'proper_iso_timestamp': '2026-01-05T21:54:00.000Z'}",01/05/2026 16:54,"{'date': '01/05/2026', 'date_formatted': '01/05/2026', 'hours': '04', 'minutes': '54', 'am_pm': 'PM', 'unix_timestamp': 1767632040000, 'iso_timestamp': '2026-01-05T16:54:00.000Z', 'timestamp': '01/05/2026 04:54 pm', 'time': 1014, 'time_formatted': '16:54', 'proper_unix_timestamp': 1767650040000, 'proper_iso_timestamp': '2026-01-05T21:54:00.000Z'}",Style,Style,DE泥色 / 短款,DE泥色 / 短款,,,,,28,28,$30.00,30,No,False,,,,,17.99,17.99,,,28.70,28.7,11.90,11.9,No,False,,,Yes,True,,,,,,,$30.00,30,$11.02,11.02,No,False
695c33242a4e1cd21b0e4b50,"<span class=""695c32e537eef90c93aec7bb"" data-kn=""connection-value"">FMA 蝎式软壳快拔旦夹套5.56/7.62\9mm旦匣包 军迷射击MOLLE包-淘宝网</span>","[{'id': '695c32e537eef90c93aec7bb', 'identifier': 'FMA 蝎式软壳快拔旦夹套5.56/7.62\\9mm旦匣包 军迷射击MOLLE包-淘宝网'}]",Active,Active,BK黑色 / 大款,BK黑色 / 大款,,,,,,,Yes,True,,,01/05/2026 16:54,"{'date': '01/05/2026', 'date_formatted': '01/05/2026', 'hours': '04', 'minutes': '54', 'am_pm': 'PM', 'unix_timestamp': 1767632040000, 'iso_timestamp': '2026-01-05T16:54:00.000Z', 'timestamp': '01/05/2026 04:54 pm', 'time': 1014, 'time_formatted': '16:54', 'proper_unix_timestamp': 1767650040000, 'proper_iso_timestamp': '2026-01-05T21:54:00.000Z'}",01/05/2026 16:54,"{'date': '01/05/2026', 'date_formatted': '01/05/2026', 'hours': '04', 'minutes': '54', 'am_pm': 'PM', 'unix_timestamp': 1767632040000, 'iso_timestamp': '2026-01-05T16:54:00.000Z', 'timestamp': '01/05/2026 04:54 pm', 'time': 1014, 'time_formatted': '16:54', 'proper_unix_timestamp': 1767650040000, 'proper_iso_timestamp': '2026-01-05T21:54:00.000Z'}",Style,Style,BK黑色 / 大款,BK黑色 / 大款,,,,,31,31,$30.00,30,No,False,,,,,18.99,18.99,,,29.00,29,12.20,12.2,No,False,,,Yes,True,,,,,,,$30.00,30,$11.59,11.59,No,False
695c33248b911985b12770b7,"<span class=""695c32e537eef90c93aec7bb"" data-kn=""connection-value"">FMA 蝎式软壳快拔旦夹套5.56/7.62\9mm旦匣包 军迷射击MOLLE包-淘宝网</span>","[{'id': '695c32e537eef90c93aec7bb', 'identifier': 'FMA 蝎式软壳快拔旦夹套5.56/7.62\\9mm旦匣包 军迷射击MOLLE包-淘宝网'}]",Active,Active,BK黑色 / 小款,BK黑色 / 小款,,,,,,,Yes,True,,,01/05/2026 16:54,"{'date': '01/05/2026', 'date_formatted': '01/05/2026', 'hours': '04', 'minutes': '54', 'am_pm': 'PM', 'unix_timestamp': 1767632040000, 'iso_timestamp': '2026-01-05T16:54:00.000Z', 'timestamp': '01/05/2026 04:54 pm', 'time': 1014, 'time_formatted': '16:54', 'proper_unix_timestamp': 1767650040000, 'proper_iso_timestamp': '2026-01-05T21:54:00.000Z'}",01/05/2026 16:54,"{'date': '01/05/2026', 'date_formatted': '01/05/2026', 'hours': '04', 'minutes': '54', 'am_pm': 'PM', 'unix_timestamp': 1767632040000, 'iso_timestamp': '2026-01-05T16:54:00.000Z', 'timestamp': '01/05/2026 04:54 pm', 'time': 1014, 'time_formatted': '16:54', 'proper_unix_timestamp': 1767650040000, 'proper_iso_timestamp': '2026-01-05T21:54:00.000Z'}",Style,Style,BK黑色 / 小款,BK黑色 / 小款,,,,,28,28,$30.00,30,No,False,,,,,17.99,17.99,,,28.70,28.7,11.90,11.9,No,False,,,Yes,True,,,,,,,$30.00,30,$11.02,11.02,No,False
695c33242a4e1cd21b0e3269,"<span class=""695c32e537eef90c93aec7bb"" data-kn=""connection-value"">FMA 蝎式软壳快拔旦夹套5.56/7.62\9mm旦匣包 军迷射击MOLLE包-淘宝网</span>","[{'id': '695c32e537eef90c93aec7bb', 'identifier': 'FMA 蝎式软壳快拔旦夹套5.56/7.62\\9mm旦匣包 军迷射击MOLLE包-淘宝网'}]",Active,Active,Black / Short,Black / Short,,,,,,,Yes,True,,,01/05/2026 16:54,"{'date': '01/05/2026', 'date_formatted': '01/05/2026', 'hours': '04', 'minutes': '54', 'am_pm': 'PM', 'unix_timestamp': 1767632040000, 'iso_timestamp': '2026-01-05T16:54:00.000Z', 'timestamp': '01/05/2026 04:54 pm', 'time': 1014, 'time_formatted': '16:54', 'proper_unix_timestamp': 1767650040000, 'proper_iso_timestamp': '2026-01-05T21:54:00.000Z'}",01/05/2026 16:54,"{'date': '01/05/2026', 'date_formatted': '01/05/2026', 'hours': '04', 'minutes': '54', 'am_pm': 'PM', 'unix_timestamp': 1767632040000, 'iso_timestamp': '2026-01-05T16:54:00.000Z', 'timestamp': '01/05/2026 04:54 pm', 'time': 1014, 'time_formatted': '16:54', 'proper_unix_timestamp': 1767650040000, 'proper_iso_timestamp': '2026-01-05T21:54:00.000Z'}",Color,Color,Black,Black,Profile,Profile,Short,Short,28,28,$30.00,30,No,False,,,,,17.99,17.99,,,28.70,28.7,11.90,11.9,No,False,,,Yes,True,,,,,,,$30.00,30,$11.02,11.02,No,False
695c33231e9722c9bffe34f9,"<span class=""695c32e537eef90c93aec7bb"" data-kn=""connection-value"">FMA 蝎式软壳快拔旦夹套5.56/7.62\9mm旦匣包 军迷射击MOLLE包-淘宝网</span>","[{'id': '695c32e537eef90c93aec7bb', 'identifier': 'FMA 蝎式软壳快拔旦夹套5.56/7.62\\9mm旦匣包 军迷射击MOLLE包-淘宝网'}]",Active,Active,Ranger Green / Large,Ranger Green / Large,,,,,,,Yes,True,,,01/05/2026 16:54,"{'date': '01/05/2026', 'date_formatted': '01/05/2026', 'hours': '04', 'minutes': '54', 'am_pm': 'PM', 'unix_timestamp': 1767632040000, 'iso_timestamp': '2026-01-05T16:54:00.000Z', 'timestamp': '01/05/2026 04:54 pm', 'time': 1014, 'time_formatted': '16:54', 'proper_unix_timestamp': 1767650040000, 'proper_iso_timestamp': '2026-01-05T21:54:00.000Z'}",01/05/2026 16:54,"{'date': '01/05/2026', 'date_formatted': '01/05/2026', 'hours': '04', 'minutes': '54', 'am_pm': 'PM', 'unix_timestamp': 1767632040000, 'iso_timestamp': '2026-01-05T16:54:00.000Z', 'timestamp': '01/05/2026 04:54 pm', 'time': 1014, 'time_formatted': '16:54', 'proper_unix_timestamp': 1767650040000, 'proper_iso_timestamp': '2026-01-05T21:54:00.000Z'}",Color,Color,Ranger Green,Ranger Green,Profile,Profile,Large,Large,31,31,$30.00,30,No,False,,,,,18.99,18.99,,,29.00,29,12.20,12.2,No,False,,,Yes,True,,,,,,,$30.00,30,$11.59,11.59,No,False
695c33239f7a56713520d8b3,"<span class=""695c32e537eef90c93aec7bb"" data-kn=""connection-value"">FMA 蝎式软壳快拔旦夹套5.56/7.62\9mm旦匣包 军迷射击MOLLE包-淘宝网</span>","[{'id': '695c32e537eef90c93aec7bb', 'identifier': 'FMA 蝎式软壳快拔旦夹套5.56/7.62\\9mm旦匣包 军迷射击MOLLE包-淘宝网'}]",Active,Active,Ranger Green / Small,Ranger Green / Small,,,,,,,Yes,True,,,01/05/2026 16:54,"{'date': '01/05/2026', 'date_formatted': '01/05/2026', 'hours': '04', 'minutes': '54', 'am_pm': 'PM', 'unix_timestamp': 1767632040000, 'iso_timestamp': '2026-01-05T16:54:00.000Z', 'timestamp': '01/05/2026 04:54 pm', 'time': 1014, 'time_formatted': '16:54', 'proper_unix_timestamp': 1767650040000, 'proper_iso_timestamp': '2026-01-05T21:54:00.000Z'}",01/05/2026 16:54,"{'date': '01/05/2026', 'date_formatted': '01/05/2026', 'hours': '04', 'minutes': '54', 'am_pm': 'PM', 'unix_timestamp': 1767632040000, 'iso_timestamp': '2026-01-05T16:54:00.000Z', 'timestamp': '01/05/2026 04:54 pm', 'time': 1014, 'time_formatted': '16:54', 'proper_unix_timestamp': 1767650040000, 'proper_iso_timestamp': '2026-01-05T21:54:00.000Z'}",Color,Color,Ranger Green,Ranger Green,Profile,Profile,Small,Small,28,28,$30.00,30,No,False,,,,,17.99,17.99,,,28.70,28.7,11.90,11.9,No,False,,,Yes,True,,,,,,,$30.00,30,$11.02,11.02,No,False
695c3322bde2c63e6cb1286b,"<span class=""695c32e537eef90c93aec7bb"" data-kn=""connection-value"">FMA 蝎式软壳快拔旦夹套5.56/7.62\9mm旦匣包 军迷射击MOLLE包-淘宝网</span>","[{'id': '695c32e537eef90c93aec7bb', 'identifier': 'FMA 蝎式软壳快拔旦夹套5.56/7.62\\9mm旦匣包 军迷射击MOLLE包-淘宝网'}]",Active,Active,Ranger Green / Short,Ranger Green / Short,,,,,,,Yes,True,,,01/05/2026 16:54,"{'date': '01/05/2026', 'date_formatted': '01/05/2026', 'hours': '04', 'minutes': '54', 'am_pm': 'PM', 'unix_timestamp': 1767632040000, 'iso_timestamp': '2026-01-05T16:54:00.000Z', 'timestamp': '01/05/2026 04:54 pm', 'time': 1014, 'time_formatted': '16:54', 'proper_unix_timestamp': 1767650040000, 'proper_iso_timestamp': '2026-01-05T21:54:00.000Z'}",01/05/2026 16:54,"{'date': '01/05/2026', 'date_formatted': '01/05/2026', 'hours': '04', 'minutes': '54', 'am_pm': 'PM', 'unix_timestamp': 1767632040000, 'iso_timestamp': '2026-01-05T16:54:00.000Z', 'timestamp': '01/05/2026 04:54 pm', 'time': 1014, 'time_formatted': '16:54', 'proper_unix_timestamp': 1767650040000, 'proper_iso_timestamp': '2026-01-05T21:54:00.000Z'}",Color,Color,Ranger Green,Ranger Green,Profile,Profile,Short,Short,28,28,$30.00,30,No,False,,,,,17.99,17.99,,,28.70,28.7,11.90,11.9,No,False,,,Yes,True,,,,,,,$30.00,30,$11.02,11.02,No,False
695c332212bb85c5f20f5cf5,"<span class=""695c32e537eef90c93aec7bb"" data-kn=""connection-value"">FMA 蝎式软壳快拔旦夹套5.56/7.62\9mm旦匣包 军迷射击MOLLE包-淘宝网</span>","[{'id': '695c32e537eef90c93aec7bb', 'identifier': 'FMA 蝎式软壳快拔旦夹套5.56/7.62\\9mm旦匣包 军迷射击MOLLE包-淘宝网'}]",Active,Active,Black-Mud / Large,Black-Mud / Large,,,,,,,Yes,True,,,01/05/2026 16:54,"{'date': '01/05/2026', 'date_formatted': '01/05/2026', 'hours': '04', 'minutes': '54', 'am_pm': 'PM', 'unix_timestamp': 1767632040000, 'iso_timestamp': '2026-01-05T16:54:00.000Z', 'timestamp': '01/05/2026 04:54 pm', 'time': 1014, 'time_formatted': '16:54', 'proper_unix_timestamp': 1767650040000, 'proper_iso_timestamp': '2026-01-05T21:54:00.000Z'}",01/05/2026 16:54,"{'date': '01/05/2026', 'date_formatted': '01/05/2026', 'hours': '04', 'minutes': '54', 'am_pm': 'PM', 'unix_timestamp': 1767632040000, 'iso_timestamp': '2026-01-05T16:54:00.000Z', 'timestamp': '01/05/2026 04:54 pm', 'time': 1014, 'time_formatted': '16:54', 'proper_unix_timestamp': 1767650040000, 'proper_iso_timestamp': '2026-01-05T21:54:00.000Z'}",Color,Color,Black,Black,Profile,Profile,Large,Large,31,31,$30.00,30,No,False,,,,,18.99,18.99,,,29.00,29,12.20,12.2,No,False,,,Yes,True,,,,,,,$30.00,30,$11.59,11.59,No,False
695c3321c3a1704a5644b528,"<span class=""695c32e537eef90c93aec7bb"" data-kn=""connection-value"">FMA 蝎式软壳快拔旦夹套5.56/7.62\9mm旦匣包 军迷射击MOLLE包-淘宝网</span>","[{'id': '695c32e537eef90c93aec7bb', 'identifier': 'FMA 蝎式软壳快拔旦夹套5.56/7.62\\9mm旦匣包 军迷射击MOLLE包-淘宝网'}]",Active,Active,Black-Mud / Small,Black-Mud / Small,,,,,,,Yes,True,,,01/05/2026 16:54,"{'date': '01/05/2026', 'date_formatted': '01/05/2026', 'hours': '04', 'minutes': '54', 'am_pm': 'PM', 'unix_timestamp': 1767632040000, 'iso_timestamp': '2026-01-05T16:54:00.000Z', 'timestamp': '01/05/2026 04:54 pm', 'time': 1014, 'time_formatted': '16:54', 'proper_unix_timestamp': 1767650040000, 'proper_iso_timestamp': '2026-01-05T21:54:00.000Z'}",01/05/2026 16:54,"{'date': '01/05/2026', 'date_formatted': '01/05/2026', 'hours': '04', 'minutes': '54', 'am_pm': 'PM', 'unix_timestamp': 1767632040000, 'iso_timestamp': '2026-01-05T16:54:00.000Z', 'timestamp': '01/05/2026 04:54 pm', 'time': 1014, 'time_formatted': '16:54', 'proper_unix_timestamp': 1767650040000, 'proper_iso_timestamp': '2026-01-05T21:54:00.000Z'}",Color,Color,Black,Black,Profile,Profile,Small,Small,28,28,$30.00,30,No,False,,,,,17.99,17.99,,,28.70,28.7,11.90,11.9,No,False,,,Yes,True,,,,,,,$30.00,30,$11.02,11.02,No,False
695c33218b911985b1272f5e,"<span class=""695c32e537eef90c93aec7bb"" data-kn=""connection-value"">FMA 蝎式软壳快拔旦夹套5.56/7.62\9mm旦匣包 军迷射击MOLLE包-淘宝网</span>","[{'id': '695c32e537eef90c93aec7bb', 'identifier': 'FMA 蝎式软壳快拔旦夹套5.56/7.62\\9mm旦匣包 军迷射击MOLLE包-淘宝网'}]",Active,Active,Black-Mud / Short,Black-Mud / Short,,,,,,,Yes,True,,,01/05/2026 16:54,"{'date': '01/05/2026', 'date_formatted': '01/05/2026', 'hours': '04', 'minutes': '54', 'am_pm': 'PM', 'unix_timestamp': 1767632040000, 'iso_timestamp': '2026-01-05T16:54:00.000Z', 'timestamp': '01/05/2026 04:54 pm', 'time': 1014, 'time_formatted': '16:54', 'proper_unix_timestamp': 1767650040000, 'proper_iso_timestamp': '2026-01-05T21:54:00.000Z'}",01/05/2026 16:54,"{'date': '01/05/2026', 'date_formatted': '01/05/2026', 'hours': '04', 'minutes': '54', 'am_pm': 'PM', 'unix_timestamp': 1767632040000, 'iso_timestamp': '2026-01-05T16:54:00.000Z', 'timestamp': '01/05/2026 04:54 pm', 'time': 1014, 'time_formatted': '16:54', 'proper_unix_timestamp': 1767650040000, 'proper_iso_timestamp': '2026-01-05T21:54:00.000Z'}",Color,Color,Black,Black,Profile,Profile,Short,Short,28,28,$30.00,30,No,False,,,,,17.99,17.99,,,28.70,28.7,11.90,11.9,No,False,,,Yes,True,,,,,,,$30.00,30,$11.02,11.02,No,False
695c3321e4ecfd80d0d5996c,"<span class=""695c32e537eef90c93aec7bb"" data-kn=""connection-value"">FMA 蝎式软壳快拔旦夹套5.56/7.62\9mm旦匣包 军迷射击MOLLE包-淘宝网</span>","[{'id': '695c32e537eef90c93aec7bb', 'identifier': 'FMA 蝎式软壳快拔旦夹套5.56/7.62\\9mm旦匣包 军迷射击MOLLE包-淘宝网'}]",Active,Active,Black-Red / Large,Black-Red / Large,,,,,,,Yes,True,,,01/05/2026 16:54,"{'date': '01/05/2026', 'date_formatted': '01/05/2026', 'hours': '04', 'minutes': '54', 'am_pm': 'PM', 'unix_timestamp': 1767632040000, 'iso_timestamp': '2026-01-05T16:54:00.000Z', 'timestamp': '01/05/2026 04:54 pm', 'time': 1014, 'time_formatted': '16:54', 'proper_unix_timestamp': 1767650040000, 'proper_iso_timestamp': '2026-01-05T21:54:00.000Z'}",01/05/2026 16:54,"{'date': '01/05/2026', 'date_formatted': '01/05/2026', 'hours': '04', 'minutes': '54', 'am_pm': 'PM', 'unix_timestamp': 1767632040000, 'iso_timestamp': '2026-01-05T16:54:00.000Z', 'timestamp': '01/05/2026 04:54 pm', 'time': 1014, 'time_formatted': '16:54', 'proper_unix_timestamp': 1767650040000, 'proper_iso_timestamp': '2026-01-05T21:54:00.000Z'}",Color,Color,Black,Black,Profile,Profile,Large,Large,31,31,$30.00,30,No,False,,,,,18.99,18.99,,,29.00,29,12.20,12.2,No,False,,,Yes,True,,,,,,,$30.00,30,$11.59,11.59,No,False
695c33203b63f2dd235a8b7f,"<span class=""695c32e537eef90c93aec7bb"" data-kn=""connection-value"">FMA 蝎式软壳快拔旦夹套5.56/7.62\9mm旦匣包 军迷射击MOLLE包-淘宝网</span>","[{'id': '695c32e537eef90c93aec7bb', 'identifier': 'FMA 蝎式软壳快拔旦夹套5.56/7.62\\9mm旦匣包 军迷射击MOLLE包-淘宝网'}]",Active,Active,Black-Red / Small,Black-Red / Small,,,,,,,Yes,True,,,01/05/2026 16:54,"{'date': '01/05/2026', 'date_formatted': '01/05/2026', 'hours': '04', 'minutes': '54', 'am_pm': 'PM', 'unix_timestamp': 1767632040000, 'iso_timestamp': '2026-01-05T16:54:00.000Z', 'timestamp': '01/05/2026 04:54 pm', 'time': 1014, 'time_formatted': '16:54', 'proper_unix_timestamp': 1767650040000, 'proper_iso_timestamp': '2026-01-05T21:54:00.000Z'}",01/05/2026 16:54,"{'date': '01/05/2026', 'date_formatted': '01/05/2026', 'hours': '04', 'minutes': '54', 'am_pm': 'PM', 'unix_timestamp': 1767632040000, 'iso_timestamp': '2026-01-05T16:54:00.000Z', 'timestamp': '01/05/2026 04:54 pm', 'time': 1014, 'time_formatted': '16:54', 'proper_unix_timestamp': 1767650040000, 'proper_iso_timestamp': '2026-01-05T21:54:00.000Z'}",Color,Color,Black,Black,Profile,Profile,Small,Small,28,28,$30.00,30,No,False,,,,,17.99,17.99,,,28.70,28.7,11.90,11.9,No,False,,,Yes,True,,,,,,,$30.00,30,$11.02,11.02,No,False
695c3320713127c96470f4be,"<span class=""695c32e537eef90c93aec7bb"" data-kn=""connection-value"">FMA 蝎式软壳快拔旦夹套5.56/7.62\9mm旦匣包 军迷射击MOLLE包-淘宝网</span>","[{'id': '695c32e537eef90c93aec7bb', 'identifier': 'FMA 蝎式软壳快拔旦夹套5.56/7.62\\9mm旦匣包 军迷射击MOLLE包-淘宝网'}]",Active,Active,Black-Red / Short,Black-Red / Short,,,,,,,Yes,True,,,01/05/2026 16:54,"{'date': '01/05/2026', 'date_formatted': '01/05/2026', 'hours': '04', 'minutes': '54', 'am_pm': 'PM', 'unix_timestamp': 1767632040000, 'iso_timestamp': '2026-01-05T16:54:00.000Z', 'timestamp': '01/05/2026 04:54 pm', 'time': 1014, 'time_formatted': '16:54', 'proper_unix_timestamp': 1767650040000, 'proper_iso_timestamp': '2026-01-05T21:54:00.000Z'}",01/05/2026 16:54,"{'date': '01/05/2026', 'date_formatted': '01/05/2026', 'hours': '04', 'minutes': '54', 'am_pm': 'PM', 'unix_timestamp': 1767632040000, 'iso_timestamp': '2026-01-05T16:54:00.000Z', 'timestamp': '01/05/2026 04:54 pm', 'time': 1014, 'time_formatted': '16:54', 'proper_unix_timestamp': 1767650040000, 'proper_iso_timestamp': '2026-01-05T21:54:00.000Z'}",Color,Color,Black,Black,Profile,Profile,Short,Short,28,28,$30.00,30,No,False,,,,,17.99,17.99,,,28.70,28.7,11.90,11.9,No,False,,,Yes,True,,,,,,,$30.00,30,$11.02,11.02,No,False
695c331f2bad95469c4fd786,"<span class=""695c32e537eef90c93aec7bb"" data-kn=""connection-value"">FMA 蝎式软壳快拔旦夹套5.56/7.62\9mm旦匣包 军迷射击MOLLE包-淘宝网</span>","[{'id': '695c32e537eef90c93aec7bb', 'identifier': 'FMA 蝎式软壳快拔旦夹套5.56/7.62\\9mm旦匣包 军迷射击MOLLE包-淘宝网'}]",Active,Active,Black-OD Green / Large,Black-OD Green / Large,,,,,,,Yes,True,,,01/05/2026 16:54,"{'date': '01/05/2026', 'date_formatted': '01/05/2026', 'hours': '04', 'minutes': '54', 'am_pm': 'PM', 'unix_timestamp': 1767632040000, 'iso_timestamp': '2026-01-05T16:54:00.000Z', 'timestamp': '01/05/2026 04:54 pm', 'time': 1014, 'time_formatted': '16:54', 'proper_unix_timestamp': 1767650040000, 'proper_iso_timestamp': '2026-01-05T21:54:00.000Z'}",01/05/2026 16:54,"{'date': '01/05/2026', 'date_formatted': '01/05/2026', 'hours': '04', 'minutes': '54', 'am_pm': 'PM', 'unix_timestamp': 1767632040000, 'iso_timestamp': '2026-01-05T16:54:00.000Z', 'timestamp': '01/05/2026 04:54 pm', 'time': 1014, 'time_formatted': '16:54', 'proper_unix_timestamp': 1767650040000, 'proper_iso_timestamp': '2026-01-05T21:54:00.000Z'}",Color,Color,Black,Black,Profile,Profile,Large,Large,31,31,$30.00,30,No,False,,,,,18.99,18.99,,,29.00,29,12.20,12.2,No,False,,,Yes,True,,,,,,,$30.00,30,$11.59,11.59,No,False
695c331f1e9722c9bffdcf1b,"<span class=""695c32e537eef90c93aec7bb"" data-kn=""connection-value"">FMA 蝎式软壳快拔旦夹套5.56/7.62\9mm旦匣包 军迷射击MOLLE包-淘宝网</span>","[{'id': '695c32e537eef90c93aec7bb', 'identifier': 'FMA 蝎式软壳快拔旦夹套5.56/7.62\\9mm旦匣包 军迷射击MOLLE包-淘宝网'}]",Active,Active,Black-OD Green / Small,Black-OD Green / Small,,,,,,,Yes,True,,,01/05/2026 16:54,"{'date': '01/05/2026', 'date_formatted': '01/05/2026', 'hours': '04', 'minutes': '54', 'am_pm': 'PM', 'unix_timestamp': 1767632040000, 'iso_timestamp': '2026-01-05T16:54:00.000Z', 'timestamp': '01/05/2026 04:54 pm', 'time': 1014, 'time_formatted': '16:54', 'proper_unix_timestamp': 1767650040000, 'proper_iso_timestamp': '2026-01-05T21:54:00.000Z'}",01/05/2026 16:54,"{'date': '01/05/2026', 'date_formatted': '01/05/2026', 'hours': '04', 'minutes': '54', 'am_pm': 'PM', 'unix_timestamp': 1767632040000, 'iso_timestamp': '2026-01-05T16:54:00.000Z', 'timestamp': '01/05/2026 04:54 pm', 'time': 1014, 'time_formatted': '16:54', 'proper_unix_timestamp': 1767650040000, 'proper_iso_timestamp': '2026-01-05T21:54:00.000Z'}",Color,Color,Black,Black,Profile,Profile,Small,Small,28,28,$30.00,30,No,False,,,,,17.99,17.99,,,28.70,28.7,11.90,11.9,No,False,,,Yes,True,,,,,,,$30.00,30,$11.02,11.02,No,False
695c331e2a4e1cd21b0dd261,"<span class=""695c32e537eef90c93aec7bb"" data-kn=""connection-value"">FMA 蝎式软壳快拔旦夹套5.56/7.62\9mm旦匣包 军迷射击MOLLE包-淘宝网</span>","[{'id': '695c32e537eef90c93aec7bb', 'identifier': 'FMA 蝎式软壳快拔旦夹套5.56/7.62\\9mm旦匣包 军迷射击MOLLE包-淘宝网'}]",Active,Active,Black-OD Green / Short,Black-OD Green / Short,,,,,,,Yes,True,,,01/05/2026 16:54,"{'date': '01/05/2026', 'date_formatted': '01/05/2026', 'hours': '04', 'minutes': '54', 'am_pm': 'PM', 'unix_timestamp': 1767632040000, 'iso_timestamp': '2026-01-05T16:54:00.000Z', 'timestamp': '01/05/2026 04:54 pm', 'time': 1014, 'time_formatted': '16:54', 'proper_unix_timestamp': 1767650040000, 'proper_iso_timestamp': '2026-01-05T21:54:00.000Z'}",01/05/2026 16:54,"{'date': '01/05/2026', 'date_formatted': '01/05/2026', 'hours': '04', 'minutes': '54', 'am_pm': 'PM', 'unix_timestamp': 1767632040000, 'iso_timestamp': '2026-01-05T16:54:00.000Z', 'timestamp': '01/05/2026 04:54 pm', 'time': 1014, 'time_formatted': '16:54', 'proper_unix_timestamp': 1767650040000, 'proper_iso_timestamp': '2026-01-05T21:54:00.000Z'}",Color,Color,Black,Black,Profile,Profile,Short,Short,28,28,$30.00,30,No,False,,,,,17.99,17.99,,,28.70,28.7,11.90,11.9,No,False,,,Yes,True,,,,,,,$30.00,30,$11.02,11.02,No,False
695c331e1d735f55f73e2d0f,"<span class=""695c32e537eef90c93aec7bb"" data-kn=""connection-value"">FMA 蝎式软壳快拔旦夹套5.56/7.62\9mm旦匣包 军迷射击MOLLE包-淘宝网</span>","[{'id': '695c32e537eef90c93aec7bb', 'identifier': 'FMA 蝎式软壳快拔旦夹套5.56/7.62\\9mm旦匣包 军迷射击MOLLE包-淘宝网'}]",Active,Active,Parallel Clip - Universal One Size Fits All / Small,Parallel Clip - Universal One Size Fits All / Small,,,,,,,Yes,True,,,01/05/2026 16:54,"{'date': '01/05/2026', 'date_formatted': '01/05/2026', 'hours': '04', 'minutes': '54', 'am_pm': 'PM', 'unix_timestamp': 1767632040000, 'iso_timestamp': '2026-01-05T16:54:00.000Z', 'timestamp': '01/05/2026 04:54 pm', 'time': 1014, 'time_formatted': '16:54', 'proper_unix_timestamp': 1767650040000, 'proper_iso_timestamp': '2026-01-05T21:54:00.000Z'}",01/05/2026 16:54,"{'date': '01/05/2026', 'date_formatted': '01/05/2026', 'hours': '04', 'minutes': '54', 'am_pm': 'PM', 'unix_timestamp': 1767632040000, 'iso_timestamp': '2026-01-05T16:54:00.000Z', 'timestamp': '01/05/2026 04:54 pm', 'time': 1014, 'time_formatted': '16:54', 'proper_unix_timestamp': 1767650040000, 'proper_iso_timestamp': '2026-01-05T21:54:00.000Z'}",Profile,Profile,Parallel Clip - Universal One Size Fits All / Small,Parallel Clip - Universal One Size Fits All / Small,,,,,6,6,$30.00,30,No,False,,,,,10.99,10.99,,,27.80,27.8,10.80,10.8,No,False,,,Yes,True,,,,,,,$30.00,30,$6.84,6.84,No,False
695c331e66d8ef040cfcc232,"<span class=""695c32e537eef90c93aec7bb"" data-kn=""connection-value"">FMA 蝎式软壳快拔旦夹套5.56/7.62\9mm旦匣包 军迷射击MOLLE包-淘宝网</span>","[{'id': '695c32e537eef90c93aec7bb', 'identifier': 'FMA 蝎式软壳快拔旦夹套5.56/7.62\\9mm旦匣包 军迷射击MOLLE包-淘宝网'}]",Active,Active,Parallel Clip - Universal One Size Fits All / Short,Parallel Clip - Universal One Size Fits All / Short,,,,,,,Yes,True,,,01/05/2026 16:54,"{'date': '01/05/2026', 'date_formatted': '01/05/2026', 'hours': '04', 'minutes': '54', 'am_pm': 'PM', 'unix_timestamp': 1767632040000, 'iso_timestamp': '2026-01-05T16:54:00.000Z', 'timestamp': '01/05/2026 04:54 pm', 'time': 1014, 'time_formatted': '16:54', 'proper_unix_timestamp': 1767650040000, 'proper_iso_timestamp': '2026-01-05T21:54:00.000Z'}",01/05/2026 16:54,"{'date': '01/05/2026', 'date_formatted': '01/05/2026', 'hours': '04', 'minutes': '54', 'am_pm': 'PM', 'unix_timestamp': 1767632040000, 'iso_timestamp': '2026-01-05T16:54:00.000Z', 'timestamp': '01/05/2026 04:54 pm', 'time': 1014, 'time_formatted': '16:54', 'proper_unix_timestamp': 1767650040000, 'proper_iso_timestamp': '2026-01-05T21:54:00.000Z'}",Profile,Profile,Parallel Clip - Universal One Size Fits All / Short,Parallel Clip - Universal One Size Fits All / Short,,,,,6,6,$30.00,30,No,False,,,,,10.99,10.99,,,27.80,27.8,10.80,10.8,No,False,,,Yes,True,,,,,,,$30.00,30,$6.84,6.84,No,False
695c331d12bb85c5f20ed275,"<span class=""695c32e0e6dc40497309b467"" data-kn=""connection-value"">蝮蛇2011 hi capa快速拉柄模型G17 TTiG34蛋夹底盖握把井制退器-淘宝网</span>","[{'id': '695c32e0e6dc40497309b467', 'identifier': '蝮蛇2011 hi capa快速拉柄模型G17 TTiG34蛋夹底盖握把井制退器-淘宝网'}]",Active,Active,Silver Grip / Japan Marui Hi-Capa,Silver Grip / Japan Marui Hi-Capa,,,,,,,Yes,True,,,01/05/2026 16:54,"{'date': '01/05/2026', 'date_formatted': '01/05/2026', 'hours': '04', 'minutes': '54', 'am_pm': 'PM', 'unix_timestamp': 1767632040000, 'iso_timestamp': '2026-01-05T16:54:00.000Z', 'timestamp': '01/05/2026 04:54 pm', 'time': 1014, 'time_formatted': '16:54', 'proper_unix_timestamp': 1767650040000, 'proper_iso_timestamp': '2026-01-05T21:54:00.000Z'}",01/05/2026 16:54,"{'date': '01/05/2026', 'date_formatted': '01/05/2026', 'hours': '04', 'minutes': '54', 'am_pm': 'PM', 'unix_timestamp': 1767632040000, 'iso_timestamp': '2026-01-05T16:54:00.000Z', 'timestamp': '01/05/2026 04:54 pm', 'time': 1014, 'time_formatted': '16:54', 'proper_unix_timestamp': 1767650040000, 'proper_iso_timestamp': '2026-01-05T21:54:00.000Z'}",Color,Color,Silver,Silver,,,,,100,100,$30.00,30,No,False,,,,,40.99,40.99,,,29.70,29.7,13.00,13,No,False,,,Yes,True,,,,,,,$30.00,30,$24.70,24.7,No,False
695c331d1e9722c9bffd9689,"<span class=""695c32e0e6dc40497309b467"" data-kn=""connection-value"">蝮蛇2011 hi capa快速拉柄模型G17 TTiG34蛋夹底盖握把井制退器-淘宝网</span>","[{'id': '695c32e0e6dc40497309b467', 'identifier': '蝮蛇2011 hi capa快速拉柄模型G17 TTiG34蛋夹底盖握把井制退器-淘宝网'}]",Active,Active,Silver Grip / Viper 2011,Silver Grip / Viper 2011,,,,,,,Yes,True,,,01/05/2026 16:54,"{'date': '01/05/2026', 'date_formatted': '01/05/2026', 'hours': '04', 'minutes': '54', 'am_pm': 'PM', 'unix_timestamp': 1767632040000, 'iso_timestamp': '2026-01-05T16:54:00.000Z', 'timestamp': '01/05/2026 04:54 pm', 'time': 1014, 'time_formatted': '16:54', 'proper_unix_timestamp': 1767650040000, 'proper_iso_timestamp': '2026-01-05T21:54:00.000Z'}",01/05/2026 16:54,"{'date': '01/05/2026', 'date_formatted': '01/05/2026', 'hours': '04', 'minutes': '54', 'am_pm': 'PM', 'unix_timestamp': 1767632040000, 'iso_timestamp': '2026-01-05T16:54:00.000Z', 'timestamp': '01/05/2026 04:54 pm', 'time': 1014, 'time_formatted': '16:54', 'proper_unix_timestamp': 1767650040000, 'proper_iso_timestamp': '2026-01-05T21:54:00.000Z'}",Color,Color,Silver,Silver,,,,,37,37,$30.00,30,No,False,,,,,20.99,20.99,,,29.40,29.4,12.60,12.6,No,False,,,Yes,True,,,,,,,$30.00,30,$12.73,12.73,No,False
695c331d28a735d447d4599c,"<span class=""695c32e0e6dc40497309b467"" data-kn=""connection-value"">蝮蛇2011 hi capa快速拉柄模型G17 TTiG34蛋夹底盖握把井制退器-淘宝网</span>","[{'id': '695c32e0e6dc40497309b467', 'identifier': '蝮蛇2011 hi capa快速拉柄模型G17 TTiG34蛋夹底盖握把井制退器-淘宝网'}]",Active,Active,Silver Grip / JMT Viper 2011,Silver Grip / JMT Viper 2011,,,,,,,Yes,True,,,01/05/2026 16:54,"{'date': '01/05/2026', 'date_formatted': '01/05/2026', 'hours': '04', 'minutes': '54', 'am_pm': 'PM', 'unix_timestamp': 1767632040000, 'iso_timestamp': '2026-01-05T16:54:00.000Z', 'timestamp': '01/05/2026 04:54 pm', 'time': 1014, 'time_formatted': '16:54', 'proper_unix_timestamp': 1767650040000, 'proper_iso_timestamp': '2026-01-05T21:54:00.000Z'}",01/05/2026 16:54,"{'date': '01/05/2026', 'date_formatted': '01/05/2026', 'hours': '04', 'minutes': '54', 'am_pm': 'PM', 'unix_timestamp': 1767632040000, 'iso_timestamp': '2026-01-05T16:54:00.000Z', 'timestamp': '01/05/2026 04:54 pm', 'time': 1014, 'time_formatted': '16:54', 'proper_unix_timestamp': 1767650040000, 'proper_iso_timestamp': '2026-01-05T21:54:00.000Z'}",Color,Color,Silver,Silver,,,,,37,37,$30.00,30,No,False,,,,,20.99,20.99,,,29.40,29.4,12.60,12.6,No,False,,,Yes,True,,,,,,,$30.00,30,$12.73,12.73,No,False
695c331ce6dc4049730daddd,"<span class=""695c32e0e6dc40497309b467"" data-kn=""connection-value"">蝮蛇2011 hi capa快速拉柄模型G17 TTiG34蛋夹底盖握把井制退器-淘宝网</span>","[{'id': '695c32e0e6dc40497309b467', 'identifier': '蝮蛇2011 hi capa快速拉柄模型G17 TTiG34蛋夹底盖握把井制退器-淘宝网'}]",Active,Active,Silver Grip / Lucifer 2011,Silver Grip / Lucifer 2011,,,,,,,Yes,True,,,01/05/2026 16:54,"{'date': '01/05/2026', 'date_formatted': '01/05/2026', 'hours': '04', 'minutes': '54', 'am_pm': 'PM', 'unix_timestamp': 1767632040000, 'iso_timestamp': '2026-01-05T16:54:00.000Z', 'timestamp': '01/05/2026 04:54 pm', 'time': 1014, 'time_formatted': '16:54', 'proper_unix_timestamp': 1767650040000, 'proper_iso_timestamp': '2026-01-05T21:54:00.000Z'}",01/05/2026 16:54,"{'date': '01/05/2026', 'date_formatted': '01/05/2026', 'hours': '04', 'minutes': '54', 'am_pm': 'PM', 'unix_timestamp': 1767632040000, 'iso_timestamp': '2026-01-05T16:54:00.000Z', 'timestamp': '01/05/2026 04:54 pm', 'time': 1014, 'time_formatted': '16:54', 'proper_unix_timestamp': 1767650040000, 'proper_iso_timestamp': '2026-01-05T21:54:00.000Z'}",Color,Color,Silver,Silver,,,,,37,37,$30.00,30,No,False,,,,,20.99,20.99,,,29.40,29.4,12.60,12.6,No,False,,,Yes,True,,,,,,,$30.00,30,$12.73,12.73,No,False
695c331c985ba8f52545b35c,"<span class=""695c32e0e6dc40497309b467"" data-kn=""connection-value"">蝮蛇2011 hi capa快速拉柄模型G17 TTiG34蛋夹底盖握把井制退器-淘宝网</span>","[{'id': '695c32e0e6dc40497309b467', 'identifier': '蝮蛇2011 hi capa快速拉柄模型G17 TTiG34蛋夹底盖握把井制退器-淘宝网'}]",Active,Active,Silver Grip / WK Viper 2011,Silver Grip / WK Viper 2011,,,,,,,Yes,True,,,01/05/2026 16:54,"{'date': '01/05/2026', 'date_formatted': '01/05/2026', 'hours': '04', 'minutes': '54', 'am_pm': 'PM', 'unix_timestamp': 1767632040000, 'iso_timestamp': '2026-01-05T16:54:00.000Z', 'timestamp': '01/05/2026 04:54 pm', 'time': 1014, 'time_formatted': '16:54', 'proper_unix_timestamp': 1767650040000, 'proper_iso_timestamp': '2026-01-05T21:54:00.000Z'}",01/05/2026 16:54,"{'date': '01/05/2026', 'date_formatted': '01/05/2026', 'hours': '04', 'minutes': '54', 'am_pm': 'PM', 'unix_timestamp': 1767632040000, 'iso_timestamp': '2026-01-05T16:54:00.000Z', 'timestamp': '01/05/2026 04:54 pm', 'time': 1014, 'time_formatted': '16:54', 'proper_unix_timestamp': 1767650040000, 'proper_iso_timestamp': '2026-01-05T21:54:00.000Z'}",Color,Color,Silver,Silver,,,,,100,100,$30.00,30,No,False,,,,,40.99,40.99,,,29.70,29.7,13.00,13,No,False,,,Yes,True,,,,,,,$30.00,30,$24.70,24.7,No,False
695c331c28a735d447d445f7,"<span class=""695c32e0e6dc40497309b467"" data-kn=""connection-value"">蝮蛇2011 hi capa快速拉柄模型G17 TTiG34蛋夹底盖握把井制退器-淘宝网</span>","[{'id': '695c32e0e6dc40497309b467', 'identifier': '蝮蛇2011 hi capa快速拉柄模型G17 TTiG34蛋夹底盖握把井制退器-淘宝网'}]",Active,Active,Silver Grip / 2011 Viper (Compatible with AQK Manual Pull Models),Silver Grip / 2011 Viper (Compatible with AQK Manual Pull Models),,,,,,,Yes,True,,,01/05/2026 16:54,"{'date': '01/05/2026', 'date_formatted': '01/05/2026', 'hours': '04', 'minutes': '54', 'am_pm': 'PM', 'unix_timestamp': 1767632040000, 'iso_timestamp': '2026-01-05T16:54:00.000Z', 'timestamp': '01/05/2026 04:54 pm', 'time': 1014, 'time_formatted': '16:54', 'proper_unix_timestamp': 1767650040000, 'proper_iso_timestamp': '2026-01-05T21:54:00.000Z'}",01/05/2026 16:54,"{'date': '01/05/2026', 'date_formatted': '01/05/2026', 'hours': '04', 'minutes': '54', 'am_pm': 'PM', 'unix_timestamp': 1767632040000, 'iso_timestamp': '2026-01-05T16:54:00.000Z', 'timestamp': '01/05/2026 04:54 pm', 'time': 1014, 'time_formatted': '16:54', 'proper_unix_timestamp': 1767650040000, 'proper_iso_timestamp': '2026-01-05T21:54:00.000Z'}",Color,Color,Silver,Silver,,,,,37,37,$30.00,30,No,False,,,,,20.99,20.99,,,29.40,29.4,12.60,12.6,No,False,,,Yes,True,,,,,,,$30.00,30,$12.73,12.73,No,False
695c331b1e9722c9bffd6a51,"<span class=""695c32e0e6dc40497309b467"" data-kn=""connection-value"">蝮蛇2011 hi capa快速拉柄模型G17 TTiG34蛋夹底盖握把井制退器-淘宝网</span>","[{'id': '695c32e0e6dc40497309b467', 'identifier': '蝮蛇2011 hi capa快速拉柄模型G17 TTiG34蛋夹底盖握把井制退器-淘宝网'}]",Active,Active,Black Grip / Japan Marui Hi-Capa,Black Grip / Japan Marui Hi-Capa,,,,,,,Yes,True,,,01/05/2026 16:54,"{'date': '01/05/2026', 'date_formatted': '01/05/2026', 'hours': '04', 'minutes': '54', 'am_pm': 'PM', 'unix_timestamp': 1767632040000, 'iso_timestamp': '2026-01-05T16:54:00.000Z', 'timestamp': '01/05/2026 04:54 pm', 'time': 1014, 'time_formatted': '16:54', 'proper_unix_timestamp': 1767650040000, 'proper_iso_timestamp': '2026-01-05T21:54:00.000Z'}",01/05/2026 16:54,"{'date': '01/05/2026', 'date_formatted': '01/05/2026', 'hours': '04', 'minutes': '54', 'am_pm': 'PM', 'unix_timestamp': 1767632040000, 'iso_timestamp': '2026-01-05T16:54:00.000Z', 'timestamp': '01/05/2026 04:54 pm', 'time': 1014, 'time_formatted': '16:54', 'proper_unix_timestamp': 1767650040000, 'proper_iso_timestamp': '2026-01-05T21:54:00.000Z'}",Color,Color,Black,Black,,,,,37,37,$30.00,30,No,False,,,,,20.99,20.99,,,29.40,29.4,12.60,12.6,No,False,,,Yes,True,,,,,,,$30.00,30,$12.73,12.73,No,False
695c331b26e6116796e1602b,"<span class=""695c32e0e6dc40497309b467"" data-kn=""connection-value"">蝮蛇2011 hi capa快速拉柄模型G17 TTiG34蛋夹底盖握把井制退器-淘宝网</span>","[{'id': '695c32e0e6dc40497309b467', 'identifier': '蝮蛇2011 hi capa快速拉柄模型G17 TTiG34蛋夹底盖握把井制退器-淘宝网'}]",Active,Active,Black Handle / Tomato Viper 2011,Black Handle / Tomato Viper 2011,,,,,,,Yes,True,,,01/05/2026 16:54,"{'date': '01/05/2026', 'date_formatted': '01/05/2026', 'hours': '04', 'minutes': '54', 'am_pm': 'PM', 'unix_timestamp': 1767632040000, 'iso_timestamp': '2026-01-05T16:54:00.000Z', 'timestamp': '01/05/2026 04:54 pm', 'time': 1014, 'time_formatted': '16:54', 'proper_unix_timestamp': 1767650040000, 'proper_iso_timestamp': '2026-01-05T21:54:00.000Z'}",01/05/2026 16:54,"{'date': '01/05/2026', 'date_formatted': '01/05/2026', 'hours': '04', 'minutes': '54', 'am_pm': 'PM', 'unix_timestamp': 1767632040000, 'iso_timestamp': '2026-01-05T16:54:00.000Z', 'timestamp': '01/05/2026 04:54 pm', 'time': 1014, 'time_formatted': '16:54', 'proper_unix_timestamp': 1767650040000, 'proper_iso_timestamp': '2026-01-05T21:54:00.000Z'}",Color,Color,Black,Black,,,,,37,37,$30.00,30,No,False,,,,,20.99,20.99,,,29.40,29.4,12.60,12.6,No,False,,,Yes,True,,,,,,,$30.00,30,$12.73,12.73,No,False
695c331a8b911985b126cece,"<span class=""695c32e0e6dc40497309b467"" data-kn=""connection-value"">蝮蛇2011 hi capa快速拉柄模型G17 TTiG34蛋夹底盖握把井制退器-淘宝网</span>","[{'id': '695c32e0e6dc40497309b467', 'identifier': '蝮蛇2011 hi capa快速拉柄模型G17 TTiG34蛋夹底盖握把井制退器-淘宝网'}]",Active,Active,Black Handle / JMT Viper 2011,Black Handle / JMT Viper 2011,,,,,,,Yes,True,,,01/05/2026 16:54,"{'date': '01/05/2026', 'date_formatted': '01/05/2026', 'hours': '04', 'minutes': '54', 'am_pm': 'PM', 'unix_timestamp': 1767632040000, 'iso_timestamp': '2026-01-05T16:54:00.000Z', 'timestamp': '01/05/2026 04:54 pm', 'time': 1014, 'time_formatted': '16:54', 'proper_unix_timestamp': 1767650040000, 'proper_iso_timestamp': '2026-01-05T21:54:00.000Z'}",01/05/2026 16:54,"{'date': '01/05/2026', 'date_formatted': '01/05/2026', 'hours': '04', 'minutes': '54', 'am_pm': 'PM', 'unix_timestamp': 1767632040000, 'iso_timestamp': '2026-01-05T16:54:00.000Z', 'timestamp': '01/05/2026 04:54 pm', 'time': 1014, 'time_formatted': '16:54', 'proper_unix_timestamp': 1767650040000, 'proper_iso_timestamp': '2026-01-05T21:54:00.000Z'}",Color,Color,Black,Black,,,,,37,37,$30.00,30,No,False,,,,,20.99,20.99,,,29.40,29.4,12.60,12.6,No,False,,,Yes,True,,,,,,,$30.00,30,$12.73,12.73,No,False
695c331abde2c63e6cb07f96,"<span class=""695c32e0e6dc40497309b467"" data-kn=""connection-value"">蝮蛇2011 hi capa快速拉柄模型G17 TTiG34蛋夹底盖握把井制退器-淘宝网</span>","[{'id': '695c32e0e6dc40497309b467', 'identifier': '蝮蛇2011 hi capa快速拉柄模型G17 TTiG34蛋夹底盖握把井制退器-淘宝网'}]",Active,Active,Black Handle / Lucifer 2011,Black Handle / Lucifer 2011,,,,,,,Yes,True,,,01/05/2026 16:54,"{'date': '01/05/2026', 'date_formatted': '01/05/2026', 'hours': '04', 'minutes': '54', 'am_pm': 'PM', 'unix_timestamp': 1767632040000, 'iso_timestamp': '2026-01-05T16:54:00.000Z', 'timestamp': '01/05/2026 04:54 pm', 'time': 1014, 'time_formatted': '16:54', 'proper_unix_timestamp': 1767650040000, 'proper_iso_timestamp': '2026-01-05T21:54:00.000Z'}",01/05/2026 16:54,"{'date': '01/05/2026', 'date_formatted': '01/05/2026', 'hours': '04', 'minutes': '54', 'am_pm': 'PM', 'unix_timestamp': 1767632040000, 'iso_timestamp': '2026-01-05T16:54:00.000Z', 'timestamp': '01/05/2026 04:54 pm', 'time': 1014, 'time_formatted': '16:54', 'proper_unix_timestamp': 1767650040000, 'proper_iso_timestamp': '2026-01-05T21:54:00.000Z'}",Color,Color,Black,Black,,,,,37,37,$30.00,30,No,False,,,,,20.99,20.99,,,29.40,29.4,12.60,12.6,No,False,,,Yes,True,,,,,,,$30.00,30,$12.73,12.73,No,False
695c331a713127c96470abab,"<span class=""695c32e0e6dc40497309b467"" data-kn=""connection-value"">蝮蛇2011 hi capa快速拉柄模型G17 TTiG34蛋夹底盖握把井制退器-淘宝网</span>","[{'id': '695c32e0e6dc40497309b467', 'identifier': '蝮蛇2011 hi capa快速拉柄模型G17 TTiG34蛋夹底盖握把井制退器-淘宝网'}]",Active,Active,Black Handle / Blue Whale WK Viper 2011,Black Handle / Blue Whale WK Viper 2011,,,,,,,Yes,True,,,01/05/2026 16:54,"{'date': '01/05/2026', 'date_formatted': '01/05/2026', 'hours': '04', 'minutes': '54', 'am_pm': 'PM', 'unix_timestamp': 1767632040000, 'iso_timestamp': '2026-01-05T16:54:00.000Z', 'timestamp': '01/05/2026 04:54 pm', 'time': 1014, 'time_formatted': '16:54', 'proper_unix_timestamp': 1767650040000, 'proper_iso_timestamp': '2026-01-05T21:54:00.000Z'}",01/05/2026 16:54,"{'date': '01/05/2026', 'date_formatted': '01/05/2026', 'hours': '04', 'minutes': '54', 'am_pm': 'PM', 'unix_timestamp': 1767632040000, 'iso_timestamp': '2026-01-05T16:54:00.000Z', 'timestamp': '01/05/2026 04:54 pm', 'time': 1014, 'time_formatted': '16:54', 'proper_unix_timestamp': 1767650040000, 'proper_iso_timestamp': '2026-01-05T21:54:00.000Z'}",Color,Color,Black,Black,,,,,37,37,$30.00,30,No,False,,,,,20.99,20.99,,,29.40,29.4,12.60,12.6,No,False,,,Yes,True,,,,,,,$30.00,30,$12.73,12.73,No,False
695c3319e6dc4049730d53f8,"<span class=""695c32e0e6dc40497309b467"" data-kn=""connection-value"">蝮蛇2011 hi capa快速拉柄模型G17 TTiG34蛋夹底盖握把井制退器-淘宝网</span>","[{'id': '695c32e0e6dc40497309b467', 'identifier': '蝮蛇2011 hi capa快速拉柄模型G17 TTiG34蛋夹底盖握把井制退器-淘宝网'}]",Active,Active,Black Handle / Black Hawk 2011 Viper (AQK Manual Slide Model Compatible),Black Handle / Black Hawk 2011 Viper (AQK Manual Slide Model Compatible),,,,,,,Yes,True,,,01/05/2026 16:54,"{'date': '01/05/2026', 'date_formatted': '01/05/2026', 'hours': '04', 'minutes': '54', 'am_pm': 'PM', 'unix_timestamp': 1767632040000, 'iso_timestamp': '2026-01-05T16:54:00.000Z', 'timestamp': '01/05/2026 04:54 pm', 'time': 1014, 'time_formatted': '16:54', 'proper_unix_timestamp': 1767650040000, 'proper_iso_timestamp': '2026-01-05T21:54:00.000Z'}",01/05/2026 16:54,"{'date': '01/05/2026', 'date_formatted': '01/05/2026', 'hours': '04', 'minutes': '54', 'am_pm': 'PM', 'unix_timestamp': 1767632040000, 'iso_timestamp': '2026-01-05T16:54:00.000Z', 'timestamp': '01/05/2026 04:54 pm', 'time': 1014, 'time_formatted': '16:54', 'proper_unix_timestamp': 1767650040000, 'proper_iso_timestamp': '2026-01-05T21:54:00.000Z'}",Color,Color,Black,Black,,,,,37,37,$30.00,30,No,False,,,,,20.99,20.99,,,29.40,29.4,12.60,12.6,No,False,,,Yes,True,,,,,,,$30.00,30,$12.73,12.73,No,False
695c33193b63f2dd2359cc08,"<span class=""695c32e0e6dc40497309b467"" data-kn=""connection-value"">蝮蛇2011 hi capa快速拉柄模型G17 TTiG34蛋夹底盖握把井制退器-淘宝网</span>","[{'id': '695c32e0e6dc40497309b467', 'identifier': '蝮蛇2011 hi capa快速拉柄模型G17 TTiG34蛋夹底盖握把井制退器-淘宝网'}]",Active,Active,Titanium Grey Handle / Japan Marui hi–capa,Titanium Grey Handle / Japan Marui hi–capa,,,,,,,Yes,True,,,01/05/2026 16:54,"{'date': '01/05/2026', 'date_formatted': '01/05/2026', 'hours': '04', 'minutes': '54', 'am_pm': 'PM', 'unix_timestamp': 1767632040000, 'iso_timestamp': '2026-01-05T16:54:00.000Z', 'timestamp': '01/05/2026 04:54 pm', 'time': 1014, 'time_formatted': '16:54', 'proper_unix_timestamp': 1767650040000, 'proper_iso_timestamp': '2026-01-05T21:54:00.000Z'}",01/05/2026 16:54,"{'date': '01/05/2026', 'date_formatted': '01/05/2026', 'hours': '04', 'minutes': '54', 'am_pm': 'PM', 'unix_timestamp': 1767632040000, 'iso_timestamp': '2026-01-05T16:54:00.000Z', 'timestamp': '01/05/2026 04:54 pm', 'time': 1014, 'time_formatted': '16:54', 'proper_unix_timestamp': 1767650040000, 'proper_iso_timestamp': '2026-01-05T21:54:00.000Z'}",Color,Color,Grey,Grey,,,,,100,100,$30.00,30,No,False,,,,,40.99,40.99,,,29.70,29.7,13.00,13,No,False,,,Yes,True,,,,,,,$30.00,30,$24.70,24.7,No,False
695c33193b63f2dd2359ba3d,"<span class=""695c32e0e6dc40497309b467"" data-kn=""connection-value"">蝮蛇2011 hi capa快速拉柄模型G17 TTiG34蛋夹底盖握把井制退器-淘宝网</span>","[{'id': '695c32e0e6dc40497309b467', 'identifier': '蝮蛇2011 hi capa快速拉柄模型G17 TTiG34蛋夹底盖握把井制退器-淘宝网'}]",Active,Active,Titanium Grey Handle / Tomato Viper 2011,Titanium Grey Handle / Tomato Viper 2011,,,,,,,Yes,True,,,01/05/2026 16:54,"{'date': '01/05/2026', 'date_formatted': '01/05/2026', 'hours': '04', 'minutes': '54', 'am_pm': 'PM', 'unix_timestamp': 1767632040000, 'iso_timestamp': '2026-01-05T16:54:00.000Z', 'timestamp': '01/05/2026 04:54 pm', 'time': 1014, 'time_formatted': '16:54', 'proper_unix_timestamp': 1767650040000, 'proper_iso_timestamp': '2026-01-05T21:54:00.000Z'}",01/05/2026 16:54,"{'date': '01/05/2026', 'date_formatted': '01/05/2026', 'hours': '04', 'minutes': '54', 'am_pm': 'PM', 'unix_timestamp': 1767632040000, 'iso_timestamp': '2026-01-05T16:54:00.000Z', 'timestamp': '01/05/2026 04:54 pm', 'time': 1014, 'time_formatted': '16:54', 'proper_unix_timestamp': 1767650040000, 'proper_iso_timestamp': '2026-01-05T21:54:00.000Z'}",Color,Color,Grey,Grey,,,,,37,37,$30.00,30,No,False,,,,,20.99,20.99,,,29.40,29.4,12.60,12.6,No,False,,,Yes,True,,,,,,,$30.00,30,$12.73,12.73,No,False
695c33181d735f55f73db133,"<span class=""695c32e0e6dc40497309b467"" data-kn=""connection-value"">蝮蛇2011 hi capa快速拉柄模型G17 TTiG34蛋夹底盖握把井制退器-淘宝网</span>","[{'id': '695c32e0e6dc40497309b467', 'identifier': '蝮蛇2011 hi capa快速拉柄模型G17 TTiG34蛋夹底盖握把井制退器-淘宝网'}]",Active,Active,Titanium Grey Handle / JMT Viper 2011,Titanium Grey Handle / JMT Viper 2011,,,,,,,Yes,True,,,01/05/2026 16:54,"{'date': '01/05/2026', 'date_formatted': '01/05/2026', 'hours': '04', 'minutes': '54', 'am_pm': 'PM', 'unix_timestamp': 1767632040000, 'iso_timestamp': '2026-01-05T16:54:00.000Z', 'timestamp': '01/05/2026 04:54 pm', 'time': 1014, 'time_formatted': '16:54', 'proper_unix_timestamp': 1767650040000, 'proper_iso_timestamp': '2026-01-05T21:54:00.000Z'}",01/05/2026 16:54,"{'date': '01/05/2026', 'date_formatted': '01/05/2026', 'hours': '04', 'minutes': '54', 'am_pm': 'PM', 'unix_timestamp': 1767632040000, 'iso_timestamp': '2026-01-05T16:54:00.000Z', 'timestamp': '01/05/2026 04:54 pm', 'time': 1014, 'time_formatted': '16:54', 'proper_unix_timestamp': 1767650040000, 'proper_iso_timestamp': '2026-01-05T21:54:00.000Z'}",Color,Color,Grey,Grey,,,,,37,37,$30.00,30,No,False,,,,,20.99,20.99,,,29.40,29.4,12.60,12.6,No,False,,,Yes,True,,,,,,,$30.00,30,$12.73,12.73,No,False
695c33188c02f889bc8ad90b,"<span class=""695c32e0e6dc40497309b467"" data-kn=""connection-value"">蝮蛇2011 hi capa快速拉柄模型G17 TTiG34蛋夹底盖握把井制退器-淘宝网</span>","[{'id': '695c32e0e6dc40497309b467', 'identifier': '蝮蛇2011 hi capa快速拉柄模型G17 TTiG34蛋夹底盖握把井制退器-淘宝网'}]",Active,Active,Titanium Grey Handle / Lucifer 2011,Titanium Grey Handle / Lucifer 2011,,,,,,,Yes,True,,,01/05/2026 16:54,"{'date': '01/05/2026', 'date_formatted': '01/05/2026', 'hours': '04', 'minutes': '54', 'am_pm': 'PM', 'unix_timestamp': 1767632040000, 'iso_timestamp': '2026-01-05T16:54:00.000Z', 'timestamp': '01/05/2026 04:54 pm', 'time': 1014, 'time_formatted': '16:54', 'proper_unix_timestamp': 1767650040000, 'proper_iso_timestamp': '2026-01-05T21:54:00.000Z'}",01/05/2026 16:54,"{'date': '01/05/2026', 'date_formatted': '01/05/2026', 'hours': '04', 'minutes': '54', 'am_pm': 'PM', 'unix_timestamp': 1767632040000, 'iso_timestamp': '2026-01-05T16:54:00.000Z', 'timestamp': '01/05/2026 04:54 pm', 'time': 1014, 'time_formatted': '16:54', 'proper_unix_timestamp': 1767650040000, 'proper_iso_timestamp': '2026-01-05T21:54:00.000Z'}",Color,Color,Grey,Grey,,,,,37,37,$30.00,30,No,False,,,,,20.99,20.99,,,29.40,29.4,12.60,12.6,No,False,,,Yes,True,,,,,,,$30.00,30,$12.73,12.73,No,False
695c3317e6dc4049730d33b6,"<span class=""695c32e0e6dc40497309b467"" data-kn=""connection-value"">蝮蛇2011 hi capa快速拉柄模型G17 TTiG34蛋夹底盖握把井制退器-淘宝网</span>","[{'id': '695c32e0e6dc40497309b467', 'identifier': '蝮蛇2011 hi capa快速拉柄模型G17 TTiG34蛋夹底盖握把井制退器-淘宝网'}]",Active,Active,Titanium Grey Handle / Blue Whale WK Viper 2011,Titanium Grey Handle / Blue Whale WK Viper 2011,,,,,,,Yes,True,,,01/05/2026 16:54,"{'date': '01/05/2026', 'date_formatted': '01/05/2026', 'hours': '04', 'minutes': '54', 'am_pm': 'PM', 'unix_timestamp': 1767632040000, 'iso_timestamp': '2026-01-05T16:54:00.000Z', 'timestamp': '01/05/2026 04:54 pm', 'time': 1014, 'time_formatted': '16:54', 'proper_unix_timestamp': 1767650040000, 'proper_iso_timestamp': '2026-01-05T21:54:00.000Z'}",01/05/2026 16:54,"{'date': '01/05/2026', 'date_formatted': '01/05/2026', 'hours': '04', 'minutes': '54', 'am_pm': 'PM', 'unix_timestamp': 1767632040000, 'iso_timestamp': '2026-01-05T16:54:00.000Z', 'timestamp': '01/05/2026 04:54 pm', 'time': 1014, 'time_formatted': '16:54', 'proper_unix_timestamp': 1767650040000, 'proper_iso_timestamp': '2026-01-05T21:54:00.000Z'}",Color,Color,Grey,Grey,,,,,37,37,$30.00,30,No,False,,,,,20.99,20.99,,,29.40,29.4,12.60,12.6,No,False,,,Yes,True,,,,,,,$30.00,30,$12.73,12.73,No,False
695c3317640fbe6a1fd0ee16,"<span class=""695c32e0e6dc40497309b467"" data-kn=""connection-value"">蝮蛇2011 hi capa快速拉柄模型G17 TTiG34蛋夹底盖握把井制退器-淘宝网</span>","[{'id': '695c32e0e6dc40497309b467', 'identifier': '蝮蛇2011 hi capa快速拉柄模型G17 TTiG34蛋夹底盖握把井制退器-淘宝网'}]",Active,Active,Titanium Grey Handle / Black Hawk 2011 Viper (AQK Manual Slide Model Compatible),Titanium Grey Handle / Black Hawk 2011 Viper (AQK Manual Slide Model Compatible),,,,,,,Yes,True,,,01/05/2026 16:54,"{'date': '01/05/2026', 'date_formatted': '01/05/2026', 'hours': '04', 'minutes': '54', 'am_pm': 'PM', 'unix_timestamp': 1767632040000, 'iso_timestamp': '2026-01-05T16:54:00.000Z', 'timestamp': '01/05/2026 04:54 pm', 'time': 1014, 'time_formatted': '16:54', 'proper_unix_timestamp': 1767650040000, 'proper_iso_timestamp': '2026-01-05T21:54:00.000Z'}",01/05/2026 16:54,"{'date': '01/05/2026', 'date_formatted': '01/05/2026', 'hours': '04', 'minutes': '54', 'am_pm': 'PM', 'unix_timestamp': 1767632040000, 'iso_timestamp': '2026-01-05T16:54:00.000Z', 'timestamp': '01/05/2026 04:54 pm', 'time': 1014, 'time_formatted': '16:54', 'proper_unix_timestamp': 1767650040000, 'proper_iso_timestamp': '2026-01-05T21:54:00.000Z'}",Color,Color,Grey,Grey,,,,,37,37,$30.00,30,No,False,,,,,20.99,20.99,,,29.40,29.4,12.60,12.6,No,False,,,Yes,True,,,,,,,$30.00,30,$12.73,12.73,No,False
695c33171d735f55f73d8d90,"<span class=""695c32e0e6dc40497309b467"" data-kn=""connection-value"">蝮蛇2011 hi capa快速拉柄模型G17 TTiG34蛋夹底盖握把井制退器-淘宝网</span>","[{'id': '695c32e0e6dc40497309b467', 'identifier': '蝮蛇2011 hi capa快速拉柄模型G17 TTiG34蛋夹底盖握把井制退器-淘宝网'}]",Active,Active,Red Handle / Japan Marui hi–capa,Red Handle / Japan Marui hi–capa,,,,,,,Yes,True,,,01/05/2026 16:54,"{'date': '01/05/2026', 'date_formatted': '01/05/2026', 'hours': '04', 'minutes': '54', 'am_pm': 'PM', 'unix_timestamp': 1767632040000, 'iso_timestamp': '2026-01-05T16:54:00.000Z', 'timestamp': '01/05/2026 04:54 pm', 'time': 1014, 'time_formatted': '16:54', 'proper_unix_timestamp': 1767650040000, 'proper_iso_timestamp': '2026-01-05T21:54:00.000Z'}",01/05/2026 16:54,"{'date': '01/05/2026', 'date_formatted': '01/05/2026', 'hours': '04', 'minutes': '54', 'am_pm': 'PM', 'unix_timestamp': 1767632040000, 'iso_timestamp': '2026-01-05T16:54:00.000Z', 'timestamp': '01/05/2026 04:54 pm', 'time': 1014, 'time_formatted': '16:54', 'proper_unix_timestamp': 1767650040000, 'proper_iso_timestamp': '2026-01-05T21:54:00.000Z'}",Color,Color,Red,Red,,,,,37,37,$30.00,30,No,False,,,,,20.99,20.99,,,29.40,29.4,12.60,12.6,No,False,,,Yes,True,,,,,,,$30.00,30,$12.73,12.73,No,False
695c33168c02f889bc8abd8b,"<span class=""695c32e0e6dc40497309b467"" data-kn=""connection-value"">蝮蛇2011 hi capa快速拉柄模型G17 TTiG34蛋夹底盖握把井制退器-淘宝网</span>","[{'id': '695c32e0e6dc40497309b467', 'identifier': '蝮蛇2011 hi capa快速拉柄模型G17 TTiG34蛋夹底盖握把井制退器-淘宝网'}]",Active,Active,Red Handle / Tomato Viper 2011,Red Handle / Tomato Viper 2011,,,,,,,Yes,True,,,01/05/2026 16:54,"{'date': '01/05/2026', 'date_formatted': '01/05/2026', 'hours': '04', 'minutes': '54', 'am_pm': 'PM', 'unix_timestamp': 1767632040000, 'iso_timestamp': '2026-01-05T16:54:00.000Z', 'timestamp': '01/05/2026 04:54 pm', 'time': 1014, 'time_formatted': '16:54', 'proper_unix_timestamp': 1767650040000, 'proper_iso_timestamp': '2026-01-05T21:54:00.000Z'}",01/05/2026 16:54,"{'date': '01/05/2026', 'date_formatted': '01/05/2026', 'hours': '04', 'minutes': '54', 'am_pm': 'PM', 'unix_timestamp': 1767632040000, 'iso_timestamp': '2026-01-05T16:54:00.000Z', 'timestamp': '01/05/2026 04:54 pm', 'time': 1014, 'time_formatted': '16:54', 'proper_unix_timestamp': 1767650040000, 'proper_iso_timestamp': '2026-01-05T21:54:00.000Z'}",Color,Color,Red,Red,,,,,37,37,$30.00,30,No,False,,,,,20.99,20.99,,,29.40,29.4,12.60,12.6,No,False,,,Yes,True,,,,,,,$30.00,30,$12.73,12.73,No,False
695c33167bcbadc1d50ecfea,"<span class=""695c32e0e6dc40497309b467"" data-kn=""connection-value"">蝮蛇2011 hi capa快速拉柄模型G17 TTiG34蛋夹底盖握把井制退器-淘宝网</span>","[{'id': '695c32e0e6dc40497309b467', 'identifier': '蝮蛇2011 hi capa快速拉柄模型G17 TTiG34蛋夹底盖握把井制退器-淘宝网'}]",Active,Active,Red Handle / JMT Viper 2011,Red Handle / JMT Viper 2011,,,,,,,Yes,True,,,01/05/2026 16:54,"{'date': '01/05/2026', 'date_formatted': '01/05/2026', 'hours': '04', 'minutes': '54', 'am_pm': 'PM', 'unix_timestamp': 1767632040000, 'iso_timestamp': '2026-01-05T16:54:00.000Z', 'timestamp': '01/05/2026 04:54 pm', 'time': 1014, 'time_formatted': '16:54', 'proper_unix_timestamp': 1767650040000, 'proper_iso_timestamp': '2026-01-05T21:54:00.000Z'}",01/05/2026 16:54,"{'date': '01/05/2026', 'date_formatted': '01/05/2026', 'hours': '04', 'minutes': '54', 'am_pm': 'PM', 'unix_timestamp': 1767632040000, 'iso_timestamp': '2026-01-05T16:54:00.000Z', 'timestamp': '01/05/2026 04:54 pm', 'time': 1014, 'time_formatted': '16:54', 'proper_unix_timestamp': 1767650040000, 'proper_iso_timestamp': '2026-01-05T21:54:00.000Z'}",Color,Color,Red,Red,,,,,100,100,$30.00,30,No,False,,,,,40.99,40.99,,,29.70,29.7,13.00,13,No,False,,,Yes,True,,,,,,,$30.00,30,$24.70,24.7,No,False
695c33164e794334fd5274c6,"<span class=""695c32e0e6dc40497309b467"" data-kn=""connection-value"">蝮蛇2011 hi capa快速拉柄模型G17 TTiG34蛋夹底盖握把井制退器-淘宝网</span>","[{'id': '695c32e0e6dc40497309b467', 'identifier': '蝮蛇2011 hi capa快速拉柄模型G17 TTiG34蛋夹底盖握把井制退器-淘宝网'}]",Active,Active,Red Handle / Lucifer 2011,Red Handle / Lucifer 2011,,,,,,,Yes,True,,,01/05/2026 16:54,"{'date': '01/05/2026', 'date_formatted': '01/05/2026', 'hours': '04', 'minutes': '54', 'am_pm': 'PM', 'unix_timestamp': 1767632040000, 'iso_timestamp': '2026-01-05T16:54:00.000Z', 'timestamp': '01/05/2026 04:54 pm', 'time': 1014, 'time_formatted': '16:54', 'proper_unix_timestamp': 1767650040000, 'proper_iso_timestamp': '2026-01-05T21:54:00.000Z'}",01/05/2026 16:54,"{'date': '01/05/2026', 'date_formatted': '01/05/2026', 'hours': '04', 'minutes': '54', 'am_pm': 'PM', 'unix_timestamp': 1767632040000, 'iso_timestamp': '2026-01-05T16:54:00.000Z', 'timestamp': '01/05/2026 04:54 pm', 'time': 1014, 'time_formatted': '16:54', 'proper_unix_timestamp': 1767650040000, 'proper_iso_timestamp': '2026-01-05T21:54:00.000Z'}",Color,Color,Red,Red,,,,,37,37,$30.00,30,No,False,,,,,20.99,20.99,,,29.40,29.4,12.60,12.6,No,False,,,Yes,True,,,,,,,$30.00,30,$12.73,12.73,No,False
695c3315913f62399ce3c8ad,"<span class=""695c32e0e6dc40497309b467"" data-kn=""connection-value"">蝮蛇2011 hi capa快速拉柄模型G17 TTiG34蛋夹底盖握把井制退器-淘宝网</span>","[{'id': '695c32e0e6dc40497309b467', 'identifier': '蝮蛇2011 hi capa快速拉柄模型G17 TTiG34蛋夹底盖握把井制退器-淘宝网'}]",Active,Active,Red Handle / Blue Whale WK Viper 2011,Red Handle / Blue Whale WK Viper 2011,,,,,,,Yes,True,,,01/05/2026 16:54,"{'date': '01/05/2026', 'date_formatted': '01/05/2026', 'hours': '04', 'minutes': '54', 'am_pm': 'PM', 'unix_timestamp': 1767632040000, 'iso_timestamp': '2026-01-05T16:54:00.000Z', 'timestamp': '01/05/2026 04:54 pm', 'time': 1014, 'time_formatted': '16:54', 'proper_unix_timestamp': 1767650040000, 'proper_iso_timestamp': '2026-01-05T21:54:00.000Z'}",01/05/2026 16:54,"{'date': '01/05/2026', 'date_formatted': '01/05/2026', 'hours': '04', 'minutes': '54', 'am_pm': 'PM', 'unix_timestamp': 1767632040000, 'iso_timestamp': '2026-01-05T16:54:00.000Z', 'timestamp': '01/05/2026 04:54 pm', 'time': 1014, 'time_formatted': '16:54', 'proper_unix_timestamp': 1767650040000, 'proper_iso_timestamp': '2026-01-05T21:54:00.000Z'}",Color,Color,Red,Red,,,,,37,37,$30.00,30,No,False,,,,,20.99,20.99,,,29.40,29.4,12.60,12.6,No,False,,,Yes,True,,,,,,,$30.00,30,$12.73,12.73,No,False
695c3315a1a72152500f4e1d,"<span class=""695c32e0e6dc40497309b467"" data-kn=""connection-value"">蝮蛇2011 hi capa快速拉柄模型G17 TTiG34蛋夹底盖握把井制退器-淘宝网</span>","[{'id': '695c32e0e6dc40497309b467', 'identifier': '蝮蛇2011 hi capa快速拉柄模型G17 TTiG34蛋夹底盖握把井制退器-淘宝网'}]",Active,Active,Red Handle / Black Hawk 2011 Viper (AQK Manual Slide Model Compatible),Red Handle / Black Hawk 2011 Viper (AQK Manual Slide Model Compatible),,,,,,,Yes,True,,,01/05/2026 16:54,"{'date': '01/05/2026', 'date_formatted': '01/05/2026', 'hours': '04', 'minutes': '54', 'am_pm': 'PM', 'unix_timestamp': 1767632040000, 'iso_timestamp': '2026-01-05T16:54:00.000Z', 'timestamp': '01/05/2026 04:54 pm', 'time': 1014, 'time_formatted': '16:54', 'proper_unix_timestamp': 1767650040000, 'proper_iso_timestamp': '2026-01-05T21:54:00.000Z'}",01/05/2026 16:54,"{'date': '01/05/2026', 'date_formatted': '01/05/2026', 'hours': '04', 'minutes': '54', 'am_pm': 'PM', 'unix_timestamp': 1767632040000, 'iso_timestamp': '2026-01-05T16:54:00.000Z', 'timestamp': '01/05/2026 04:54 pm', 'time': 1014, 'time_formatted': '16:54', 'proper_unix_timestamp': 1767650040000, 'proper_iso_timestamp': '2026-01-05T21:54:00.000Z'}",Color,Color,Red,Red,,,,,37,37,$30.00,30,No,False,,,,,20.99,20.99,,,29.40,29.4,12.60,12.6,No,False,,,Yes,True,,,,,,,$30.00,30,$12.73,12.73,No,False
695c33158c02f889bc8a8f26,"<span class=""695c32e0e6dc40497309b467"" data-kn=""connection-value"">蝮蛇2011 hi capa快速拉柄模型G17 TTiG34蛋夹底盖握把井制退器-淘宝网</span>","[{'id': '695c32e0e6dc40497309b467', 'identifier': '蝮蛇2011 hi capa快速拉柄模型G17 TTiG34蛋夹底盖握把井制退器-淘宝网'}]",Active,Active,Gold Handle / Japan Marui hi–capa,Gold Handle / Japan Marui hi–capa,,,,,,,Yes,True,,,01/05/2026 16:54,"{'date': '01/05/2026', 'date_formatted': '01/05/2026', 'hours': '04', 'minutes': '54', 'am_pm': 'PM', 'unix_timestamp': 1767632040000, 'iso_timestamp': '2026-01-05T16:54:00.000Z', 'timestamp': '01/05/2026 04:54 pm', 'time': 1014, 'time_formatted': '16:54', 'proper_unix_timestamp': 1767650040000, 'proper_iso_timestamp': '2026-01-05T21:54:00.000Z'}",01/05/2026 16:54,"{'date': '01/05/2026', 'date_formatted': '01/05/2026', 'hours': '04', 'minutes': '54', 'am_pm': 'PM', 'unix_timestamp': 1767632040000, 'iso_timestamp': '2026-01-05T16:54:00.000Z', 'timestamp': '01/05/2026 04:54 pm', 'time': 1014, 'time_formatted': '16:54', 'proper_unix_timestamp': 1767650040000, 'proper_iso_timestamp': '2026-01-05T21:54:00.000Z'}",Color,Color,Gold,Gold,,,,,37,37,$30.00,30,No,False,,,,,20.99,20.99,,,29.40,29.4,12.60,12.6,No,False,,,Yes,True,,,,,,,$30.00,30,$12.73,12.73,No,False
695c33148b911985b1265bc2,"<span class=""695c32e0e6dc40497309b467"" data-kn=""connection-value"">蝮蛇2011 hi capa快速拉柄模型G17 TTiG34蛋夹底盖握把井制退器-淘宝网</span>","[{'id': '695c32e0e6dc40497309b467', 'identifier': '蝮蛇2011 hi capa快速拉柄模型G17 TTiG34蛋夹底盖握把井制退器-淘宝网'}]",Active,Active,Gold Handle / Tomato Viper 2011,Gold Handle / Tomato Viper 2011,,,,,,,Yes,True,,,01/05/2026 16:54,"{'date': '01/05/2026', 'date_formatted': '01/05/2026', 'hours': '04', 'minutes': '54', 'am_pm': 'PM', 'unix_timestamp': 1767632040000, 'iso_timestamp': '2026-01-05T16:54:00.000Z', 'timestamp': '01/05/2026 04:54 pm', 'time': 1014, 'time_formatted': '16:54', 'proper_unix_timestamp': 1767650040000, 'proper_iso_timestamp': '2026-01-05T21:54:00.000Z'}",01/05/2026 16:54,"{'date': '01/05/2026', 'date_formatted': '01/05/2026', 'hours': '04', 'minutes': '54', 'am_pm': 'PM', 'unix_timestamp': 1767632040000, 'iso_timestamp': '2026-01-05T16:54:00.000Z', 'timestamp': '01/05/2026 04:54 pm', 'time': 1014, 'time_formatted': '16:54', 'proper_unix_timestamp': 1767650040000, 'proper_iso_timestamp': '2026-01-05T21:54:00.000Z'}",Color,Color,Gold,Gold,,,,,100,100,$30.00,30,No,False,,,,,40.99,40.99,,,29.70,29.7,13.00,13,No,False,,,Yes,True,,,,,,,$30.00,30,$24.70,24.7,No,False
695c3314ff5208ef3903236d,"<span class=""695c32e0e6dc40497309b467"" data-kn=""connection-value"">蝮蛇2011 hi capa快速拉柄模型G17 TTiG34蛋夹底盖握把井制退器-淘宝网</span>","[{'id': '695c32e0e6dc40497309b467', 'identifier': '蝮蛇2011 hi capa快速拉柄模型G17 TTiG34蛋夹底盖握把井制退器-淘宝网'}]",Active,Active,Gold Handle / JMT Viper 2011,Gold Handle / JMT Viper 2011,,,,,,,Yes,True,,,01/05/2026 16:54,"{'date': '01/05/2026', 'date_formatted': '01/05/2026', 'hours': '04', 'minutes': '54', 'am_pm': 'PM', 'unix_timestamp': 1767632040000, 'iso_timestamp': '2026-01-05T16:54:00.000Z', 'timestamp': '01/05/2026 04:54 pm', 'time': 1014, 'time_formatted': '16:54', 'proper_unix_timestamp': 1767650040000, 'proper_iso_timestamp': '2026-01-05T21:54:00.000Z'}",01/05/2026 16:54,"{'date': '01/05/2026', 'date_formatted': '01/05/2026', 'hours': '04', 'minutes': '54', 'am_pm': 'PM', 'unix_timestamp': 1767632040000, 'iso_timestamp': '2026-01-05T16:54:00.000Z', 'timestamp': '01/05/2026 04:54 pm', 'time': 1014, 'time_formatted': '16:54', 'proper_unix_timestamp': 1767650040000, 'proper_iso_timestamp': '2026-01-05T21:54:00.000Z'}",Color,Color,Gold,Gold,,,,,37,37,$30.00,30,No,False,,,,,20.99,20.99,,,29.40,29.4,12.60,12.6,No,False,,,Yes,True,,,,,,,$30.00,30,$12.73,12.73,No,False
695c33142bad95469c4ef87c,"<span class=""695c32e0e6dc40497309b467"" data-kn=""connection-value"">蝮蛇2011 hi capa快速拉柄模型G17 TTiG34蛋夹底盖握把井制退器-淘宝网</span>","[{'id': '695c32e0e6dc40497309b467', 'identifier': '蝮蛇2011 hi capa快速拉柄模型G17 TTiG34蛋夹底盖握把井制退器-淘宝网'}]",Active,Active,Gold Handle / Lucifer 2011,Gold Handle / Lucifer 2011,,,,,,,Yes,True,,,01/05/2026 16:54,"{'date': '01/05/2026', 'date_formatted': '01/05/2026', 'hours': '04', 'minutes': '54', 'am_pm': 'PM', 'unix_timestamp': 1767632040000, 'iso_timestamp': '2026-01-05T16:54:00.000Z', 'timestamp': '01/05/2026 04:54 pm', 'time': 1014, 'time_formatted': '16:54', 'proper_unix_timestamp': 1767650040000, 'proper_iso_timestamp': '2026-01-05T21:54:00.000Z'}",01/05/2026 16:54,"{'date': '01/05/2026', 'date_formatted': '01/05/2026', 'hours': '04', 'minutes': '54', 'am_pm': 'PM', 'unix_timestamp': 1767632040000, 'iso_timestamp': '2026-01-05T16:54:00.000Z', 'timestamp': '01/05/2026 04:54 pm', 'time': 1014, 'time_formatted': '16:54', 'proper_unix_timestamp': 1767650040000, 'proper_iso_timestamp': '2026-01-05T21:54:00.000Z'}",Color,Color,Gold,Gold,,,,,37,37,$30.00,30,No,False,,,,,20.99,20.99,,,29.40,29.4,12.60,12.6,No,False,,,Yes,True,,,,,,,$30.00,30,$12.73,12.73,No,False
695c33131e9722c9bffc750d,"<span class=""695c32e0e6dc40497309b467"" data-kn=""connection-value"">蝮蛇2011 hi capa快速拉柄模型G17 TTiG34蛋夹底盖握把井制退器-淘宝网</span>","[{'id': '695c32e0e6dc40497309b467', 'identifier': '蝮蛇2011 hi capa快速拉柄模型G17 TTiG34蛋夹底盖握把井制退器-淘宝网'}]",Active,Active,Gold Handle / Blue Whale WK Viper 2011,Gold Handle / Blue Whale WK Viper 2011,,,,,,,Yes,True,,,01/05/2026 16:54,"{'date': '01/05/2026', 'date_formatted': '01/05/2026', 'hours': '04', 'minutes': '54', 'am_pm': 'PM', 'unix_timestamp': 1767632040000, 'iso_timestamp': '2026-01-05T16:54:00.000Z', 'timestamp': '01/05/2026 04:54 pm', 'time': 1014, 'time_formatted': '16:54', 'proper_unix_timestamp': 1767650040000, 'proper_iso_timestamp': '2026-01-05T21:54:00.000Z'}",01/05/2026 16:54,"{'date': '01/05/2026', 'date_formatted': '01/05/2026', 'hours': '04', 'minutes': '54', 'am_pm': 'PM', 'unix_timestamp': 1767632040000, 'iso_timestamp': '2026-01-05T16:54:00.000Z', 'timestamp': '01/05/2026 04:54 pm', 'time': 1014, 'time_formatted': '16:54', 'proper_unix_timestamp': 1767650040000, 'proper_iso_timestamp': '2026-01-05T21:54:00.000Z'}",Color,Color,Gold,Gold,,,,,37,37,$30.00,30,No,False,,,,,20.99,20.99,,,29.40,29.4,12.60,12.6,No,False,,,Yes,True,,,,,,,$30.00,30,$12.73,12.73,No,False
695c3313913f62399ce39b54,"<span class=""695c32e0e6dc40497309b467"" data-kn=""connection-value"">蝮蛇2011 hi capa快速拉柄模型G17 TTiG34蛋夹底盖握把井制退器-淘宝网</span>","[{'id': '695c32e0e6dc40497309b467', 'identifier': '蝮蛇2011 hi capa快速拉柄模型G17 TTiG34蛋夹底盖握把井制退器-淘宝网'}]",Active,Active,Golden Grip / Blackhawk 2011 Viper (AQK Spring-Powered Model Compatible),Golden Grip / Blackhawk 2011 Viper (AQK Spring-Powered Model Compatible),,,,,,,Yes,True,,,01/05/2026 16:54,"{'date': '01/05/2026', 'date_formatted': '01/05/2026', 'hours': '04', 'minutes': '54', 'am_pm': 'PM', 'unix_timestamp': 1767632040000, 'iso_timestamp': '2026-01-05T16:54:00.000Z', 'timestamp': '01/05/2026 04:54 pm', 'time': 1014, 'time_formatted': '16:54', 'proper_unix_timestamp': 1767650040000, 'proper_iso_timestamp': '2026-01-05T21:54:00.000Z'}",01/05/2026 16:54,"{'date': '01/05/2026', 'date_formatted': '01/05/2026', 'hours': '04', 'minutes': '54', 'am_pm': 'PM', 'unix_timestamp': 1767632040000, 'iso_timestamp': '2026-01-05T16:54:00.000Z', 'timestamp': '01/05/2026 04:54 pm', 'time': 1014, 'time_formatted': '16:54', 'proper_unix_timestamp': 1767650040000, 'proper_iso_timestamp': '2026-01-05T21:54:00.000Z'}",Style,Style,Golden Grip / Blackhawk 2011 Viper (AQK Spring-Powered Model Compatible),Golden Grip / Blackhawk 2011 Viper (AQK Spring-Powered Model Compatible),,,,,37,37,$30.00,30,No,False,,,,,20.99,20.99,,,29.40,29.4,12.60,12.6,No,False,,,Yes,True,,,,,,,$30.00,30,$12.73,12.73,No,False
695c33129f7a5671351f93bc,"<span class=""695c32d9f2f2b855f35d6ba2"" data-kn=""connection-value"">ARSON MACHINE电筒PEQ鼠尾开关金属卡槽导轨固定器线夹铝制导线-淘宝网</span>","[{'id': '695c32d9f2f2b855f35d6ba2', 'identifier': 'ARSON MACHINE电筒PEQ鼠尾开关金属卡槽导轨固定器线夹铝制导线-淘宝网'}]",Active,Active,20MM Rail Cable Management [Green x3],20MM Rail Cable Management [Green x3],,,,,,,Yes,True,,,01/05/2026 16:54,"{'date': '01/05/2026', 'date_formatted': '01/05/2026', 'hours': '04', 'minutes': '54', 'am_pm': 'PM', 'unix_timestamp': 1767632040000, 'iso_timestamp': '2026-01-05T16:54:00.000Z', 'timestamp': '01/05/2026 04:54 pm', 'time': 1014, 'time_formatted': '16:54', 'proper_unix_timestamp': 1767650040000, 'proper_iso_timestamp': '2026-01-05T21:54:00.000Z'}",01/05/2026 16:54,"{'date': '01/05/2026', 'date_formatted': '01/05/2026', 'hours': '04', 'minutes': '54', 'am_pm': 'PM', 'unix_timestamp': 1767632040000, 'iso_timestamp': '2026-01-05T16:54:00.000Z', 'timestamp': '01/05/2026 04:54 pm', 'time': 1014, 'time_formatted': '16:54', 'proper_unix_timestamp': 1767650040000, 'proper_iso_timestamp': '2026-01-05T21:54:00.000Z'}",Color,Color,Green,Green,,,,,600,600,$30.00,30,No,False,,,,,198.99,198.99,,,29.80,29.8,13.20,13.2,No,False,,,Yes,True,,,,,,,$30.00,30,$119.70,119.7,No,False
695c3312c71160ba194dcbd2,"<span class=""695c32d9f2f2b855f35d6ba2"" data-kn=""connection-value"">ARSON MACHINE电筒PEQ鼠尾开关金属卡槽导轨固定器线夹铝制导线-淘宝网</span>","[{'id': '695c32d9f2f2b855f35d6ba2', 'identifier': 'ARSON MACHINE电筒PEQ鼠尾开关金属卡槽导轨固定器线夹铝制导线-淘宝网'}]",Active,Active,20MM Rail Cable Management [Tan x1],20MM Rail Cable Management [Tan x1],,,,,,,Yes,True,,,01/05/2026 16:54,"{'date': '01/05/2026', 'date_formatted': '01/05/2026', 'hours': '04', 'minutes': '54', 'am_pm': 'PM', 'unix_timestamp': 1767632040000, 'iso_timestamp': '2026-01-05T16:54:00.000Z', 'timestamp': '01/05/2026 04:54 pm', 'time': 1014, 'time_formatted': '16:54', 'proper_unix_timestamp': 1767650040000, 'proper_iso_timestamp': '2026-01-05T21:54:00.000Z'}",01/05/2026 16:54,"{'date': '01/05/2026', 'date_formatted': '01/05/2026', 'hours': '04', 'minutes': '54', 'am_pm': 'PM', 'unix_timestamp': 1767632040000, 'iso_timestamp': '2026-01-05T16:54:00.000Z', 'timestamp': '01/05/2026 04:54 pm', 'time': 1014, 'time_formatted': '16:54', 'proper_unix_timestamp': 1767650040000, 'proper_iso_timestamp': '2026-01-05T21:54:00.000Z'}",Color,Color,Tan,Tan,,,,,600,600,$30.00,30,No,False,,,,,198.99,198.99,,,29.80,29.8,13.20,13.2,No,False,,,Yes,True,,,,,,,$30.00,30,$119.70,119.7,No,False
695c33111e9722c9bffc3a40,"<span class=""695c32d9f2f2b855f35d6ba2"" data-kn=""connection-value"">ARSON MACHINE电筒PEQ鼠尾开关金属卡槽导轨固定器线夹铝制导线-淘宝网</span>","[{'id': '695c32d9f2f2b855f35d6ba2', 'identifier': 'ARSON MACHINE电筒PEQ鼠尾开关金属卡槽导轨固定器线夹铝制导线-淘宝网'}]",Active,Active,20MM Rail Cable Management [Blue x1],20MM Rail Cable Management [Blue x1],,,,,,,Yes,True,,,01/05/2026 16:54,"{'date': '01/05/2026', 'date_formatted': '01/05/2026', 'hours': '04', 'minutes': '54', 'am_pm': 'PM', 'unix_timestamp': 1767632040000, 'iso_timestamp': '2026-01-05T16:54:00.000Z', 'timestamp': '01/05/2026 04:54 pm', 'time': 1014, 'time_formatted': '16:54', 'proper_unix_timestamp': 1767650040000, 'proper_iso_timestamp': '2026-01-05T21:54:00.000Z'}",01/05/2026 16:54,"{'date': '01/05/2026', 'date_formatted': '01/05/2026', 'hours': '04', 'minutes': '54', 'am_pm': 'PM', 'unix_timestamp': 1767632040000, 'iso_timestamp': '2026-01-05T16:54:00.000Z', 'timestamp': '01/05/2026 04:54 pm', 'time': 1014, 'time_formatted': '16:54', 'proper_unix_timestamp': 1767650040000, 'proper_iso_timestamp': '2026-01-05T21:54:00.000Z'}",Color,Color,Blue,Blue,,,,,600,600,$30.00,30,No,False,,,,,198.99,198.99,,,29.80,29.8,13.20,13.2,No,False,,,Yes,True,,,,,,,$30.00,30,$119.70,119.7,No,False
695c3311985ba8f52544b923,"<span class=""695c32d9f2f2b855f35d6ba2"" data-kn=""connection-value"">ARSON MACHINE电筒PEQ鼠尾开关金属卡槽导轨固定器线夹铝制导线-淘宝网</span>","[{'id': '695c32d9f2f2b855f35d6ba2', 'identifier': 'ARSON MACHINE电筒PEQ鼠尾开关金属卡槽导轨固定器线夹铝制导线-淘宝网'}]",Active,Active,20MM Rail Cable Management [Black x3],20MM Rail Cable Management [Black x3],,,,,,,Yes,True,,,01/05/2026 16:54,"{'date': '01/05/2026', 'date_formatted': '01/05/2026', 'hours': '04', 'minutes': '54', 'am_pm': 'PM', 'unix_timestamp': 1767632040000, 'iso_timestamp': '2026-01-05T16:54:00.000Z', 'timestamp': '01/05/2026 04:54 pm', 'time': 1014, 'time_formatted': '16:54', 'proper_unix_timestamp': 1767650040000, 'proper_iso_timestamp': '2026-01-05T21:54:00.000Z'}",01/05/2026 16:54,"{'date': '01/05/2026', 'date_formatted': '01/05/2026', 'hours': '04', 'minutes': '54', 'am_pm': 'PM', 'unix_timestamp': 1767632040000, 'iso_timestamp': '2026-01-05T16:54:00.000Z', 'timestamp': '01/05/2026 04:54 pm', 'time': 1014, 'time_formatted': '16:54', 'proper_unix_timestamp': 1767650040000, 'proper_iso_timestamp': '2026-01-05T21:54:00.000Z'}",Color,Color,Black,Black,,,,,600,600,$30.00,30,No,False,,,,,198.99,198.99,,,29.80,29.8,13.20,13.2,No,False,,,Yes,True,,,,,,,$30.00,30,$119.70,119.7,No,False
695c3311c71160ba194da436,"<span class=""695c32d9f2f2b855f35d6ba2"" data-kn=""connection-value"">ARSON MACHINE电筒PEQ鼠尾开关金属卡槽导轨固定器线夹铝制导线-淘宝网</span>","[{'id': '695c32d9f2f2b855f35d6ba2', 'identifier': 'ARSON MACHINE电筒PEQ鼠尾开关金属卡槽导轨固定器线夹铝制导线-淘宝网'}]",Active,Active,20MM Rail Cable Management [Red x3],20MM Rail Cable Management [Red x3],,,,,,,Yes,True,,,01/05/2026 16:54,"{'date': '01/05/2026', 'date_formatted': '01/05/2026', 'hours': '04', 'minutes': '54', 'am_pm': 'PM', 'unix_timestamp': 1767632040000, 'iso_timestamp': '2026-01-05T16:54:00.000Z', 'timestamp': '01/05/2026 04:54 pm', 'time': 1014, 'time_formatted': '16:54', 'proper_unix_timestamp': 1767650040000, 'proper_iso_timestamp': '2026-01-05T21:54:00.000Z'}",01/05/2026 16:54,"{'date': '01/05/2026', 'date_formatted': '01/05/2026', 'hours': '04', 'minutes': '54', 'am_pm': 'PM', 'unix_timestamp': 1767632040000, 'iso_timestamp': '2026-01-05T16:54:00.000Z', 'timestamp': '01/05/2026 04:54 pm', 'time': 1014, 'time_formatted': '16:54', 'proper_unix_timestamp': 1767650040000, 'proper_iso_timestamp': '2026-01-05T21:54:00.000Z'}",Color,Color,Red,Red,,,,,600,600,$30.00,30,No,False,,,,,198.99,198.99,,,29.80,29.8,13.20,13.2,No,False,,,Yes,True,,,,,,,$30.00,30,$119.70,119.7,No,False
695c3310fb902a401fc091bf,"<span class=""695c32d9f2f2b855f35d6ba2"" data-kn=""connection-value"">ARSON MACHINE电筒PEQ鼠尾开关金属卡槽导轨固定器线夹铝制导线-淘宝网</span>","[{'id': '695c32d9f2f2b855f35d6ba2', 'identifier': 'ARSON MACHINE电筒PEQ鼠尾开关金属卡槽导轨固定器线夹铝制导线-淘宝网'}]",Active,Active,20MM Rail Cable Management [Blue x3],20MM Rail Cable Management [Blue x3],,,,,,,Yes,True,,,01/05/2026 16:54,"{'date': '01/05/2026', 'date_formatted': '01/05/2026', 'hours': '04', 'minutes': '54', 'am_pm': 'PM', 'unix_timestamp': 1767632040000, 'iso_timestamp': '2026-01-05T16:54:00.000Z', 'timestamp': '01/05/2026 04:54 pm', 'time': 1014, 'time_formatted': '16:54', 'proper_unix_timestamp': 1767650040000, 'proper_iso_timestamp': '2026-01-05T21:54:00.000Z'}",01/05/2026 16:54,"{'date': '01/05/2026', 'date_formatted': '01/05/2026', 'hours': '04', 'minutes': '54', 'am_pm': 'PM', 'unix_timestamp': 1767632040000, 'iso_timestamp': '2026-01-05T16:54:00.000Z', 'timestamp': '01/05/2026 04:54 pm', 'time': 1014, 'time_formatted': '16:54', 'proper_unix_timestamp': 1767650040000, 'proper_iso_timestamp': '2026-01-05T21:54:00.000Z'}",Color,Color,Blue,Blue,,,,,600,600,$30.00,30,No,False,,,,,198.99,198.99,,,29.80,29.8,13.20,13.2,No,False,,,Yes,True,,,,,,,$30.00,30,$119.70,119.7,No,False
695c3310c71160ba194d877e,"<span class=""695c32d7fc2883b5640f6898"" data-kn=""connection-value"">MAG内置弹夹袋快拔固定板工具附件包战术背心5.56/7.62硬质内衬板-淘宝网</span>","[{'id': '695c32d7fc2883b5640f6898', 'identifier': 'MAG内置弹夹袋快拔固定板工具附件包战术背心5.56/7.62硬质内衬板-淘宝网'}]",Active,Active,Black BK (Standard Model),Black BK (Standard Model),,,,,,,Yes,True,,,01/05/2026 16:54,"{'date': '01/05/2026', 'date_formatted': '01/05/2026', 'hours': '04', 'minutes': '54', 'am_pm': 'PM', 'unix_timestamp': 1767632040000, 'iso_timestamp': '2026-01-05T16:54:00.000Z', 'timestamp': '01/05/2026 04:54 pm', 'time': 1014, 'time_formatted': '16:54', 'proper_unix_timestamp': 1767650040000, 'proper_iso_timestamp': '2026-01-05T21:54:00.000Z'}",01/05/2026 16:54,"{'date': '01/05/2026', 'date_formatted': '01/05/2026', 'hours': '04', 'minutes': '54', 'am_pm': 'PM', 'unix_timestamp': 1767632040000, 'iso_timestamp': '2026-01-05T16:54:00.000Z', 'timestamp': '01/05/2026 04:54 pm', 'time': 1014, 'time_formatted': '16:54', 'proper_unix_timestamp': 1767650040000, 'proper_iso_timestamp': '2026-01-05T21:54:00.000Z'}",Color,Color,Black,Black,Profile,Profile,Standard,Standard,100,100,$30.00,30,No,False,,,,,40.99,40.99,,,29.70,29.7,13.00,13,No,False,,,Yes,True,,,,,,,$30.00,30,$24.70,24.7,No,False
695c330f4e794334fd522dea,"<span class=""695c32e3aae7b5b062d04185"" data-kn=""connection-value"">户外多功能腋下通用尼龙战术配件背带快拆肩带挂绳单点式斜跨挂带-淘宝网</span>","[{'id': '695c32e3aae7b5b062d04185', 'identifier': '户外多功能腋下通用尼龙战术配件背带快拆肩带挂绳单点式斜跨挂带-淘宝网'}]",Active,Active,One Size Fits All / Black,One Size Fits All / Black,,,,,,,Yes,True,,,01/05/2026 16:54,"{'date': '01/05/2026', 'date_formatted': '01/05/2026', 'hours': '04', 'minutes': '54', 'am_pm': 'PM', 'unix_timestamp': 1767632040000, 'iso_timestamp': '2026-01-05T16:54:00.000Z', 'timestamp': '01/05/2026 04:54 pm', 'time': 1014, 'time_formatted': '16:54', 'proper_unix_timestamp': 1767650040000, 'proper_iso_timestamp': '2026-01-05T21:54:00.000Z'}",01/05/2026 16:54,"{'date': '01/05/2026', 'date_formatted': '01/05/2026', 'hours': '04', 'minutes': '54', 'am_pm': 'PM', 'unix_timestamp': 1767632040000, 'iso_timestamp': '2026-01-05T16:54:00.000Z', 'timestamp': '01/05/2026 04:54 pm', 'time': 1014, 'time_formatted': '16:54', 'proper_unix_timestamp': 1767650040000, 'proper_iso_timestamp': '2026-01-05T21:54:00.000Z'}",Color,Color,Black,Black,Size,Size,One Size,One Size,16,16,$30.00,30,No,False,,,,,14.99,14.99,,,31.70,31.7,15.20,15.2,No,False,,,Yes,True,,,,,,,$30.00,30,$8.74,8.74,No,False
695c330f640fbe6a1fd0b2ed,"<span class=""695c32e3aae7b5b062d04185"" data-kn=""connection-value"">户外多功能腋下通用尼龙战术配件背带快拆肩带挂绳单点式斜跨挂带-淘宝网</span>","[{'id': '695c32e3aae7b5b062d04185', 'identifier': '户外多功能腋下通用尼龙战术配件背带快拆肩带挂绳单点式斜跨挂带-淘宝网'}]",Active,Active,One Size Fits All / Army Green,One Size Fits All / Army Green,,,,,,,Yes,True,,,01/05/2026 16:54,"{'date': '01/05/2026', 'date_formatted': '01/05/2026', 'hours': '04', 'minutes': '54', 'am_pm': 'PM', 'unix_timestamp': 1767632040000, 'iso_timestamp': '2026-01-05T16:54:00.000Z', 'timestamp': '01/05/2026 04:54 pm', 'time': 1014, 'time_formatted': '16:54', 'proper_unix_timestamp': 1767650040000, 'proper_iso_timestamp': '2026-01-05T21:54:00.000Z'}",01/05/2026 16:54,"{'date': '01/05/2026', 'date_formatted': '01/05/2026', 'hours': '04', 'minutes': '54', 'am_pm': 'PM', 'unix_timestamp': 1767632040000, 'iso_timestamp': '2026-01-05T16:54:00.000Z', 'timestamp': '01/05/2026 04:54 pm', 'time': 1014, 'time_formatted': '16:54', 'proper_unix_timestamp': 1767650040000, 'proper_iso_timestamp': '2026-01-05T21:54:00.000Z'}",Color,Color,Green,Green,Size,Size,One Size,One Size,16,16,$30.00,30,No,False,,,,,14.99,14.99,,,31.70,31.7,15.20,15.2,No,False,,,Yes,True,,,,,,,$30.00,30,$8.74,8.74,No,False
695c330f640fbe6a1fd0b26a,"<span class=""695c32e3aae7b5b062d04185"" data-kn=""connection-value"">户外多功能腋下通用尼龙战术配件背带快拆肩带挂绳单点式斜跨挂带-淘宝网</span>","[{'id': '695c32e3aae7b5b062d04185', 'identifier': '户外多功能腋下通用尼龙战术配件背带快拆肩带挂绳单点式斜跨挂带-淘宝网'}]",Active,Active,One Size Fits All / Khaki,One Size Fits All / Khaki,,,,,,,Yes,True,,,01/05/2026 16:54,"{'date': '01/05/2026', 'date_formatted': '01/05/2026', 'hours': '04', 'minutes': '54', 'am_pm': 'PM', 'unix_timestamp': 1767632040000, 'iso_timestamp': '2026-01-05T16:54:00.000Z', 'timestamp': '01/05/2026 04:54 pm', 'time': 1014, 'time_formatted': '16:54', 'proper_unix_timestamp': 1767650040000, 'proper_iso_timestamp': '2026-01-05T21:54:00.000Z'}",01/05/2026 16:54,"{'date': '01/05/2026', 'date_formatted': '01/05/2026', 'hours': '04', 'minutes': '54', 'am_pm': 'PM', 'unix_timestamp': 1767632040000, 'iso_timestamp': '2026-01-05T16:54:00.000Z', 'timestamp': '01/05/2026 04:54 pm', 'time': 1014, 'time_formatted': '16:54', 'proper_unix_timestamp': 1767650040000, 'proper_iso_timestamp': '2026-01-05T21:54:00.000Z'}",Color,Color,Khaki,Khaki,Size,Size,One Size,One Size,16,16,$30.00,30,No,False,,,,,14.99,14.99,,,31.70,31.7,15.20,15.2,No,False,,,Yes,True,,,,,,,$30.00,30,$8.74,8.74,No,False
695c330e8b911985b12603cf,"<span class=""695c32e3aae7b5b062d04185"" data-kn=""connection-value"">户外多功能腋下通用尼龙战术配件背带快拆肩带挂绳单点式斜跨挂带-淘宝网</span>","[{'id': '695c32e3aae7b5b062d04185', 'identifier': '户外多功能腋下通用尼龙战术配件背带快拆肩带挂绳单点式斜跨挂带-淘宝网'}]",Active,Active,One Size Fits All / CP Camo,One Size Fits All / CP Camo,,,,,,,Yes,True,,,01/05/2026 16:54,"{'date': '01/05/2026', 'date_formatted': '01/05/2026', 'hours': '04', 'minutes': '54', 'am_pm': 'PM', 'unix_timestamp': 1767632040000, 'iso_timestamp': '2026-01-05T16:54:00.000Z', 'timestamp': '01/05/2026 04:54 pm', 'time': 1014, 'time_formatted': '16:54', 'proper_unix_timestamp': 1767650040000, 'proper_iso_timestamp': '2026-01-05T21:54:00.000Z'}",01/05/2026 16:54,"{'date': '01/05/2026', 'date_formatted': '01/05/2026', 'hours': '04', 'minutes': '54', 'am_pm': 'PM', 'unix_timestamp': 1767632040000, 'iso_timestamp': '2026-01-05T16:54:00.000Z', 'timestamp': '01/05/2026 04:54 pm', 'time': 1014, 'time_formatted': '16:54', 'proper_unix_timestamp': 1767650040000, 'proper_iso_timestamp': '2026-01-05T21:54:00.000Z'}",Color,Color,CP Camo,CP Camo,Size,Size,One Size,One Size,16,16,$30.00,30,No,False,,,,,14.99,14.99,,,31.70,31.7,15.20,15.2,No,False,,,Yes,True,,,,,,,$30.00,30,$8.74,8.74,No,False
695c330e4e794334fd521ae2,"<span class=""695c32e3aae7b5b062d04185"" data-kn=""connection-value"">户外多功能腋下通用尼龙战术配件背带快拆肩带挂绳单点式斜跨挂带-淘宝网</span>","[{'id': '695c32e3aae7b5b062d04185', 'identifier': '户外多功能腋下通用尼龙战术配件背带快拆肩带挂绳单点式斜跨挂带-淘宝网'}]",Active,Active,One Size Fits All / Ruin Camo,One Size Fits All / Ruin Camo,,,,,,,Yes,True,,,01/05/2026 16:54,"{'date': '01/05/2026', 'date_formatted': '01/05/2026', 'hours': '04', 'minutes': '54', 'am_pm': 'PM', 'unix_timestamp': 1767632040000, 'iso_timestamp': '2026-01-05T16:54:00.000Z', 'timestamp': '01/05/2026 04:54 pm', 'time': 1014, 'time_formatted': '16:54', 'proper_unix_timestamp': 1767650040000, 'proper_iso_timestamp': '2026-01-05T21:54:00.000Z'}",01/05/2026 16:54,"{'date': '01/05/2026', 'date_formatted': '01/05/2026', 'hours': '04', 'minutes': '54', 'am_pm': 'PM', 'unix_timestamp': 1767632040000, 'iso_timestamp': '2026-01-05T16:54:00.000Z', 'timestamp': '01/05/2026 04:54 pm', 'time': 1014, 'time_formatted': '16:54', 'proper_unix_timestamp': 1767650040000, 'proper_iso_timestamp': '2026-01-05T21:54:00.000Z'}",Style,Style,One Size Fits All / Ruin Camo,One Size Fits All / Ruin Camo,,,,,16,16,$30.00,30,No,False,,,,,14.99,14.99,,,31.70,31.7,15.20,15.2,No,False,,,Yes,True,,,,,,,$30.00,30,$8.74,8.74,No,False
695c330ed745a52edae28d92,"<span class=""695c32e3aae7b5b062d04185"" data-kn=""connection-value"">户外多功能腋下通用尼龙战术配件背带快拆肩带挂绳单点式斜跨挂带-淘宝网</span>","[{'id': '695c32e3aae7b5b062d04185', 'identifier': '户外多功能腋下通用尼龙战术配件背带快拆肩带挂绳单点式斜跨挂带-淘宝网'}]",Active,Active,One Size Fits All / Black + Shoulder Straps,One Size Fits All / Black + Shoulder Straps,,,,,,,Yes,True,,,01/05/2026 16:54,"{'date': '01/05/2026', 'date_formatted': '01/05/2026', 'hours': '04', 'minutes': '54', 'am_pm': 'PM', 'unix_timestamp': 1767632040000, 'iso_timestamp': '2026-01-05T16:54:00.000Z', 'timestamp': '01/05/2026 04:54 pm', 'time': 1014, 'time_formatted': '16:54', 'proper_unix_timestamp': 1767650040000, 'proper_iso_timestamp': '2026-01-05T21:54:00.000Z'}",01/05/2026 16:54,"{'date': '01/05/2026', 'date_formatted': '01/05/2026', 'hours': '04', 'minutes': '54', 'am_pm': 'PM', 'unix_timestamp': 1767632040000, 'iso_timestamp': '2026-01-05T16:54:00.000Z', 'timestamp': '01/05/2026 04:54 pm', 'time': 1014, 'time_formatted': '16:54', 'proper_unix_timestamp': 1767650040000, 'proper_iso_timestamp': '2026-01-05T21:54:00.000Z'}",Color,Color,Black,Black,Size,Size,One Size,One Size,16,16,$30.00,30,No,False,,,,,14.99,14.99,,,31.70,31.7,15.20,15.2,No,False,,,Yes,True,,,,,,,$30.00,30,$8.74,8.74,No,False
695c330d98a477987c8976db,"<span class=""695c32e3aae7b5b062d04185"" data-kn=""connection-value"">户外多功能腋下通用尼龙战术配件背带快拆肩带挂绳单点式斜跨挂带-淘宝网</span>","[{'id': '695c32e3aae7b5b062d04185', 'identifier': '户外多功能腋下通用尼龙战术配件背带快拆肩带挂绳单点式斜跨挂带-淘宝网'}]",Active,Active,One Size Fits All / Army Green + Shoulder Straps,One Size Fits All / Army Green + Shoulder Straps,,,,,,,Yes,True,,,01/05/2026 16:54,"{'date': '01/05/2026', 'date_formatted': '01/05/2026', 'hours': '04', 'minutes': '54', 'am_pm': 'PM', 'unix_timestamp': 1767632040000, 'iso_timestamp': '2026-01-05T16:54:00.000Z', 'timestamp': '01/05/2026 04:54 pm', 'time': 1014, 'time_formatted': '16:54', 'proper_unix_timestamp': 1767650040000, 'proper_iso_timestamp': '2026-01-05T21:54:00.000Z'}",01/05/2026 16:54,"{'date': '01/05/2026', 'date_formatted': '01/05/2026', 'hours': '04', 'minutes': '54', 'am_pm': 'PM', 'unix_timestamp': 1767632040000, 'iso_timestamp': '2026-01-05T16:54:00.000Z', 'timestamp': '01/05/2026 04:54 pm', 'time': 1014, 'time_formatted': '16:54', 'proper_unix_timestamp': 1767650040000, 'proper_iso_timestamp': '2026-01-05T21:54:00.000Z'}",Color,Color,Green,Green,Size,Size,One Size,One Size,16,16,$30.00,30,No,False,,,,,14.99,14.99,,,31.70,31.7,15.20,15.2,No,False,,,Yes,True,,,,,,,$30.00,30,$8.74,8.74,No,False
695c330c640fbe6a1fd08caa,"<span class=""695c32e3aae7b5b062d04185"" data-kn=""connection-value"">户外多功能腋下通用尼龙战术配件背带快拆肩带挂绳单点式斜跨挂带-淘宝网</span>","[{'id': '695c32e3aae7b5b062d04185', 'identifier': '户外多功能腋下通用尼龙战术配件背带快拆肩带挂绳单点式斜跨挂带-淘宝网'}]",Active,Active,One Size Fits All / Khaki + Shoulder Straps,One Size Fits All / Khaki + Shoulder Straps,,,,,,,Yes,True,,,01/05/2026 16:54,"{'date': '01/05/2026', 'date_formatted': '01/05/2026', 'hours': '04', 'minutes': '54', 'am_pm': 'PM', 'unix_timestamp': 1767632040000, 'iso_timestamp': '2026-01-05T16:54:00.000Z', 'timestamp': '01/05/2026 04:54 pm', 'time': 1014, 'time_formatted': '16:54', 'proper_unix_timestamp': 1767650040000, 'proper_iso_timestamp': '2026-01-05T21:54:00.000Z'}",01/05/2026 16:54,"{'date': '01/05/2026', 'date_formatted': '01/05/2026', 'hours': '04', 'minutes': '54', 'am_pm': 'PM', 'unix_timestamp': 1767632040000, 'iso_timestamp': '2026-01-05T16:54:00.000Z', 'timestamp': '01/05/2026 04:54 pm', 'time': 1014, 'time_formatted': '16:54', 'proper_unix_timestamp': 1767650040000, 'proper_iso_timestamp': '2026-01-05T21:54:00.000Z'}",Color,Color,Khaki,Khaki,Size,Size,One Size,One Size,16,16,$30.00,30,No,False,,,,,14.99,14.99,,,31.70,31.7,15.20,15.2,No,False,,,Yes,True,,,,,,,$30.00,30,$8.74,8.74,No,False
695c330cfb902a401fc06d86,"<span class=""695c32e3aae7b5b062d04185"" data-kn=""connection-value"">户外多功能腋下通用尼龙战术配件背带快拆肩带挂绳单点式斜跨挂带-淘宝网</span>","[{'id': '695c32e3aae7b5b062d04185', 'identifier': '户外多功能腋下通用尼龙战术配件背带快拆肩带挂绳单点式斜跨挂带-淘宝网'}]",Active,Active,One Size Fits All / CP Camo + Shoulder Straps,One Size Fits All / CP Camo + Shoulder Straps,,,,,,,Yes,True,,,01/05/2026 16:54,"{'date': '01/05/2026', 'date_formatted': '01/05/2026', 'hours': '04', 'minutes': '54', 'am_pm': 'PM', 'unix_timestamp': 1767632040000, 'iso_timestamp': '2026-01-05T16:54:00.000Z', 'timestamp': '01/05/2026 04:54 pm', 'time': 1014, 'time_formatted': '16:54', 'proper_unix_timestamp': 1767650040000, 'proper_iso_timestamp': '2026-01-05T21:54:00.000Z'}",01/05/2026 16:54,"{'date': '01/05/2026', 'date_formatted': '01/05/2026', 'hours': '04', 'minutes': '54', 'am_pm': 'PM', 'unix_timestamp': 1767632040000, 'iso_timestamp': '2026-01-05T16:54:00.000Z', 'timestamp': '01/05/2026 04:54 pm', 'time': 1014, 'time_formatted': '16:54', 'proper_unix_timestamp': 1767650040000, 'proper_iso_timestamp': '2026-01-05T21:54:00.000Z'}",Color,Color,CP Camo,CP Camo,Size,Size,One Size,One Size,16,16,$30.00,30,No,False,,,,,14.99,14.99,,,31.70,31.7,15.20,15.2,No,False,,,Yes,True,,,,,,,$30.00,30,$8.74,8.74,No,False
695c330c4702b73a645fbc49,"<span class=""695c32e3aae7b5b062d04185"" data-kn=""connection-value"">户外多功能腋下通用尼龙战术配件背带快拆肩带挂绳单点式斜跨挂带-淘宝网</span>","[{'id': '695c32e3aae7b5b062d04185', 'identifier': '户外多功能腋下通用尼龙战术配件背带快拆肩带挂绳单点式斜跨挂带-淘宝网'}]",Active,Active,One Size Fits All / Ruin Green Camo + Shoulder Straps,One Size Fits All / Ruin Green Camo + Shoulder Straps,,,,,,,Yes,True,,,01/05/2026 16:54,"{'date': '01/05/2026', 'date_formatted': '01/05/2026', 'hours': '04', 'minutes': '54', 'am_pm': 'PM', 'unix_timestamp': 1767632040000, 'iso_timestamp': '2026-01-05T16:54:00.000Z', 'timestamp': '01/05/2026 04:54 pm', 'time': 1014, 'time_formatted': '16:54', 'proper_unix_timestamp': 1767650040000, 'proper_iso_timestamp': '2026-01-05T21:54:00.000Z'}",01/05/2026 16:54,"{'date': '01/05/2026', 'date_formatted': '01/05/2026', 'hours': '04', 'minutes': '54', 'am_pm': 'PM', 'unix_timestamp': 1767632040000, 'iso_timestamp': '2026-01-05T16:54:00.000Z', 'timestamp': '01/05/2026 04:54 pm', 'time': 1014, 'time_formatted': '16:54', 'proper_unix_timestamp': 1767650040000, 'proper_iso_timestamp': '2026-01-05T21:54:00.000Z'}",Color,Color,Green,Green,Size,Size,One Size,One Size,16,16,$30.00,30,No,False,,,,,14.99,14.99,,,31.70,31.7,15.20,15.2,No,False,,,Yes,True,,,,,,,$30.00,30,$8.74,8.74,No,False
695c330b3b00921b6a8d9d6c,"<span class=""695c32e73b00921b6a8bd763"" data-kn=""connection-value"">战术激光灯PEQ15红绿镭射指示器沃德森M300/M600手电双控鼠尾套装-淘宝网</span>","[{'id': '695c32e73b00921b6a8bd763', 'identifier': '战术激光灯PEQ15红绿镭射指示器沃德森M300/M600手电双控鼠尾套装-淘宝网'}]",Active,Active,Black - Full Function Red Laser + M300A + Pressure Switch Included Battery + Charger,Black - Full Function Red Laser + M300A + Pressure Switch Included Battery + Charger,,,,,,,Yes,True,,,01/05/2026 16:54,"{'date': '01/05/2026', 'date_formatted': '01/05/2026', 'hours': '04', 'minutes': '54', 'am_pm': 'PM', 'unix_timestamp': 1767632040000, 'iso_timestamp': '2026-01-05T16:54:00.000Z', 'timestamp': '01/05/2026 04:54 pm', 'time': 1014, 'time_formatted': '16:54', 'proper_unix_timestamp': 1767650040000, 'proper_iso_timestamp': '2026-01-05T21:54:00.000Z'}",01/05/2026 16:54,"{'date': '01/05/2026', 'date_formatted': '01/05/2026', 'hours': '04', 'minutes': '54', 'am_pm': 'PM', 'unix_timestamp': 1767632040000, 'iso_timestamp': '2026-01-05T16:54:00.000Z', 'timestamp': '01/05/2026 04:54 pm', 'time': 1014, 'time_formatted': '16:54', 'proper_unix_timestamp': 1767650040000, 'proper_iso_timestamp': '2026-01-05T21:54:00.000Z'}",Color,Color,Black,Black,,,,,1000,1000,$30.00,30,No,False,,,,,325.99,325.99,,,30.00,30,13.30,13.3,No,False,,,Yes,True,,,,,,,$30.00,30,$195.70,195.7,No,False
695c330b28a735d447d3da98,"<span class=""695c32e73b00921b6a8bd763"" data-kn=""connection-value"">战术激光灯PEQ15红绿镭射指示器沃德森M300/M600手电双控鼠尾套装-淘宝网</span>","[{'id': '695c32e73b00921b6a8bd763', 'identifier': '战术激光灯PEQ15红绿镭射指示器沃德森M300/M600手电双控鼠尾套装-淘宝网'}]",Active,Active,Black - Full Function Red Laser + M600C + Pressure Switch Included Battery + Charger,Black - Full Function Red Laser + M600C + Pressure Switch Included Battery + Charger,,,,,,,Yes,True,,,01/05/2026 16:54,"{'date': '01/05/2026', 'date_formatted': '01/05/2026', 'hours': '04', 'minutes': '54', 'am_pm': 'PM', 'unix_timestamp': 1767632040000, 'iso_timestamp': '2026-01-05T16:54:00.000Z', 'timestamp': '01/05/2026 04:54 pm', 'time': 1014, 'time_formatted': '16:54', 'proper_unix_timestamp': 1767650040000, 'proper_iso_timestamp': '2026-01-05T21:54:00.000Z'}",01/05/2026 16:54,"{'date': '01/05/2026', 'date_formatted': '01/05/2026', 'hours': '04', 'minutes': '54', 'am_pm': 'PM', 'unix_timestamp': 1767632040000, 'iso_timestamp': '2026-01-05T16:54:00.000Z', 'timestamp': '01/05/2026 04:54 pm', 'time': 1014, 'time_formatted': '16:54', 'proper_unix_timestamp': 1767650040000, 'proper_iso_timestamp': '2026-01-05T21:54:00.000Z'}",Color,Color,Black,Black,,,,,1000,1000,$30.00,30,No,False,,,,,325.99,325.99,,,30.00,30,13.30,13.3,No,False,,,Yes,True,,,,,,,$30.00,30,$195.70,195.7,No,False
695c330ace1739befd1f22a2,"<span class=""695c32e73b00921b6a8bd763"" data-kn=""connection-value"">战术激光灯PEQ15红绿镭射指示器沃德森M300/M600手电双控鼠尾套装-淘宝网</span>","[{'id': '695c32e73b00921b6a8bd763', 'identifier': '战术激光灯PEQ15红绿镭射指示器沃德森M300/M600手电双控鼠尾套装-淘宝网'}]",Active,Active,Tan - Full Function Red Laser + M600C + Pressure Switch Included Battery + Charger,Tan - Full Function Red Laser + M600C + Pressure Switch Included Battery + Charger,,,,,,,Yes,True,,,01/05/2026 16:54,"{'date': '01/05/2026', 'date_formatted': '01/05/2026', 'hours': '04', 'minutes': '54', 'am_pm': 'PM', 'unix_timestamp': 1767632040000, 'iso_timestamp': '2026-01-05T16:54:00.000Z', 'timestamp': '01/05/2026 04:54 pm', 'time': 1014, 'time_formatted': '16:54', 'proper_unix_timestamp': 1767650040000, 'proper_iso_timestamp': '2026-01-05T21:54:00.000Z'}",01/05/2026 16:54,"{'date': '01/05/2026', 'date_formatted': '01/05/2026', 'hours': '04', 'minutes': '54', 'am_pm': 'PM', 'unix_timestamp': 1767632040000, 'iso_timestamp': '2026-01-05T16:54:00.000Z', 'timestamp': '01/05/2026 04:54 pm', 'time': 1014, 'time_formatted': '16:54', 'proper_unix_timestamp': 1767650040000, 'proper_iso_timestamp': '2026-01-05T21:54:00.000Z'}",Color,Color,Tan,Tan,,,,,1000,1000,$30.00,30,No,False,,,,,325.99,325.99,,,30.00,30,13.30,13.3,No,False,,,Yes,True,,,,,,,$30.00,30,$195.70,195.7,No,False
695c330ac3a1704a5643911a,"<span class=""695c32e73b00921b6a8bd763"" data-kn=""connection-value"">战术激光灯PEQ15红绿镭射指示器沃德森M300/M600手电双控鼠尾套装-淘宝网</span>","[{'id': '695c32e73b00921b6a8bd763', 'identifier': '战术激光灯PEQ15红绿镭射指示器沃德森M300/M600手电双控鼠尾套装-淘宝网'}]",Active,Active,Black - Full Function Green Laser + M300A + Pressure Switch Included Battery + Charger,Black - Full Function Green Laser + M300A + Pressure Switch Included Battery + Charger,,,,,,,Yes,True,,,01/05/2026 16:54,"{'date': '01/05/2026', 'date_formatted': '01/05/2026', 'hours': '04', 'minutes': '54', 'am_pm': 'PM', 'unix_timestamp': 1767632040000, 'iso_timestamp': '2026-01-05T16:54:00.000Z', 'timestamp': '01/05/2026 04:54 pm', 'time': 1014, 'time_formatted': '16:54', 'proper_unix_timestamp': 1767650040000, 'proper_iso_timestamp': '2026-01-05T21:54:00.000Z'}",01/05/2026 16:54,"{'date': '01/05/2026', 'date_formatted': '01/05/2026', 'hours': '04', 'minutes': '54', 'am_pm': 'PM', 'unix_timestamp': 1767632040000, 'iso_timestamp': '2026-01-05T16:54:00.000Z', 'timestamp': '01/05/2026 04:54 pm', 'time': 1014, 'time_formatted': '16:54', 'proper_unix_timestamp': 1767650040000, 'proper_iso_timestamp': '2026-01-05T21:54:00.000Z'}",Color,Color,Black,Black,,,,,1000,1000,$30.00,30,No,False,,,,,325.99,325.99,,,30.00,30,13.30,13.3,No,False,,,Yes,True,,,,,,,$30.00,30,$195.70,195.7,No,False
695c330926e6116796e0c7b0,"<span class=""695c32e73b00921b6a8bd763"" data-kn=""connection-value"">战术激光灯PEQ15红绿镭射指示器沃德森M300/M600手电双控鼠尾套装-淘宝网</span>","[{'id': '695c32e73b00921b6a8bd763', 'identifier': '战术激光灯PEQ15红绿镭射指示器沃德森M300/M600手电双控鼠尾套装-淘宝网'}]",Active,Active,Tan - Full Function Green Laser + M600C + Pressure Switch Included Battery + Charger,Tan - Full Function Green Laser + M600C + Pressure Switch Included Battery + Charger,,,,,,,Yes,True,,,01/05/2026 16:54,"{'date': '01/05/2026', 'date_formatted': '01/05/2026', 'hours': '04', 'minutes': '54', 'am_pm': 'PM', 'unix_timestamp': 1767632040000, 'iso_timestamp': '2026-01-05T16:54:00.000Z', 'timestamp': '01/05/2026 04:54 pm', 'time': 1014, 'time_formatted': '16:54', 'proper_unix_timestamp': 1767650040000, 'proper_iso_timestamp': '2026-01-05T21:54:00.000Z'}",01/05/2026 16:54,"{'date': '01/05/2026', 'date_formatted': '01/05/2026', 'hours': '04', 'minutes': '54', 'am_pm': 'PM', 'unix_timestamp': 1767632040000, 'iso_timestamp': '2026-01-05T16:54:00.000Z', 'timestamp': '01/05/2026 04:54 pm', 'time': 1014, 'time_formatted': '16:54', 'proper_unix_timestamp': 1767650040000, 'proper_iso_timestamp': '2026-01-05T21:54:00.000Z'}",Color,Color,Tan,Tan,,,,,1000,1000,$30.00,30,No,False,,,,,325.99,325.99,,,30.00,30,13.30,13.3,No,False,,,Yes,True,,,,,,,$30.00,30,$195.70,195.7,No,False
695c3309e6dc4049730c69b3,"<span class=""695c32e73b00921b6a8bd763"" data-kn=""connection-value"">战术激光灯PEQ15红绿镭射指示器沃德森M300/M600手电双控鼠尾套装-淘宝网</span>","[{'id': '695c32e73b00921b6a8bd763', 'identifier': '战术激光灯PEQ15红绿镭射指示器沃德森M300/M600手电双控鼠尾套装-淘宝网'}]",Active,Active,Black - Full Function Red Laser + M300A + Constant On Dual Control Pressure Switch Included Battery + Charger,Black - Full Function Red Laser + M300A + Constant On Dual Control Pressure Switch Included Battery + Charger,,,,,,,Yes,True,,,01/05/2026 16:54,"{'date': '01/05/2026', 'date_formatted': '01/05/2026', 'hours': '04', 'minutes': '54', 'am_pm': 'PM', 'unix_timestamp': 1767632040000, 'iso_timestamp': '2026-01-05T16:54:00.000Z', 'timestamp': '01/05/2026 04:54 pm', 'time': 1014, 'time_formatted': '16:54', 'proper_unix_timestamp': 1767650040000, 'proper_iso_timestamp': '2026-01-05T21:54:00.000Z'}",01/05/2026 16:54,"{'date': '01/05/2026', 'date_formatted': '01/05/2026', 'hours': '04', 'minutes': '54', 'am_pm': 'PM', 'unix_timestamp': 1767632040000, 'iso_timestamp': '2026-01-05T16:54:00.000Z', 'timestamp': '01/05/2026 04:54 pm', 'time': 1014, 'time_formatted': '16:54', 'proper_unix_timestamp': 1767650040000, 'proper_iso_timestamp': '2026-01-05T21:54:00.000Z'}",Color,Color,Black,Black,,,,,1000,1000,$30.00,30,No,False,,,,,325.99,325.99,,,30.00,30,13.30,13.3,No,False,,,Yes,True,,,,,,,$30.00,30,$195.70,195.7,No,False
695c330912bb85c5f20e872a,"<span class=""695c32e73b00921b6a8bd763"" data-kn=""connection-value"">战术激光灯PEQ15红绿镭射指示器沃德森M300/M600手电双控鼠尾套装-淘宝网</span>","[{'id': '695c32e73b00921b6a8bd763', 'identifier': '战术激光灯PEQ15红绿镭射指示器沃德森M300/M600手电双控鼠尾套装-淘宝网'}]",Active,Active,Tan - Full Function Red Laser + M300A + Constant On Dual Control Pressure Switch Included Battery + Charger,Tan - Full Function Red Laser + M300A + Constant On Dual Control Pressure Switch Included Battery + Charger,,,,,,,Yes,True,,,01/05/2026 16:54,"{'date': '01/05/2026', 'date_formatted': '01/05/2026', 'hours': '04', 'minutes': '54', 'am_pm': 'PM', 'unix_timestamp': 1767632040000, 'iso_timestamp': '2026-01-05T16:54:00.000Z', 'timestamp': '01/05/2026 04:54 pm', 'time': 1014, 'time_formatted': '16:54', 'proper_unix_timestamp': 1767650040000, 'proper_iso_timestamp': '2026-01-05T21:54:00.000Z'}",01/05/2026 16:54,"{'date': '01/05/2026', 'date_formatted': '01/05/2026', 'hours': '04', 'minutes': '54', 'am_pm': 'PM', 'unix_timestamp': 1767632040000, 'iso_timestamp': '2026-01-05T16:54:00.000Z', 'timestamp': '01/05/2026 04:54 pm', 'time': 1014, 'time_formatted': '16:54', 'proper_unix_timestamp': 1767650040000, 'proper_iso_timestamp': '2026-01-05T21:54:00.000Z'}",Color,Color,Tan,Tan,,,,,1000,1000,$30.00,30,No,False,,,,,325.99,325.99,,,30.00,30,13.30,13.3,No,False,,,Yes,True,,,,,,,$30.00,30,$195.70,195.7,No,False
695c3308913f62399ce2bfff,"<span class=""695c32df2bad95469c4b6b05"" data-kn=""connection-value"">运动护臂蜂窝加长防撞防摔擦伤加厚防晒专业袖套手臂护具篮足排球-淘宝网</span>","[{'id': '695c32df2bad95469c4b6b05', 'identifier': '运动护臂蜂窝加长防撞防摔擦伤加厚防晒专业袖套手臂护具篮足排球-淘宝网'}]",Active,Active,"Size XXS (Adult, 99-132 lbs) / 2 Honeycomb Extended Sports Arm Sleeves, White","Size XXS (Adult, 99-132 lbs) / 2 Honeycomb Extended Sports Arm Sleeves, White",,,,,,,Yes,True,,,01/05/2026 16:54,"{'date': '01/05/2026', 'date_formatted': '01/05/2026', 'hours': '04', 'minutes': '54', 'am_pm': 'PM', 'unix_timestamp': 1767632040000, 'iso_timestamp': '2026-01-05T16:54:00.000Z', 'timestamp': '01/05/2026 04:54 pm', 'time': 1014, 'time_formatted': '16:54', 'proper_unix_timestamp': 1767650040000, 'proper_iso_timestamp': '2026-01-05T21:54:00.000Z'}",01/05/2026 16:54,"{'date': '01/05/2026', 'date_formatted': '01/05/2026', 'hours': '04', 'minutes': '54', 'am_pm': 'PM', 'unix_timestamp': 1767632040000, 'iso_timestamp': '2026-01-05T16:54:00.000Z', 'timestamp': '01/05/2026 04:54 pm', 'time': 1014, 'time_formatted': '16:54', 'proper_unix_timestamp': 1767650040000, 'proper_iso_timestamp': '2026-01-05T21:54:00.000Z'}",Color,Color,White,White,Size,Size,XXS,XXS,27,27,$30.00,30,No,False,,,,,17.99,17.99,,,29.80,29.8,13.10,13.1,No,False,,,Yes,True,,,,,,,$30.00,30,$10.83,10.83,No,False
695c330812bb85c5f20e806d,"<span class=""695c32df2bad95469c4b6b05"" data-kn=""connection-value"">运动护臂蜂窝加长防撞防摔擦伤加厚防晒专业袖套手臂护具篮足排球-淘宝网</span>","[{'id': '695c32df2bad95469c4b6b05', 'identifier': '运动护臂蜂窝加长防撞防摔擦伤加厚防晒专业袖套手臂护具篮足排球-淘宝网'}]",Active,Active,"Size XS (Adult, 133-165 lbs) / 2 Honeycomb Extended Sports Arm Sleeves, Black","Size XS (Adult, 133-165 lbs) / 2 Honeycomb Extended Sports Arm Sleeves, Black",,,,,,,Yes,True,,,01/05/2026 16:54,"{'date': '01/05/2026', 'date_formatted': '01/05/2026', 'hours': '04', 'minutes': '54', 'am_pm': 'PM', 'unix_timestamp': 1767632040000, 'iso_timestamp': '2026-01-05T16:54:00.000Z', 'timestamp': '01/05/2026 04:54 pm', 'time': 1014, 'time_formatted': '16:54', 'proper_unix_timestamp': 1767650040000, 'proper_iso_timestamp': '2026-01-05T21:54:00.000Z'}",01/05/2026 16:54,"{'date': '01/05/2026', 'date_formatted': '01/05/2026', 'hours': '04', 'minutes': '54', 'am_pm': 'PM', 'unix_timestamp': 1767632040000, 'iso_timestamp': '2026-01-05T16:54:00.000Z', 'timestamp': '01/05/2026 04:54 pm', 'time': 1014, 'time_formatted': '16:54', 'proper_unix_timestamp': 1767650040000, 'proper_iso_timestamp': '2026-01-05T21:54:00.000Z'}",Color,Color,Black,Black,Size,Size,XS,XS,27,27,$30.00,30,No,False,,,,,17.99,17.99,,,29.80,29.8,13.10,13.1,No,False,,,Yes,True,,,,,,,$30.00,30,$10.83,10.83,No,False
695c33078c1c28d3136b8dea,"<span class=""695c32df2bad95469c4b6b05"" data-kn=""connection-value"">运动护臂蜂窝加长防撞防摔擦伤加厚防晒专业袖套手臂护具篮足排球-淘宝网</span>","[{'id': '695c32df2bad95469c4b6b05', 'identifier': '运动护臂蜂窝加长防撞防摔擦伤加厚防晒专业袖套手臂护具篮足排球-淘宝网'}]",Active,Active,"Size XS (Adult, 133-165 lbs) / 1 Honeycomb Extended Sports Arm Sleeve, White","Size XS (Adult, 133-165 lbs) / 1 Honeycomb Extended Sports Arm Sleeve, White",,,,,,,Yes,True,,,01/05/2026 16:54,"{'date': '01/05/2026', 'date_formatted': '01/05/2026', 'hours': '04', 'minutes': '54', 'am_pm': 'PM', 'unix_timestamp': 1767632040000, 'iso_timestamp': '2026-01-05T16:54:00.000Z', 'timestamp': '01/05/2026 04:54 pm', 'time': 1014, 'time_formatted': '16:54', 'proper_unix_timestamp': 1767650040000, 'proper_iso_timestamp': '2026-01-05T21:54:00.000Z'}",01/05/2026 16:54,"{'date': '01/05/2026', 'date_formatted': '01/05/2026', 'hours': '04', 'minutes': '54', 'am_pm': 'PM', 'unix_timestamp': 1767632040000, 'iso_timestamp': '2026-01-05T16:54:00.000Z', 'timestamp': '01/05/2026 04:54 pm', 'time': 1014, 'time_formatted': '16:54', 'proper_unix_timestamp': 1767650040000, 'proper_iso_timestamp': '2026-01-05T21:54:00.000Z'}",Color,Color,White,White,Size,Size,XS,XS,27,27,$30.00,30,No,False,,,,,17.99,17.99,,,29.80,29.8,13.10,13.1,No,False,,,Yes,True,,,,,,,$30.00,30,$10.83,10.83,No,False
695c33048c1c28d3136b619b,"<span class=""695c32df2bad95469c4b6b05"" data-kn=""connection-value"">运动护臂蜂窝加长防撞防摔擦伤加厚防晒专业袖套手臂护具篮足排球-淘宝网</span>","[{'id': '695c32df2bad95469c4b6b05', 'identifier': '运动护臂蜂窝加长防撞防摔擦伤加厚防晒专业袖套手臂护具篮足排球-淘宝网'}]",Active,Active,"Size S (Adult, 166-187 lbs) / 2 Honeycomb Extended Sports Arm Sleeves, Black","Size S (Adult, 166-187 lbs) / 2 Honeycomb Extended Sports Arm Sleeves, Black",,,,,,,Yes,True,,,01/05/2026 16:54,"{'date': '01/05/2026', 'date_formatted': '01/05/2026', 'hours': '04', 'minutes': '54', 'am_pm': 'PM', 'unix_timestamp': 1767632040000, 'iso_timestamp': '2026-01-05T16:54:00.000Z', 'timestamp': '01/05/2026 04:54 pm', 'time': 1014, 'time_formatted': '16:54', 'proper_unix_timestamp': 1767650040000, 'proper_iso_timestamp': '2026-01-05T21:54:00.000Z'}",01/05/2026 16:54,"{'date': '01/05/2026', 'date_formatted': '01/05/2026', 'hours': '04', 'minutes': '54', 'am_pm': 'PM', 'unix_timestamp': 1767632040000, 'iso_timestamp': '2026-01-05T16:54:00.000Z', 'timestamp': '01/05/2026 04:54 pm', 'time': 1014, 'time_formatted': '16:54', 'proper_unix_timestamp': 1767650040000, 'proper_iso_timestamp': '2026-01-05T21:54:00.000Z'}",Color,Color,Black,Black,Size,Size,S,S,27,27,$30.00,30,No,False,,,,,17.99,17.99,,,29.80,29.8,13.10,13.1,No,False,,,Yes,True,,,,,,,$30.00,30,$10.83,10.83,No,False
695c33033b00921b6a8d06c9,"<span class=""695c32df2bad95469c4b6b05"" data-kn=""connection-value"">运动护臂蜂窝加长防撞防摔擦伤加厚防晒专业袖套手臂护具篮足排球-淘宝网</span>","[{'id': '695c32df2bad95469c4b6b05', 'identifier': '运动护臂蜂窝加长防撞防摔擦伤加厚防晒专业袖套手臂护具篮足排球-淘宝网'}]",Active,Active,"Size S (Adult, 166-187 lbs) / 2 Honeycomb Extended Sports Arm Sleeves, White","Size S (Adult, 166-187 lbs) / 2 Honeycomb Extended Sports Arm Sleeves, White",,,,,,,Yes,True,,,01/05/2026 16:54,"{'date': '01/05/2026', 'date_formatted': '01/05/2026', 'hours': '04', 'minutes': '54', 'am_pm': 'PM', 'unix_timestamp': 1767632040000, 'iso_timestamp': '2026-01-05T16:54:00.000Z', 'timestamp': '01/05/2026 04:54 pm', 'time': 1014, 'time_formatted': '16:54', 'proper_unix_timestamp': 1767650040000, 'proper_iso_timestamp': '2026-01-05T21:54:00.000Z'}",01/05/2026 16:54,"{'date': '01/05/2026', 'date_formatted': '01/05/2026', 'hours': '04', 'minutes': '54', 'am_pm': 'PM', 'unix_timestamp': 1767632040000, 'iso_timestamp': '2026-01-05T16:54:00.000Z', 'timestamp': '01/05/2026 04:54 pm', 'time': 1014, 'time_formatted': '16:54', 'proper_unix_timestamp': 1767650040000, 'proper_iso_timestamp': '2026-01-05T21:54:00.000Z'}",Color,Color,White,White,Size,Size,S,S,27,27,$30.00,30,No,False,,,,,17.99,17.99,,,29.80,29.8,13.10,13.1,No,False,,,Yes,True,,,,,,,$30.00,30,$10.83,10.83,No,False
695c330398a477987c890eaf,"<span class=""695c32df2bad95469c4b6b05"" data-kn=""connection-value"">运动护臂蜂窝加长防撞防摔擦伤加厚防晒专业袖套手臂护具篮足排球-淘宝网</span>","[{'id': '695c32df2bad95469c4b6b05', 'identifier': '运动护臂蜂窝加长防撞防摔擦伤加厚防晒专业袖套手臂护具篮足排球-淘宝网'}]",Active,Active,"Size M (Adult, 188-231 lbs) / 2 Honeycomb Extended Sports Arm Sleeves, Black","Size M (Adult, 188-231 lbs) / 2 Honeycomb Extended Sports Arm Sleeves, Black",,,,,,,Yes,True,,,01/05/2026 16:54,"{'date': '01/05/2026', 'date_formatted': '01/05/2026', 'hours': '04', 'minutes': '54', 'am_pm': 'PM', 'unix_timestamp': 1767632040000, 'iso_timestamp': '2026-01-05T16:54:00.000Z', 'timestamp': '01/05/2026 04:54 pm', 'time': 1014, 'time_formatted': '16:54', 'proper_unix_timestamp': 1767650040000, 'proper_iso_timestamp': '2026-01-05T21:54:00.000Z'}",01/05/2026 16:54,"{'date': '01/05/2026', 'date_formatted': '01/05/2026', 'hours': '04', 'minutes': '54', 'am_pm': 'PM', 'unix_timestamp': 1767632040000, 'iso_timestamp': '2026-01-05T16:54:00.000Z', 'timestamp': '01/05/2026 04:54 pm', 'time': 1014, 'time_formatted': '16:54', 'proper_unix_timestamp': 1767650040000, 'proper_iso_timestamp': '2026-01-05T21:54:00.000Z'}",Color,Color,Black,Black,Size,Size,M,M,27,27,$30.00,30,No,False,,,,,17.99,17.99,,,29.80,29.8,13.10,13.1,No,False,,,Yes,True,,,,,,,$30.00,30,$10.83,10.83,No,False
695c33032bad95469c4d836d,"<span class=""695c32df2bad95469c4b6b05"" data-kn=""connection-value"">运动护臂蜂窝加长防撞防摔擦伤加厚防晒专业袖套手臂护具篮足排球-淘宝网</span>","[{'id': '695c32df2bad95469c4b6b05', 'identifier': '运动护臂蜂窝加长防撞防摔擦伤加厚防晒专业袖套手臂护具篮足排球-淘宝网'}]",Active,Active,"M Adult (85.5-105 kg) / 2 pcs Honeycomb Extended Sports Arm Sleeve, White","M Adult (85.5-105 kg) / 2 pcs Honeycomb Extended Sports Arm Sleeve, White",,,,,,,Yes,True,,,01/05/2026 16:54,"{'date': '01/05/2026', 'date_formatted': '01/05/2026', 'hours': '04', 'minutes': '54', 'am_pm': 'PM', 'unix_timestamp': 1767632040000, 'iso_timestamp': '2026-01-05T16:54:00.000Z', 'timestamp': '01/05/2026 04:54 pm', 'time': 1014, 'time_formatted': '16:54', 'proper_unix_timestamp': 1767650040000, 'proper_iso_timestamp': '2026-01-05T21:54:00.000Z'}",01/05/2026 16:54,"{'date': '01/05/2026', 'date_formatted': '01/05/2026', 'hours': '04', 'minutes': '54', 'am_pm': 'PM', 'unix_timestamp': 1767632040000, 'iso_timestamp': '2026-01-05T16:54:00.000Z', 'timestamp': '01/05/2026 04:54 pm', 'time': 1014, 'time_formatted': '16:54', 'proper_unix_timestamp': 1767650040000, 'proper_iso_timestamp': '2026-01-05T21:54:00.000Z'}",Color,Color,White,White,Size,Size,M,M,27,27,$30.00,30,No,False,,,,,17.99,17.99,,,29.80,29.8,13.10,13.1,No,False,,,Yes,True,,,,,,,$30.00,30,$10.83,10.83,No,False
695c33029f7a5671351ea871,"<span class=""695c32df2bad95469c4b6b05"" data-kn=""connection-value"">运动护臂蜂窝加长防撞防摔擦伤加厚防晒专业袖套手臂护具篮足排球-淘宝网</span>","[{'id': '695c32df2bad95469c4b6b05', 'identifier': '运动护臂蜂窝加长防撞防摔擦伤加厚防晒专业袖套手臂护具篮足排球-淘宝网'}]",Active,Active,"L Adult (105.5-125 kg) / 1 pc Honeycomb Extended Sports Arm Sleeve, Black","L Adult (105.5-125 kg) / 1 pc Honeycomb Extended Sports Arm Sleeve, Black",,,,,,,Yes,True,,,01/05/2026 16:54,"{'date': '01/05/2026', 'date_formatted': '01/05/2026', 'hours': '04', 'minutes': '54', 'am_pm': 'PM', 'unix_timestamp': 1767632040000, 'iso_timestamp': '2026-01-05T16:54:00.000Z', 'timestamp': '01/05/2026 04:54 pm', 'time': 1014, 'time_formatted': '16:54', 'proper_unix_timestamp': 1767650040000, 'proper_iso_timestamp': '2026-01-05T21:54:00.000Z'}",01/05/2026 16:54,"{'date': '01/05/2026', 'date_formatted': '01/05/2026', 'hours': '04', 'minutes': '54', 'am_pm': 'PM', 'unix_timestamp': 1767632040000, 'iso_timestamp': '2026-01-05T16:54:00.000Z', 'timestamp': '01/05/2026 04:54 pm', 'time': 1014, 'time_formatted': '16:54', 'proper_unix_timestamp': 1767650040000, 'proper_iso_timestamp': '2026-01-05T21:54:00.000Z'}",Color,Color,Black,Black,Size,Size,L,L,27,27,$30.00,30,No,False,,,,,17.99,17.99,,,29.80,29.8,13.10,13.1,No,False,,,Yes,True,,,,,,,$30.00,30,$10.83,10.83,No,False
695c3301640fbe6a1fcfaab2,"<span class=""695c32df2bad95469c4b6b05"" data-kn=""connection-value"">运动护臂蜂窝加长防撞防摔擦伤加厚防晒专业袖套手臂护具篮足排球-淘宝网</span>","[{'id': '695c32df2bad95469c4b6b05', 'identifier': '运动护臂蜂窝加长防撞防摔擦伤加厚防晒专业袖套手臂护具篮足排球-淘宝网'}]",Active,Active,"L Adult (105.5-125 kg) / 1 pc Honeycomb Extended Sports Arm Sleeve, White","L Adult (105.5-125 kg) / 1 pc Honeycomb Extended Sports Arm Sleeve, White",,,,,,,Yes,True,,,01/05/2026 16:54,"{'date': '01/05/2026', 'date_formatted': '01/05/2026', 'hours': '04', 'minutes': '54', 'am_pm': 'PM', 'unix_timestamp': 1767632040000, 'iso_timestamp': '2026-01-05T16:54:00.000Z', 'timestamp': '01/05/2026 04:54 pm', 'time': 1014, 'time_formatted': '16:54', 'proper_unix_timestamp': 1767650040000, 'proper_iso_timestamp': '2026-01-05T21:54:00.000Z'}",01/05/2026 16:54,"{'date': '01/05/2026', 'date_formatted': '01/05/2026', 'hours': '04', 'minutes': '54', 'am_pm': 'PM', 'unix_timestamp': 1767632040000, 'iso_timestamp': '2026-01-05T16:54:00.000Z', 'timestamp': '01/05/2026 04:54 pm', 'time': 1014, 'time_formatted': '16:54', 'proper_unix_timestamp': 1767650040000, 'proper_iso_timestamp': '2026-01-05T21:54:00.000Z'}",Color,Color,White,White,Size,Size,L,L,27,27,$30.00,30,No,False,,,,,17.99,17.99,,,29.80,29.8,13.10,13.1,No,False,,,Yes,True,,,,,,,$30.00,30,$10.83,10.83,No,False
695c33016e9e39d7e37ee6de,"<span class=""695c32defc2883b5640f6c9a"" data-kn=""connection-value"">Speedqb护具套装成人滑板下场护膝护肘护掌SQB水弹酷峰CNSQB竞技-淘宝网</span>","[{'id': '695c32defc2883b5640f6c9a', 'identifier': 'Speedqb护具套装成人滑板下场护膝护肘护掌SQB水弹酷峰CNSQB竞技-淘宝网'}]",Active,Active,Kufeng Knee Pads & Elbow Pads 150-210,Kufeng Knee Pads & Elbow Pads 150-210,,,,,,,Yes,True,,,01/05/2026 16:54,"{'date': '01/05/2026', 'date_formatted': '01/05/2026', 'hours': '04', 'minutes': '54', 'am_pm': 'PM', 'unix_timestamp': 1767632040000, 'iso_timestamp': '2026-01-05T16:54:00.000Z', 'timestamp': '01/05/2026 04:54 pm', 'time': 1014, 'time_formatted': '16:54', 'proper_unix_timestamp': 1767650040000, 'proper_iso_timestamp': '2026-01-05T21:54:00.000Z'}",01/05/2026 16:54,"{'date': '01/05/2026', 'date_formatted': '01/05/2026', 'hours': '04', 'minutes': '54', 'am_pm': 'PM', 'unix_timestamp': 1767632040000, 'iso_timestamp': '2026-01-05T16:54:00.000Z', 'timestamp': '01/05/2026 04:54 pm', 'time': 1014, 'time_formatted': '16:54', 'proper_unix_timestamp': 1767650040000, 'proper_iso_timestamp': '2026-01-05T21:54:00.000Z'}",Style,Style,Kufeng Knee Pads & Elbow Pads 150-210,Kufeng Knee Pads & Elbow Pads 150-210,,,,,700,700,$30.00,30,No,False,,,,,230.99,230.99,,,30.00,30,13.30,13.3,No,False,,,Yes,True,,,,,,,$30.00,30,$138.70,138.7,No,False
695c3300f4bf2f7ec137d67c,"<span class=""695c32defc2883b5640f6c9a"" data-kn=""connection-value"">Speedqb护具套装成人滑板下场护膝护肘护掌SQB水弹酷峰CNSQB竞技-淘宝网</span>","[{'id': '695c32defc2883b5640f6c9a', 'identifier': 'Speedqb护具套装成人滑板下场护膝护肘护掌SQB水弹酷峰CNSQB竞技-淘宝网'}]",Active,Active,Unbranded Black Knee Pads (110-160 lbs),Unbranded Black Knee Pads (110-160 lbs),,,,,,,Yes,True,,,01/05/2026 16:54,"{'date': '01/05/2026', 'date_formatted': '01/05/2026', 'hours': '04', 'minutes': '54', 'am_pm': 'PM', 'unix_timestamp': 1767632040000, 'iso_timestamp': '2026-01-05T16:54:00.000Z', 'timestamp': '01/05/2026 04:54 pm', 'time': 1014, 'time_formatted': '16:54', 'proper_unix_timestamp': 1767650040000, 'proper_iso_timestamp': '2026-01-05T21:54:00.000Z'}",01/05/2026 16:54,"{'date': '01/05/2026', 'date_formatted': '01/05/2026', 'hours': '04', 'minutes': '54', 'am_pm': 'PM', 'unix_timestamp': 1767632040000, 'iso_timestamp': '2026-01-05T16:54:00.000Z', 'timestamp': '01/05/2026 04:54 pm', 'time': 1014, 'time_formatted': '16:54', 'proper_unix_timestamp': 1767650040000, 'proper_iso_timestamp': '2026-01-05T21:54:00.000Z'}",Color,Color,Black,Black,,,,,700,700,$30.00,30,No,False,,,,,230.99,230.99,,,30.00,30,13.30,13.3,No,False,,,Yes,True,,,,,,,$30.00,30,$138.70,138.7,No,False
695c3300612ae4b6294b9581,"<span class=""695c32defc2883b5640f6c9a"" data-kn=""connection-value"">Speedqb护具套装成人滑板下场护膝护肘护掌SQB水弹酷峰CNSQB竞技-淘宝网</span>","[{'id': '695c32defc2883b5640f6c9a', 'identifier': 'Speedqb护具套装成人滑板下场护膝护肘护掌SQB水弹酷峰CNSQB竞技-淘宝网'}]",Active,Active,"Grey-Black Knee, Elbow, and Palm Pads (110-150 lbs)","Grey-Black Knee, Elbow, and Palm Pads (110-150 lbs)",,,,,,,Yes,True,,,01/05/2026 16:54,"{'date': '01/05/2026', 'date_formatted': '01/05/2026', 'hours': '04', 'minutes': '54', 'am_pm': 'PM', 'unix_timestamp': 1767632040000, 'iso_timestamp': '2026-01-05T16:54:00.000Z', 'timestamp': '01/05/2026 04:54 pm', 'time': 1014, 'time_formatted': '16:54', 'proper_unix_timestamp': 1767650040000, 'proper_iso_timestamp': '2026-01-05T21:54:00.000Z'}",01/05/2026 16:54,"{'date': '01/05/2026', 'date_formatted': '01/05/2026', 'hours': '04', 'minutes': '54', 'am_pm': 'PM', 'unix_timestamp': 1767632040000, 'iso_timestamp': '2026-01-05T16:54:00.000Z', 'timestamp': '01/05/2026 04:54 pm', 'time': 1014, 'time_formatted': '16:54', 'proper_unix_timestamp': 1767650040000, 'proper_iso_timestamp': '2026-01-05T21:54:00.000Z'}",Color,Color,Grey,Grey,,,,,700,700,$30.00,30,No,False,,,,,230.99,230.99,,,30.00,30,13.30,13.3,No,False,,,Yes,True,,,,,,,$30.00,30,$138.70,138.7,No,False
695c32ffcd0d7527390a7b01,"<span class=""695c32e34e794334fd508ed7"" data-kn=""connection-value"">战术头盔夜视仪翻斗车支架加装运动相机连接支架头盔配件-淘宝网</span>","[{'id': '695c32e34e794334fd508ed7', 'identifier': '战术头盔夜视仪翻斗车支架加装运动相机连接支架头盔配件-淘宝网'}]",Active,Active,Black,Black,,,,,,,Yes,True,,,01/05/2026 16:54,"{'date': '01/05/2026', 'date_formatted': '01/05/2026', 'hours': '04', 'minutes': '54', 'am_pm': 'PM', 'unix_timestamp': 1767632040000, 'iso_timestamp': '2026-01-05T16:54:00.000Z', 'timestamp': '01/05/2026 04:54 pm', 'time': 1014, 'time_formatted': '16:54', 'proper_unix_timestamp': 1767650040000, 'proper_iso_timestamp': '2026-01-05T21:54:00.000Z'}",01/05/2026 16:54,"{'date': '01/05/2026', 'date_formatted': '01/05/2026', 'hours': '04', 'minutes': '54', 'am_pm': 'PM', 'unix_timestamp': 1767632040000, 'iso_timestamp': '2026-01-05T16:54:00.000Z', 'timestamp': '01/05/2026 04:54 pm', 'time': 1014, 'time_formatted': '16:54', 'proper_unix_timestamp': 1767650040000, 'proper_iso_timestamp': '2026-01-05T21:54:00.000Z'}",Color,Color,Black,Black,,,,,23,23,$30.00,30,No,False,,,,,16.99,16.99,,,30.70,30.7,14.10,14.1,No,False,,,Yes,True,,,,,,,$30.00,30,$10.07,10.07,No,False
695c32ff66d8ef040cfb574f,"<span class=""695c32e8bde2c63e6cae0ebb"" data-kn=""connection-value"">俄罗斯小绿人搭配防尘防雾战术防风骑行军迷户外头套卡其色绿色-淘宝网</span>","[{'id': '695c32e8bde2c63e6cae0ebb', 'identifier': '俄罗斯小绿人搭配防尘防雾战术防风骑行军迷户外头套卡其色绿色-淘宝网'}]",Active,Active,Tan,Tan,,,,,,,Yes,True,,,01/05/2026 16:54,"{'date': '01/05/2026', 'date_formatted': '01/05/2026', 'hours': '04', 'minutes': '54', 'am_pm': 'PM', 'unix_timestamp': 1767632040000, 'iso_timestamp': '2026-01-05T16:54:00.000Z', 'timestamp': '01/05/2026 04:54 pm', 'time': 1014, 'time_formatted': '16:54', 'proper_unix_timestamp': 1767650040000, 'proper_iso_timestamp': '2026-01-05T21:54:00.000Z'}",01/05/2026 16:54,"{'date': '01/05/2026', 'date_formatted': '01/05/2026', 'hours': '04', 'minutes': '54', 'am_pm': 'PM', 'unix_timestamp': 1767632040000, 'iso_timestamp': '2026-01-05T16:54:00.000Z', 'timestamp': '01/05/2026 04:54 pm', 'time': 1014, 'time_formatted': '16:54', 'proper_unix_timestamp': 1767650040000, 'proper_iso_timestamp': '2026-01-05T21:54:00.000Z'}",Color,Color,Tan,Tan,,,,,1000,1000,$30.00,30,No,False,,,,,325.99,325.99,,,30.00,30,13.30,13.3,No,False,,,Yes,True,,,,,,,$30.00,30,$195.70,195.7,No,False
695c32fece97e160f96cbf02,"<span class=""695c32e7bde2c63e6cadfe4d"" data-kn=""connection-value"">KUBLAI库拜来P1N23456789/ZY通用进出气阀扳手钥匙拆装工具不锈钢-淘宝网</span>","[{'id': '695c32e7bde2c63e6cadfe4d', 'identifier': 'KUBLAI库拜来P1N23456789/ZY通用进出气阀扳手钥匙拆装工具不锈钢-淘宝网'}]",Active,Active,Wrench + 2 Sets O-rings,Wrench + 2 Sets O-rings,,,,,,,Yes,True,,,01/05/2026 16:54,"{'date': '01/05/2026', 'date_formatted': '01/05/2026', 'hours': '04', 'minutes': '54', 'am_pm': 'PM', 'unix_timestamp': 1767632040000, 'iso_timestamp': '2026-01-05T16:54:00.000Z', 'timestamp': '01/05/2026 04:54 pm', 'time': 1014, 'time_formatted': '16:54', 'proper_unix_timestamp': 1767650040000, 'proper_iso_timestamp': '2026-01-05T21:54:00.000Z'}",01/05/2026 16:54,"{'date': '01/05/2026', 'date_formatted': '01/05/2026', 'hours': '04', 'minutes': '54', 'am_pm': 'PM', 'unix_timestamp': 1767632040000, 'iso_timestamp': '2026-01-05T16:54:00.000Z', 'timestamp': '01/05/2026 04:54 pm', 'time': 1014, 'time_formatted': '16:54', 'proper_unix_timestamp': 1767650040000, 'proper_iso_timestamp': '2026-01-05T21:54:00.000Z'}",Style,Style,Wrench + 2 Sets O-rings,Wrench + 2 Sets O-rings,,,,,800,800,$30.00,30,No,False,,,,,262.99,262.99,,,30.00,30,13.40,13.4,No,False,,,Yes,True,,,,,,,$30.00,30,$157.70,157.7,No,False
695c32fece1739befd1ddc87,"<span class=""695c32e228a735d447d28db3"" data-kn=""connection-value"">陌歌 户外M67手雷烟雾模型挂件 可拉环可拆卸 COS装扮 仿真道具-淘宝网</span>","[{'id': '695c32e228a735d447d28db3', 'identifier': '陌歌 户外M67手雷烟雾模型挂件 可拉环可拆卸 COS装扮 仿真道具-淘宝网'}]",Active,Active,Grenade Single Pendant [Black],Grenade Single Pendant [Black],,,,,,,Yes,True,,,01/05/2026 16:54,"{'date': '01/05/2026', 'date_formatted': '01/05/2026', 'hours': '04', 'minutes': '54', 'am_pm': 'PM', 'unix_timestamp': 1767632040000, 'iso_timestamp': '2026-01-05T16:54:00.000Z', 'timestamp': '01/05/2026 04:54 pm', 'time': 1014, 'time_formatted': '16:54', 'proper_unix_timestamp': 1767650040000, 'proper_iso_timestamp': '2026-01-05T21:54:00.000Z'}",01/05/2026 16:54,"{'date': '01/05/2026', 'date_formatted': '01/05/2026', 'hours': '04', 'minutes': '54', 'am_pm': 'PM', 'unix_timestamp': 1767632040000, 'iso_timestamp': '2026-01-05T16:54:00.000Z', 'timestamp': '01/05/2026 04:54 pm', 'time': 1014, 'time_formatted': '16:54', 'proper_unix_timestamp': 1767650040000, 'proper_iso_timestamp': '2026-01-05T21:54:00.000Z'}",Color,Color,Black,Black,,,,,25,25,$30.00,30,No,False,,,,,16.99,16.99,,,28.50,28.5,11.70,11.7,No,False,,,Yes,True,,,,,,,$30.00,30,$10.45,10.45,No,False
695c32fe9cd3039a824d966b,"<span class=""695c32e228a735d447d28db3"" data-kn=""connection-value"">陌歌 户外M67手雷烟雾模型挂件 可拉环可拆卸 COS装扮 仿真道具-淘宝网</span>","[{'id': '695c32e228a735d447d28db3', 'identifier': '陌歌 户外M67手雷烟雾模型挂件 可拉环可拆卸 COS装扮 仿真道具-淘宝网'}]",Active,Active,Grenade Single Pendant [Tan],Grenade Single Pendant [Tan],,,,,,,Yes,True,,,01/05/2026 16:54,"{'date': '01/05/2026', 'date_formatted': '01/05/2026', 'hours': '04', 'minutes': '54', 'am_pm': 'PM', 'unix_timestamp': 1767632040000, 'iso_timestamp': '2026-01-05T16:54:00.000Z', 'timestamp': '01/05/2026 04:54 pm', 'time': 1014, 'time_formatted': '16:54', 'proper_unix_timestamp': 1767650040000, 'proper_iso_timestamp': '2026-01-05T21:54:00.000Z'}",01/05/2026 16:54,"{'date': '01/05/2026', 'date_formatted': '01/05/2026', 'hours': '04', 'minutes': '54', 'am_pm': 'PM', 'unix_timestamp': 1767632040000, 'iso_timestamp': '2026-01-05T16:54:00.000Z', 'timestamp': '01/05/2026 04:54 pm', 'time': 1014, 'time_formatted': '16:54', 'proper_unix_timestamp': 1767650040000, 'proper_iso_timestamp': '2026-01-05T21:54:00.000Z'}",Color,Color,Tan,Tan,,,,,25,25,$30.00,30,No,False,,,,,16.99,16.99,,,28.50,28.5,11.70,11.7,No,False,,,Yes,True,,,,,,,$30.00,30,$10.45,10.45,No,False
695c32fd612ae4b6294b4d1f,"<span class=""695c32e228a735d447d28db3"" data-kn=""connection-value"">陌歌 户外M67手雷烟雾模型挂件 可拉环可拆卸 COS装扮 仿真道具-淘宝网</span>","[{'id': '695c32e228a735d447d28db3', 'identifier': '陌歌 户外M67手雷烟雾模型挂件 可拉环可拆卸 COS装扮 仿真道具-淘宝网'}]",Active,Active,Smoke Grenade Single Pendant [Black],Smoke Grenade Single Pendant [Black],,,,,,,Yes,True,,,01/05/2026 16:54,"{'date': '01/05/2026', 'date_formatted': '01/05/2026', 'hours': '04', 'minutes': '54', 'am_pm': 'PM', 'unix_timestamp': 1767632040000, 'iso_timestamp': '2026-01-05T16:54:00.000Z', 'timestamp': '01/05/2026 04:54 pm', 'time': 1014, 'time_formatted': '16:54', 'proper_unix_timestamp': 1767650040000, 'proper_iso_timestamp': '2026-01-05T21:54:00.000Z'}",01/05/2026 16:54,"{'date': '01/05/2026', 'date_formatted': '01/05/2026', 'hours': '04', 'minutes': '54', 'am_pm': 'PM', 'unix_timestamp': 1767632040000, 'iso_timestamp': '2026-01-05T16:54:00.000Z', 'timestamp': '01/05/2026 04:54 pm', 'time': 1014, 'time_formatted': '16:54', 'proper_unix_timestamp': 1767650040000, 'proper_iso_timestamp': '2026-01-05T21:54:00.000Z'}",Color,Color,Black,Black,,,,,25,25,$30.00,30,No,False,,,,,16.99,16.99,,,28.50,28.5,11.70,11.7,No,False,,,Yes,True,,,,,,,$30.00,30,$10.45,10.45,No,False
695c32fde6dc4049730b8568,"<span class=""695c32e228a735d447d28db3"" data-kn=""connection-value"">陌歌 户外M67手雷烟雾模型挂件 可拉环可拆卸 COS装扮 仿真道具-淘宝网</span>","[{'id': '695c32e228a735d447d28db3', 'identifier': '陌歌 户外M67手雷烟雾模型挂件 可拉环可拆卸 COS装扮 仿真道具-淘宝网'}]",Active,Active,Smoke Grenade Single Pendant [Tan],Smoke Grenade Single Pendant [Tan],,,,,,,Yes,True,,,01/05/2026 16:54,"{'date': '01/05/2026', 'date_formatted': '01/05/2026', 'hours': '04', 'minutes': '54', 'am_pm': 'PM', 'unix_timestamp': 1767632040000, 'iso_timestamp': '2026-01-05T16:54:00.000Z', 'timestamp': '01/05/2026 04:54 pm', 'time': 1014, 'time_formatted': '16:54', 'proper_unix_timestamp': 1767650040000, 'proper_iso_timestamp': '2026-01-05T21:54:00.000Z'}",01/05/2026 16:54,"{'date': '01/05/2026', 'date_formatted': '01/05/2026', 'hours': '04', 'minutes': '54', 'am_pm': 'PM', 'unix_timestamp': 1767632040000, 'iso_timestamp': '2026-01-05T16:54:00.000Z', 'timestamp': '01/05/2026 04:54 pm', 'time': 1014, 'time_formatted': '16:54', 'proper_unix_timestamp': 1767650040000, 'proper_iso_timestamp': '2026-01-05T21:54:00.000Z'}",Color,Color,Tan,Tan,,,,,54,54,$30.00,30,No,False,,,,,26.99,26.99,,,30.90,30.9,14.30,14.3,No,False,,,Yes,True,,,,,,,$30.00,30,$15.96,15.96,No,False
695c32fc2bad95469c4d262e,"<span class=""695c32e228a735d447d28db3"" data-kn=""connection-value"">陌歌 户外M67手雷烟雾模型挂件 可拉环可拆卸 COS装扮 仿真道具-淘宝网</span>","[{'id': '695c32e228a735d447d28db3', 'identifier': '陌歌 户外M67手雷烟雾模型挂件 可拉环可拆卸 COS装扮 仿真道具-淘宝网'}]",Active,Active,"For sets or models, please contact customer service or visit the store.","For sets or models, please contact customer service or visit the store.",,,,,,,Yes,True,,,01/05/2026 16:54,"{'date': '01/05/2026', 'date_formatted': '01/05/2026', 'hours': '04', 'minutes': '54', 'am_pm': 'PM', 'unix_timestamp': 1767632040000, 'iso_timestamp': '2026-01-05T16:54:00.000Z', 'timestamp': '01/05/2026 04:54 pm', 'time': 1014, 'time_formatted': '16:54', 'proper_unix_timestamp': 1767650040000, 'proper_iso_timestamp': '2026-01-05T21:54:00.000Z'}",01/05/2026 16:54,"{'date': '01/05/2026', 'date_formatted': '01/05/2026', 'hours': '04', 'minutes': '54', 'am_pm': 'PM', 'unix_timestamp': 1767632040000, 'iso_timestamp': '2026-01-05T16:54:00.000Z', 'timestamp': '01/05/2026 04:54 pm', 'time': 1014, 'time_formatted': '16:54', 'proper_unix_timestamp': 1767650040000, 'proper_iso_timestamp': '2026-01-05T21:54:00.000Z'}",Style,Style,"For sets or models, please contact customer service or visit the store.","For sets or models, please contact customer service or visit the store.",,,,,25,25,$30.00,30,No,False,,,,,16.99,16.99,,,28.50,28.5,11.70,11.7,No,False,,,Yes,True,,,,,,,$30.00,30,$10.45,10.45,No,False
695c32fc3b00921b6a8c7df7,"<span class=""695c32e6c71160ba194b2f65"" data-kn=""connection-value"">战术背心通用型MOLLE系统手机导航面板包胸口PDA包户外多功能胸包-淘宝网</span>","[{'id': '695c32e6c71160ba194b2f65', 'identifier': '战术背心通用型MOLLE系统手机导航面板包胸口PDA包户外多功能胸包-淘宝网'}]",Active,Active,Cordura MC Camo CP Camo,Cordura MC Camo CP Camo,,,,,,,Yes,True,,,01/05/2026 16:54,"{'date': '01/05/2026', 'date_formatted': '01/05/2026', 'hours': '04', 'minutes': '54', 'am_pm': 'PM', 'unix_timestamp': 1767632040000, 'iso_timestamp': '2026-01-05T16:54:00.000Z', 'timestamp': '01/05/2026 04:54 pm', 'time': 1014, 'time_formatted': '16:54', 'proper_unix_timestamp': 1767650040000, 'proper_iso_timestamp': '2026-01-05T21:54:00.000Z'}",01/05/2026 16:54,"{'date': '01/05/2026', 'date_formatted': '01/05/2026', 'hours': '04', 'minutes': '54', 'am_pm': 'PM', 'unix_timestamp': 1767632040000, 'iso_timestamp': '2026-01-05T16:54:00.000Z', 'timestamp': '01/05/2026 04:54 pm', 'time': 1014, 'time_formatted': '16:54', 'proper_unix_timestamp': 1767650040000, 'proper_iso_timestamp': '2026-01-05T21:54:00.000Z'}",Color,Color,CP Camo,CP Camo,,,,,63,63,$30.00,30,No,False,,,,,28.99,28.99,,,29.00,29,12.30,12.3,No,False,,,Yes,True,,,,,,,$30.00,30,$17.67,17.67,No,False
695c32fb5dd70f9684dd9104,"<span class=""695c32e6c71160ba194b2f65"" data-kn=""connection-value"">战术背心通用型MOLLE系统手机导航面板包胸口PDA包户外多功能胸包-淘宝网</span>","[{'id': '695c32e6c71160ba194b2f65', 'identifier': '战术背心通用型MOLLE系统手机导航面板包胸口PDA包户外多功能胸包-淘宝网'}]",Active,Active,Cordura Night Camo BCP,Cordura Night Camo BCP,,,,,,,Yes,True,,,01/05/2026 16:54,"{'date': '01/05/2026', 'date_formatted': '01/05/2026', 'hours': '04', 'minutes': '54', 'am_pm': 'PM', 'unix_timestamp': 1767632040000, 'iso_timestamp': '2026-01-05T16:54:00.000Z', 'timestamp': '01/05/2026 04:54 pm', 'time': 1014, 'time_formatted': '16:54', 'proper_unix_timestamp': 1767650040000, 'proper_iso_timestamp': '2026-01-05T21:54:00.000Z'}",01/05/2026 16:54,"{'date': '01/05/2026', 'date_formatted': '01/05/2026', 'hours': '04', 'minutes': '54', 'am_pm': 'PM', 'unix_timestamp': 1767632040000, 'iso_timestamp': '2026-01-05T16:54:00.000Z', 'timestamp': '01/05/2026 04:54 pm', 'time': 1014, 'time_formatted': '16:54', 'proper_unix_timestamp': 1767650040000, 'proper_iso_timestamp': '2026-01-05T21:54:00.000Z'}",Color,Color,BCP,BCP,,,,,63,63,$30.00,30,No,False,,,,,28.99,28.99,,,29.00,29,12.30,12.3,No,False,,,Yes,True,,,,,,,$30.00,30,$17.67,17.67,No,False
695c32fb3b00921b6a8c7be4,"<span class=""695c32e6c71160ba194b2f65"" data-kn=""connection-value"">战术背心通用型MOLLE系统手机导航面板包胸口PDA包户外多功能胸包-淘宝网</span>","[{'id': '695c32e6c71160ba194b2f65', 'identifier': '战术背心通用型MOLLE系统手机导航面板包胸口PDA包户外多功能胸包-淘宝网'}]",Active,Active,Cordura Black BK,Cordura Black BK,,,,,,,Yes,True,,,01/05/2026 16:54,"{'date': '01/05/2026', 'date_formatted': '01/05/2026', 'hours': '04', 'minutes': '54', 'am_pm': 'PM', 'unix_timestamp': 1767632040000, 'iso_timestamp': '2026-01-05T16:54:00.000Z', 'timestamp': '01/05/2026 04:54 pm', 'time': 1014, 'time_formatted': '16:54', 'proper_unix_timestamp': 1767650040000, 'proper_iso_timestamp': '2026-01-05T21:54:00.000Z'}",01/05/2026 16:54,"{'date': '01/05/2026', 'date_formatted': '01/05/2026', 'hours': '04', 'minutes': '54', 'am_pm': 'PM', 'unix_timestamp': 1767632040000, 'iso_timestamp': '2026-01-05T16:54:00.000Z', 'timestamp': '01/05/2026 04:54 pm', 'time': 1014, 'time_formatted': '16:54', 'proper_unix_timestamp': 1767650040000, 'proper_iso_timestamp': '2026-01-05T21:54:00.000Z'}",Color,Color,Black,Black,,,,,53,53,$30.00,30,No,False,,,,,25.99,25.99,,,29.30,29.3,12.60,12.6,No,False,,,Yes,True,,,,,,,$30.00,30,$15.77,15.77,No,False
695c32faf6f9dc54041b7a36,"<span class=""695c32e6c71160ba194b2f65"" data-kn=""connection-value"">战术背心通用型MOLLE系统手机导航面板包胸口PDA包户外多功能胸包-淘宝网</span>","[{'id': '695c32e6c71160ba194b2f65', 'identifier': '战术背心通用型MOLLE系统手机导航面板包胸口PDA包户外多功能胸包-淘宝网'}]",Active,Active,Cordura Wolf Grey WG,Cordura Wolf Grey WG,,,,,,,Yes,True,,,01/05/2026 16:54,"{'date': '01/05/2026', 'date_formatted': '01/05/2026', 'hours': '04', 'minutes': '54', 'am_pm': 'PM', 'unix_timestamp': 1767632040000, 'iso_timestamp': '2026-01-05T16:54:00.000Z', 'timestamp': '01/05/2026 04:54 pm', 'time': 1014, 'time_formatted': '16:54', 'proper_unix_timestamp': 1767650040000, 'proper_iso_timestamp': '2026-01-05T21:54:00.000Z'}",01/05/2026 16:54,"{'date': '01/05/2026', 'date_formatted': '01/05/2026', 'hours': '04', 'minutes': '54', 'am_pm': 'PM', 'unix_timestamp': 1767632040000, 'iso_timestamp': '2026-01-05T16:54:00.000Z', 'timestamp': '01/05/2026 04:54 pm', 'time': 1014, 'time_formatted': '16:54', 'proper_unix_timestamp': 1767650040000, 'proper_iso_timestamp': '2026-01-05T21:54:00.000Z'}",Color,Color,Wolf Grey,Wolf Grey,,,,,53,53,$30.00,30,No,False,,,,,25.99,25.99,,,29.30,29.3,12.60,12.6,No,False,,,Yes,True,,,,,,,$30.00,30,$15.77,15.77,No,False
695c32fa640fbe6a1fcf1b5b,"<span class=""695c32e6c71160ba194b2f65"" data-kn=""connection-value"">战术背心通用型MOLLE系统手机导航面板包胸口PDA包户外多功能胸包-淘宝网</span>","[{'id': '695c32e6c71160ba194b2f65', 'identifier': '战术背心通用型MOLLE系统手机导航面板包胸口PDA包户外多功能胸包-淘宝网'}]",Active,Active,Cordura Ranger Green RG,Cordura Ranger Green RG,,,,,,,Yes,True,,,01/05/2026 16:54,"{'date': '01/05/2026', 'date_formatted': '01/05/2026', 'hours': '04', 'minutes': '54', 'am_pm': 'PM', 'unix_timestamp': 1767632040000, 'iso_timestamp': '2026-01-05T16:54:00.000Z', 'timestamp': '01/05/2026 04:54 pm', 'time': 1014, 'time_formatted': '16:54', 'proper_unix_timestamp': 1767650040000, 'proper_iso_timestamp': '2026-01-05T21:54:00.000Z'}",01/05/2026 16:54,"{'date': '01/05/2026', 'date_formatted': '01/05/2026', 'hours': '04', 'minutes': '54', 'am_pm': 'PM', 'unix_timestamp': 1767632040000, 'iso_timestamp': '2026-01-05T16:54:00.000Z', 'timestamp': '01/05/2026 04:54 pm', 'time': 1014, 'time_formatted': '16:54', 'proper_unix_timestamp': 1767650040000, 'proper_iso_timestamp': '2026-01-05T21:54:00.000Z'}",Color,Color,Ranger Green,Ranger Green,,,,,53,53,$30.00,30,No,False,,,,,25.99,25.99,,,29.30,29.3,12.60,12.6,No,False,,,Yes,True,,,,,,,$30.00,30,$15.77,15.77,No,False
695c32f94702b73a645e98e5,"<span class=""695c32e6c71160ba194b2f65"" data-kn=""connection-value"">战术背心通用型MOLLE系统手机导航面板包胸口PDA包户外多功能胸包-淘宝网</span>","[{'id': '695c32e6c71160ba194b2f65', 'identifier': '战术背心通用型MOLLE系统手机导航面板包胸口PDA包户外多功能胸包-淘宝网'}]",Active,Active,Cordura Coyote Brown CB,Cordura Coyote Brown CB,,,,,,,Yes,True,,,01/05/2026 16:54,"{'date': '01/05/2026', 'date_formatted': '01/05/2026', 'hours': '04', 'minutes': '54', 'am_pm': 'PM', 'unix_timestamp': 1767632040000, 'iso_timestamp': '2026-01-05T16:54:00.000Z', 'timestamp': '01/05/2026 04:54 pm', 'time': 1014, 'time_formatted': '16:54', 'proper_unix_timestamp': 1767650040000, 'proper_iso_timestamp': '2026-01-05T21:54:00.000Z'}",01/05/2026 16:54,"{'date': '01/05/2026', 'date_formatted': '01/05/2026', 'hours': '04', 'minutes': '54', 'am_pm': 'PM', 'unix_timestamp': 1767632040000, 'iso_timestamp': '2026-01-05T16:54:00.000Z', 'timestamp': '01/05/2026 04:54 pm', 'time': 1014, 'time_formatted': '16:54', 'proper_unix_timestamp': 1767650040000, 'proper_iso_timestamp': '2026-01-05T21:54:00.000Z'}",Color,Color,Coyote,Coyote,,,,,53,53,$30.00,30,No,False,,,,,25.99,25.99,,,29.30,29.3,12.60,12.6,No,False,,,Yes,True,,,,,,,$30.00,30,$15.77,15.77,No,False
695c32f93b00921b6a8c4b07,"<span class=""695c32dbc71160ba194aa001"" data-kn=""connection-value"">WoSporT K系列头盔电池迷彩副包 兼容盔布PVS-31电池配件配重副包-淘宝网</span>","[{'id': '695c32dbc71160ba194aa001', 'identifier': 'WoSporT K系列头盔电池迷彩副包 兼容盔布PVS-31电池配件配重副包-淘宝网'}]",Active,Active,CP Camo,CP Camo,,,,,,,Yes,True,,,01/05/2026 16:54,"{'date': '01/05/2026', 'date_formatted': '01/05/2026', 'hours': '04', 'minutes': '54', 'am_pm': 'PM', 'unix_timestamp': 1767632040000, 'iso_timestamp': '2026-01-05T16:54:00.000Z', 'timestamp': '01/05/2026 04:54 pm', 'time': 1014, 'time_formatted': '16:54', 'proper_unix_timestamp': 1767650040000, 'proper_iso_timestamp': '2026-01-05T21:54:00.000Z'}",01/05/2026 16:54,"{'date': '01/05/2026', 'date_formatted': '01/05/2026', 'hours': '04', 'minutes': '54', 'am_pm': 'PM', 'unix_timestamp': 1767632040000, 'iso_timestamp': '2026-01-05T16:54:00.000Z', 'timestamp': '01/05/2026 04:54 pm', 'time': 1014, 'time_formatted': '16:54', 'proper_unix_timestamp': 1767650040000, 'proper_iso_timestamp': '2026-01-05T21:54:00.000Z'}",Color,Color,CP Camo,CP Camo,,,,,16,16,$30.00,30,No,False,,,,,14.99,14.99,,,31.70,31.7,15.20,15.2,No,False,,,Yes,True,,,,,,,$30.00,30,$8.74,8.74,No,False
695c32f96e9e39d7e37ea75c,"<span class=""695c32e47051e7c1034c7e89"" data-kn=""connection-value"">Artex户外浪人战术腰带套装多功能组合巡逻腰封可拆卸调节腰带-淘宝网</span>","[{'id': '695c32e47051e7c1034c7e89', 'identifier': 'Artex户外浪人战术腰带套装多功能组合巡逻腰封可拆卸调节腰带-淘宝网'}]",Active,Active,One Size / Full Black Set (85-125cm),One Size / Full Black Set (85-125cm),,,,,,,Yes,True,,,01/05/2026 16:54,"{'date': '01/05/2026', 'date_formatted': '01/05/2026', 'hours': '04', 'minutes': '54', 'am_pm': 'PM', 'unix_timestamp': 1767632040000, 'iso_timestamp': '2026-01-05T16:54:00.000Z', 'timestamp': '01/05/2026 04:54 pm', 'time': 1014, 'time_formatted': '16:54', 'proper_unix_timestamp': 1767650040000, 'proper_iso_timestamp': '2026-01-05T21:54:00.000Z'}",01/05/2026 16:54,"{'date': '01/05/2026', 'date_formatted': '01/05/2026', 'hours': '04', 'minutes': '54', 'am_pm': 'PM', 'unix_timestamp': 1767632040000, 'iso_timestamp': '2026-01-05T16:54:00.000Z', 'timestamp': '01/05/2026 04:54 pm', 'time': 1014, 'time_formatted': '16:54', 'proper_unix_timestamp': 1767650040000, 'proper_iso_timestamp': '2026-01-05T21:54:00.000Z'}",Color,Color,Black,Black,Size,Size,One Size,One Size,233,233,$30.00,30,No,False,,,,,82.99,82.99,,,29.80,29.8,13.10,13.1,No,False,,,Yes,True,,,,,,,$30.00,30,$49.97,49.97,No,False
695c32f89b8157497375331c,"<span class=""695c32e47051e7c1034c7e89"" data-kn=""connection-value"">Artex户外浪人战术腰带套装多功能组合巡逻腰封可拆卸调节腰带-淘宝网</span>","[{'id': '695c32e47051e7c1034c7e89', 'identifier': 'Artex户外浪人战术腰带套装多功能组合巡逻腰封可拆卸调节腰带-淘宝网'}]",Active,Active,One Size / Full OD Green Set (85-125cm),One Size / Full OD Green Set (85-125cm),,,,,,,Yes,True,,,01/05/2026 16:54,"{'date': '01/05/2026', 'date_formatted': '01/05/2026', 'hours': '04', 'minutes': '54', 'am_pm': 'PM', 'unix_timestamp': 1767632040000, 'iso_timestamp': '2026-01-05T16:54:00.000Z', 'timestamp': '01/05/2026 04:54 pm', 'time': 1014, 'time_formatted': '16:54', 'proper_unix_timestamp': 1767650040000, 'proper_iso_timestamp': '2026-01-05T21:54:00.000Z'}",01/05/2026 16:54,"{'date': '01/05/2026', 'date_formatted': '01/05/2026', 'hours': '04', 'minutes': '54', 'am_pm': 'PM', 'unix_timestamp': 1767632040000, 'iso_timestamp': '2026-01-05T16:54:00.000Z', 'timestamp': '01/05/2026 04:54 pm', 'time': 1014, 'time_formatted': '16:54', 'proper_unix_timestamp': 1767650040000, 'proper_iso_timestamp': '2026-01-05T21:54:00.000Z'}",Color,Color,OD Green,OD Green,Size,Size,One Size,One Size,233,233,$30.00,30,No,False,,,,,82.99,82.99,,,29.80,29.8,13.10,13.1,No,False,,,Yes,True,,,,,,,$30.00,30,$49.97,49.97,No,False
695c32f8e3d1a0c37197b86f,"<span class=""695c32e47051e7c1034c7e89"" data-kn=""connection-value"">Artex户外浪人战术腰带套装多功能组合巡逻腰封可拆卸调节腰带-淘宝网</span>","[{'id': '695c32e47051e7c1034c7e89', 'identifier': 'Artex户外浪人战术腰带套装多功能组合巡逻腰封可拆卸调节腰带-淘宝网'}]",Active,Active,One Size / Full Khaki Set (85-125cm),One Size / Full Khaki Set (85-125cm),,,,,,,Yes,True,,,01/05/2026 16:54,"{'date': '01/05/2026', 'date_formatted': '01/05/2026', 'hours': '04', 'minutes': '54', 'am_pm': 'PM', 'unix_timestamp': 1767632040000, 'iso_timestamp': '2026-01-05T16:54:00.000Z', 'timestamp': '01/05/2026 04:54 pm', 'time': 1014, 'time_formatted': '16:54', 'proper_unix_timestamp': 1767650040000, 'proper_iso_timestamp': '2026-01-05T21:54:00.000Z'}",01/05/2026 16:54,"{'date': '01/05/2026', 'date_formatted': '01/05/2026', 'hours': '04', 'minutes': '54', 'am_pm': 'PM', 'unix_timestamp': 1767632040000, 'iso_timestamp': '2026-01-05T16:54:00.000Z', 'timestamp': '01/05/2026 04:54 pm', 'time': 1014, 'time_formatted': '16:54', 'proper_unix_timestamp': 1767650040000, 'proper_iso_timestamp': '2026-01-05T21:54:00.000Z'}",Color,Color,Khaki,Khaki,Size,Size,One Size,One Size,233,233,$30.00,30,No,False,,,,,82.99,82.99,,,29.80,29.8,13.10,13.1,No,False,,,Yes,True,,,,,,,$30.00,30,$49.97,49.97,No,False
695c32f8e6dc4049730b0e31,"<span class=""695c32e47051e7c1034c7e89"" data-kn=""connection-value"">Artex户外浪人战术腰带套装多功能组合巡逻腰封可拆卸调节腰带-淘宝网</span>","[{'id': '695c32e47051e7c1034c7e89', 'identifier': 'Artex户外浪人战术腰带套装多功能组合巡逻腰封可拆卸调节腰带-淘宝网'}]",Active,Active,One Size / Full MC Camo Set (85-125cm),One Size / Full MC Camo Set (85-125cm),,,,,,,Yes,True,,,01/05/2026 16:54,"{'date': '01/05/2026', 'date_formatted': '01/05/2026', 'hours': '04', 'minutes': '54', 'am_pm': 'PM', 'unix_timestamp': 1767632040000, 'iso_timestamp': '2026-01-05T16:54:00.000Z', 'timestamp': '01/05/2026 04:54 pm', 'time': 1014, 'time_formatted': '16:54', 'proper_unix_timestamp': 1767650040000, 'proper_iso_timestamp': '2026-01-05T21:54:00.000Z'}",01/05/2026 16:54,"{'date': '01/05/2026', 'date_formatted': '01/05/2026', 'hours': '04', 'minutes': '54', 'am_pm': 'PM', 'unix_timestamp': 1767632040000, 'iso_timestamp': '2026-01-05T16:54:00.000Z', 'timestamp': '01/05/2026 04:54 pm', 'time': 1014, 'time_formatted': '16:54', 'proper_unix_timestamp': 1767650040000, 'proper_iso_timestamp': '2026-01-05T21:54:00.000Z'}",Style,Style,One Size / Full MC Camo Set (85-125cm),One Size / Full MC Camo Set (85-125cm),,,,,233,233,$30.00,30,No,False,,,,,82.99,82.99,,,29.80,29.8,13.10,13.1,No,False,,,Yes,True,,,,,,,$30.00,30,$49.97,49.97,No,False
695c32f737eef90c93afc39f,"<span class=""695c32e51d735f55f73ae87e"" data-kn=""connection-value"">TC战术耳机转接器民用PTT按键发射对讲机建伍接口支持Z-Tactical-淘宝网</span>","[{'id': '695c32e51d735f55f73ae87e', 'identifier': 'TC战术耳机转接器民用PTT按键发射对讲机建伍接口支持Z-Tactical-淘宝网'}]",Active,Active,"Kenwood Connector, compatible only with Z-Tactical","Kenwood Connector, compatible only with Z-Tactical",,,,,,,Yes,True,,,01/05/2026 16:53,"{'date': '01/05/2026', 'date_formatted': '01/05/2026', 'hours': '04', 'minutes': '53', 'am_pm': 'PM', 'unix_timestamp': 1767631980000, 'iso_timestamp': '2026-01-05T16:53:00.000Z', 'timestamp': '01/05/2026 04:53 pm', 'time': 1013, 'time_formatted': '16:53', 'proper_unix_timestamp': 1767649980000, 'proper_iso_timestamp': '2026-01-05T21:53:00.000Z'}",01/05/2026 16:53,"{'date': '01/05/2026', 'date_formatted': '01/05/2026', 'hours': '04', 'minutes': '53', 'am_pm': 'PM', 'unix_timestamp': 1767631980000, 'iso_timestamp': '2026-01-05T16:53:00.000Z', 'timestamp': '01/05/2026 04:53 pm', 'time': 1013, 'time_formatted': '16:53', 'proper_unix_timestamp': 1767649980000, 'proper_iso_timestamp': '2026-01-05T21:53:00.000Z'}",Style,Style,"Kenwood Connector, compatible only with Z-Tactical","Kenwood Connector, compatible only with Z-Tactical",,,,,50,50,$30.00,30,No,False,,,,,24.99,24.99,,,29.20,29.2,12.40,12.4,No,False,,,Yes,True,,,,,,,$30.00,30,$15.20,15.2,No,False
695c32f766d8ef040cfad5d3,"<span class=""695c32e51d735f55f73ae87e"" data-kn=""connection-value"">TC战术耳机转接器民用PTT按键发射对讲机建伍接口支持Z-Tactical-淘宝网</span>","[{'id': '695c32e51d735f55f73ae87e', 'identifier': 'TC战术耳机转接器民用PTT按键发射对讲机建伍接口支持Z-Tactical-淘宝网'}]",Active,Active,Motorola M1 Single Plug - Z-Tactical Compatible Only,Motorola M1 Single Plug - Z-Tactical Compatible Only,,,,,,,Yes,True,,,01/05/2026 16:53,"{'date': '01/05/2026', 'date_formatted': '01/05/2026', 'hours': '04', 'minutes': '53', 'am_pm': 'PM', 'unix_timestamp': 1767631980000, 'iso_timestamp': '2026-01-05T16:53:00.000Z', 'timestamp': '01/05/2026 04:53 pm', 'time': 1013, 'time_formatted': '16:53', 'proper_unix_timestamp': 1767649980000, 'proper_iso_timestamp': '2026-01-05T21:53:00.000Z'}",01/05/2026 16:53,"{'date': '01/05/2026', 'date_formatted': '01/05/2026', 'hours': '04', 'minutes': '53', 'am_pm': 'PM', 'unix_timestamp': 1767631980000, 'iso_timestamp': '2026-01-05T16:53:00.000Z', 'timestamp': '01/05/2026 04:53 pm', 'time': 1013, 'time_formatted': '16:53', 'proper_unix_timestamp': 1767649980000, 'proper_iso_timestamp': '2026-01-05T21:53:00.000Z'}",Style,Style,Motorola M1 Single Plug - Z-Tactical Compatible Only,Motorola M1 Single Plug - Z-Tactical Compatible Only,,,,,88,88,$30.00,30,No,False,,,,,36.99,36.99,,,29.40,29.4,12.70,12.7,No,False,,,Yes,True,,,,,,,$30.00,30,$22.42,22.42,No,False
695c32f637eef90c93afa580,"<span class=""695c32e51d735f55f73ae87e"" data-kn=""connection-value"">TC战术耳机转接器民用PTT按键发射对讲机建伍接口支持Z-Tactical-淘宝网</span>","[{'id': '695c32e51d735f55f73ae87e', 'identifier': 'TC战术耳机转接器民用PTT按键发射对讲机建伍接口支持Z-Tactical-淘宝网'}]",Active,Active,Motorola M2 Dual Plug - Z-Tactical Compatible Only,Motorola M2 Dual Plug - Z-Tactical Compatible Only,,,,,,,Yes,True,,,01/05/2026 16:53,"{'date': '01/05/2026', 'date_formatted': '01/05/2026', 'hours': '04', 'minutes': '53', 'am_pm': 'PM', 'unix_timestamp': 1767631980000, 'iso_timestamp': '2026-01-05T16:53:00.000Z', 'timestamp': '01/05/2026 04:53 pm', 'time': 1013, 'time_formatted': '16:53', 'proper_unix_timestamp': 1767649980000, 'proper_iso_timestamp': '2026-01-05T21:53:00.000Z'}",01/05/2026 16:53,"{'date': '01/05/2026', 'date_formatted': '01/05/2026', 'hours': '04', 'minutes': '53', 'am_pm': 'PM', 'unix_timestamp': 1767631980000, 'iso_timestamp': '2026-01-05T16:53:00.000Z', 'timestamp': '01/05/2026 04:53 pm', 'time': 1013, 'time_formatted': '16:53', 'proper_unix_timestamp': 1767649980000, 'proper_iso_timestamp': '2026-01-05T21:53:00.000Z'}",Style,Style,Motorola M2 Dual Plug - Z-Tactical Compatible Only,Motorola M2 Dual Plug - Z-Tactical Compatible Only,,,,,50,50,$30.00,30,No,False,,,,,24.99,24.99,,,29.20,29.2,12.40,12.4,No,False,,,Yes,True,,,,,,,$30.00,30,$15.20,15.2,No,False
695c32f6f6f9dc54041b2301,"<span class=""695c32e51d735f55f73ae87e"" data-kn=""connection-value"">TC战术耳机转接器民用PTT按键发射对讲机建伍接口支持Z-Tactical-淘宝网</span>","[{'id': '695c32e51d735f55f73ae87e', 'identifier': 'TC战术耳机转接器民用PTT按键发射对讲机建伍接口支持Z-Tactical-淘宝网'}]",Active,Active,Yaesu YA Single Plug - Z-Tactical Compatible Only,Yaesu YA Single Plug - Z-Tactical Compatible Only,,,,,,,Yes,True,,,01/05/2026 16:53,"{'date': '01/05/2026', 'date_formatted': '01/05/2026', 'hours': '04', 'minutes': '53', 'am_pm': 'PM', 'unix_timestamp': 1767631980000, 'iso_timestamp': '2026-01-05T16:53:00.000Z', 'timestamp': '01/05/2026 04:53 pm', 'time': 1013, 'time_formatted': '16:53', 'proper_unix_timestamp': 1767649980000, 'proper_iso_timestamp': '2026-01-05T21:53:00.000Z'}",01/05/2026 16:53,"{'date': '01/05/2026', 'date_formatted': '01/05/2026', 'hours': '04', 'minutes': '53', 'am_pm': 'PM', 'unix_timestamp': 1767631980000, 'iso_timestamp': '2026-01-05T16:53:00.000Z', 'timestamp': '01/05/2026 04:53 pm', 'time': 1013, 'time_formatted': '16:53', 'proper_unix_timestamp': 1767649980000, 'proper_iso_timestamp': '2026-01-05T21:53:00.000Z'}",Style,Style,Yaesu YA Single Plug - Z-Tactical Compatible Only,Yaesu YA Single Plug - Z-Tactical Compatible Only,,,,,88,88,$30.00,30,No,False,,,,,36.99,36.99,,,29.40,29.4,12.70,12.7,No,False,,,Yes,True,,,,,,,$30.00,30,$22.42,22.42,No,False
695c32f666d8ef040cfabad2,"<span class=""695c32e51d735f55f73ae87e"" data-kn=""connection-value"">TC战术耳机转接器民用PTT按键发射对讲机建伍接口支持Z-Tactical-淘宝网</span>","[{'id': '695c32e51d735f55f73ae87e', 'identifier': 'TC战术耳机转接器民用PTT按键发射对讲机建伍接口支持Z-Tactical-淘宝网'}]",Active,Active,Icom IC Dual Plug - Z-Tactical Compatible Only,Icom IC Dual Plug - Z-Tactical Compatible Only,,,,,,,Yes,True,,,01/05/2026 16:53,"{'date': '01/05/2026', 'date_formatted': '01/05/2026', 'hours': '04', 'minutes': '53', 'am_pm': 'PM', 'unix_timestamp': 1767631980000, 'iso_timestamp': '2026-01-05T16:53:00.000Z', 'timestamp': '01/05/2026 04:53 pm', 'time': 1013, 'time_formatted': '16:53', 'proper_unix_timestamp': 1767649980000, 'proper_iso_timestamp': '2026-01-05T21:53:00.000Z'}",01/05/2026 16:53,"{'date': '01/05/2026', 'date_formatted': '01/05/2026', 'hours': '04', 'minutes': '53', 'am_pm': 'PM', 'unix_timestamp': 1767631980000, 'iso_timestamp': '2026-01-05T16:53:00.000Z', 'timestamp': '01/05/2026 04:53 pm', 'time': 1013, 'time_formatted': '16:53', 'proper_unix_timestamp': 1767649980000, 'proper_iso_timestamp': '2026-01-05T21:53:00.000Z'}",Style,Style,Icom IC Dual Plug - Z-Tactical Compatible Only,Icom IC Dual Plug - Z-Tactical Compatible Only,,,,,88,88,$30.00,30,No,False,,,,,36.99,36.99,,,29.40,29.4,12.70,12.7,No,False,,,Yes,True,,,,,,,$30.00,30,$22.42,22.42,No,False
695c32f5ce1739befd1d182f,"<span class=""695c32e51d735f55f73ae87e"" data-kn=""connection-value"">TC战术耳机转接器民用PTT按键发射对讲机建伍接口支持Z-Tactical-淘宝网</span>","[{'id': '695c32e51d735f55f73ae87e', 'identifier': 'TC战术耳机转接器民用PTT按键发射对讲机建伍接口支持Z-Tactical-淘宝网'}]",Active,Active,Midland MIL Dual Plug - Z-Tactical Compatible Only,Midland MIL Dual Plug - Z-Tactical Compatible Only,,,,,,,Yes,True,,,01/05/2026 16:53,"{'date': '01/05/2026', 'date_formatted': '01/05/2026', 'hours': '04', 'minutes': '53', 'am_pm': 'PM', 'unix_timestamp': 1767631980000, 'iso_timestamp': '2026-01-05T16:53:00.000Z', 'timestamp': '01/05/2026 04:53 pm', 'time': 1013, 'time_formatted': '16:53', 'proper_unix_timestamp': 1767649980000, 'proper_iso_timestamp': '2026-01-05T21:53:00.000Z'}",01/05/2026 16:53,"{'date': '01/05/2026', 'date_formatted': '01/05/2026', 'hours': '04', 'minutes': '53', 'am_pm': 'PM', 'unix_timestamp': 1767631980000, 'iso_timestamp': '2026-01-05T16:53:00.000Z', 'timestamp': '01/05/2026 04:53 pm', 'time': 1013, 'time_formatted': '16:53', 'proper_unix_timestamp': 1767649980000, 'proper_iso_timestamp': '2026-01-05T21:53:00.000Z'}",Style,Style,Midland MIL Dual Plug - Z-Tactical Compatible Only,Midland MIL Dual Plug - Z-Tactical Compatible Only,,,,,50,50,$30.00,30,No,False,,,,,24.99,24.99,,,29.20,29.2,12.40,12.4,No,False,,,Yes,True,,,,,,,$30.00,30,$15.20,15.2,No,False
695c32f53b63f2dd23574aef,"<span class=""695c32db9cd3039a824c98ad"" data-kn=""connection-value"">【MST2011底盖/井合集】CNC金属护边铝合金底盖底座配件-淘宝网</span>","[{'id': '695c32db9cd3039a824c98ad', 'identifier': '【MST2011底盖/井合集】CNC金属护边铝合金底盖底座配件-淘宝网'}]",Active,Active,MST2011 Mount (Engraved) - Grey,MST2011 Mount (Engraved) - Grey,,,,,,,Yes,True,,,01/05/2026 16:53,"{'date': '01/05/2026', 'date_formatted': '01/05/2026', 'hours': '04', 'minutes': '53', 'am_pm': 'PM', 'unix_timestamp': 1767631980000, 'iso_timestamp': '2026-01-05T16:53:00.000Z', 'timestamp': '01/05/2026 04:53 pm', 'time': 1013, 'time_formatted': '16:53', 'proper_unix_timestamp': 1767649980000, 'proper_iso_timestamp': '2026-01-05T21:53:00.000Z'}",01/05/2026 16:53,"{'date': '01/05/2026', 'date_formatted': '01/05/2026', 'hours': '04', 'minutes': '53', 'am_pm': 'PM', 'unix_timestamp': 1767631980000, 'iso_timestamp': '2026-01-05T16:53:00.000Z', 'timestamp': '01/05/2026 04:53 pm', 'time': 1013, 'time_formatted': '16:53', 'proper_unix_timestamp': 1767649980000, 'proper_iso_timestamp': '2026-01-05T21:53:00.000Z'}",Color,Color,Grey,Grey,,,,,84,84,$30.00,30,No,False,,,,,35.99,35.99,,,29.80,29.8,13.10,13.1,No,False,,,Yes,True,,,,,,,$30.00,30,$21.66,21.66,No,False
695c32f4640fbe6a1fcebe03,"<span class=""695c32db9cd3039a824c98ad"" data-kn=""connection-value"">【MST2011底盖/井合集】CNC金属护边铝合金底盖底座配件-淘宝网</span>","[{'id': '695c32db9cd3039a824c98ad', 'identifier': '【MST2011底盖/井合集】CNC金属护边铝合金底盖底座配件-淘宝网'}]",Active,Active,MST2011 Mount (Engraved) - Black,MST2011 Mount (Engraved) - Black,,,,,,,Yes,True,,,01/05/2026 16:53,"{'date': '01/05/2026', 'date_formatted': '01/05/2026', 'hours': '04', 'minutes': '53', 'am_pm': 'PM', 'unix_timestamp': 1767631980000, 'iso_timestamp': '2026-01-05T16:53:00.000Z', 'timestamp': '01/05/2026 04:53 pm', 'time': 1013, 'time_formatted': '16:53', 'proper_unix_timestamp': 1767649980000, 'proper_iso_timestamp': '2026-01-05T21:53:00.000Z'}",01/05/2026 16:53,"{'date': '01/05/2026', 'date_formatted': '01/05/2026', 'hours': '04', 'minutes': '53', 'am_pm': 'PM', 'unix_timestamp': 1767631980000, 'iso_timestamp': '2026-01-05T16:53:00.000Z', 'timestamp': '01/05/2026 04:53 pm', 'time': 1013, 'time_formatted': '16:53', 'proper_unix_timestamp': 1767649980000, 'proper_iso_timestamp': '2026-01-05T21:53:00.000Z'}",Color,Color,Black,Black,,,,,84,84,$30.00,30,No,False,,,,,35.99,35.99,,,29.80,29.8,13.10,13.1,No,False,,,Yes,True,,,,,,,$30.00,30,$21.66,21.66,No,False
695c32f4c3a1704a5641a29b,"<span class=""695c32db9cd3039a824c98ad"" data-kn=""connection-value"">【MST2011底盖/井合集】CNC金属护边铝合金底盖底座配件-淘宝网</span>","[{'id': '695c32db9cd3039a824c98ad', 'identifier': '【MST2011底盖/井合集】CNC金属护边铝合金底盖底座配件-淘宝网'}]",Active,Active,MST2011 Mount (Engraved) - Silver,MST2011 Mount (Engraved) - Silver,,,,,,,Yes,True,,,01/05/2026 16:53,"{'date': '01/05/2026', 'date_formatted': '01/05/2026', 'hours': '04', 'minutes': '53', 'am_pm': 'PM', 'unix_timestamp': 1767631980000, 'iso_timestamp': '2026-01-05T16:53:00.000Z', 'timestamp': '01/05/2026 04:53 pm', 'time': 1013, 'time_formatted': '16:53', 'proper_unix_timestamp': 1767649980000, 'proper_iso_timestamp': '2026-01-05T21:53:00.000Z'}",01/05/2026 16:53,"{'date': '01/05/2026', 'date_formatted': '01/05/2026', 'hours': '04', 'minutes': '53', 'am_pm': 'PM', 'unix_timestamp': 1767631980000, 'iso_timestamp': '2026-01-05T16:53:00.000Z', 'timestamp': '01/05/2026 04:53 pm', 'time': 1013, 'time_formatted': '16:53', 'proper_unix_timestamp': 1767649980000, 'proper_iso_timestamp': '2026-01-05T21:53:00.000Z'}",Color,Color,Silver,Silver,,,,,84,84,$30.00,30,No,False,,,,,35.99,35.99,,,29.80,29.8,13.10,13.1,No,False,,,Yes,True,,,,,,,$30.00,30,$21.66,21.66,No,False
695c32f32a4e1cd21b0c5b26,"<span class=""695c32db9cd3039a824c98ad"" data-kn=""connection-value"">【MST2011底盖/井合集】CNC金属护边铝合金底盖底座配件-淘宝网</span>","[{'id': '695c32db9cd3039a824c98ad', 'identifier': '【MST2011底盖/井合集】CNC金属护边铝合金底盖底座配件-淘宝网'}]",Active,Active,MST2011 Mount - Gold,MST2011 Mount - Gold,,,,,,,Yes,True,,,01/05/2026 16:53,"{'date': '01/05/2026', 'date_formatted': '01/05/2026', 'hours': '04', 'minutes': '53', 'am_pm': 'PM', 'unix_timestamp': 1767631980000, 'iso_timestamp': '2026-01-05T16:53:00.000Z', 'timestamp': '01/05/2026 04:53 pm', 'time': 1013, 'time_formatted': '16:53', 'proper_unix_timestamp': 1767649980000, 'proper_iso_timestamp': '2026-01-05T21:53:00.000Z'}",01/05/2026 16:53,"{'date': '01/05/2026', 'date_formatted': '01/05/2026', 'hours': '04', 'minutes': '53', 'am_pm': 'PM', 'unix_timestamp': 1767631980000, 'iso_timestamp': '2026-01-05T16:53:00.000Z', 'timestamp': '01/05/2026 04:53 pm', 'time': 1013, 'time_formatted': '16:53', 'proper_unix_timestamp': 1767649980000, 'proper_iso_timestamp': '2026-01-05T21:53:00.000Z'}",Color,Color,Gold,Gold,,,,,84,84,$30.00,30,No,False,,,,,35.99,35.99,,,29.80,29.8,13.10,13.1,No,False,,,Yes,True,,,,,,,$30.00,30,$21.66,21.66,No,False
695c32f31ad01942ad98cf0e,"<span class=""695c32db9cd3039a824c98ad"" data-kn=""connection-value"">【MST2011底盖/井合集】CNC金属护边铝合金底盖底座配件-淘宝网</span>","[{'id': '695c32db9cd3039a824c98ad', 'identifier': '【MST2011底盖/井合集】CNC金属护边铝合金底盖底座配件-淘宝网'}]",Active,Active,MST2011 Mount - Silver,MST2011 Mount - Silver,,,,,,,Yes,True,,,01/05/2026 16:53,"{'date': '01/05/2026', 'date_formatted': '01/05/2026', 'hours': '04', 'minutes': '53', 'am_pm': 'PM', 'unix_timestamp': 1767631980000, 'iso_timestamp': '2026-01-05T16:53:00.000Z', 'timestamp': '01/05/2026 04:53 pm', 'time': 1013, 'time_formatted': '16:53', 'proper_unix_timestamp': 1767649980000, 'proper_iso_timestamp': '2026-01-05T21:53:00.000Z'}",01/05/2026 16:53,"{'date': '01/05/2026', 'date_formatted': '01/05/2026', 'hours': '04', 'minutes': '53', 'am_pm': 'PM', 'unix_timestamp': 1767631980000, 'iso_timestamp': '2026-01-05T16:53:00.000Z', 'timestamp': '01/05/2026 04:53 pm', 'time': 1013, 'time_formatted': '16:53', 'proper_unix_timestamp': 1767649980000, 'proper_iso_timestamp': '2026-01-05T21:53:00.000Z'}",Color,Color,Silver,Silver,,,,,84,84,$30.00,30,No,False,,,,,35.99,35.99,,,29.80,29.8,13.10,13.1,No,False,,,Yes,True,,,,,,,$30.00,30,$21.66,21.66,No,False
695c32f36e9e39d7e37e683e,"<span class=""695c32e07051e7c1034c6bd3"" data-kn=""connection-value"">金属增高支架镜桥GBRS Hydra九头蛇UNITY EXPS底座T1 T2 H1 2红点-淘宝网</span>","[{'id': '695c32e07051e7c1034c6bd3', 'identifier': '金属增高支架镜桥GBRS Hydra九头蛇UNITY EXPS底座T1 T2 H1 2红点-淘宝网'}]",Active,Active,Black Low Profile - GBRS Hydra Mount,Black Low Profile - GBRS Hydra Mount,,,,,,,Yes,True,,,01/05/2026 16:53,"{'date': '01/05/2026', 'date_formatted': '01/05/2026', 'hours': '04', 'minutes': '53', 'am_pm': 'PM', 'unix_timestamp': 1767631980000, 'iso_timestamp': '2026-01-05T16:53:00.000Z', 'timestamp': '01/05/2026 04:53 pm', 'time': 1013, 'time_formatted': '16:53', 'proper_unix_timestamp': 1767649980000, 'proper_iso_timestamp': '2026-01-05T21:53:00.000Z'}",01/05/2026 16:53,"{'date': '01/05/2026', 'date_formatted': '01/05/2026', 'hours': '04', 'minutes': '53', 'am_pm': 'PM', 'unix_timestamp': 1767631980000, 'iso_timestamp': '2026-01-05T16:53:00.000Z', 'timestamp': '01/05/2026 04:53 pm', 'time': 1013, 'time_formatted': '16:53', 'proper_unix_timestamp': 1767649980000, 'proper_iso_timestamp': '2026-01-05T21:53:00.000Z'}",Color,Color,Black,Black,Profile,Profile,Low Profile,Low Profile,128,128,$30.00,30,No,False,,,,,49.99,49.99,,,29.90,29.9,13.30,13.3,No,False,,,Yes,True,,,,,,,$30.00,30,$30.02,30.02,No,False
695c32f2713127c9646f563e,"<span class=""695c32e07051e7c1034c6bd3"" data-kn=""connection-value"">金属增高支架镜桥GBRS Hydra九头蛇UNITY EXPS底座T1 T2 H1 2红点-淘宝网</span>","[{'id': '695c32e07051e7c1034c6bd3', 'identifier': '金属增高支架镜桥GBRS Hydra九头蛇UNITY EXPS底座T1 T2 H1 2红点-淘宝网'}]",Active,Active,Tan Low Profile - GBRS Hydra Mount,Tan Low Profile - GBRS Hydra Mount,,,,,,,Yes,True,,,01/05/2026 16:53,"{'date': '01/05/2026', 'date_formatted': '01/05/2026', 'hours': '04', 'minutes': '53', 'am_pm': 'PM', 'unix_timestamp': 1767631980000, 'iso_timestamp': '2026-01-05T16:53:00.000Z', 'timestamp': '01/05/2026 04:53 pm', 'time': 1013, 'time_formatted': '16:53', 'proper_unix_timestamp': 1767649980000, 'proper_iso_timestamp': '2026-01-05T21:53:00.000Z'}",01/05/2026 16:53,"{'date': '01/05/2026', 'date_formatted': '01/05/2026', 'hours': '04', 'minutes': '53', 'am_pm': 'PM', 'unix_timestamp': 1767631980000, 'iso_timestamp': '2026-01-05T16:53:00.000Z', 'timestamp': '01/05/2026 04:53 pm', 'time': 1013, 'time_formatted': '16:53', 'proper_unix_timestamp': 1767649980000, 'proper_iso_timestamp': '2026-01-05T21:53:00.000Z'}",Color,Color,Tan,Tan,Profile,Profile,Low Profile,Low Profile,128,128,$30.00,30,No,False,,,,,49.99,49.99,,,29.90,29.9,13.30,13.3,No,False,,,Yes,True,,,,,,,$30.00,30,$30.02,30.02,No,False
695c32f2612ae4b6294b1e37,"<span class=""695c32e07051e7c1034c6bd3"" data-kn=""connection-value"">金属增高支架镜桥GBRS Hydra九头蛇UNITY EXPS底座T1 T2 H1 2红点-淘宝网</span>","[{'id': '695c32e07051e7c1034c6bd3', 'identifier': '金属增高支架镜桥GBRS Hydra九头蛇UNITY EXPS底座T1 T2 H1 2红点-淘宝网'}]",Active,Active,Black High Profile - GBRS Hydra Mount,Black High Profile - GBRS Hydra Mount,,,,,,,Yes,True,,,01/05/2026 16:53,"{'date': '01/05/2026', 'date_formatted': '01/05/2026', 'hours': '04', 'minutes': '53', 'am_pm': 'PM', 'unix_timestamp': 1767631980000, 'iso_timestamp': '2026-01-05T16:53:00.000Z', 'timestamp': '01/05/2026 04:53 pm', 'time': 1013, 'time_formatted': '16:53', 'proper_unix_timestamp': 1767649980000, 'proper_iso_timestamp': '2026-01-05T21:53:00.000Z'}",01/05/2026 16:53,"{'date': '01/05/2026', 'date_formatted': '01/05/2026', 'hours': '04', 'minutes': '53', 'am_pm': 'PM', 'unix_timestamp': 1767631980000, 'iso_timestamp': '2026-01-05T16:53:00.000Z', 'timestamp': '01/05/2026 04:53 pm', 'time': 1013, 'time_formatted': '16:53', 'proper_unix_timestamp': 1767649980000, 'proper_iso_timestamp': '2026-01-05T21:53:00.000Z'}",Color,Color,Black,Black,Profile,Profile,High Profile,High Profile,128,128,$30.00,30,No,False,,,,,49.99,49.99,,,29.90,29.9,13.30,13.3,No,False,,,Yes,True,,,,,,,$30.00,30,$30.02,30.02,No,False
695c32f2f6f9dc54041aef39,"<span class=""695c32e07051e7c1034c6bd3"" data-kn=""connection-value"">金属增高支架镜桥GBRS Hydra九头蛇UNITY EXPS底座T1 T2 H1 2红点-淘宝网</span>","[{'id': '695c32e07051e7c1034c6bd3', 'identifier': '金属增高支架镜桥GBRS Hydra九头蛇UNITY EXPS底座T1 T2 H1 2红点-淘宝网'}]",Active,Active,FDE High Profile - GBRS Hydra Mount,FDE High Profile - GBRS Hydra Mount,,,,,,,Yes,True,,,01/05/2026 16:53,"{'date': '01/05/2026', 'date_formatted': '01/05/2026', 'hours': '04', 'minutes': '53', 'am_pm': 'PM', 'unix_timestamp': 1767631980000, 'iso_timestamp': '2026-01-05T16:53:00.000Z', 'timestamp': '01/05/2026 04:53 pm', 'time': 1013, 'time_formatted': '16:53', 'proper_unix_timestamp': 1767649980000, 'proper_iso_timestamp': '2026-01-05T21:53:00.000Z'}",01/05/2026 16:53,"{'date': '01/05/2026', 'date_formatted': '01/05/2026', 'hours': '04', 'minutes': '53', 'am_pm': 'PM', 'unix_timestamp': 1767631980000, 'iso_timestamp': '2026-01-05T16:53:00.000Z', 'timestamp': '01/05/2026 04:53 pm', 'time': 1013, 'time_formatted': '16:53', 'proper_unix_timestamp': 1767649980000, 'proper_iso_timestamp': '2026-01-05T21:53:00.000Z'}",Color,Color,FDE,FDE,Profile,Profile,High Profile,High Profile,128,128,$30.00,30,No,False,,,,,49.99,49.99,,,29.90,29.9,13.30,13.3,No,False,,,Yes,True,,,,,,,$30.00,30,$30.02,30.02,No,False
695c32f18c1c28d3136af3b1,"<span class=""695c32e07051e7c1034c6bd3"" data-kn=""connection-value"">金属增高支架镜桥GBRS Hydra九头蛇UNITY EXPS底座T1 T2 H1 2红点-淘宝网</span>","[{'id': '695c32e07051e7c1034c6bd3', 'identifier': '金属增高支架镜桥GBRS Hydra九头蛇UNITY EXPS底座T1 T2 H1 2红点-淘宝网'}]",Active,Active,Black High Profile - UNITY FAST,Black High Profile - UNITY FAST,,,,,,,Yes,True,,,01/05/2026 16:53,"{'date': '01/05/2026', 'date_formatted': '01/05/2026', 'hours': '04', 'minutes': '53', 'am_pm': 'PM', 'unix_timestamp': 1767631980000, 'iso_timestamp': '2026-01-05T16:53:00.000Z', 'timestamp': '01/05/2026 04:53 pm', 'time': 1013, 'time_formatted': '16:53', 'proper_unix_timestamp': 1767649980000, 'proper_iso_timestamp': '2026-01-05T21:53:00.000Z'}",01/05/2026 16:53,"{'date': '01/05/2026', 'date_formatted': '01/05/2026', 'hours': '04', 'minutes': '53', 'am_pm': 'PM', 'unix_timestamp': 1767631980000, 'iso_timestamp': '2026-01-05T16:53:00.000Z', 'timestamp': '01/05/2026 04:53 pm', 'time': 1013, 'time_formatted': '16:53', 'proper_unix_timestamp': 1767649980000, 'proper_iso_timestamp': '2026-01-05T21:53:00.000Z'}",Color,Color,Black,Black,Profile,Profile,High Profile,High Profile,68,68,$30.00,30,No,False,,,,,30.99,30.99,,,29.90,29.9,13.20,13.2,No,False,,,Yes,True,,,,,,,$30.00,30,$18.62,18.62,No,False
695c32f137eef90c93af2aa5,"<span class=""695c32e07051e7c1034c6bd3"" data-kn=""connection-value"">金属增高支架镜桥GBRS Hydra九头蛇UNITY EXPS底座T1 T2 H1 2红点-淘宝网</span>","[{'id': '695c32e07051e7c1034c6bd3', 'identifier': '金属增高支架镜桥GBRS Hydra九头蛇UNITY EXPS底座T1 T2 H1 2红点-淘宝网'}]",Active,Active,Tan High Profile - UNITY FAST,Tan High Profile - UNITY FAST,,,,,,,Yes,True,,,01/05/2026 16:53,"{'date': '01/05/2026', 'date_formatted': '01/05/2026', 'hours': '04', 'minutes': '53', 'am_pm': 'PM', 'unix_timestamp': 1767631980000, 'iso_timestamp': '2026-01-05T16:53:00.000Z', 'timestamp': '01/05/2026 04:53 pm', 'time': 1013, 'time_formatted': '16:53', 'proper_unix_timestamp': 1767649980000, 'proper_iso_timestamp': '2026-01-05T21:53:00.000Z'}",01/05/2026 16:53,"{'date': '01/05/2026', 'date_formatted': '01/05/2026', 'hours': '04', 'minutes': '53', 'am_pm': 'PM', 'unix_timestamp': 1767631980000, 'iso_timestamp': '2026-01-05T16:53:00.000Z', 'timestamp': '01/05/2026 04:53 pm', 'time': 1013, 'time_formatted': '16:53', 'proper_unix_timestamp': 1767649980000, 'proper_iso_timestamp': '2026-01-05T21:53:00.000Z'}",Color,Color,Tan,Tan,Profile,Profile,High Profile,High Profile,68,68,$30.00,30,No,False,,,,,30.99,30.99,,,29.90,29.9,13.20,13.2,No,False,,,Yes,True,,,,,,,$30.00,30,$18.62,18.62,No,False
695c32f137eef90c93af24d7,"<span class=""695c32e07051e7c1034c6bd3"" data-kn=""connection-value"">金属增高支架镜桥GBRS Hydra九头蛇UNITY EXPS底座T1 T2 H1 2红点-淘宝网</span>","[{'id': '695c32e07051e7c1034c6bd3', 'identifier': '金属增高支架镜桥GBRS Hydra九头蛇UNITY EXPS底座T1 T2 H1 2红点-淘宝网'}]",Active,Active,Black Low Profile - UNITY FAST,Black Low Profile - UNITY FAST,,,,,,,Yes,True,,,01/05/2026 16:53,"{'date': '01/05/2026', 'date_formatted': '01/05/2026', 'hours': '04', 'minutes': '53', 'am_pm': 'PM', 'unix_timestamp': 1767631980000, 'iso_timestamp': '2026-01-05T16:53:00.000Z', 'timestamp': '01/05/2026 04:53 pm', 'time': 1013, 'time_formatted': '16:53', 'proper_unix_timestamp': 1767649980000, 'proper_iso_timestamp': '2026-01-05T21:53:00.000Z'}",01/05/2026 16:53,"{'date': '01/05/2026', 'date_formatted': '01/05/2026', 'hours': '04', 'minutes': '53', 'am_pm': 'PM', 'unix_timestamp': 1767631980000, 'iso_timestamp': '2026-01-05T16:53:00.000Z', 'timestamp': '01/05/2026 04:53 pm', 'time': 1013, 'time_formatted': '16:53', 'proper_unix_timestamp': 1767649980000, 'proper_iso_timestamp': '2026-01-05T21:53:00.000Z'}",Color,Color,Black,Black,Profile,Profile,Low Profile,Low Profile,68,68,$30.00,30,No,False,,,,,30.99,30.99,,,29.90,29.9,13.20,13.2,No,False,,,Yes,True,,,,,,,$30.00,30,$18.62,18.62,No,False
695c32f077fe252e9b185dd8,"<span class=""695c32e07051e7c1034c6bd3"" data-kn=""connection-value"">金属增高支架镜桥GBRS Hydra九头蛇UNITY EXPS底座T1 T2 H1 2红点-淘宝网</span>","[{'id': '695c32e07051e7c1034c6bd3', 'identifier': '金属增高支架镜桥GBRS Hydra九头蛇UNITY EXPS底座T1 T2 H1 2红点-淘宝网'}]",Active,Active,Tan Low Profile - UNITY FAST,Tan Low Profile - UNITY FAST,,,,,,,Yes,True,,,01/05/2026 16:53,"{'date': '01/05/2026', 'date_formatted': '01/05/2026', 'hours': '04', 'minutes': '53', 'am_pm': 'PM', 'unix_timestamp': 1767631980000, 'iso_timestamp': '2026-01-05T16:53:00.000Z', 'timestamp': '01/05/2026 04:53 pm', 'time': 1013, 'time_formatted': '16:53', 'proper_unix_timestamp': 1767649980000, 'proper_iso_timestamp': '2026-01-05T21:53:00.000Z'}",01/05/2026 16:53,"{'date': '01/05/2026', 'date_formatted': '01/05/2026', 'hours': '04', 'minutes': '53', 'am_pm': 'PM', 'unix_timestamp': 1767631980000, 'iso_timestamp': '2026-01-05T16:53:00.000Z', 'timestamp': '01/05/2026 04:53 pm', 'time': 1013, 'time_formatted': '16:53', 'proper_unix_timestamp': 1767649980000, 'proper_iso_timestamp': '2026-01-05T21:53:00.000Z'}",Color,Color,Tan,Tan,Profile,Profile,Low Profile,Low Profile,68,68,$30.00,30,No,False,,,,,30.99,30.99,,,29.90,29.9,13.20,13.2,No,False,,,Yes,True,,,,,,,$30.00,30,$18.62,18.62,No,False
695c32f0c71160ba194bb6c1,"<span class=""695c32e07051e7c1034c6bd3"" data-kn=""connection-value"">金属增高支架镜桥GBRS Hydra九头蛇UNITY EXPS底座T1 T2 H1 2红点-淘宝网</span>","[{'id': '695c32e07051e7c1034c6bd3', 'identifier': '金属增高支架镜桥GBRS Hydra九头蛇UNITY EXPS底座T1 T2 H1 2红点-淘宝网'}]",Active,Active,Tan - UNITY EXPS,Tan - UNITY EXPS,,,,,,,Yes,True,,,01/05/2026 16:53,"{'date': '01/05/2026', 'date_formatted': '01/05/2026', 'hours': '04', 'minutes': '53', 'am_pm': 'PM', 'unix_timestamp': 1767631980000, 'iso_timestamp': '2026-01-05T16:53:00.000Z', 'timestamp': '01/05/2026 04:53 pm', 'time': 1013, 'time_formatted': '16:53', 'proper_unix_timestamp': 1767649980000, 'proper_iso_timestamp': '2026-01-05T21:53:00.000Z'}",01/05/2026 16:53,"{'date': '01/05/2026', 'date_formatted': '01/05/2026', 'hours': '04', 'minutes': '53', 'am_pm': 'PM', 'unix_timestamp': 1767631980000, 'iso_timestamp': '2026-01-05T16:53:00.000Z', 'timestamp': '01/05/2026 04:53 pm', 'time': 1013, 'time_formatted': '16:53', 'proper_unix_timestamp': 1767649980000, 'proper_iso_timestamp': '2026-01-05T21:53:00.000Z'}",Color,Color,Tan,Tan,,,,,38,38,$30.00,30,No,False,,,,,21.99,21.99,,,31.20,31.2,14.70,14.7,No,False,,,Yes,True,,,,,,,$30.00,30,$12.92,12.92,No,False
695c32ef8c1c28d3136ae9f2,"<span class=""695c32e4597723b2d911e788"" data-kn=""connection-value"">WST风镜防雾器电动除雾TYPE-C充电风速可调搭配头盔使用战术配件-淘宝网</span>","[{'id': '695c32e4597723b2d911e788', 'identifier': 'WST风镜防雾器电动除雾TYPE-C充电风速可调搭配头盔使用战术配件-淘宝网'}]",Active,Active,Black (Anti-Fog),Black (Anti-Fog),,,,,,,Yes,True,,,01/05/2026 16:53,"{'date': '01/05/2026', 'date_formatted': '01/05/2026', 'hours': '04', 'minutes': '53', 'am_pm': 'PM', 'unix_timestamp': 1767631980000, 'iso_timestamp': '2026-01-05T16:53:00.000Z', 'timestamp': '01/05/2026 04:53 pm', 'time': 1013, 'time_formatted': '16:53', 'proper_unix_timestamp': 1767649980000, 'proper_iso_timestamp': '2026-01-05T21:53:00.000Z'}",01/05/2026 16:53,"{'date': '01/05/2026', 'date_formatted': '01/05/2026', 'hours': '04', 'minutes': '53', 'am_pm': 'PM', 'unix_timestamp': 1767631980000, 'iso_timestamp': '2026-01-05T16:53:00.000Z', 'timestamp': '01/05/2026 04:53 pm', 'time': 1013, 'time_formatted': '16:53', 'proper_unix_timestamp': 1767649980000, 'proper_iso_timestamp': '2026-01-05T21:53:00.000Z'}",Color,Color,Black,Black,,,,,115,115,$30.00,30,No,False,,,,,45.99,45.99,,,30.10,30.1,13.40,13.4,No,False,,,Yes,True,,,,,,,$30.00,30,$27.55,27.55,No,False
695c32efd31dc71739795f82,"<span class=""695c32e4597723b2d911e788"" data-kn=""connection-value"">WST风镜防雾器电动除雾TYPE-C充电风速可调搭配头盔使用战术配件-淘宝网</span>","[{'id': '695c32e4597723b2d911e788', 'identifier': 'WST风镜防雾器电动除雾TYPE-C充电风速可调搭配头盔使用战术配件-淘宝网'}]",Active,Active,Black Goggle Set (3 Lenses),Black Goggle Set (3 Lenses),,,,,,,Yes,True,,,01/05/2026 16:53,"{'date': '01/05/2026', 'date_formatted': '01/05/2026', 'hours': '04', 'minutes': '53', 'am_pm': 'PM', 'unix_timestamp': 1767631980000, 'iso_timestamp': '2026-01-05T16:53:00.000Z', 'timestamp': '01/05/2026 04:53 pm', 'time': 1013, 'time_formatted': '16:53', 'proper_unix_timestamp': 1767649980000, 'proper_iso_timestamp': '2026-01-05T21:53:00.000Z'}",01/05/2026 16:53,"{'date': '01/05/2026', 'date_formatted': '01/05/2026', 'hours': '04', 'minutes': '53', 'am_pm': 'PM', 'unix_timestamp': 1767631980000, 'iso_timestamp': '2026-01-05T16:53:00.000Z', 'timestamp': '01/05/2026 04:53 pm', 'time': 1013, 'time_formatted': '16:53', 'proper_unix_timestamp': 1767649980000, 'proper_iso_timestamp': '2026-01-05T21:53:00.000Z'}",Color,Color,Black,Black,,,,,85,85,$30.00,30,No,False,,,,,35.99,35.99,,,29.30,29.3,12.50,12.5,No,False,,,Yes,True,,,,,,,$30.00,30,$21.85,21.85,No,False
695c32ef612ae4b6294b1daa,"<span class=""695c32e4597723b2d911e788"" data-kn=""connection-value"">WST风镜防雾器电动除雾TYPE-C充电风速可调搭配头盔使用战术配件-淘宝网</span>","[{'id': '695c32e4597723b2d911e788', 'identifier': 'WST风镜防雾器电动除雾TYPE-C充电风速可调搭配头盔使用战术配件-淘宝网'}]",Active,Active,Tan Goggle Set (3 Lenses),Tan Goggle Set (3 Lenses),,,,,,,Yes,True,,,01/05/2026 16:53,"{'date': '01/05/2026', 'date_formatted': '01/05/2026', 'hours': '04', 'minutes': '53', 'am_pm': 'PM', 'unix_timestamp': 1767631980000, 'iso_timestamp': '2026-01-05T16:53:00.000Z', 'timestamp': '01/05/2026 04:53 pm', 'time': 1013, 'time_formatted': '16:53', 'proper_unix_timestamp': 1767649980000, 'proper_iso_timestamp': '2026-01-05T21:53:00.000Z'}",01/05/2026 16:53,"{'date': '01/05/2026', 'date_formatted': '01/05/2026', 'hours': '04', 'minutes': '53', 'am_pm': 'PM', 'unix_timestamp': 1767631980000, 'iso_timestamp': '2026-01-05T16:53:00.000Z', 'timestamp': '01/05/2026 04:53 pm', 'time': 1013, 'time_formatted': '16:53', 'proper_unix_timestamp': 1767649980000, 'proper_iso_timestamp': '2026-01-05T21:53:00.000Z'}",Color,Color,Tan,Tan,,,,,85,85,$30.00,30,No,False,,,,,35.99,35.99,,,29.30,29.3,12.50,12.5,No,False,,,Yes,True,,,,,,,$30.00,30,$21.85,21.85,No,False
695c32ee913f62399ce19d0b,"<span class=""695c32e4597723b2d911e788"" data-kn=""connection-value"">WST风镜防雾器电动除雾TYPE-C充电风速可调搭配头盔使用战术配件-淘宝网</span>","[{'id': '695c32e4597723b2d911e788', 'identifier': 'WST风镜防雾器电动除雾TYPE-C充电风速可调搭配头盔使用战术配件-淘宝网'}]",Active,Active,OD Green Goggle Set (3 Lenses),OD Green Goggle Set (3 Lenses),,,,,,,Yes,True,,,01/05/2026 16:53,"{'date': '01/05/2026', 'date_formatted': '01/05/2026', 'hours': '04', 'minutes': '53', 'am_pm': 'PM', 'unix_timestamp': 1767631980000, 'iso_timestamp': '2026-01-05T16:53:00.000Z', 'timestamp': '01/05/2026 04:53 pm', 'time': 1013, 'time_formatted': '16:53', 'proper_unix_timestamp': 1767649980000, 'proper_iso_timestamp': '2026-01-05T21:53:00.000Z'}",01/05/2026 16:53,"{'date': '01/05/2026', 'date_formatted': '01/05/2026', 'hours': '04', 'minutes': '53', 'am_pm': 'PM', 'unix_timestamp': 1767631980000, 'iso_timestamp': '2026-01-05T16:53:00.000Z', 'timestamp': '01/05/2026 04:53 pm', 'time': 1013, 'time_formatted': '16:53', 'proper_unix_timestamp': 1767649980000, 'proper_iso_timestamp': '2026-01-05T21:53:00.000Z'}",Color,Color,OD Green,OD Green,,,,,85,85,$30.00,30,No,False,,,,,35.99,35.99,,,29.30,29.3,12.50,12.5,No,False,,,Yes,True,,,,,,,$30.00,30,$21.85,21.85,No,False
695c32eeb3a75d879c306d55,"<span class=""695c32e4597723b2d911e788"" data-kn=""connection-value"">WST风镜防雾器电动除雾TYPE-C充电风速可调搭配头盔使用战术配件-淘宝网</span>","[{'id': '695c32e4597723b2d911e788', 'identifier': 'WST风镜防雾器电动除雾TYPE-C充电风速可调搭配头盔使用战术配件-淘宝网'}]",Active,Active,Black Goggle Set (1 Lens),Black Goggle Set (1 Lens),,,,,,,Yes,True,,,01/05/2026 16:53,"{'date': '01/05/2026', 'date_formatted': '01/05/2026', 'hours': '04', 'minutes': '53', 'am_pm': 'PM', 'unix_timestamp': 1767631980000, 'iso_timestamp': '2026-01-05T16:53:00.000Z', 'timestamp': '01/05/2026 04:53 pm', 'time': 1013, 'time_formatted': '16:53', 'proper_unix_timestamp': 1767649980000, 'proper_iso_timestamp': '2026-01-05T21:53:00.000Z'}",01/05/2026 16:53,"{'date': '01/05/2026', 'date_formatted': '01/05/2026', 'hours': '04', 'minutes': '53', 'am_pm': 'PM', 'unix_timestamp': 1767631980000, 'iso_timestamp': '2026-01-05T16:53:00.000Z', 'timestamp': '01/05/2026 04:53 pm', 'time': 1013, 'time_formatted': '16:53', 'proper_unix_timestamp': 1767649980000, 'proper_iso_timestamp': '2026-01-05T21:53:00.000Z'}",Color,Color,Black,Black,,,,,58,58,$30.00,30,No,False,,,,,27.99,27.99,,,30.30,30.3,13.60,13.6,No,False,,,Yes,True,,,,,,,$30.00,30,$16.72,16.72,No,False
695c32ee913f62399ce19690,"<span class=""695c32e4597723b2d911e788"" data-kn=""connection-value"">WST风镜防雾器电动除雾TYPE-C充电风速可调搭配头盔使用战术配件-淘宝网</span>","[{'id': '695c32e4597723b2d911e788', 'identifier': 'WST风镜防雾器电动除雾TYPE-C充电风速可调搭配头盔使用战术配件-淘宝网'}]",Active,Active,Tan Goggle Set (1 Lens),Tan Goggle Set (1 Lens),,,,,,,Yes,True,,,01/05/2026 16:53,"{'date': '01/05/2026', 'date_formatted': '01/05/2026', 'hours': '04', 'minutes': '53', 'am_pm': 'PM', 'unix_timestamp': 1767631980000, 'iso_timestamp': '2026-01-05T16:53:00.000Z', 'timestamp': '01/05/2026 04:53 pm', 'time': 1013, 'time_formatted': '16:53', 'proper_unix_timestamp': 1767649980000, 'proper_iso_timestamp': '2026-01-05T21:53:00.000Z'}",01/05/2026 16:53,"{'date': '01/05/2026', 'date_formatted': '01/05/2026', 'hours': '04', 'minutes': '53', 'am_pm': 'PM', 'unix_timestamp': 1767631980000, 'iso_timestamp': '2026-01-05T16:53:00.000Z', 'timestamp': '01/05/2026 04:53 pm', 'time': 1013, 'time_formatted': '16:53', 'proper_unix_timestamp': 1767649980000, 'proper_iso_timestamp': '2026-01-05T21:53:00.000Z'}",Color,Color,Tan,Tan,,,,,58,58,$30.00,30,No,False,,,,,27.99,27.99,,,30.30,30.3,13.60,13.6,No,False,,,Yes,True,,,,,,,$30.00,30,$16.72,16.72,No,False
695c32edd745a52edae17efa,"<span class=""695c32e4597723b2d911e788"" data-kn=""connection-value"">WST风镜防雾器电动除雾TYPE-C充电风速可调搭配头盔使用战术配件-淘宝网</span>","[{'id': '695c32e4597723b2d911e788', 'identifier': 'WST风镜防雾器电动除雾TYPE-C充电风速可调搭配头盔使用战术配件-淘宝网'}]",Active,Active,OD Green Goggle Set (1 Lens),OD Green Goggle Set (1 Lens),,,,,,,Yes,True,,,01/05/2026 16:53,"{'date': '01/05/2026', 'date_formatted': '01/05/2026', 'hours': '04', 'minutes': '53', 'am_pm': 'PM', 'unix_timestamp': 1767631980000, 'iso_timestamp': '2026-01-05T16:53:00.000Z', 'timestamp': '01/05/2026 04:53 pm', 'time': 1013, 'time_formatted': '16:53', 'proper_unix_timestamp': 1767649980000, 'proper_iso_timestamp': '2026-01-05T21:53:00.000Z'}",01/05/2026 16:53,"{'date': '01/05/2026', 'date_formatted': '01/05/2026', 'hours': '04', 'minutes': '53', 'am_pm': 'PM', 'unix_timestamp': 1767631980000, 'iso_timestamp': '2026-01-05T16:53:00.000Z', 'timestamp': '01/05/2026 04:53 pm', 'time': 1013, 'time_formatted': '16:53', 'proper_unix_timestamp': 1767649980000, 'proper_iso_timestamp': '2026-01-05T21:53:00.000Z'}",Color,Color,OD Green,OD Green,,,,,58,58,$30.00,30,No,False,,,,,27.99,27.99,,,30.30,30.3,13.60,13.6,No,False,,,Yes,True,,,,,,,$30.00,30,$16.72,16.72,No,False
695c32edce1739befd1c2fec,"<span class=""695c32e5c3a1704a5640bcfb"" data-kn=""connection-value"">NGD北境防务 ""FPS""运动相机战术连接臂-淘宝网</span>","[{'id': '695c32e5c3a1704a5640bcfb', 'identifier': 'NGD北境防务 ""FPS""运动相机战术连接臂-淘宝网'}]",Active,Active,Black NGD FPS,Black NGD FPS,,,,,,,Yes,True,,,01/05/2026 16:53,"{'date': '01/05/2026', 'date_formatted': '01/05/2026', 'hours': '04', 'minutes': '53', 'am_pm': 'PM', 'unix_timestamp': 1767631980000, 'iso_timestamp': '2026-01-05T16:53:00.000Z', 'timestamp': '01/05/2026 04:53 pm', 'time': 1013, 'time_formatted': '16:53', 'proper_unix_timestamp': 1767649980000, 'proper_iso_timestamp': '2026-01-05T21:53:00.000Z'}",01/05/2026 16:53,"{'date': '01/05/2026', 'date_formatted': '01/05/2026', 'hours': '04', 'minutes': '53', 'am_pm': 'PM', 'unix_timestamp': 1767631980000, 'iso_timestamp': '2026-01-05T16:53:00.000Z', 'timestamp': '01/05/2026 04:53 pm', 'time': 1013, 'time_formatted': '16:53', 'proper_unix_timestamp': 1767649980000, 'proper_iso_timestamp': '2026-01-05T21:53:00.000Z'}",Color,Color,Black,Black,,,,,158,158,$30.00,30,No,False,,,,,59.99,59.99,,,30.50,30.5,13.80,13.8,No,False,,,Yes,True,,,,,,,$30.00,30,$35.72,35.72,No,False
695c32ecc3a1704a5640fa19,"<span class=""695c32e5c3a1704a5640bcfb"" data-kn=""connection-value"">NGD北境防务 ""FPS""运动相机战术连接臂-淘宝网</span>","[{'id': '695c32e5c3a1704a5640bcfb', 'identifier': 'NGD北境防务 ""FPS""运动相机战术连接臂-淘宝网'}]",Active,Active,FDE NGD FPS,FDE NGD FPS,,,,,,,Yes,True,,,01/05/2026 16:53,"{'date': '01/05/2026', 'date_formatted': '01/05/2026', 'hours': '04', 'minutes': '53', 'am_pm': 'PM', 'unix_timestamp': 1767631980000, 'iso_timestamp': '2026-01-05T16:53:00.000Z', 'timestamp': '01/05/2026 04:53 pm', 'time': 1013, 'time_formatted': '16:53', 'proper_unix_timestamp': 1767649980000, 'proper_iso_timestamp': '2026-01-05T21:53:00.000Z'}",01/05/2026 16:53,"{'date': '01/05/2026', 'date_formatted': '01/05/2026', 'hours': '04', 'minutes': '53', 'am_pm': 'PM', 'unix_timestamp': 1767631980000, 'iso_timestamp': '2026-01-05T16:53:00.000Z', 'timestamp': '01/05/2026 04:53 pm', 'time': 1013, 'time_formatted': '16:53', 'proper_unix_timestamp': 1767649980000, 'proper_iso_timestamp': '2026-01-05T21:53:00.000Z'}",Color,Color,FDE,FDE,,,,,158,158,$30.00,30,No,False,,,,,59.99,59.99,,,30.50,30.5,13.80,13.8,No,False,,,Yes,True,,,,,,,$30.00,30,$35.72,35.72,No,False
695c32ec8c02f889bc8928be,"<span class=""695c32e5c3a1704a5640bcfb"" data-kn=""connection-value"">NGD北境防务 ""FPS""运动相机战术连接臂-淘宝网</span>","[{'id': '695c32e5c3a1704a5640bcfb', 'identifier': 'NGD北境防务 ""FPS""运动相机战术连接臂-淘宝网'}]",Active,Active,"Specifications: Compatible with DJI, Insta360, and other universal adapter interfaces","Specifications: Compatible with DJI, Insta360, and other universal adapter interfaces",,,,,,,Yes,True,,,01/05/2026 16:53,"{'date': '01/05/2026', 'date_formatted': '01/05/2026', 'hours': '04', 'minutes': '53', 'am_pm': 'PM', 'unix_timestamp': 1767631980000, 'iso_timestamp': '2026-01-05T16:53:00.000Z', 'timestamp': '01/05/2026 04:53 pm', 'time': 1013, 'time_formatted': '16:53', 'proper_unix_timestamp': 1767649980000, 'proper_iso_timestamp': '2026-01-05T21:53:00.000Z'}",01/05/2026 16:53,"{'date': '01/05/2026', 'date_formatted': '01/05/2026', 'hours': '04', 'minutes': '53', 'am_pm': 'PM', 'unix_timestamp': 1767631980000, 'iso_timestamp': '2026-01-05T16:53:00.000Z', 'timestamp': '01/05/2026 04:53 pm', 'time': 1013, 'time_formatted': '16:53', 'proper_unix_timestamp': 1767649980000, 'proper_iso_timestamp': '2026-01-05T21:53:00.000Z'}",Style,Style,"Specifications: Compatible with DJI, Insta360, and other universal adapter interfaces","Specifications: Compatible with DJI, Insta360, and other universal adapter interfaces",,,,,158,158,$30.00,30,No,False,,,,,59.99,59.99,,,30.50,30.5,13.80,13.8,No,False,,,Yes,True,,,,,,,$30.00,30,$35.72,35.72,No,False
695c32ec1d735f55f73b6ffd,"<span class=""695c32e3bde2c63e6cada76c"" data-kn=""connection-value"">七彩喷火夜光消荧光玩具喷火战术夜光激发装置软弹感应器影视装备-淘宝网</span>","[{'id': '695c32e3bde2c63e6cada76c', 'identifier': '七彩喷火夜光消荧光玩具喷火战术夜光激发装置软弹感应器影视装备-淘宝网'}]",Active,Active,7-Color Luminous Suppressor - Black,7-Color Luminous Suppressor - Black,,,,,,,Yes,True,,,01/05/2026 16:53,"{'date': '01/05/2026', 'date_formatted': '01/05/2026', 'hours': '04', 'minutes': '53', 'am_pm': 'PM', 'unix_timestamp': 1767631980000, 'iso_timestamp': '2026-01-05T16:53:00.000Z', 'timestamp': '01/05/2026 04:53 pm', 'time': 1013, 'time_formatted': '16:53', 'proper_unix_timestamp': 1767649980000, 'proper_iso_timestamp': '2026-01-05T21:53:00.000Z'}",01/05/2026 16:53,"{'date': '01/05/2026', 'date_formatted': '01/05/2026', 'hours': '04', 'minutes': '53', 'am_pm': 'PM', 'unix_timestamp': 1767631980000, 'iso_timestamp': '2026-01-05T16:53:00.000Z', 'timestamp': '01/05/2026 04:53 pm', 'time': 1013, 'time_formatted': '16:53', 'proper_unix_timestamp': 1767649980000, 'proper_iso_timestamp': '2026-01-05T21:53:00.000Z'}",Color,Color,Black,Black,,,,,185,185,$30.00,30,No,False,,,,,67.99,67.99,,,29.90,29.9,13.20,13.2,No,False,,,Yes,True,,,,,,,$30.00,30,$40.85,40.85,No,False
695c32eb3f54f8d4dc468271,"<span class=""695c32e3bde2c63e6cada76c"" data-kn=""connection-value"">七彩喷火夜光消荧光玩具喷火战术夜光激发装置软弹感应器影视装备-淘宝网</span>","[{'id': '695c32e3bde2c63e6cada76c', 'identifier': '七彩喷火夜光消荧光玩具喷火战术夜光激发装置软弹感应器影视装备-淘宝网'}]",Active,Active,7-Color Luminous Suppressor - FDE,7-Color Luminous Suppressor - FDE,,,,,,,Yes,True,,,01/05/2026 16:53,"{'date': '01/05/2026', 'date_formatted': '01/05/2026', 'hours': '04', 'minutes': '53', 'am_pm': 'PM', 'unix_timestamp': 1767631980000, 'iso_timestamp': '2026-01-05T16:53:00.000Z', 'timestamp': '01/05/2026 04:53 pm', 'time': 1013, 'time_formatted': '16:53', 'proper_unix_timestamp': 1767649980000, 'proper_iso_timestamp': '2026-01-05T21:53:00.000Z'}",01/05/2026 16:53,"{'date': '01/05/2026', 'date_formatted': '01/05/2026', 'hours': '04', 'minutes': '53', 'am_pm': 'PM', 'unix_timestamp': 1767631980000, 'iso_timestamp': '2026-01-05T16:53:00.000Z', 'timestamp': '01/05/2026 04:53 pm', 'time': 1013, 'time_formatted': '16:53', 'proper_unix_timestamp': 1767649980000, 'proper_iso_timestamp': '2026-01-05T21:53:00.000Z'}",Color,Color,FDE,FDE,,,,,185,185,$30.00,30,No,False,,,,,67.99,67.99,,,29.90,29.9,13.20,13.2,No,False,,,Yes,True,,,,,,,$30.00,30,$40.85,40.85,No,False
695c32ebbd3270258c3f6b36,"<span class=""695c32e537eef90c93aec7bb"" data-kn=""connection-value"">FMA 蝎式软壳快拔旦夹套5.56/7.62\9mm旦匣包 军迷射击MOLLE包-淘宝网</span>","[{'id': '695c32e537eef90c93aec7bb', 'identifier': 'FMA 蝎式软壳快拔旦夹套5.56/7.62\\9mm旦匣包 军迷射击MOLLE包-淘宝网'}]",Active,Active,OD Green / Large,OD Green / Large,,,,,,,Yes,True,,,01/05/2026 16:53,"{'date': '01/05/2026', 'date_formatted': '01/05/2026', 'hours': '04', 'minutes': '53', 'am_pm': 'PM', 'unix_timestamp': 1767631980000, 'iso_timestamp': '2026-01-05T16:53:00.000Z', 'timestamp': '01/05/2026 04:53 pm', 'time': 1013, 'time_formatted': '16:53', 'proper_unix_timestamp': 1767649980000, 'proper_iso_timestamp': '2026-01-05T21:53:00.000Z'}",01/05/2026 16:53,"{'date': '01/05/2026', 'date_formatted': '01/05/2026', 'hours': '04', 'minutes': '53', 'am_pm': 'PM', 'unix_timestamp': 1767631980000, 'iso_timestamp': '2026-01-05T16:53:00.000Z', 'timestamp': '01/05/2026 04:53 pm', 'time': 1013, 'time_formatted': '16:53', 'proper_unix_timestamp': 1767649980000, 'proper_iso_timestamp': '2026-01-05T21:53:00.000Z'}",Color,Color,OD Green,OD Green,Profile,Profile,Large,Large,31,31,$30.00,30,No,False,,,,,18.99,18.99,,,29.00,29,12.20,12.2,No,False,,,Yes,True,,,,,,,$30.00,30,$11.59,11.59,No,False
695c32eb98a477987c87e21d,"<span class=""695c32e537eef90c93aec7bb"" data-kn=""connection-value"">FMA 蝎式软壳快拔旦夹套5.56/7.62\9mm旦匣包 军迷射击MOLLE包-淘宝网</span>","[{'id': '695c32e537eef90c93aec7bb', 'identifier': 'FMA 蝎式软壳快拔旦夹套5.56/7.62\\9mm旦匣包 军迷射击MOLLE包-淘宝网'}]",Active,Active,OD Green / Small,OD Green / Small,,,,,,,Yes,True,,,01/05/2026 16:53,"{'date': '01/05/2026', 'date_formatted': '01/05/2026', 'hours': '04', 'minutes': '53', 'am_pm': 'PM', 'unix_timestamp': 1767631980000, 'iso_timestamp': '2026-01-05T16:53:00.000Z', 'timestamp': '01/05/2026 04:53 pm', 'time': 1013, 'time_formatted': '16:53', 'proper_unix_timestamp': 1767649980000, 'proper_iso_timestamp': '2026-01-05T21:53:00.000Z'}",01/05/2026 16:53,"{'date': '01/05/2026', 'date_formatted': '01/05/2026', 'hours': '04', 'minutes': '53', 'am_pm': 'PM', 'unix_timestamp': 1767631980000, 'iso_timestamp': '2026-01-05T16:53:00.000Z', 'timestamp': '01/05/2026 04:53 pm', 'time': 1013, 'time_formatted': '16:53', 'proper_unix_timestamp': 1767649980000, 'proper_iso_timestamp': '2026-01-05T21:53:00.000Z'}",Color,Color,OD Green,OD Green,Profile,Profile,Small,Small,28,28,$30.00,30,No,False,,,,,17.99,17.99,,,28.70,28.7,11.90,11.9,No,False,,,Yes,True,,,,,,,$30.00,30,$11.02,11.02,No,False
695c32ead31dc717397945aa,"<span class=""695c32e537eef90c93aec7bb"" data-kn=""connection-value"">FMA 蝎式软壳快拔旦夹套5.56/7.62\9mm旦匣包 军迷射击MOLLE包-淘宝网</span>","[{'id': '695c32e537eef90c93aec7bb', 'identifier': 'FMA 蝎式软壳快拔旦夹套5.56/7.62\\9mm旦匣包 军迷射击MOLLE包-淘宝网'}]",Active,Active,OD Green / Short,OD Green / Short,,,,,,,Yes,True,,,01/05/2026 16:53,"{'date': '01/05/2026', 'date_formatted': '01/05/2026', 'hours': '04', 'minutes': '53', 'am_pm': 'PM', 'unix_timestamp': 1767631980000, 'iso_timestamp': '2026-01-05T16:53:00.000Z', 'timestamp': '01/05/2026 04:53 pm', 'time': 1013, 'time_formatted': '16:53', 'proper_unix_timestamp': 1767649980000, 'proper_iso_timestamp': '2026-01-05T21:53:00.000Z'}",01/05/2026 16:53,"{'date': '01/05/2026', 'date_formatted': '01/05/2026', 'hours': '04', 'minutes': '53', 'am_pm': 'PM', 'unix_timestamp': 1767631980000, 'iso_timestamp': '2026-01-05T16:53:00.000Z', 'timestamp': '01/05/2026 04:53 pm', 'time': 1013, 'time_formatted': '16:53', 'proper_unix_timestamp': 1767649980000, 'proper_iso_timestamp': '2026-01-05T21:53:00.000Z'}",Color,Color,OD Green,OD Green,Profile,Profile,Short,Short,28,28,$30.00,30,No,False,,,,,17.99,17.99,,,28.70,28.7,11.90,11.9,No,False,,,Yes,True,,,,,,,$30.00,30,$11.02,11.02,No,False
695c32ea8b911985b1241539,"<span class=""695c32e537eef90c93aec7bb"" data-kn=""connection-value"">FMA 蝎式软壳快拔旦夹套5.56/7.62\9mm旦匣包 军迷射击MOLLE包-淘宝网</span>","[{'id': '695c32e537eef90c93aec7bb', 'identifier': 'FMA 蝎式软壳快拔旦夹套5.56/7.62\\9mm旦匣包 军迷射击MOLLE包-淘宝网'}]",Active,Active,Tan / Large,Tan / Large,,,,,,,Yes,True,,,01/05/2026 16:53,"{'date': '01/05/2026', 'date_formatted': '01/05/2026', 'hours': '04', 'minutes': '53', 'am_pm': 'PM', 'unix_timestamp': 1767631980000, 'iso_timestamp': '2026-01-05T16:53:00.000Z', 'timestamp': '01/05/2026 04:53 pm', 'time': 1013, 'time_formatted': '16:53', 'proper_unix_timestamp': 1767649980000, 'proper_iso_timestamp': '2026-01-05T21:53:00.000Z'}",01/05/2026 16:53,"{'date': '01/05/2026', 'date_formatted': '01/05/2026', 'hours': '04', 'minutes': '53', 'am_pm': 'PM', 'unix_timestamp': 1767631980000, 'iso_timestamp': '2026-01-05T16:53:00.000Z', 'timestamp': '01/05/2026 04:53 pm', 'time': 1013, 'time_formatted': '16:53', 'proper_unix_timestamp': 1767649980000, 'proper_iso_timestamp': '2026-01-05T21:53:00.000Z'}",Color,Color,Tan,Tan,Profile,Profile,Large,Large,31,31,$30.00,30,No,False,,,,,18.99,18.99,,,29.00,29,12.20,12.2,No,False,,,Yes,True,,,,,,,$30.00,30,$11.59,11.59,No,False
695c32ead745a52edae14aa0,"<span class=""695c32e537eef90c93aec7bb"" data-kn=""connection-value"">FMA 蝎式软壳快拔旦夹套5.56/7.62\9mm旦匣包 军迷射击MOLLE包-淘宝网</span>","[{'id': '695c32e537eef90c93aec7bb', 'identifier': 'FMA 蝎式软壳快拔旦夹套5.56/7.62\\9mm旦匣包 军迷射击MOLLE包-淘宝网'}]",Active,Active,Tan / Small,Tan / Small,,,,,,,Yes,True,,,01/05/2026 16:53,"{'date': '01/05/2026', 'date_formatted': '01/05/2026', 'hours': '04', 'minutes': '53', 'am_pm': 'PM', 'unix_timestamp': 1767631980000, 'iso_timestamp': '2026-01-05T16:53:00.000Z', 'timestamp': '01/05/2026 04:53 pm', 'time': 1013, 'time_formatted': '16:53', 'proper_unix_timestamp': 1767649980000, 'proper_iso_timestamp': '2026-01-05T21:53:00.000Z'}",01/05/2026 16:53,"{'date': '01/05/2026', 'date_formatted': '01/05/2026', 'hours': '04', 'minutes': '53', 'am_pm': 'PM', 'unix_timestamp': 1767631980000, 'iso_timestamp': '2026-01-05T16:53:00.000Z', 'timestamp': '01/05/2026 04:53 pm', 'time': 1013, 'time_formatted': '16:53', 'proper_unix_timestamp': 1767649980000, 'proper_iso_timestamp': '2026-01-05T21:53:00.000Z'}",Color,Color,Tan,Tan,Profile,Profile,Small,Small,28,28,$30.00,30,No,False,,,,,17.99,17.99,,,28.70,28.7,11.90,11.9,No,False,,,Yes,True,,,,,,,$30.00,30,$11.02,11.02,No,False
695c32e977fe252e9b181bed,"<span class=""695c32e537eef90c93aec7bb"" data-kn=""connection-value"">FMA 蝎式软壳快拔旦夹套5.56/7.62\9mm旦匣包 军迷射击MOLLE包-淘宝网</span>","[{'id': '695c32e537eef90c93aec7bb', 'identifier': 'FMA 蝎式软壳快拔旦夹套5.56/7.62\\9mm旦匣包 军迷射击MOLLE包-淘宝网'}]",Active,Active,Tan / Short,Tan / Short,,,,,,,Yes,True,,,01/05/2026 16:53,"{'date': '01/05/2026', 'date_formatted': '01/05/2026', 'hours': '04', 'minutes': '53', 'am_pm': 'PM', 'unix_timestamp': 1767631980000, 'iso_timestamp': '2026-01-05T16:53:00.000Z', 'timestamp': '01/05/2026 04:53 pm', 'time': 1013, 'time_formatted': '16:53', 'proper_unix_timestamp': 1767649980000, 'proper_iso_timestamp': '2026-01-05T21:53:00.000Z'}",01/05/2026 16:53,"{'date': '01/05/2026', 'date_formatted': '01/05/2026', 'hours': '04', 'minutes': '53', 'am_pm': 'PM', 'unix_timestamp': 1767631980000, 'iso_timestamp': '2026-01-05T16:53:00.000Z', 'timestamp': '01/05/2026 04:53 pm', 'time': 1013, 'time_formatted': '16:53', 'proper_unix_timestamp': 1767649980000, 'proper_iso_timestamp': '2026-01-05T21:53:00.000Z'}",Color,Color,Tan,Tan,Profile,Profile,Short,Short,28,28,$30.00,30,No,False,,,,,17.99,17.99,,,28.70,28.7,11.90,11.9,No,False,,,Yes,True,,,,,,,$30.00,30,$11.02,11.02,No,False
695c32e91e9722c9bff9fe45,"<span class=""695c32e537eef90c93aec7bb"" data-kn=""connection-value"">FMA 蝎式软壳快拔旦夹套5.56/7.62\9mm旦匣包 军迷射击MOLLE包-淘宝网</span>","[{'id': '695c32e537eef90c93aec7bb', 'identifier': 'FMA 蝎式软壳快拔旦夹套5.56/7.62\\9mm旦匣包 军迷射击MOLLE包-淘宝网'}]",Active,Active,Black / Large,Black / Large,,,,,,,Yes,True,,,01/05/2026 16:53,"{'date': '01/05/2026', 'date_formatted': '01/05/2026', 'hours': '04', 'minutes': '53', 'am_pm': 'PM', 'unix_timestamp': 1767631980000, 'iso_timestamp': '2026-01-05T16:53:00.000Z', 'timestamp': '01/05/2026 04:53 pm', 'time': 1013, 'time_formatted': '16:53', 'proper_unix_timestamp': 1767649980000, 'proper_iso_timestamp': '2026-01-05T21:53:00.000Z'}",01/05/2026 16:53,"{'date': '01/05/2026', 'date_formatted': '01/05/2026', 'hours': '04', 'minutes': '53', 'am_pm': 'PM', 'unix_timestamp': 1767631980000, 'iso_timestamp': '2026-01-05T16:53:00.000Z', 'timestamp': '01/05/2026 04:53 pm', 'time': 1013, 'time_formatted': '16:53', 'proper_unix_timestamp': 1767649980000, 'proper_iso_timestamp': '2026-01-05T21:53:00.000Z'}",Color,Color,Black,Black,Profile,Profile,Large,Large,31,31,$30.00,30,No,False,,,,,18.99,18.99,,,29.00,29,12.20,12.2,No,False,,,Yes,True,,,,,,,$30.00,30,$11.59,11.59,No,False
695c32e81d735f55f73b153d,"<span class=""695c32e537eef90c93aec7bb"" data-kn=""connection-value"">FMA 蝎式软壳快拔旦夹套5.56/7.62\9mm旦匣包 军迷射击MOLLE包-淘宝网</span>","[{'id': '695c32e537eef90c93aec7bb', 'identifier': 'FMA 蝎式软壳快拔旦夹套5.56/7.62\\9mm旦匣包 军迷射击MOLLE包-淘宝网'}]",Active,Active,Black / Small,Black / Small,,,,,,,Yes,True,,,01/05/2026 16:53,"{'date': '01/05/2026', 'date_formatted': '01/05/2026', 'hours': '04', 'minutes': '53', 'am_pm': 'PM', 'unix_timestamp': 1767631980000, 'iso_timestamp': '2026-01-05T16:53:00.000Z', 'timestamp': '01/05/2026 04:53 pm', 'time': 1013, 'time_formatted': '16:53', 'proper_unix_timestamp': 1767649980000, 'proper_iso_timestamp': '2026-01-05T21:53:00.000Z'}",01/05/2026 16:53,"{'date': '01/05/2026', 'date_formatted': '01/05/2026', 'hours': '04', 'minutes': '53', 'am_pm': 'PM', 'unix_timestamp': 1767631980000, 'iso_timestamp': '2026-01-05T16:53:00.000Z', 'timestamp': '01/05/2026 04:53 pm', 'time': 1013, 'time_formatted': '16:53', 'proper_unix_timestamp': 1767649980000, 'proper_iso_timestamp': '2026-01-05T21:53:00.000Z'}",Color,Color,Black,Black,Profile,Profile,Small,Small,28,28,$30.00,30,No,False,,,,,17.99,17.99,,,28.70,28.7,11.90,11.9,No,False,,,Yes,True,,,,,,,$30.00,30,$11.02,11.02,No,False
