Product ID,Product Title (ZH),Product Title (EN),URL,Variant Name (ZH),Variant Name (EN),Option Type 1,Option Value 1,Option Type 2,Option Value 2,Price CNY,Shipping CNY,Cost CAD,Price CAD,Margin %,Margin Promo %,SKU Key,In Stock
974743803214,战术新白色八件套装安保巡逻外腰带腰封多功能快拆带锁快拔套执勤,"Tactical New White 8-Piece Set (Security Patrol Duty Belt, Quick Release Locking Holster)",https://item.taobao.com/item.htm?id=974743803214,均码 / 快拆带锁棍喷W手电手K四件套装,"One Size Fits All / Quick Release Locking Baton, OC Spray, Flashlight, Handcuff Pouch 4-Piece Set",Color,均码,Size,快拆带锁棍喷W手电手K四件套装,160.0,30,36.1,51.99,20.6,10.6,variant_1,Yes
974743803214,战术新白色八件套装安保巡逻外腰带腰封多功能快拆带锁快拔套执勤,"Tactical New White 8-Piece Set (Security Patrol Duty Belt, Quick Release Locking Holster)",https://item.taobao.com/item.htm?id=974743803214,均码 / 快拆带锁棍喷W手电三件套装,"One Size Fits All / Quick Release Locking Baton, OC Spray, Flashlight Pouch 3-Piece Set",Color,均码,Size,快拆带锁棍喷W手电三件套装,120.0,30,28.5,39.99,18.7,8.7,variant_2,Yes
974743803214,战术新白色八件套装安保巡逻外腰带腰封多功能快拆带锁快拔套执勤,"Tactical New White 8-Piece Set (Security Patrol Duty Belt, Quick Release Locking Holster)",https://item.taobao.com/item.htm?id=974743803214,均码 / 快拆92/92G双防腰套,One Size Fits All / Quick Release 92/92G Dual Retention Belt Holster,Color,均码,Size,快拆92/92G双防腰套,65.0,30,18.05,25.99,20.6,10.6,variant_3,Yes
974743803214,战术新白色八件套装安保巡逻外腰带腰封多功能快拆带锁快拔套执勤,"Tactical New White 8-Piece Set (Security Patrol Duty Belt, Quick Release Locking Holster)",https://item.taobao.com/item.htm?id=974743803214,均码 / 侧开快拆带锁棍套,One Size Fits All / Side Opening Quick Release Locking Baton Holster,Color,均码,Size,侧开快拆带锁棍套,48.0,30,14.82,20.99,19.4,9.4,variant_4,Yes
974743803214,战术新白色八件套装安保巡逻外腰带腰封多功能快拆带锁快拔套执勤,"Tactical New White 8-Piece Set (Security Patrol Duty Belt, Quick Release Locking Holster)",https://item.taobao.com/item.htm?id=974743803214,均码 / 侧开快拆带锁手电套,One Size Fits All / Side Opening Quick Release Locking Flashlight Holster,Color,均码,Size,侧开快拆带锁手电套,48.0,30,14.82,20.99,19.4,9.4,variant_5,Yes
974743803214,战术新白色八件套装安保巡逻外腰带腰封多功能快拆带锁快拔套执勤,"Tactical New White 8-Piece Set (Security Patrol Duty Belt, Quick Release Locking Holster)",https://item.taobao.com/item.htm?id=974743803214,均码 / 侧开快拆带锁喷W套,One Size Fits All / Side Opening Quick Release Locking OC Spray Holster,Color,均码,Size,侧开快拆带锁喷W套,48.0,30,14.82,20.99,19.4,9.4,variant_6,Yes
974743803214,战术新白色八件套装安保巡逻外腰带腰封多功能快拆带锁快拔套执勤,"Tactical New White 8-Piece Set (Security Patrol Duty Belt, Quick Release Locking Holster)",https://item.taobao.com/item.htm?id=974743803214,均码 / 快拆通用手K套,One Size Fits All / Quick Release Universal Handcuff Pouch,Color,均码,Size,快拆通用手K套,58.0,30,16.72,23.99,20.3,10.3,variant_7,Yes
974743803214,战术新白色八件套装安保巡逻外腰带腰封多功能快拆带锁快拔套执勤,"Tactical New White 8-Piece Set (Security Patrol Duty Belt, Quick Release Locking Holster)",https://item.taobao.com/item.htm?id=974743803214,均码 / 文件包,One Size,Color,均码,Size,文件包,55.0,30,16.15,22.99,19.8,9.8,variant_8,Yes
974743803214,战术新白色八件套装安保巡逻外腰带腰封多功能快拆带锁快拔套执勤,"Tactical New White 8-Piece Set (Security Patrol Duty Belt, Quick Release Locking Holster)",https://item.taobao.com/item.htm?id=974743803214,均码 / 水壶袋,One Size / Canteen Pouch,Color,均码,Size,水壶袋,58.0,30,16.72,23.99,20.3,10.3,variant_10,Yes
974743803214,战术新白色八件套装安保巡逻外腰带腰封多功能快拆带锁快拔套执勤,"Tactical New White 8-Piece Set (Security Patrol Duty Belt, Quick Release Locking Holster)",https://item.taobao.com/item.htm?id=974743803214,均码 / 快拆D夹套,One Size / Quick Release D-Clip Pouch,Color,均码,Size,快拆D夹套,48.0,30,14.82,20.99,19.4,9.4,variant_11,Yes
974743803214,战术新白色八件套装安保巡逻外腰带腰封多功能快拆带锁快拔套执勤,"Tactical New White 8-Piece Set (Security Patrol Duty Belt, Quick Release Locking Holster)",https://item.taobao.com/item.htm?id=974743803214,S / A款套装,S / Style A Set,Color,S,Size,A款套装,202.0,30,44.08,62.99,20.0,10.0,variant_12,Yes
974743803214,战术新白色八件套装安保巡逻外腰带腰封多功能快拆带锁快拔套执勤,"Tactical New White 8-Piece Set (Security Patrol Duty Belt, Quick Release Locking Holster)",https://item.taobao.com/item.htm?id=974743803214,S / 快拆带锁棍喷W手电手K四件套装,"S / Quick Release Locking Baton, Spray, Flashlight, Handcuff Pouch 4-Piece Set",Color,S,Size,快拆带锁棍喷W手电手K四件套装,160.0,30,36.1,51.99,20.6,10.6,variant_16,Yes
974743803214,战术新白色八件套装安保巡逻外腰带腰封多功能快拆带锁快拔套执勤,"Tactical New White 8-Piece Set (Security Patrol Duty Belt, Quick Release Locking Holster)",https://item.taobao.com/item.htm?id=974743803214,S / 快拆带锁棍喷W手电三件套装,"S / Quick Release Locking Baton, Spray, Flashlight Pouch 3-Piece Set",Color,S,Size,快拆带锁棍喷W手电三件套装,120.0,30,28.5,39.99,18.7,8.7,variant_17,Yes
974743803214,战术新白色八件套装安保巡逻外腰带腰封多功能快拆带锁快拔套执勤,"Tactical New White 8-Piece Set (Security Patrol Duty Belt, Quick Release Locking Holster)",https://item.taobao.com/item.htm?id=974743803214,S / 勤务腰封,S / Duty Belt Pad,Color,S,Size,勤务腰封,65.0,30,18.05,25.99,20.6,10.6,variant_19,Yes
974743803214,战术新白色八件套装安保巡逻外腰带腰封多功能快拆带锁快拔套执勤,"Tactical New White 8-Piece Set (Security Patrol Duty Belt, Quick Release Locking Holster)",https://item.taobao.com/item.htm?id=974743803214,S / 外腰带+勤务腰封,S / Outer Duty Belt + Duty Belt Pad,Color,S,Size,外腰带+勤务腰封,107.0,30,26.03,36.99,19.6,9.6,variant_21,Yes
974743803214,战术新白色八件套装安保巡逻外腰带腰封多功能快拆带锁快拔套执勤,"Tactical New White 8-Piece Set (Security Patrol Duty Belt, Quick Release Locking Holster)",https://item.taobao.com/item.htm?id=974743803214,S / 外腰带+勤务腰封+内腰带,S / Outer Duty Belt + Duty Belt Pad + Inner Belt,Color,S,Size,外腰带+勤务腰封+内腰带,145.0,30,33.25,47.99,20.7,10.7,variant_22,Yes
974743803214,战术新白色八件套装安保巡逻外腰带腰封多功能快拆带锁快拔套执勤,"Tactical New White 8-Piece Set (Security Patrol Duty Belt, Quick Release Locking Holster)",https://item.taobao.com/item.htm?id=974743803214,S / 快拆92/92G双防腰套,S / Quick Release 92/92G Double Retention Holster,Color,S,Size,快拆92/92G双防腰套,65.0,30,18.05,25.99,20.6,10.6,variant_23,Yes
974743803214,战术新白色八件套装安保巡逻外腰带腰封多功能快拆带锁快拔套执勤,"Tactical New White 8-Piece Set (Security Patrol Duty Belt, Quick Release Locking Holster)",https://item.taobao.com/item.htm?id=974743803214,S / 侧开快拆带锁棍套,S / Side Opening Quick Release Locking Baton Pouch,Color,S,Size,侧开快拆带锁棍套,48.0,30,14.82,20.99,19.4,9.4,variant_24,Yes
974743803214,战术新白色八件套装安保巡逻外腰带腰封多功能快拆带锁快拔套执勤,"Tactical New White 8-Piece Set (Security Patrol Duty Belt, Quick Release Locking Holster)",https://item.taobao.com/item.htm?id=974743803214,S / 侧开快拆带锁手电套,S / Side Opening Quick Release Locking Flashlight Pouch,Color,S,Size,侧开快拆带锁手电套,48.0,30,14.82,20.99,19.4,9.4,variant_25,Yes
974743803214,战术新白色八件套装安保巡逻外腰带腰封多功能快拆带锁快拔套执勤,"Tactical New White 8-Piece Set (Security Patrol Duty Belt, Quick Release Locking Holster)",https://item.taobao.com/item.htm?id=974743803214,S / 侧开快拆带锁喷W套,S / Side Opening Quick Release Locking Spray Pouch,Color,S,Size,侧开快拆带锁喷W套,48.0,30,14.82,20.99,19.4,9.4,variant_26,Yes
974743803214,战术新白色八件套装安保巡逻外腰带腰封多功能快拆带锁快拔套执勤,"Tactical New White 8-Piece Set (Security Patrol Duty Belt, Quick Release Locking Holster)",https://item.taobao.com/item.htm?id=974743803214,S / 快拆通用手K套,S / Quick Release Universal Handcuff Pouch,Color,S,Size,快拆通用手K套,58.0,30,16.72,23.99,20.3,10.3,variant_27,Yes
974743803214,战术新白色八件套装安保巡逻外腰带腰封多功能快拆带锁快拔套执勤,"Tactical New White 8-Piece Set (Security Patrol Duty Belt, Quick Release Locking Holster)",https://item.taobao.com/item.htm?id=974743803214,S / 文件包,S / Admin Pouch,Color,S,Size,文件包,55.0,30,16.15,22.99,19.8,9.8,variant_28,Yes
974743803214,战术新白色八件套装安保巡逻外腰带腰封多功能快拆带锁快拔套执勤,"Tactical New White 8-Piece Set (Security Patrol Duty Belt, Quick Release Locking Holster)",https://item.taobao.com/item.htm?id=974743803214,S / 水壶袋,S / Canteen Pouch,Color,S,Size,水壶袋,58.0,30,16.72,23.99,20.3,10.3,variant_30,Yes
974743803214,战术新白色八件套装安保巡逻外腰带腰封多功能快拆带锁快拔套执勤,"Tactical New White 8-Piece Set (Security Patrol Duty Belt, Quick Release Locking Holster)",https://item.taobao.com/item.htm?id=974743803214,S / 快拆D夹套,S / Quick Release D-Clip Pouch,Color,S,Size,快拆D夹套,48.0,30,14.82,20.99,19.4,9.4,variant_31,Yes
974743803214,战术新白色八件套装安保巡逻外腰带腰封多功能快拆带锁快拔套执勤,"Tactical New White 8-Piece Set (Security Patrol Duty Belt, Quick Release Locking Holster)",https://item.taobao.com/item.htm?id=974743803214,M / A款套装,M / Style A Set,Color,M,Size,A款套装,202.0,30,44.08,62.99,20.0,10.0,variant_32,Yes
974743803214,战术新白色八件套装安保巡逻外腰带腰封多功能快拆带锁快拔套执勤,"Tactical New White 8-Piece Set (Security Patrol Duty Belt, Quick Release Locking Holster)",https://item.taobao.com/item.htm?id=974743803214,M / 快拆带锁棍喷W手电手K四件套装,"M / Quick Release Locking Baton, Spray, Flashlight, Handcuff Pouch 4-Piece Set",Color,M,Size,快拆带锁棍喷W手电手K四件套装,160.0,30,36.1,51.99,20.6,10.6,variant_36,Yes
974743803214,战术新白色八件套装安保巡逻外腰带腰封多功能快拆带锁快拔套执勤,"Tactical New White 8-Piece Set (Security Patrol Duty Belt, Quick Release Locking Holster)",https://item.taobao.com/item.htm?id=974743803214,M / 快拆带锁棍喷W手电三件套装,"M / Quick Release Locking Baton, Spray, Flashlight Pouch 3-Piece Set",Color,M,Size,快拆带锁棍喷W手电三件套装,120.0,30,28.5,39.99,18.7,8.7,variant_37,Yes
974743803214,战术新白色八件套装安保巡逻外腰带腰封多功能快拆带锁快拔套执勤,"Tactical New White 8-Piece Set (Security Patrol Duty Belt, Quick Release Locking Holster)",https://item.taobao.com/item.htm?id=974743803214,M / 勤务腰封,M / Duty Belt Pad,Color,M,Size,勤务腰封,65.0,30,18.05,25.99,20.6,10.6,variant_39,Yes
974743803214,战术新白色八件套装安保巡逻外腰带腰封多功能快拆带锁快拔套执勤,"Tactical New White 8-Piece Set (Security Patrol Duty Belt, Quick Release Locking Holster)",https://item.taobao.com/item.htm?id=974743803214,M / 外腰带+勤务腰封,M / Outer Duty Belt + Duty Belt Pad,Color,M,Size,外腰带+勤务腰封,107.0,30,26.03,36.99,19.6,9.6,variant_41,Yes
974743803214,战术新白色八件套装安保巡逻外腰带腰封多功能快拆带锁快拔套执勤,"Tactical New White 8-Piece Set (Security Patrol Duty Belt, Quick Release Locking Holster)",https://item.taobao.com/item.htm?id=974743803214,M / 外腰带+勤务腰封+内腰带,M / Outer Duty Belt + Duty Belt Pad + Inner Belt,Color,M,Size,外腰带+勤务腰封+内腰带,145.0,30,33.25,47.99,20.7,10.7,variant_42,Yes
974743803214,战术新白色八件套装安保巡逻外腰带腰封多功能快拆带锁快拔套执勤,"Tactical New White 8-Piece Set (Security Patrol Duty Belt, Quick Release Locking Holster)",https://item.taobao.com/item.htm?id=974743803214,M / 快拆92/92G双防腰套,M / Quick Release 92/92G Double Retention Holster,Color,M,Size,快拆92/92G双防腰套,65.0,30,18.05,25.99,20.6,10.6,variant_43,Yes
974743803214,战术新白色八件套装安保巡逻外腰带腰封多功能快拆带锁快拔套执勤,"Tactical New White 8-Piece Set (Security Patrol Duty Belt, Quick Release Locking Holster)",https://item.taobao.com/item.htm?id=974743803214,M / 侧开快拆带锁棍套,M / Side Opening Quick Release Locking Baton Pouch,Color,M,Size,侧开快拆带锁棍套,48.0,30,14.82,20.99,19.4,9.4,variant_44,Yes
974743803214,战术新白色八件套装安保巡逻外腰带腰封多功能快拆带锁快拔套执勤,"Tactical New White 8-Piece Set (Security Patrol Duty Belt, Quick Release Locking Holster)",https://item.taobao.com/item.htm?id=974743803214,M / 侧开快拆带锁手电套,M / Side Opening Quick Release Locking Flashlight Pouch,Color,M,Size,侧开快拆带锁手电套,48.0,30,14.82,20.99,19.4,9.4,variant_45,Yes
974743803214,战术新白色八件套装安保巡逻外腰带腰封多功能快拆带锁快拔套执勤,"Tactical New White 8-Piece Set (Security Patrol Duty Belt, Quick Release Locking Holster)",https://item.taobao.com/item.htm?id=974743803214,M / 侧开快拆带锁喷W套,M / Side Opening Quick Release Locking Spray Pouch,Color,M,Size,侧开快拆带锁喷W套,48.0,30,14.82,20.99,19.4,9.4,variant_46,Yes
974743803214,战术新白色八件套装安保巡逻外腰带腰封多功能快拆带锁快拔套执勤,"Tactical New White 8-Piece Set (Security Patrol Duty Belt, Quick Release Locking Holster)",https://item.taobao.com/item.htm?id=974743803214,M / 快拆通用手K套,M / Quick Release Universal Handcuff Pouch,Color,M,Size,快拆通用手K套,58.0,30,16.72,23.99,20.3,10.3,variant_47,Yes
974743803214,战术新白色八件套装安保巡逻外腰带腰封多功能快拆带锁快拔套执勤,"Tactical New White 8-Piece Set (Security Patrol Duty Belt, Quick Release Locking Holster)",https://item.taobao.com/item.htm?id=974743803214,M / 文件包,M / Admin Pouch,Color,M,Size,文件包,55.0,30,16.15,22.99,19.8,9.8,variant_48,Yes
974743803214,战术新白色八件套装安保巡逻外腰带腰封多功能快拆带锁快拔套执勤,"Tactical New White 8-Piece Set (Security Patrol Duty Belt, Quick Release Locking Holster)",https://item.taobao.com/item.htm?id=974743803214,M / 水壶袋,M / Canteen Pouch,Color,M,Size,水壶袋,58.0,30,16.72,23.99,20.3,10.3,variant_50,Yes
974743803214,战术新白色八件套装安保巡逻外腰带腰封多功能快拆带锁快拔套执勤,"Tactical New White 8-Piece Set (Security Patrol Duty Belt, Quick Release Locking Holster)",https://item.taobao.com/item.htm?id=974743803214,M / 快拆D夹套,M / QD D-ring Pouch,Color,M,Size,快拆D夹套,48.0,30,14.82,20.99,19.4,9.4,variant_51,Yes
974743803214,战术新白色八件套装安保巡逻外腰带腰封多功能快拆带锁快拔套执勤,"Tactical New White 8-Piece Set (Security Patrol Duty Belt, Quick Release Locking Holster)",https://item.taobao.com/item.htm?id=974743803214,L / A款套装,L / Type A Set,Color,L,Size,A款套装,202.0,30,44.08,62.99,20.0,10.0,variant_52,Yes
974743803214,战术新白色八件套装安保巡逻外腰带腰封多功能快拆带锁快拔套执勤,"Tactical New White 8-Piece Set (Security Patrol Duty Belt, Quick Release Locking Holster)",https://item.taobao.com/item.htm?id=974743803214,L / 快拆带锁棍喷W手电手K四件套装,"L / QD Locking Baton, Pepper Spray, Flashlight, Handcuff 4-piece Set",Color,L,Size,快拆带锁棍喷W手电手K四件套装,160.0,30,36.1,51.99,20.6,10.6,variant_56,Yes
974743803214,战术新白色八件套装安保巡逻外腰带腰封多功能快拆带锁快拔套执勤,"Tactical New White 8-Piece Set (Security Patrol Duty Belt, Quick Release Locking Holster)",https://item.taobao.com/item.htm?id=974743803214,L / 快拆带锁棍喷W手电三件套装,"L / QD Locking Baton, Pepper Spray, Flashlight 3-piece Set",Color,L,Size,快拆带锁棍喷W手电三件套装,120.0,30,28.5,39.99,18.7,8.7,variant_57,Yes
974743803214,战术新白色八件套装安保巡逻外腰带腰封多功能快拆带锁快拔套执勤,"Tactical New White 8-Piece Set (Security Patrol Duty Belt, Quick Release Locking Holster)",https://item.taobao.com/item.htm?id=974743803214,L / 勤务腰封,L / Duty Belt Pad,Color,L,Size,勤务腰封,65.0,30,18.05,25.99,20.6,10.6,variant_59,Yes
974743803214,战术新白色八件套装安保巡逻外腰带腰封多功能快拆带锁快拔套执勤,"Tactical New White 8-Piece Set (Security Patrol Duty Belt, Quick Release Locking Holster)",https://item.taobao.com/item.htm?id=974743803214,L / 外腰带+勤务腰封,L / Duty Belt + Duty Belt Pad,Color,L,Size,外腰带+勤务腰封,107.0,30,26.03,36.99,19.6,9.6,variant_61,Yes
974743803214,战术新白色八件套装安保巡逻外腰带腰封多功能快拆带锁快拔套执勤,"Tactical New White 8-Piece Set (Security Patrol Duty Belt, Quick Release Locking Holster)",https://item.taobao.com/item.htm?id=974743803214,L / 外腰带+勤务腰封+内腰带,L / Duty Belt + Duty Belt Pad + Inner Belt,Color,L,Size,外腰带+勤务腰封+内腰带,145.0,30,33.25,47.99,20.7,10.7,variant_62,Yes
974743803214,战术新白色八件套装安保巡逻外腰带腰封多功能快拆带锁快拔套执勤,"Tactical New White 8-Piece Set (Security Patrol Duty Belt, Quick Release Locking Holster)",https://item.taobao.com/item.htm?id=974743803214,L / 快拆92/92G双防腰套,L / QD 92/92G Dual Retention Holster,Color,L,Size,快拆92/92G双防腰套,65.0,30,18.05,25.99,20.6,10.6,variant_63,Yes
974743803214,战术新白色八件套装安保巡逻外腰带腰封多功能快拆带锁快拔套执勤,"Tactical New White 8-Piece Set (Security Patrol Duty Belt, Quick Release Locking Holster)",https://item.taobao.com/item.htm?id=974743803214,L / 侧开快拆带锁棍套,L,Color,L,Size,侧开快拆带锁棍套,48.0,30,14.82,20.99,19.4,9.4,variant_64,Yes
969220337986,WOSPORT 穿越机快速部署迷彩包,FPV Drone Rapid Deployment Camo Bag,https://item.taobao.com/item.htm?id=969220337986&last_time=1763006142&mi_id=0000ZGBYesTQpeAQnYUD44pBJ7f2WiKrvcxuIvD1wj8_XzA&scm=1007.13982.82927.0&upStreamPrice=21500,均码 / 快拆通用手K套,One Size / Quick Release Universal Handcuff Pouch,,,,,58.0,30,16.72,23.99,20.3,10.3,variant_1,Yes
969220337986,WOSPORT 穿越机快速部署迷彩包,FPV Drone Rapid Deployment Camo Bag,https://item.taobao.com/item.htm?id=969220337986&last_time=1763006142&mi_id=0000ZGBYesTQpeAQnYUD44pBJ7f2WiKrvcxuIvD1wj8_XzA&scm=1007.13982.82927.0&upStreamPrice=21500,均码 / 文件包,One Size / Document Pouch,,,,,55.0,30,16.15,22.99,19.8,9.8,variant_2,Yes
969220337986,WOSPORT 穿越机快速部署迷彩包,FPV Drone Rapid Deployment Camo Bag,https://item.taobao.com/item.htm?id=969220337986&last_time=1763006142&mi_id=0000ZGBYesTQpeAQnYUD44pBJ7f2WiKrvcxuIvD1wj8_XzA&scm=1007.13982.82927.0&upStreamPrice=21500,均码 / 对讲机套,One Size / Radio Pouch,,,,,45.0,30,14.25,19.99,18.7,8.7,variant_3,Yes
969220337986,WOSPORT 穿越机快速部署迷彩包,FPV Drone Rapid Deployment Camo Bag,https://item.taobao.com/item.htm?id=969220337986&last_time=1763006142&mi_id=0000ZGBYesTQpeAQnYUD44pBJ7f2WiKrvcxuIvD1wj8_XzA&scm=1007.13982.82927.0&upStreamPrice=21500,均码 / 水壶袋,One Size / Water Bottle Pouch,,,,,58.0,30,16.72,23.99,20.3,10.3,variant_4,Yes
969220337986,WOSPORT 穿越机快速部署迷彩包,FPV Drone Rapid Deployment Camo Bag,https://item.taobao.com/item.htm?id=969220337986&last_time=1763006142&mi_id=0000ZGBYesTQpeAQnYUD44pBJ7f2WiKrvcxuIvD1wj8_XzA&scm=1007.13982.82927.0&upStreamPrice=21500,均码 / 快拆D夹套,One Size / Quick Release D-Clip Pouch,,,,,48.0,30,14.82,20.99,19.4,9.4,variant_5,Yes
969220337986,WOSPORT 穿越机快速部署迷彩包,FPV Drone Rapid Deployment Camo Bag,https://item.taobao.com/item.htm?id=969220337986&last_time=1763006142&mi_id=0000ZGBYesTQpeAQnYUD44pBJ7f2WiKrvcxuIvD1wj8_XzA&scm=1007.13982.82927.0&upStreamPrice=21500,S / A款套装,S,Size,S,,,202.0,30,44.08,62.99,20.0,10.0,variant_6,Yes
969220337986,WOSPORT 穿越机快速部署迷彩包,FPV Drone Rapid Deployment Camo Bag,https://item.taobao.com/item.htm?id=969220337986&last_time=1763006142&mi_id=0000ZGBYesTQpeAQnYUD44pBJ7f2WiKrvcxuIvD1wj8_XzA&scm=1007.13982.82927.0&upStreamPrice=21500,S / 快拆带锁棍喷W手电手K四件套装,S,Size,S,,,160.0,30,36.1,51.99,20.6,10.6,variant_10,Yes
969220337986,WOSPORT 穿越机快速部署迷彩包,FPV Drone Rapid Deployment Camo Bag,https://item.taobao.com/item.htm?id=969220337986&last_time=1763006142&mi_id=0000ZGBYesTQpeAQnYUD44pBJ7f2WiKrvcxuIvD1wj8_XzA&scm=1007.13982.82927.0&upStreamPrice=21500,S / 快拆带锁棍喷W手电三件套装,S,Size,S,,,120.0,30,28.5,39.99,18.7,8.7,variant_11,Yes
969220337986,WOSPORT 穿越机快速部署迷彩包,FPV Drone Rapid Deployment Camo Bag,https://item.taobao.com/item.htm?id=969220337986&last_time=1763006142&mi_id=0000ZGBYesTQpeAQnYUD44pBJ7f2WiKrvcxuIvD1wj8_XzA&scm=1007.13982.82927.0&upStreamPrice=21500,S / 勤务腰封,S / Duty Belt Pad,Color,S,Size,勤务腰封,65.0,30,18.05,25.99,20.6,10.6,variant_13,Yes
969220337986,WOSPORT 穿越机快速部署迷彩包,FPV Drone Rapid Deployment Camo Bag,https://item.taobao.com/item.htm?id=969220337986&last_time=1763006142&mi_id=0000ZGBYesTQpeAQnYUD44pBJ7f2WiKrvcxuIvD1wj8_XzA&scm=1007.13982.82927.0&upStreamPrice=21500,S / 外腰带+勤务腰封,S / Outer Duty Belt + Duty Belt Pad,Color,S,Size,外腰带+勤务腰封,107.0,30,26.03,36.99,19.6,9.6,variant_15,Yes
969220337986,WOSPORT 穿越机快速部署迷彩包,FPV Drone Rapid Deployment Camo Bag,https://item.taobao.com/item.htm?id=969220337986&last_time=1763006142&mi_id=0000ZGBYesTQpeAQnYUD44pBJ7f2WiKrvcxuIvD1wj8_XzA&scm=1007.13982.82927.0&upStreamPrice=21500,S / 外腰带+勤务腰封+内腰带,S / Outer Duty Belt + Duty Belt Pad + Inner Belt,Color,S,Size,外腰带+勤务腰封+内腰带,145.0,30,33.25,47.99,20.7,10.7,variant_16,Yes
969220337986,WOSPORT 穿越机快速部署迷彩包,FPV Drone Rapid Deployment Camo Bag,https://item.taobao.com/item.htm?id=969220337986&last_time=1763006142&mi_id=0000ZGBYesTQpeAQnYUD44pBJ7f2WiKrvcxuIvD1wj8_XzA&scm=1007.13982.82927.0&upStreamPrice=21500,S / 快拆92/92G双防腰套,,,,,,65.0,30,18.05,25.99,20.6,10.6,variant_17,Yes
969220337986,WOSPORT 穿越机快速部署迷彩包,FPV Drone Rapid Deployment Camo Bag,https://item.taobao.com/item.htm?id=969220337986&last_time=1763006142&mi_id=0000ZGBYesTQpeAQnYUD44pBJ7f2WiKrvcxuIvD1wj8_XzA&scm=1007.13982.82927.0&upStreamPrice=21500,S / 侧开快拆带锁棍套,S / Side Opening Quick Release Locking Baton Pouch,Color,S,Size,侧开快拆带锁棍套,48.0,30,14.82,20.99,19.4,9.4,variant_18,Yes
969220337986,WOSPORT 穿越机快速部署迷彩包,FPV Drone Rapid Deployment Camo Bag,https://item.taobao.com/item.htm?id=969220337986&last_time=1763006142&mi_id=0000ZGBYesTQpeAQnYUD44pBJ7f2WiKrvcxuIvD1wj8_XzA&scm=1007.13982.82927.0&upStreamPrice=21500,S / 侧开快拆带锁手电套,S / Side Opening Quick Release Locking Flashlight Pouch,Color,S,Size,侧开快拆带锁手电套,48.0,30,14.82,20.99,19.4,9.4,variant_19,Yes
969220337986,WOSPORT 穿越机快速部署迷彩包,FPV Drone Rapid Deployment Camo Bag,https://item.taobao.com/item.htm?id=969220337986&last_time=1763006142&mi_id=0000ZGBYesTQpeAQnYUD44pBJ7f2WiKrvcxuIvD1wj8_XzA&scm=1007.13982.82927.0&upStreamPrice=21500,S / 侧开快拆带锁喷W套,S / Side Opening Quick Release Locking Spray Pouch,Color,S,Size,侧开快拆带锁喷W套,48.0,30,14.82,20.99,19.4,9.4,variant_20,Yes
969220337986,WOSPORT 穿越机快速部署迷彩包,FPV Drone Rapid Deployment Camo Bag,https://item.taobao.com/item.htm?id=969220337986&last_time=1763006142&mi_id=0000ZGBYesTQpeAQnYUD44pBJ7f2WiKrvcxuIvD1wj8_XzA&scm=1007.13982.82927.0&upStreamPrice=21500,S / 快拆通用手K套,,,,,,58.0,30,16.72,23.99,20.3,10.3,variant_21,Yes
969220337986,WOSPORT 穿越机快速部署迷彩包,FPV Drone Rapid Deployment Camo Bag,https://item.taobao.com/item.htm?id=969220337986&last_time=1763006142&mi_id=0000ZGBYesTQpeAQnYUD44pBJ7f2WiKrvcxuIvD1wj8_XzA&scm=1007.13982.82927.0&upStreamPrice=21500,S / 文件包,S / Admin Pouch,Color,S,Size,文件包,55.0,30,16.15,22.99,19.8,9.8,variant_22,Yes
969220337986,WOSPORT 穿越机快速部署迷彩包,FPV Drone Rapid Deployment Camo Bag,https://item.taobao.com/item.htm?id=969220337986&last_time=1763006142&mi_id=0000ZGBYesTQpeAQnYUD44pBJ7f2WiKrvcxuIvD1wj8_XzA&scm=1007.13982.82927.0&upStreamPrice=21500,S / 对讲机套,S / Radio Pouch,Color,S,Size,对讲机套,45.0,30,14.25,19.99,18.7,8.7,variant_23,Yes
969220337986,WOSPORT 穿越机快速部署迷彩包,FPV Drone Rapid Deployment Camo Bag,https://item.taobao.com/item.htm?id=969220337986&last_time=1763006142&mi_id=0000ZGBYesTQpeAQnYUD44pBJ7f2WiKrvcxuIvD1wj8_XzA&scm=1007.13982.82927.0&upStreamPrice=21500,S / 水壶袋,S / Water Bottle Pouch,Color,S,Size,水壶袋,58.0,30,16.72,23.99,20.3,10.3,variant_24,Yes
969220337986,WOSPORT 穿越机快速部署迷彩包,FPV Drone Rapid Deployment Camo Bag,https://item.taobao.com/item.htm?id=969220337986&last_time=1763006142&mi_id=0000ZGBYesTQpeAQnYUD44pBJ7f2WiKrvcxuIvD1wj8_XzA&scm=1007.13982.82927.0&upStreamPrice=21500,S / 快拆D夹套,S / Quick-Release D-Ring Pouch,Color,S,Size,快拆D夹套,48.0,30,14.82,20.99,19.4,9.4,variant_25,Yes
969220337986,WOSPORT 穿越机快速部署迷彩包,FPV Drone Rapid Deployment Camo Bag,https://item.taobao.com/item.htm?id=969220337986&last_time=1763006142&mi_id=0000ZGBYesTQpeAQnYUD44pBJ7f2WiKrvcxuIvD1wj8_XzA&scm=1007.13982.82927.0&upStreamPrice=21500,M / A款套装,,,,,,202.0,30,44.08,62.99,20.0,10.0,variant_26,Yes
969220337986,WOSPORT 穿越机快速部署迷彩包,FPV Drone Rapid Deployment Camo Bag,https://item.taobao.com/item.htm?id=969220337986&last_time=1763006142&mi_id=0000ZGBYesTQpeAQnYUD44pBJ7f2WiKrvcxuIvD1wj8_XzA&scm=1007.13982.82927.0&upStreamPrice=21500,M / 快拆带锁棍喷W手电手K四件套装,,,,,,160.0,30,36.1,51.99,20.6,10.6,variant_30,Yes
969220337986,WOSPORT 穿越机快速部署迷彩包,FPV Drone Rapid Deployment Camo Bag,https://item.taobao.com/item.htm?id=969220337986&last_time=1763006142&mi_id=0000ZGBYesTQpeAQnYUD44pBJ7f2WiKrvcxuIvD1wj8_XzA&scm=1007.13982.82927.0&upStreamPrice=21500,M / 快拆带锁棍喷W手电三件套装,,,,,,120.0,30,28.5,39.99,18.7,8.7,variant_31,Yes
969220337986,WOSPORT 穿越机快速部署迷彩包,FPV Drone Rapid Deployment Camo Bag,https://item.taobao.com/item.htm?id=969220337986&last_time=1763006142&mi_id=0000ZGBYesTQpeAQnYUD44pBJ7f2WiKrvcxuIvD1wj8_XzA&scm=1007.13982.82927.0&upStreamPrice=21500,M / 勤务腰封,M / Battle Belt,Color,M,Size,勤务腰封,65.0,30,18.05,25.99,20.6,10.6,variant_33,Yes
969220337986,WOSPORT 穿越机快速部署迷彩包,FPV Drone Rapid Deployment Camo Bag,https://item.taobao.com/item.htm?id=969220337986&last_time=1763006142&mi_id=0000ZGBYesTQpeAQnYUD44pBJ7f2WiKrvcxuIvD1wj8_XzA&scm=1007.13982.82927.0&upStreamPrice=21500,M / 外腰带+勤务腰封,M / Outer Belt + Battle Belt,Color,M,Size,外腰带+勤务腰封,107.0,30,26.03,36.99,19.6,9.6,variant_35,Yes
969220337986,WOSPORT 穿越机快速部署迷彩包,FPV Drone Rapid Deployment Camo Bag,https://item.taobao.com/item.htm?id=969220337986&last_time=1763006142&mi_id=0000ZGBYesTQpeAQnYUD44pBJ7f2WiKrvcxuIvD1wj8_XzA&scm=1007.13982.82927.0&upStreamPrice=21500,M / 外腰带+勤务腰封+内腰带,M / Outer Belt + Battle Belt + Inner Belt,Color,M,Size,外腰带+勤务腰封+内腰带,145.0,30,33.25,47.99,20.7,10.7,variant_36,Yes
969220337986,WOSPORT 穿越机快速部署迷彩包,FPV Drone Rapid Deployment Camo Bag,https://item.taobao.com/item.htm?id=969220337986&last_time=1763006142&mi_id=0000ZGBYesTQpeAQnYUD44pBJ7f2WiKrvcxuIvD1wj8_XzA&scm=1007.13982.82927.0&upStreamPrice=21500,M / 快拆92/92G双防腰套,,,,,,65.0,30,18.05,25.99,20.6,10.6,variant_37,Yes
969220337986,WOSPORT 穿越机快速部署迷彩包,FPV Drone Rapid Deployment Camo Bag,https://item.taobao.com/item.htm?id=969220337986&last_time=1763006142&mi_id=0000ZGBYesTQpeAQnYUD44pBJ7f2WiKrvcxuIvD1wj8_XzA&scm=1007.13982.82927.0&upStreamPrice=21500,M / 侧开快拆带锁棍套,M / Side-Opening Quick-Release Locking Baton Holster,Color,M,Size,侧开快拆带锁棍套,48.0,30,14.82,20.99,19.4,9.4,variant_38,Yes
969220337986,WOSPORT 穿越机快速部署迷彩包,FPV Drone Rapid Deployment Camo Bag,https://item.taobao.com/item.htm?id=969220337986&last_time=1763006142&mi_id=0000ZGBYesTQpeAQnYUD44pBJ7f2WiKrvcxuIvD1wj8_XzA&scm=1007.13982.82927.0&upStreamPrice=21500,M / 侧开快拆带锁手电套,M / Side-Opening Quick-Release Locking Flashlight Holster,Color,M,Size,侧开快拆带锁手电套,48.0,30,14.82,20.99,19.4,9.4,variant_39,Yes
969220337986,WOSPORT 穿越机快速部署迷彩包,FPV Drone Rapid Deployment Camo Bag,https://item.taobao.com/item.htm?id=969220337986&last_time=1763006142&mi_id=0000ZGBYesTQpeAQnYUD44pBJ7f2WiKrvcxuIvD1wj8_XzA&scm=1007.13982.82927.0&upStreamPrice=21500,M / 侧开快拆带锁喷W套,M / Side-Opening Quick-Release Locking Pepper Spray Holster,Color,M,Size,侧开快拆带锁喷W套,48.0,30,14.82,20.99,19.4,9.4,variant_40,Yes
969220337986,WOSPORT 穿越机快速部署迷彩包,FPV Drone Rapid Deployment Camo Bag,https://item.taobao.com/item.htm?id=969220337986&last_time=1763006142&mi_id=0000ZGBYesTQpeAQnYUD44pBJ7f2WiKrvcxuIvD1wj8_XzA&scm=1007.13982.82927.0&upStreamPrice=21500,M / 快拆通用手K套,,,,,,58.0,30,16.72,23.99,20.3,10.3,variant_41,Yes
969220337986,WOSPORT 穿越机快速部署迷彩包,FPV Drone Rapid Deployment Camo Bag,https://item.taobao.com/item.htm?id=969220337986&last_time=1763006142&mi_id=0000ZGBYesTQpeAQnYUD44pBJ7f2WiKrvcxuIvD1wj8_XzA&scm=1007.13982.82927.0&upStreamPrice=21500,M / 文件包,M / Admin Pouch,Color,M,Size,文件包,55.0,30,16.15,22.99,19.8,9.8,variant_42,Yes
969220337986,WOSPORT 穿越机快速部署迷彩包,FPV Drone Rapid Deployment Camo Bag,https://item.taobao.com/item.htm?id=969220337986&last_time=1763006142&mi_id=0000ZGBYesTQpeAQnYUD44pBJ7f2WiKrvcxuIvD1wj8_XzA&scm=1007.13982.82927.0&upStreamPrice=21500,M / 对讲机套,M / Radio Pouch,Color,M,Size,对讲机套,45.0,30,14.25,19.99,18.7,8.7,variant_43,Yes
969220337986,WOSPORT 穿越机快速部署迷彩包,FPV Drone Rapid Deployment Camo Bag,https://item.taobao.com/item.htm?id=969220337986&last_time=1763006142&mi_id=0000ZGBYesTQpeAQnYUD44pBJ7f2WiKrvcxuIvD1wj8_XzA&scm=1007.13982.82927.0&upStreamPrice=21500,M / 水壶袋,M / Water Bottle Pouch,Color,M,Size,水壶袋,58.0,30,16.72,23.99,20.3,10.3,variant_44,Yes
969220337986,WOSPORT 穿越机快速部署迷彩包,FPV Drone Rapid Deployment Camo Bag,https://item.taobao.com/item.htm?id=969220337986&last_time=1763006142&mi_id=0000ZGBYesTQpeAQnYUD44pBJ7f2WiKrvcxuIvD1wj8_XzA&scm=1007.13982.82927.0&upStreamPrice=21500,M / 快拆D夹套,M / Quick-Release D-Ring Pouch,Color,M,Size,快拆D夹套,48.0,30,14.82,20.99,19.4,9.4,variant_45,Yes
969220337986,WOSPORT 穿越机快速部署迷彩包,FPV Drone Rapid Deployment Camo Bag,https://item.taobao.com/item.htm?id=969220337986&last_time=1763006142&mi_id=0000ZGBYesTQpeAQnYUD44pBJ7f2WiKrvcxuIvD1wj8_XzA&scm=1007.13982.82927.0&upStreamPrice=21500,L / A款套装,,,,,,202.0,30,44.08,62.99,20.0,10.0,variant_46,Yes
969220337986,WOSPORT 穿越机快速部署迷彩包,FPV Drone Rapid Deployment Camo Bag,https://item.taobao.com/item.htm?id=969220337986&last_time=1763006142&mi_id=0000ZGBYesTQpeAQnYUD44pBJ7f2WiKrvcxuIvD1wj8_XzA&scm=1007.13982.82927.0&upStreamPrice=21500,L / 快拆带锁棍喷W手电手K四件套装,,,,,,160.0,30,36.1,51.99,20.6,10.6,variant_50,Yes
969220337986,WOSPORT 穿越机快速部署迷彩包,FPV Drone Rapid Deployment Camo Bag,https://item.taobao.com/item.htm?id=969220337986&last_time=1763006142&mi_id=0000ZGBYesTQpeAQnYUD44pBJ7f2WiKrvcxuIvD1wj8_XzA&scm=1007.13982.82927.0&upStreamPrice=21500,L / 快拆带锁棍喷W手电三件套装,,,,,,120.0,30,28.5,39.99,18.7,8.7,variant_51,Yes
969220337986,WOSPORT 穿越机快速部署迷彩包,FPV Drone Rapid Deployment Camo Bag,https://item.taobao.com/item.htm?id=969220337986&last_time=1763006142&mi_id=0000ZGBYesTQpeAQnYUD44pBJ7f2WiKrvcxuIvD1wj8_XzA&scm=1007.13982.82927.0&upStreamPrice=21500,L / 勤务腰封,,,,,,65.0,30,18.05,25.99,20.6,10.6,variant_53,Yes
969220337986,WOSPORT 穿越机快速部署迷彩包,FPV Drone Rapid Deployment Camo Bag,https://item.taobao.com/item.htm?id=969220337986&last_time=1763006142&mi_id=0000ZGBYesTQpeAQnYUD44pBJ7f2WiKrvcxuIvD1wj8_XzA&scm=1007.13982.82927.0&upStreamPrice=21500,L / 外腰带+勤务腰封,,,,,,107.0,30,26.03,36.99,19.6,9.6,variant_55,Yes
969220337986,WOSPORT 穿越机快速部署迷彩包,FPV Drone Rapid Deployment Camo Bag,https://item.taobao.com/item.htm?id=969220337986&last_time=1763006142&mi_id=0000ZGBYesTQpeAQnYUD44pBJ7f2WiKrvcxuIvD1wj8_XzA&scm=1007.13982.82927.0&upStreamPrice=21500,L / 外腰带+勤务腰封+内腰带,,,,,,145.0,30,33.25,47.99,20.7,10.7,variant_56,Yes
969220337986,WOSPORT 穿越机快速部署迷彩包,FPV Drone Rapid Deployment Camo Bag,https://item.taobao.com/item.htm?id=969220337986&last_time=1763006142&mi_id=0000ZGBYesTQpeAQnYUD44pBJ7f2WiKrvcxuIvD1wj8_XzA&scm=1007.13982.82927.0&upStreamPrice=21500,L / 快拆92/92G双防腰套,,,,,,65.0,30,18.05,25.99,20.6,10.6,variant_57,Yes
969220337986,WOSPORT 穿越机快速部署迷彩包,FPV Drone Rapid Deployment Camo Bag,https://item.taobao.com/item.htm?id=969220337986&last_time=1763006142&mi_id=0000ZGBYesTQpeAQnYUD44pBJ7f2WiKrvcxuIvD1wj8_XzA&scm=1007.13982.82927.0&upStreamPrice=21500,L / 侧开快拆带锁棍套,,,,,,48.0,30,14.82,20.99,19.4,9.4,variant_58,Yes
969220337986,WOSPORT 穿越机快速部署迷彩包,FPV Drone Rapid Deployment Camo Bag,https://item.taobao.com/item.htm?id=969220337986&last_time=1763006142&mi_id=0000ZGBYesTQpeAQnYUD44pBJ7f2WiKrvcxuIvD1wj8_XzA&scm=1007.13982.82927.0&upStreamPrice=21500,L / 侧开快拆带锁手电套,,,,,,48.0,30,14.82,20.99,19.4,9.4,variant_59,Yes
969220337986,WOSPORT 穿越机快速部署迷彩包,FPV Drone Rapid Deployment Camo Bag,https://item.taobao.com/item.htm?id=969220337986&last_time=1763006142&mi_id=0000ZGBYesTQpeAQnYUD44pBJ7f2WiKrvcxuIvD1wj8_XzA&scm=1007.13982.82927.0&upStreamPrice=21500,L / 侧开快拆带锁喷W套,,,,,,48.0,30,14.82,20.99,19.4,9.4,variant_60,Yes
969220337986,WOSPORT 穿越机快速部署迷彩包,FPV Drone Rapid Deployment Camo Bag,https://item.taobao.com/item.htm?id=969220337986&last_time=1763006142&mi_id=0000ZGBYesTQpeAQnYUD44pBJ7f2WiKrvcxuIvD1wj8_XzA&scm=1007.13982.82927.0&upStreamPrice=21500,L / 快拆通用手K套,,,,,,58.0,30,16.72,23.99,20.3,10.3,variant_61,Yes
969220337986,WOSPORT 穿越机快速部署迷彩包,FPV Drone Rapid Deployment Camo Bag,https://item.taobao.com/item.htm?id=969220337986&last_time=1763006142&mi_id=0000ZGBYesTQpeAQnYUD44pBJ7f2WiKrvcxuIvD1wj8_XzA&scm=1007.13982.82927.0&upStreamPrice=21500,L / 文件包,,,,,,55.0,30,16.15,22.99,19.8,9.8,variant_62,Yes
969220337986,WOSPORT 穿越机快速部署迷彩包,FPV Drone Rapid Deployment Camo Bag,https://item.taobao.com/item.htm?id=969220337986&last_time=1763006142&mi_id=0000ZGBYesTQpeAQnYUD44pBJ7f2WiKrvcxuIvD1wj8_XzA&scm=1007.13982.82927.0&upStreamPrice=21500,L / 对讲机套,,,,,,45.0,30,14.25,19.99,18.7,8.7,variant_63,Yes
969220337986,WOSPORT 穿越机快速部署迷彩包,FPV Drone Rapid Deployment Camo Bag,https://item.taobao.com/item.htm?id=969220337986&last_time=1763006142&mi_id=0000ZGBYesTQpeAQnYUD44pBJ7f2WiKrvcxuIvD1wj8_XzA&scm=1007.13982.82927.0&upStreamPrice=21500,L / 水壶袋,,,,,,58.0,30,16.72,23.99,20.3,10.3,variant_64,Yes
969220337986,WOSPORT 穿越机快速部署迷彩包,FPV Drone Rapid Deployment Camo Bag,https://item.taobao.com/item.htm?id=969220337986&last_time=1763006142&mi_id=0000ZGBYesTQpeAQnYUD44pBJ7f2WiKrvcxuIvD1wj8_XzA&scm=1007.13982.82927.0&upStreamPrice=21500,L / 快拆D夹套,,,,,,48.0,30,14.82,20.99,19.4,9.4,variant_65,Yes
969220337986,WOSPORT 穿越机快速部署迷彩包,FPV Drone Rapid Deployment Camo Bag,https://item.taobao.com/item.htm?id=969220337986&last_time=1763006142&mi_id=0000ZGBYesTQpeAQnYUD44pBJ7f2WiKrvcxuIvD1wj8_XzA&scm=1007.13982.82927.0&upStreamPrice=21500,XL / A款套装,,,,,,202.0,30,44.08,62.99,20.0,10.0,variant_66,Yes
969220337986,WOSPORT 穿越机快速部署迷彩包,FPV Drone Rapid Deployment Camo Bag,https://item.taobao.com/item.htm?id=969220337986&last_time=1763006142&mi_id=0000ZGBYesTQpeAQnYUD44pBJ7f2WiKrvcxuIvD1wj8_XzA&scm=1007.13982.82927.0&upStreamPrice=21500,XL / 快拆带锁棍喷W手电手K四件套装,,,,,,160.0,30,36.1,51.99,20.6,10.6,variant_70,Yes
969220337986,WOSPORT 穿越机快速部署迷彩包,FPV Drone Rapid Deployment Camo Bag,https://item.taobao.com/item.htm?id=969220337986&last_time=1763006142&mi_id=0000ZGBYesTQpeAQnYUD44pBJ7f2WiKrvcxuIvD1wj8_XzA&scm=1007.13982.82927.0&upStreamPrice=21500,XL / 快拆带锁棍喷W手电三件套装,,,,,,120.0,30,28.5,39.99,18.7,8.7,variant_71,Yes
969220337986,WOSPORT 穿越机快速部署迷彩包,FPV Drone Rapid Deployment Camo Bag,https://item.taobao.com/item.htm?id=969220337986&last_time=1763006142&mi_id=0000ZGBYesTQpeAQnYUD44pBJ7f2WiKrvcxuIvD1wj8_XzA&scm=1007.13982.82927.0&upStreamPrice=21500,XL / 勤务腰封,XL / Battle Belt,Color,XL,Size,勤务腰封,65.0,30,18.05,25.99,20.6,10.6,variant_73,Yes
969220337986,WOSPORT 穿越机快速部署迷彩包,FPV Drone Rapid Deployment Camo Bag,https://item.taobao.com/item.htm?id=969220337986&last_time=1763006142&mi_id=0000ZGBYesTQpeAQnYUD44pBJ7f2WiKrvcxuIvD1wj8_XzA&scm=1007.13982.82927.0&upStreamPrice=21500,XL / 外腰带+勤务腰封,XL / Outer Belt + Battle Belt,Color,XL,Size,外腰带+勤务腰封,107.0,30,26.03,36.99,19.6,9.6,variant_75,Yes
969220337986,WOSPORT 穿越机快速部署迷彩包,FPV Drone Rapid Deployment Camo Bag,https://item.taobao.com/item.htm?id=969220337986&last_time=1763006142&mi_id=0000ZGBYesTQpeAQnYUD44pBJ7f2WiKrvcxuIvD1wj8_XzA&scm=1007.13982.82927.0&upStreamPrice=21500,XL / 外腰带+勤务腰封+内腰带,XL / Outer Belt + Battle Belt + Inner Belt,Color,XL,Size,外腰带+勤务腰封+内腰带,145.0,30,33.25,47.99,20.7,10.7,variant_76,Yes
969220337986,WOSPORT 穿越机快速部署迷彩包,FPV Drone Rapid Deployment Camo Bag,https://item.taobao.com/item.htm?id=969220337986&last_time=1763006142&mi_id=0000ZGBYesTQpeAQnYUD44pBJ7f2WiKrvcxuIvD1wj8_XzA&scm=1007.13982.82927.0&upStreamPrice=21500,XL / 快拆92/92G双防腰套,,,,,,65.0,30,18.05,25.99,20.6,10.6,variant_77,Yes
969220337986,WOSPORT 穿越机快速部署迷彩包,FPV Drone Rapid Deployment Camo Bag,https://item.taobao.com/item.htm?id=969220337986&last_time=1763006142&mi_id=0000ZGBYesTQpeAQnYUD44pBJ7f2WiKrvcxuIvD1wj8_XzA&scm=1007.13982.82927.0&upStreamPrice=21500,XL / 侧开快拆带锁棍套,XL / Side-Opening Quick-Release Locking Baton Holster,Color,XL,Size,侧开快拆带锁棍套,48.0,30,14.82,20.99,19.4,9.4,variant_78,Yes
969220337986,WOSPORT 穿越机快速部署迷彩包,FPV Drone Rapid Deployment Camo Bag,https://item.taobao.com/item.htm?id=969220337986&last_time=1763006142&mi_id=0000ZGBYesTQpeAQnYUD44pBJ7f2WiKrvcxuIvD1wj8_XzA&scm=1007.13982.82927.0&upStreamPrice=21500,XL / 侧开快拆带锁手电套,XL / Side-Opening Quick-Release Locking Flashlight Holster,Color,XL,Size,侧开快拆带锁手电套,48.0,30,14.82,20.99,19.4,9.4,variant_79,Yes
969220337986,WOSPORT 穿越机快速部署迷彩包,FPV Drone Rapid Deployment Camo Bag,https://item.taobao.com/item.htm?id=969220337986&last_time=1763006142&mi_id=0000ZGBYesTQpeAQnYUD44pBJ7f2WiKrvcxuIvD1wj8_XzA&scm=1007.13982.82927.0&upStreamPrice=21500,XL / 侧开快拆带锁喷W套,XL / Side-Opening Quick-Release Locking Pepper Spray Holster,Color,XL,Size,侧开快拆带锁喷W套,48.0,30,14.82,20.99,19.4,9.4,variant_80,Yes
969220337986,WOSPORT 穿越机快速部署迷彩包,FPV Drone Rapid Deployment Camo Bag,https://item.taobao.com/item.htm?id=969220337986&last_time=1763006142&mi_id=0000ZGBYesTQpeAQnYUD44pBJ7f2WiKrvcxuIvD1wj8_XzA&scm=1007.13982.82927.0&upStreamPrice=21500,XL / 快拆通用手K套,,,,,,58.0,30,16.72,23.99,20.3,10.3,variant_81,Yes
969220337986,WOSPORT 穿越机快速部署迷彩包,FPV Drone Rapid Deployment Camo Bag,https://item.taobao.com/item.htm?id=969220337986&last_time=1763006142&mi_id=0000ZGBYesTQpeAQnYUD44pBJ7f2WiKrvcxuIvD1wj8_XzA&scm=1007.13982.82927.0&upStreamPrice=21500,XL / 文件包,XL / Admin Pouch,Color,XL,Size,文件包,55.0,30,16.15,22.99,19.8,9.8,variant_82,Yes
969220337986,WOSPORT 穿越机快速部署迷彩包,FPV Drone Rapid Deployment Camo Bag,https://item.taobao.com/item.htm?id=969220337986&last_time=1763006142&mi_id=0000ZGBYesTQpeAQnYUD44pBJ7f2WiKrvcxuIvD1wj8_XzA&scm=1007.13982.82927.0&upStreamPrice=21500,XL / 对讲机套,XL / Radio Pouch,Color,XL,Size,对讲机套,45.0,30,14.25,19.99,18.7,8.7,variant_83,Yes
969220337986,WOSPORT 穿越机快速部署迷彩包,FPV Drone Rapid Deployment Camo Bag,https://item.taobao.com/item.htm?id=969220337986&last_time=1763006142&mi_id=0000ZGBYesTQpeAQnYUD44pBJ7f2WiKrvcxuIvD1wj8_XzA&scm=1007.13982.82927.0&upStreamPrice=21500,XL / 水壶袋,XL / Water Bottle Pouch,Color,XL,Size,水壶袋,58.0,30,16.72,23.99,20.3,10.3,variant_84,Yes
969220337986,WOSPORT 穿越机快速部署迷彩包,FPV Drone Rapid Deployment Camo Bag,https://item.taobao.com/item.htm?id=969220337986&last_time=1763006142&mi_id=0000ZGBYesTQpeAQnYUD44pBJ7f2WiKrvcxuIvD1wj8_XzA&scm=1007.13982.82927.0&upStreamPrice=21500,XL / 快拆D夹套,XL / Quick-Release D-Ring Pouch,Color,XL,Size,快拆D夹套,48.0,30,14.82,20.99,19.4,9.4,variant_85,Yes
911159245418,战术多功能手雷模型装备包 手榴弹道具molle同尺寸弹力收纳附件包,"Tactical Multi-function Grenade Model Pouch, Grenade Prop MOLLE Compatible Elastic Storage Accessory Pouch.",https://item.taobao.com/item.htm?from=cart&id=911159245418&mi_id=0000DamQMBEF6SyVICsEt2DG6Og9Pw3bSp_zFH2LgajJo4Y&skuId=5940060162282&spm=a1z0d.6639537%2F202410.item.d911159245418.5b4b74841fAyC5&upStreamPrice=3190,【考度拉】黑色 BK,,,,,,32.0,30,11.78,16.99,20.7,10.7,variant_1,Yes
911159245418,战术多功能手雷模型装备包 手榴弹道具molle同尺寸弹力收纳附件包,"Tactical Multi-function Grenade Model Pouch, Grenade Prop MOLLE Compatible Elastic Storage Accessory Pouch.",https://item.taobao.com/item.htm?from=cart&id=911159245418&mi_id=0000DamQMBEF6SyVICsEt2DG6Og9Pw3bSp_zFH2LgajJo4Y&skuId=5940060162282&spm=a1z0d.6639537%2F202410.item.d911159245418.5b4b74841fAyC5&upStreamPrice=3190,【考度拉】狼棕色 CB,,,,,,32.0,30,11.78,16.99,20.7,10.7,variant_2,Yes
911159245418,战术多功能手雷模型装备包 手榴弹道具molle同尺寸弹力收纳附件包,"Tactical Multi-function Grenade Model Pouch, Grenade Prop MOLLE Compatible Elastic Storage Accessory Pouch.",https://item.taobao.com/item.htm?from=cart&id=911159245418&mi_id=0000DamQMBEF6SyVICsEt2DG6Og9Pw3bSp_zFH2LgajJo4Y&skuId=5940060162282&spm=a1z0d.6639537%2F202410.item.d911159245418.5b4b74841fAyC5&upStreamPrice=3190,【考度拉】狼灰色 WG,,,,,,32.0,30,11.78,16.99,20.7,10.7,variant_3,Yes
911159245418,战术多功能手雷模型装备包 手榴弹道具molle同尺寸弹力收纳附件包,"Tactical Multi-function Grenade Model Pouch, Grenade Prop MOLLE Compatible Elastic Storage Accessory Pouch.",https://item.taobao.com/item.htm?from=cart&id=911159245418&mi_id=0000DamQMBEF6SyVICsEt2DG6Og9Pw3bSp_zFH2LgajJo4Y&skuId=5940060162282&spm=a1z0d.6639537%2F202410.item.d911159245418.5b4b74841fAyC5&upStreamPrice=3190,【考度拉】游骑兵绿色 RG,,,,,,32.0,30,11.78,16.99,20.7,10.7,variant_4,Yes
911159245418,战术多功能手雷模型装备包 手榴弹道具molle同尺寸弹力收纳附件包,"Tactical Multi-function Grenade Model Pouch, Grenade Prop MOLLE Compatible Elastic Storage Accessory Pouch.",https://item.taobao.com/item.htm?from=cart&id=911159245418&mi_id=0000DamQMBEF6SyVICsEt2DG6Og9Pw3bSp_zFH2LgajJo4Y&skuId=5940060162282&spm=a1z0d.6639537%2F202410.item.d911159245418.5b4b74841fAyC5&upStreamPrice=3190,【考度拉】CP迷彩,,,,,,36.0,30,12.54,17.99,20.3,10.3,variant_5,Yes
911159245418,战术多功能手雷模型装备包 手榴弹道具molle同尺寸弹力收纳附件包,"Tactical Multi-function Grenade Model Pouch, Grenade Prop MOLLE Compatible Elastic Storage Accessory Pouch.",https://item.taobao.com/item.htm?from=cart&id=911159245418&mi_id=0000DamQMBEF6SyVICsEt2DG6Og9Pw3bSp_zFH2LgajJo4Y&skuId=5940060162282&spm=a1z0d.6639537%2F202410.item.d911159245418.5b4b74841fAyC5&upStreamPrice=3190,【考度拉】暗夜迷彩 BCP,,,,,,36.0,30,12.54,17.99,20.3,10.3,variant_6,Yes
914138043076,跨境新品Clay the Claymore呆萌小方块毛绒公仔节日赠礼好物,"Cross-border New Product Clay the Claymore Cute Little Square Plush Doll, Good Item for Holiday Gifts.",https://item.taobao.com/item.htm?from=cart&id=914138043076&mi_id=0000LZZAyY7y9rcY9bYKwnCZN9MsPefkkGQs-qxIJfgCs30&skuId=5779984244599&spm=a1z0d.6639537%2F202410.item.d914138043076.5b4b74841fAyC5&upStreamPrice=2380,小方块 / 20cm,,,,,,23.8,30,10.22,13.99,16.9,6.9,variant_1,Yes
714880739091,九头蛇增高支架 UNITY战术GBRS全金属底座T1 T2 H1 H2 R5镜桥创研,"Hydra Riser Mount, UNITY Tactical GBRS All Metal Base for T1 T2 H1 H2 R5 Optic Mount.",https://item.taobao.com/item.htm?from=cart&id=714880739091&mi_id=0000hoTpbsgpY237-QJJrAACfjf8_zElBv0WGGMlqhXoPOw&skuId=5054582116620&spm=a1z0d.6639537%2F202410.item.d714880739091.5b4b74841fAyC5&upStreamPrice=9800,黑色-G33增高支架 CNC高品质,,,,,,145.0,30,33.25,47.99,20.7,10.7,variant_1,Yes
714880739091,九头蛇增高支架 UNITY战术GBRS全金属底座T1 T2 H1 H2 R5镜桥创研,"Hydra Riser Mount, UNITY Tactical GBRS All Metal Base for T1 T2 H1 H2 R5 Optic Mount.",https://item.taobao.com/item.htm?from=cart&id=714880739091&mi_id=0000hoTpbsgpY237-QJJrAACfjf8_zElBv0WGGMlqhXoPOw&skuId=5054582116620&spm=a1z0d.6639537%2F202410.item.d714880739091.5b4b74841fAyC5&upStreamPrice=9800,棕色-G33增高支架 CNC高品质,,,,,,145.0,30,33.25,47.99,20.7,10.7,variant_2,Yes
714880739091,九头蛇增高支架 UNITY战术GBRS全金属底座T1 T2 H1 H2 R5镜桥创研,"Hydra Riser Mount, UNITY Tactical GBRS All Metal Base for T1 T2 H1 H2 R5 Optic Mount.",https://item.taobao.com/item.htm?from=cart&id=714880739091&mi_id=0000hoTpbsgpY237-QJJrAACfjf8_zElBv0WGGMlqhXoPOw&skuId=5054582116620&spm=a1z0d.6639537%2F202410.item.d714880739091.5b4b74841fAyC5&upStreamPrice=9800,黑色-UNITY增高 CNC高品质,,,,,,28.0,30,11.02,15.99,21.1,11.1,variant_3,Yes
714880739091,九头蛇增高支架 UNITY战术GBRS全金属底座T1 T2 H1 H2 R5镜桥创研,"Hydra Riser Mount, UNITY Tactical GBRS All Metal Base for T1 T2 H1 H2 R5 Optic Mount.",https://item.taobao.com/item.htm?from=cart&id=714880739091&mi_id=0000hoTpbsgpY237-QJJrAACfjf8_zElBv0WGGMlqhXoPOw&skuId=5054582116620&spm=a1z0d.6639537%2F202410.item.d714880739091.5b4b74841fAyC5&upStreamPrice=9800,黑色-UNIT Exps增高 CNC高品质,,,,,,20.0,30,9.5,13.99,22.1,12.1,variant_4,Yes
714880739091,九头蛇增高支架 UNITY战术GBRS全金属底座T1 T2 H1 H2 R5镜桥创研,"Hydra Riser Mount, UNITY Tactical GBRS All Metal Base for T1 T2 H1 H2 R5 Optic Mount.",https://item.taobao.com/item.htm?from=cart&id=714880739091&mi_id=0000hoTpbsgpY237-QJJrAACfjf8_zElBv0WGGMlqhXoPOw&skuId=5054582116620&spm=a1z0d.6639537%2F202410.item.d714880739091.5b4b74841fAyC5&upStreamPrice=9800,棕色-UNIT Exps增高 CNC高品质,,,,,,20.0,30,9.5,13.99,22.1,12.1,variant_5,Yes
714880739091,九头蛇增高支架 UNITY战术GBRS全金属底座T1 T2 H1 H2 R5镜桥创研,"Hydra Riser Mount, UNITY Tactical GBRS All Metal Base for T1 T2 H1 H2 R5 Optic Mount.",https://item.taobao.com/item.htm?from=cart&id=714880739091&mi_id=0000hoTpbsgpY237-QJJrAACfjf8_zElBv0WGGMlqhXoPOw&skuId=5054582116620&spm=a1z0d.6639537%2F202410.item.d714880739091.5b4b74841fAyC5&upStreamPrice=9800,红色-UNIT Exps增高,,,,,,20.0,30,9.5,13.99,22.1,12.1,variant_6,Yes
714880739091,九头蛇增高支架 UNITY战术GBRS全金属底座T1 T2 H1 H2 R5镜桥创研,"Hydra Riser Mount, UNITY Tactical GBRS All Metal Base for T1 T2 H1 H2 R5 Optic Mount.",https://item.taobao.com/item.htm?from=cart&id=714880739091&mi_id=0000hoTpbsgpY237-QJJrAACfjf8_zElBv0WGGMlqhXoPOw&skuId=5054582116620&spm=a1z0d.6639537%2F202410.item.d714880739091.5b4b74841fAyC5&upStreamPrice=9800,粉色-UNIT Exps增高 CNC高品质,,,,,,24.0,30,10.26,13.99,16.7,6.7,variant_7,Yes
714880739091,九头蛇增高支架 UNITY战术GBRS全金属底座T1 T2 H1 H2 R5镜桥创研,"Hydra Riser Mount, UNITY Tactical GBRS All Metal Base for T1 T2 H1 H2 R5 Optic Mount.",https://item.taobao.com/item.htm?from=cart&id=714880739091&mi_id=0000hoTpbsgpY237-QJJrAACfjf8_zElBv0WGGMlqhXoPOw&skuId=5054582116620&spm=a1z0d.6639537%2F202410.item.d714880739091.5b4b74841fAyC5&upStreamPrice=9800,蓝色-UNIT Exps增高 CNC高品质,,,,,,24.0,30,10.26,13.99,16.7,6.7,variant_8,Yes
714880739091,九头蛇增高支架 UNITY战术GBRS全金属底座T1 T2 H1 H2 R5镜桥创研,"Hydra Riser Mount, UNITY Tactical GBRS All Metal Base for T1 T2 H1 H2 R5 Optic Mount.",https://item.taobao.com/item.htm?from=cart&id=714880739091&mi_id=0000hoTpbsgpY237-QJJrAACfjf8_zElBv0WGGMlqhXoPOw&skuId=5054582116620&spm=a1z0d.6639537%2F202410.item.d714880739091.5b4b74841fAyC5&upStreamPrice=9800,黑色-SIG增高支架,,,,,,38.0,30,12.92,17.99,18.2,8.2,variant_9,Yes
714880739091,九头蛇增高支架 UNITY战术GBRS全金属底座T1 T2 H1 H2 R5镜桥创研,"Hydra Riser Mount, UNITY Tactical GBRS All Metal Base for T1 T2 H1 H2 R5 Optic Mount.",https://item.taobao.com/item.htm?from=cart&id=714880739091&mi_id=0000hoTpbsgpY237-QJJrAACfjf8_zElBv0WGGMlqhXoPOw&skuId=5054582116620&spm=a1z0d.6639537%2F202410.item.d714880739091.5b4b74841fAyC5&upStreamPrice=9800,黑色 SLR增高支架,,,,,,38.0,30,12.92,17.99,18.2,8.2,variant_10,Yes
708088774060,左右手转换快拔枪套 G17 G19 2011 VP9 P320带下挂万用型导轨枪套,"Left/Right Hand Convertible Quick Draw Holster for G17 G19 2011 VP9 P320, Universal Light-Bearing Rail Holster.",https://item.taobao.com/item.htm?from=cart&id=708088774060&mi_id=00000Dl6Yto0A-QIVlqXsg56sBv96wXXlL80VCMH2b_Um5U&skuId=5000133305622&spm=a1z0d.6639537%2F202410.item.d708088774060.5b4b74841fAyC5&upStreamPrice=5900,黑色（标配）,,,,,,56.0,30,16.34,23.99,21.9,11.9,variant_1,Yes
708088774060,左右手转换快拔枪套 G17 G19 2011 VP9 P320带下挂万用型导轨枪套,"Left/Right Hand Convertible Quick Draw Holster for G17 G19 2011 VP9 P320, Universal Light-Bearing Rail Holster.",https://item.taobao.com/item.htm?from=cart&id=708088774060&mi_id=00000Dl6Yto0A-QIVlqXsg56sBv96wXXlL80VCMH2b_Um5U&skuId=5000133305622&spm=a1z0d.6639537%2F202410.item.d708088774060.5b4b74841fAyC5&upStreamPrice=5900,腰带扣,Belt Buckle,Color,腰带扣,,,18.0,30,9.12,12.99,19.8,9.8,variant_2,Yes
708088774060,左右手转换快拔枪套 G17 G19 2011 VP9 P320带下挂万用型导轨枪套,"Left/Right Hand Convertible Quick Draw Holster for G17 G19 2011 VP9 P320, Universal Light-Bearing Rail Holster.",https://item.taobao.com/item.htm?from=cart&id=708088774060&mi_id=00000Dl6Yto0A-QIVlqXsg56sBv96wXXlL80VCMH2b_Um5U&skuId=5000133305622&spm=a1z0d.6639537%2F202410.item.d708088774060.5b4b74841fAyC5&upStreamPrice=5900,胸挂板,Chest Rig Panel,Color,胸挂板,,,25.0,30,10.45,14.99,20.3,10.3,variant_3,Yes
708088774060,左右手转换快拔枪套 G17 G19 2011 VP9 P320带下挂万用型导轨枪套,"Left/Right Hand Convertible Quick Draw Holster for G17 G19 2011 VP9 P320, Universal Light-Bearing Rail Holster.",https://item.taobao.com/item.htm?from=cart&id=708088774060&mi_id=00000Dl6Yto0A-QIVlqXsg56sBv96wXXlL80VCMH2b_Um5U&skuId=5000133305622&spm=a1z0d.6639537%2F202410.item.d708088774060.5b4b74841fAyC5&upStreamPrice=5900,腿挂板,Leg Rig Panel,Color,腿挂板,,,62.0,30,17.48,24.99,20.1,10.1,variant_4,Yes
678305010387,雅科达jpc 6094 cpc AVS战术背心水壶插板内胆降温防护板通用PE板,"JPC 6094 CPC AVS Plate Carrier Hydration Insert, Cooling Protective Plate, Universal PE Plate.",https://item.taobao.com/item.htm?from=cart&id=678305010387&mi_id=00007lVgcAfxAaLtMw5QoeOnvyoHNYPZquvJBGBUuBuGqaA&skuId=5042246591190&spm=a1z0d.6639537%2F202410.item.d678305010387.6c8b7484YUvCoG&upStreamPrice=6900,黑色 一块,,,,,,69.0,30,18.81,26.99,20.3,10.3,variant_1,Yes
678305010387,雅科达jpc 6094 cpc AVS战术背心水壶插板内胆降温防护板通用PE板,"JPC 6094 CPC AVS Plate Carrier Hydration Insert, Cooling Protective Plate, Universal PE Plate.",https://item.taobao.com/item.htm?from=cart&id=678305010387&mi_id=00007lVgcAfxAaLtMw5QoeOnvyoHNYPZquvJBGBUuBuGqaA&skuId=5042246591190&spm=a1z0d.6639537%2F202410.item.d678305010387.6c8b7484YUvCoG&upStreamPrice=6900,泥色 一块,,,,,,69.0,30,18.81,26.99,20.3,10.3,variant_2,Yes
678305010387,雅科达jpc 6094 cpc AVS战术背心水壶插板内胆降温防护板通用PE板,"JPC 6094 CPC AVS Plate Carrier Hydration Insert, Cooling Protective Plate, Universal PE Plate.",https://item.taobao.com/item.htm?from=cart&id=678305010387&mi_id=00007lVgcAfxAaLtMw5QoeOnvyoHNYPZquvJBGBUuBuGqaA&skuId=5042246591190&spm=a1z0d.6639537%2F202410.item.d678305010387.6c8b7484YUvCoG&upStreamPrice=6900,橙色 一块,,,,,,69.0,30,18.81,26.99,20.3,10.3,variant_3,Yes
678305010387,雅科达jpc 6094 cpc AVS战术背心水壶插板内胆降温防护板通用PE板,"JPC 6094 CPC AVS Plate Carrier Hydration Insert, Cooling Protective Plate, Universal PE Plate.",https://item.taobao.com/item.htm?from=cart&id=678305010387&mi_id=00007lVgcAfxAaLtMw5QoeOnvyoHNYPZquvJBGBUuBuGqaA&skuId=5042246591190&spm=a1z0d.6639537%2F202410.item.d678305010387.6c8b7484YUvCoG&upStreamPrice=6900,军绿 一块,,,,,,69.0,30,18.81,26.99,20.3,10.3,variant_4,Yes
756814464555,【MST2011底盖/井合集】CNC金属护边铝合金底盖底座配件,MST201,https://item.taobao.com/item.htm?from=cart&id=756814464555&mi_id=0000PSKDmhaXtwRwa3bz-nhnQHIk1my1x03orEdGQUgLi48&skuId=5392008155717&spm=a1z0d.6639537%2F202410.item.d756814464555.6c8b7484YUvCoG&upStreamPrice=5600,MST2011底盖-黑色,,,,,,56.0,30,16.34,23.99,21.9,11.9,variant_1,Yes
756814464555,【MST2011底盖/井合集】CNC金属护边铝合金底盖底座配件,MST201,https://item.taobao.com/item.htm?from=cart&id=756814464555&mi_id=0000PSKDmhaXtwRwa3bz-nhnQHIk1my1x03orEdGQUgLi48&skuId=5392008155717&spm=a1z0d.6639537%2F202410.item.d756814464555.6c8b7484YUvCoG&upStreamPrice=5600,MST2011底盖-银色,,,,,,56.0,30,16.34,23.99,21.9,11.9,variant_2,Yes
756814464555,【MST2011底盖/井合集】CNC金属护边铝合金底盖底座配件,MST201,https://item.taobao.com/item.htm?from=cart&id=756814464555&mi_id=0000PSKDmhaXtwRwa3bz-nhnQHIk1my1x03orEdGQUgLi48&skuId=5392008155717&spm=a1z0d.6639537%2F202410.item.d756814464555.6c8b7484YUvCoG&upStreamPrice=5600,MST2011底盖-红色,,,,,,56.0,30,16.34,23.99,21.9,11.9,variant_3,Yes
756814464555,【MST2011底盖/井合集】CNC金属护边铝合金底盖底座配件,MST201,https://item.taobao.com/item.htm?from=cart&id=756814464555&mi_id=0000PSKDmhaXtwRwa3bz-nhnQHIk1my1x03orEdGQUgLi48&skuId=5392008155717&spm=a1z0d.6639537%2F202410.item.d756814464555.6c8b7484YUvCoG&upStreamPrice=5600,MST2011底盖-灰色,,,,,,56.0,30,16.34,23.99,21.9,11.9,variant_4,Yes
756814464555,【MST2011底盖/井合集】CNC金属护边铝合金底盖底座配件,MST201,https://item.taobao.com/item.htm?from=cart&id=756814464555&mi_id=0000PSKDmhaXtwRwa3bz-nhnQHIk1my1x03orEdGQUgLi48&skuId=5392008155717&spm=a1z0d.6639537%2F202410.item.d756814464555.6c8b7484YUvCoG&upStreamPrice=5600,MST2011井（刻字款）-红色,,,,,,56.0,30,16.34,23.99,21.9,11.9,variant_5,Yes
756814464555,【MST2011底盖/井合集】CNC金属护边铝合金底盖底座配件,MST201,https://item.taobao.com/item.htm?from=cart&id=756814464555&mi_id=0000PSKDmhaXtwRwa3bz-nhnQHIk1my1x03orEdGQUgLi48&skuId=5392008155717&spm=a1z0d.6639537%2F202410.item.d756814464555.6c8b7484YUvCoG&upStreamPrice=5600,MST2011井（刻字款）-灰色,,,,,,84.0,30,21.66,30.99,20.1,10.1,variant_6,Yes
756814464555,【MST2011底盖/井合集】CNC金属护边铝合金底盖底座配件,MST201,https://item.taobao.com/item.htm?from=cart&id=756814464555&mi_id=0000PSKDmhaXtwRwa3bz-nhnQHIk1my1x03orEdGQUgLi48&skuId=5392008155717&spm=a1z0d.6639537%2F202410.item.d756814464555.6c8b7484YUvCoG&upStreamPrice=5600,MST2011井（刻字款）-黑色,,,,,,84.0,30,21.66,30.99,20.1,10.1,variant_7,Yes
756814464555,【MST2011底盖/井合集】CNC金属护边铝合金底盖底座配件,MST201,https://item.taobao.com/item.htm?from=cart&id=756814464555&mi_id=0000PSKDmhaXtwRwa3bz-nhnQHIk1my1x03orEdGQUgLi48&skuId=5392008155717&spm=a1z0d.6639537%2F202410.item.d756814464555.6c8b7484YUvCoG&upStreamPrice=5600,MST2011井（刻字款）-银色,,,,,,84.0,30,21.66,30.99,20.1,10.1,variant_8,Yes
756814464555,【MST2011底盖/井合集】CNC金属护边铝合金底盖底座配件,MST201,https://item.taobao.com/item.htm?from=cart&id=756814464555&mi_id=0000PSKDmhaXtwRwa3bz-nhnQHIk1my1x03orEdGQUgLi48&skuId=5392008155717&spm=a1z0d.6639537%2F202410.item.d756814464555.6c8b7484YUvCoG&upStreamPrice=5600,MST2011井-金色,,,,,,84.0,30,21.66,30.99,20.1,10.1,variant_9,Yes
756814464555,【MST2011底盖/井合集】CNC金属护边铝合金底盖底座配件,MST201,https://item.taobao.com/item.htm?from=cart&id=756814464555&mi_id=0000PSKDmhaXtwRwa3bz-nhnQHIk1my1x03orEdGQUgLi48&skuId=5392008155717&spm=a1z0d.6639537%2F202410.item.d756814464555.6c8b7484YUvCoG&upStreamPrice=5600,MST2011井银色,,,,,,84.0,30,21.66,30.99,20.1,10.1,variant_10,Yes
853328243320,金属增高支架镜桥GBRS Hydra九头蛇UNITY EXPS底座T1 T2 H1 2红点,Metal Riser Mount GBRS Hydra UNITY EXPS Base for T1 T2 H1 Red Dot Sights,https://item.taobao.com/item.htm?from=cart&id=853328243320&mi_id=0000DYqd-9XBoSgJTlcVA9tuUrcP89JSTiVIRBTpInbF4MI&skuId=5820993846238&spm=a1z0d.6639537%2F202410.item.d853328243320.6c8b7484YUvCoG&upStreamPrice=12800,黑色矮款-GBRS Hydra Mount九头蛇,,,,,,128.0,30,30.02,42.99,20.2,10.2,variant_1,Yes
853328243320,金属增高支架镜桥GBRS Hydra九头蛇UNITY EXPS底座T1 T2 H1 2红点,Metal Riser Mount GBRS Hydra UNITY EXPS Base for T1 T2 H1 Red Dot Sights,https://item.taobao.com/item.htm?from=cart&id=853328243320&mi_id=0000DYqd-9XBoSgJTlcVA9tuUrcP89JSTiVIRBTpInbF4MI&skuId=5820993846238&spm=a1z0d.6639537%2F202410.item.d853328243320.6c8b7484YUvCoG&upStreamPrice=12800,金棕色矮款-GBRS Hydra Mount九头蛇,,,,,,128.0,30,30.02,42.99,20.2,10.2,variant_2,Yes
853328243320,金属增高支架镜桥GBRS Hydra九头蛇UNITY EXPS底座T1 T2 H1 2红点,Metal Riser Mount GBRS Hydra UNITY EXPS Base for T1 T2 H1 Red Dot Sights,https://item.taobao.com/item.htm?from=cart&id=853328243320&mi_id=0000DYqd-9XBoSgJTlcVA9tuUrcP89JSTiVIRBTpInbF4MI&skuId=5820993846238&spm=a1z0d.6639537%2F202410.item.d853328243320.6c8b7484YUvCoG&upStreamPrice=12800,黑色高款-GBRS Hydra Mount九头蛇,,,,,,128.0,30,30.02,42.99,20.2,10.2,variant_3,Yes
853328243320,金属增高支架镜桥GBRS Hydra九头蛇UNITY EXPS底座T1 T2 H1 2红点,Metal Riser Mount GBRS Hydra UNITY EXPS Base for T1 T2 H1 Red Dot Sights,https://item.taobao.com/item.htm?from=cart&id=853328243320&mi_id=0000DYqd-9XBoSgJTlcVA9tuUrcP89JSTiVIRBTpInbF4MI&skuId=5820993846238&spm=a1z0d.6639537%2F202410.item.d853328243320.6c8b7484YUvCoG&upStreamPrice=12800,沙色高款-GBRS Hydra Mount九头蛇,,,,,,128.0,30,30.02,42.99,20.2,10.2,variant_4,Yes
853328243320,金属增高支架镜桥GBRS Hydra九头蛇UNITY EXPS底座T1 T2 H1 2红点,Metal Riser Mount GBRS Hydra UNITY EXPS Base for T1 T2 H1 Red Dot Sights,https://item.taobao.com/item.htm?from=cart&id=853328243320&mi_id=0000DYqd-9XBoSgJTlcVA9tuUrcP89JSTiVIRBTpInbF4MI&skuId=5820993846238&spm=a1z0d.6639537%2F202410.item.d853328243320.6c8b7484YUvCoG&upStreamPrice=12800,黑色高款-UNITY FAST,,,,,,68.0,30,18.62,25.99,18.4,8.4,variant_5,Yes
853328243320,金属增高支架镜桥GBRS Hydra九头蛇UNITY EXPS底座T1 T2 H1 2红点,Metal Riser Mount GBRS Hydra UNITY EXPS Base for T1 T2 H1 Red Dot Sights,https://item.taobao.com/item.htm?from=cart&id=853328243320&mi_id=0000DYqd-9XBoSgJTlcVA9tuUrcP89JSTiVIRBTpInbF4MI&skuId=5820993846238&spm=a1z0d.6639537%2F202410.item.d853328243320.6c8b7484YUvCoG&upStreamPrice=12800,金棕色高款-UNITY FAST,,,,,,68.0,30,18.62,25.99,18.4,8.4,variant_6,Yes
853328243320,金属增高支架镜桥GBRS Hydra九头蛇UNITY EXPS底座T1 T2 H1 2红点,Metal Riser Mount GBRS Hydra UNITY EXPS Base for T1 T2 H1 Red Dot Sights,https://item.taobao.com/item.htm?from=cart&id=853328243320&mi_id=0000DYqd-9XBoSgJTlcVA9tuUrcP89JSTiVIRBTpInbF4MI&skuId=5820993846238&spm=a1z0d.6639537%2F202410.item.d853328243320.6c8b7484YUvCoG&upStreamPrice=12800,黑色矮款-UNITY FAST,,,,,,68.0,30,18.62,25.99,18.4,8.4,variant_7,Yes
853328243320,金属增高支架镜桥GBRS Hydra九头蛇UNITY EXPS底座T1 T2 H1 2红点,Metal Riser Mount GBRS Hydra UNITY EXPS Base for T1 T2 H1 Red Dot Sights,https://item.taobao.com/item.htm?from=cart&id=853328243320&mi_id=0000DYqd-9XBoSgJTlcVA9tuUrcP89JSTiVIRBTpInbF4MI&skuId=5820993846238&spm=a1z0d.6639537%2F202410.item.d853328243320.6c8b7484YUvCoG&upStreamPrice=12800,金棕色矮款-UNITY FAST,,,,,,68.0,30,18.62,25.99,18.4,8.4,variant_8,Yes
853328243320,金属增高支架镜桥GBRS Hydra九头蛇UNITY EXPS底座T1 T2 H1 2红点,Metal Riser Mount GBRS Hydra UNITY EXPS Base for T1 T2 H1 Red Dot Sights,https://item.taobao.com/item.htm?from=cart&id=853328243320&mi_id=0000DYqd-9XBoSgJTlcVA9tuUrcP89JSTiVIRBTpInbF4MI&skuId=5820993846238&spm=a1z0d.6639537%2F202410.item.d853328243320.6c8b7484YUvCoG&upStreamPrice=12800,黑色-UNITY EXPS,,,,,,38.0,30,12.92,17.99,18.2,8.2,variant_9,Yes
853328243320,金属增高支架镜桥GBRS Hydra九头蛇UNITY EXPS底座T1 T2 H1 2红点,Metal Riser Mount GBRS Hydra UNITY EXPS Base for T1 T2 H1 Red Dot Sights,https://item.taobao.com/item.htm?from=cart&id=853328243320&mi_id=0000DYqd-9XBoSgJTlcVA9tuUrcP89JSTiVIRBTpInbF4MI&skuId=5820993846238&spm=a1z0d.6639537%2F202410.item.d853328243320.6c8b7484YUvCoG&upStreamPrice=12800,金棕色-UNITY EXPS,,,,,,38.0,30,12.92,17.99,18.2,8.2,variant_10,Yes
855477818032,WST风镜防雾器电动除雾TYPE,Electric Goggles Anti-fog Defogger TYPE,https://item.taobao.com/item.htm?id=855477818032&mi_id=0000x0WNEqQ_265ogowy3YTtSmwWN6Kh587odYbbcAzXv6k&pvid=509f90ac-ddaa-4b45-98c7-9173eebe4188&scm=1007.62513.464295.0&skuId=5901632650844&spm=a1z0d.6639537%2F202410.201876.d5.6c8b7484YUvCoG&utparam=%7B%22x_object_type%22%3A%22item%22%2C%22matchType%22%3A%22dm_interest%22%2C%22item_price%22%3A%2258%22%2C%22umpCalled%22%3Atrue%2C%22pc_scene%22%3A%2220001%22%2C%22userId%22%3A2211254930049%2C%22ab_info%22%3A%2252513%23464295%23-1%23%22%2C%22tpp_buckets%22%3A%2252513%23464295%23module%22%2C%22aplus_abtest%22%3A%22c95fd935250b814ea01fa2f7b7e734b2%22%2C%22isLogin%22%3Atrue%2C%22abid%22%3A1%2C%22pc_pvid%22%3A%22509f90ac-ddaa-4b45-98c7-9173eebe4188%22%2C%22isWeekLogin%22%3Afalse%2C%22rn%22%3A4%2C%22ump_price%22%3A%2258%22%2C%22isXClose%22%3Afalse%2C%22x_object_id%22%3A855477818032%7D&xxc=home_recommend,BK黑色（除雾器）,,,,,,115.0,30,27.55,39.99,21.1,11.1,variant_1,Yes
855477818032,WST风镜防雾器电动除雾TYPE,Electric Goggles Anti-fog Defogger TYPE,https://item.taobao.com/item.htm?id=855477818032&mi_id=0000x0WNEqQ_265ogowy3YTtSmwWN6Kh587odYbbcAzXv6k&pvid=509f90ac-ddaa-4b45-98c7-9173eebe4188&scm=1007.62513.464295.0&skuId=5901632650844&spm=a1z0d.6639537%2F202410.201876.d5.6c8b7484YUvCoG&utparam=%7B%22x_object_type%22%3A%22item%22%2C%22matchType%22%3A%22dm_interest%22%2C%22item_price%22%3A%2258%22%2C%22umpCalled%22%3Atrue%2C%22pc_scene%22%3A%2220001%22%2C%22userId%22%3A2211254930049%2C%22ab_info%22%3A%2252513%23464295%23-1%23%22%2C%22tpp_buckets%22%3A%2252513%23464295%23module%22%2C%22aplus_abtest%22%3A%22c95fd935250b814ea01fa2f7b7e734b2%22%2C%22isLogin%22%3Atrue%2C%22abid%22%3A1%2C%22pc_pvid%22%3A%22509f90ac-ddaa-4b45-98c7-9173eebe4188%22%2C%22isWeekLogin%22%3Afalse%2C%22rn%22%3A4%2C%22ump_price%22%3A%2258%22%2C%22isXClose%22%3Afalse%2C%22x_object_id%22%3A855477818032%7D&xxc=home_recommend,BK黑色风镜一套（三块镜片）,,,,,,85.0,30,21.85,30.99,19.5,9.5,variant_2,Yes
855477818032,WST风镜防雾器电动除雾TYPE,Electric Goggles Anti-fog Defogger TYPE,https://item.taobao.com/item.htm?id=855477818032&mi_id=0000x0WNEqQ_265ogowy3YTtSmwWN6Kh587odYbbcAzXv6k&pvid=509f90ac-ddaa-4b45-98c7-9173eebe4188&scm=1007.62513.464295.0&skuId=5901632650844&spm=a1z0d.6639537%2F202410.201876.d5.6c8b7484YUvCoG&utparam=%7B%22x_object_type%22%3A%22item%22%2C%22matchType%22%3A%22dm_interest%22%2C%22item_price%22%3A%2258%22%2C%22umpCalled%22%3Atrue%2C%22pc_scene%22%3A%2220001%22%2C%22userId%22%3A2211254930049%2C%22ab_info%22%3A%2252513%23464295%23-1%23%22%2C%22tpp_buckets%22%3A%2252513%23464295%23module%22%2C%22aplus_abtest%22%3A%22c95fd935250b814ea01fa2f7b7e734b2%22%2C%22isLogin%22%3Atrue%2C%22abid%22%3A1%2C%22pc_pvid%22%3A%22509f90ac-ddaa-4b45-98c7-9173eebe4188%22%2C%22isWeekLogin%22%3Afalse%2C%22rn%22%3A4%2C%22ump_price%22%3A%2258%22%2C%22isXClose%22%3Afalse%2C%22x_object_id%22%3A855477818032%7D&xxc=home_recommend,T泥色风镜一套（三块镜片）,,,,,,85.0,30,21.85,30.99,19.5,9.5,variant_3,Yes
855477818032,WST风镜防雾器电动除雾TYPE,Electric Goggles Anti-fog Defogger TYPE,https://item.taobao.com/item.htm?id=855477818032&mi_id=0000x0WNEqQ_265ogowy3YTtSmwWN6Kh587odYbbcAzXv6k&pvid=509f90ac-ddaa-4b45-98c7-9173eebe4188&scm=1007.62513.464295.0&skuId=5901632650844&spm=a1z0d.6639537%2F202410.201876.d5.6c8b7484YUvCoG&utparam=%7B%22x_object_type%22%3A%22item%22%2C%22matchType%22%3A%22dm_interest%22%2C%22item_price%22%3A%2258%22%2C%22umpCalled%22%3Atrue%2C%22pc_scene%22%3A%2220001%22%2C%22userId%22%3A2211254930049%2C%22ab_info%22%3A%2252513%23464295%23-1%23%22%2C%22tpp_buckets%22%3A%2252513%23464295%23module%22%2C%22aplus_abtest%22%3A%22c95fd935250b814ea01fa2f7b7e734b2%22%2C%22isLogin%22%3Atrue%2C%22abid%22%3A1%2C%22pc_pvid%22%3A%22509f90ac-ddaa-4b45-98c7-9173eebe4188%22%2C%22isWeekLogin%22%3Afalse%2C%22rn%22%3A4%2C%22ump_price%22%3A%2258%22%2C%22isXClose%22%3Afalse%2C%22x_object_id%22%3A855477818032%7D&xxc=home_recommend,OD军绿色风镜一套（三块镜片）,,,,,,85.0,30,21.85,30.99,19.5,9.5,variant_4,Yes
855477818032,WST风镜防雾器电动除雾TYPE,Electric Goggles Anti-fog Defogger TYPE,https://item.taobao.com/item.htm?id=855477818032&mi_id=0000x0WNEqQ_265ogowy3YTtSmwWN6Kh587odYbbcAzXv6k&pvid=509f90ac-ddaa-4b45-98c7-9173eebe4188&scm=1007.62513.464295.0&skuId=5901632650844&spm=a1z0d.6639537%2F202410.201876.d5.6c8b7484YUvCoG&utparam=%7B%22x_object_type%22%3A%22item%22%2C%22matchType%22%3A%22dm_interest%22%2C%22item_price%22%3A%2258%22%2C%22umpCalled%22%3Atrue%2C%22pc_scene%22%3A%2220001%22%2C%22userId%22%3A2211254930049%2C%22ab_info%22%3A%2252513%23464295%23-1%23%22%2C%22tpp_buckets%22%3A%2252513%23464295%23module%22%2C%22aplus_abtest%22%3A%22c95fd935250b814ea01fa2f7b7e734b2%22%2C%22isLogin%22%3Atrue%2C%22abid%22%3A1%2C%22pc_pvid%22%3A%22509f90ac-ddaa-4b45-98c7-9173eebe4188%22%2C%22isWeekLogin%22%3Afalse%2C%22rn%22%3A4%2C%22ump_price%22%3A%2258%22%2C%22isXClose%22%3Afalse%2C%22x_object_id%22%3A855477818032%7D&xxc=home_recommend,BK黑色风镜一套（一块镜片）,,,,,,58.0,30,16.72,23.99,20.3,10.3,variant_5,Yes
855477818032,WST风镜防雾器电动除雾TYPE,Electric Goggles Anti-fog Defogger TYPE,https://item.taobao.com/item.htm?id=855477818032&mi_id=0000x0WNEqQ_265ogowy3YTtSmwWN6Kh587odYbbcAzXv6k&pvid=509f90ac-ddaa-4b45-98c7-9173eebe4188&scm=1007.62513.464295.0&skuId=5901632650844&spm=a1z0d.6639537%2F202410.201876.d5.6c8b7484YUvCoG&utparam=%7B%22x_object_type%22%3A%22item%22%2C%22matchType%22%3A%22dm_interest%22%2C%22item_price%22%3A%2258%22%2C%22umpCalled%22%3Atrue%2C%22pc_scene%22%3A%2220001%22%2C%22userId%22%3A2211254930049%2C%22ab_info%22%3A%2252513%23464295%23-1%23%22%2C%22tpp_buckets%22%3A%2252513%23464295%23module%22%2C%22aplus_abtest%22%3A%22c95fd935250b814ea01fa2f7b7e734b2%22%2C%22isLogin%22%3Atrue%2C%22abid%22%3A1%2C%22pc_pvid%22%3A%22509f90ac-ddaa-4b45-98c7-9173eebe4188%22%2C%22isWeekLogin%22%3Afalse%2C%22rn%22%3A4%2C%22ump_price%22%3A%2258%22%2C%22isXClose%22%3Afalse%2C%22x_object_id%22%3A855477818032%7D&xxc=home_recommend,T泥色风镜一套（一块镜片）,,,,,,58.0,30,16.72,23.99,20.3,10.3,variant_6,Yes
855477818032,WST风镜防雾器电动除雾TYPE,Electric Goggles Anti-fog Defogger TYPE,https://item.taobao.com/item.htm?id=855477818032&mi_id=0000x0WNEqQ_265ogowy3YTtSmwWN6Kh587odYbbcAzXv6k&pvid=509f90ac-ddaa-4b45-98c7-9173eebe4188&scm=1007.62513.464295.0&skuId=5901632650844&spm=a1z0d.6639537%2F202410.201876.d5.6c8b7484YUvCoG&utparam=%7B%22x_object_type%22%3A%22item%22%2C%22matchType%22%3A%22dm_interest%22%2C%22item_price%22%3A%2258%22%2C%22umpCalled%22%3Atrue%2C%22pc_scene%22%3A%2220001%22%2C%22userId%22%3A2211254930049%2C%22ab_info%22%3A%2252513%23464295%23-1%23%22%2C%22tpp_buckets%22%3A%2252513%23464295%23module%22%2C%22aplus_abtest%22%3A%22c95fd935250b814ea01fa2f7b7e734b2%22%2C%22isLogin%22%3Atrue%2C%22abid%22%3A1%2C%22pc_pvid%22%3A%22509f90ac-ddaa-4b45-98c7-9173eebe4188%22%2C%22isWeekLogin%22%3Afalse%2C%22rn%22%3A4%2C%22ump_price%22%3A%2258%22%2C%22isXClose%22%3Afalse%2C%22x_object_id%22%3A855477818032%7D&xxc=home_recommend,OD军绿色风镜一套（一块镜片）,,,,,,58.0,30,16.72,23.99,20.3,10.3,variant_7,Yes
899190435089,"NGD北境防务 ""FPS""运动相机战术连接臂","""FPS"" Action Camera Tactical Mount Arm",https://item.taobao.com/item.htm?id=899190435089&mi_id=0000CAX6-BX7lO5klGg-XSpNcl_c6_xsYFCK45ZkV-_twa4&pvid=509f90ac-ddaa-4b45-98c7-9173eebe4188&scm=1007.62513.464295.0&skuId=5756235789548&spm=a1z0d.6639537%2F202410.201876.d1.6c8b7484YUvCoG&utparam=%7B%22x_object_type%22%3A%22item%22%2C%22matchType%22%3A%22nann_base%22%2C%22item_price%22%3A%22158%22%2C%22umpCalled%22%3Atrue%2C%22pc_scene%22%3A%2220001%22%2C%22userId%22%3A2211254930049%2C%22ab_info%22%3A%2252513%23464295%23-1%23%22%2C%22tpp_buckets%22%3A%2252513%23464295%23module%22%2C%22aplus_abtest%22%3A%2222ec64065a667b0bd1a1214b6f6d4c62%22%2C%22isLogin%22%3Atrue%2C%22abid%22%3A1%2C%22pc_pvid%22%3A%22509f90ac-ddaa-4b45-98c7-9173eebe4188%22%2C%22isWeekLogin%22%3Afalse%2C%22rn%22%3A0%2C%22ump_price%22%3A%22158%22%2C%22isXClose%22%3Afalse%2C%22x_object_id%22%3A899190435089%7D&xxc=home_recommend,NGD FPS黑色,,,,,,158.0,30,35.72,50.99,19.9,9.9,variant_1,Yes
899190435089,"NGD北境防务 ""FPS""运动相机战术连接臂","""FPS"" Action Camera Tactical Mount Arm",https://item.taobao.com/item.htm?id=899190435089&mi_id=0000CAX6-BX7lO5klGg-XSpNcl_c6_xsYFCK45ZkV-_twa4&pvid=509f90ac-ddaa-4b45-98c7-9173eebe4188&scm=1007.62513.464295.0&skuId=5756235789548&spm=a1z0d.6639537%2F202410.201876.d1.6c8b7484YUvCoG&utparam=%7B%22x_object_type%22%3A%22item%22%2C%22matchType%22%3A%22nann_base%22%2C%22item_price%22%3A%22158%22%2C%22umpCalled%22%3Atrue%2C%22pc_scene%22%3A%2220001%22%2C%22userId%22%3A2211254930049%2C%22ab_info%22%3A%2252513%23464295%23-1%23%22%2C%22tpp_buckets%22%3A%2252513%23464295%23module%22%2C%22aplus_abtest%22%3A%2222ec64065a667b0bd1a1214b6f6d4c62%22%2C%22isLogin%22%3Atrue%2C%22abid%22%3A1%2C%22pc_pvid%22%3A%22509f90ac-ddaa-4b45-98c7-9173eebe4188%22%2C%22isWeekLogin%22%3Afalse%2C%22rn%22%3A0%2C%22ump_price%22%3A%22158%22%2C%22isXClose%22%3Afalse%2C%22x_object_id%22%3A899190435089%7D&xxc=home_recommend,NGD FPS沙色,,,,,,158.0,30,35.72,50.99,19.9,9.9,variant_2,Yes
899190435089,"NGD北境防务 ""FPS""运动相机战术连接臂","""FPS"" Action Camera Tactical Mount Arm",https://item.taobao.com/item.htm?id=899190435089&mi_id=0000CAX6-BX7lO5klGg-XSpNcl_c6_xsYFCK45ZkV-_twa4&pvid=509f90ac-ddaa-4b45-98c7-9173eebe4188&scm=1007.62513.464295.0&skuId=5756235789548&spm=a1z0d.6639537%2F202410.201876.d1.6c8b7484YUvCoG&utparam=%7B%22x_object_type%22%3A%22item%22%2C%22matchType%22%3A%22nann_base%22%2C%22item_price%22%3A%22158%22%2C%22umpCalled%22%3Atrue%2C%22pc_scene%22%3A%2220001%22%2C%22userId%22%3A2211254930049%2C%22ab_info%22%3A%2252513%23464295%23-1%23%22%2C%22tpp_buckets%22%3A%2252513%23464295%23module%22%2C%22aplus_abtest%22%3A%2222ec64065a667b0bd1a1214b6f6d4c62%22%2C%22isLogin%22%3Atrue%2C%22abid%22%3A1%2C%22pc_pvid%22%3A%22509f90ac-ddaa-4b45-98c7-9173eebe4188%22%2C%22isWeekLogin%22%3Afalse%2C%22rn%22%3A0%2C%22ump_price%22%3A%22158%22%2C%22isXClose%22%3Afalse%2C%22x_object_id%22%3A899190435089%7D&xxc=home_recommend,规格说明：适用大疆及影石等通用转接接口,,,,,,158.0,30,35.72,50.99,19.9,9.9,variant_3,Yes
818533365136,七彩喷火夜光消荧光玩具喷火战术夜光激发装置软弹感应器影视装备,Colorful Muzzle Flash Luminous Tactical Tracer Unit with BB Sensor,https://item.taobao.com/item.htm?_u=o20bch12k121bd&id=818533365136&spm=a1z09.2.0.0.60532e8ddrfDyH,喷火猪夜光消音,Flamethrower Pig Tracer Suppressor,Color,喷火猪夜光消音,,,135.0,30,31.35,44.99,20.3,10.3,variant_1,Yes
818533365136,七彩喷火夜光消荧光玩具喷火战术夜光激发装置软弹感应器影视装备,Colorful Muzzle Flash Luminous Tactical Tracer Unit with BB Sensor,https://item.taobao.com/item.htm?_u=o20bch12k121bd&id=818533365136&spm=a1z09.2.0.0.60532e8ddrfDyH,7彩夜光消音黑色,,,,,,185.0,30,40.85,57.99,19.6,9.6,variant_2,Yes
818533365136,七彩喷火夜光消荧光玩具喷火战术夜光激发装置软弹感应器影视装备,Colorful Muzzle Flash Luminous Tactical Tracer Unit with BB Sensor,https://item.taobao.com/item.htm?_u=o20bch12k121bd&id=818533365136&spm=a1z09.2.0.0.60532e8ddrfDyH,7彩夜光消音沙色,,,,,,185.0,30,40.85,57.99,19.6,9.6,variant_3,Yes
818533365136,七彩喷火夜光消荧光玩具喷火战术夜光激发装置软弹感应器影视装备,Colorful Muzzle Flash Luminous Tactical Tracer Unit with BB Sensor,https://item.taobao.com/item.htm?_u=o20bch12k121bd&id=818533365136&spm=a1z09.2.0.0.60532e8ddrfDyH,7彩slr夜光消音,Rainbow SLR Tracer Suppressor,Color,7彩slr夜光消音,,,185.0,30,40.85,57.99,19.6,9.6,variant_4,Yes
818533365136,七彩喷火夜光消荧光玩具喷火战术夜光激发装置软弹感应器影视装备,Colorful Muzzle Flash Luminous Tactical Tracer Unit with BB Sensor,https://item.taobao.com/item.htm?_u=o20bch12k121bd&id=818533365136&spm=a1z09.2.0.0.60532e8ddrfDyH,压迫者彩虹夜光消音,Oppressor Rainbow Tracer Suppressor,Color,压迫者彩虹夜光消音,,,225.0,30,48.45,68.99,19.8,9.8,variant_5,Yes
818533365136,七彩喷火夜光消荧光玩具喷火战术夜光激发装置软弹感应器影视装备,Colorful Muzzle Flash Luminous Tactical Tracer Unit with BB Sensor,https://item.taobao.com/item.htm?_u=o20bch12k121bd&id=818533365136&spm=a1z09.2.0.0.60532e8ddrfDyH,蜂巢彩虹夜光消音,Honeycomb Rainbow Tracer Suppressor,Color,蜂巢彩虹夜光消音,,,225.0,30,48.45,68.99,19.8,9.8,variant_6,Yes
646929225114,FMA 蝎式软壳快拔旦夹套5.56/7.62\9mm旦匣包 军迷射击MOLLE包,"Scorpion Style Soft Shell Quick Release Magazine Pouch for 5.56/7.62/9mm Magazines, MOLLE Compatible",https://item.taobao.com/item.htm?_u=o20bch12k13bf4&id=646929225114&spm=a1z09.2.0.0.60532e8ddrfDyH,OD军绿色 / 大款,,,,,,31.0,30,11.59,15.99,17.5,7.5,variant_1,Yes
646929225114,FMA 蝎式软壳快拔旦夹套5.56/7.62\9mm旦匣包 军迷射击MOLLE包,"Scorpion Style Soft Shell Quick Release Magazine Pouch for 5.56/7.62/9mm Magazines, MOLLE Compatible",https://item.taobao.com/item.htm?_u=o20bch12k13bf4&id=646929225114&spm=a1z09.2.0.0.60532e8ddrfDyH,OD军绿色 / 小款,,,,,,28.0,30,11.02,15.99,21.1,11.1,variant_2,Yes
646929225114,FMA 蝎式软壳快拔旦夹套5.56/7.62\9mm旦匣包 军迷射击MOLLE包,"Scorpion Style Soft Shell Quick Release Magazine Pouch for 5.56/7.62/9mm Magazines, MOLLE Compatible",https://item.taobao.com/item.htm?_u=o20bch12k13bf4&id=646929225114&spm=a1z09.2.0.0.60532e8ddrfDyH,OD军绿色 / 短款,,,,,,28.0,30,11.02,15.99,21.1,11.1,variant_3,Yes
646929225114,FMA 蝎式软壳快拔旦夹套5.56/7.62\9mm旦匣包 军迷射击MOLLE包,"Scorpion Style Soft Shell Quick Release Magazine Pouch for 5.56/7.62/9mm Magazines, MOLLE Compatible",https://item.taobao.com/item.htm?_u=o20bch12k13bf4&id=646929225114&spm=a1z09.2.0.0.60532e8ddrfDyH,DE泥色 / 大款,,,,,,31.0,30,11.59,15.99,17.5,7.5,variant_4,Yes
646929225114,FMA 蝎式软壳快拔旦夹套5.56/7.62\9mm旦匣包 军迷射击MOLLE包,"Scorpion Style Soft Shell Quick Release Magazine Pouch for 5.56/7.62/9mm Magazines, MOLLE Compatible",https://item.taobao.com/item.htm?_u=o20bch12k13bf4&id=646929225114&spm=a1z09.2.0.0.60532e8ddrfDyH,DE泥色 / 小款,,,,,,28.0,30,11.02,15.99,21.1,11.1,variant_5,Yes
646929225114,FMA 蝎式软壳快拔旦夹套5.56/7.62\9mm旦匣包 军迷射击MOLLE包,"Scorpion Style Soft Shell Quick Release Magazine Pouch for 5.56/7.62/9mm Magazines, MOLLE Compatible",https://item.taobao.com/item.htm?_u=o20bch12k13bf4&id=646929225114&spm=a1z09.2.0.0.60532e8ddrfDyH,DE泥色 / 短款,,,,,,28.0,30,11.02,15.99,21.1,11.1,variant_6,Yes
646929225114,FMA 蝎式软壳快拔旦夹套5.56/7.62\9mm旦匣包 军迷射击MOLLE包,"Scorpion Style Soft Shell Quick Release Magazine Pouch for 5.56/7.62/9mm Magazines, MOLLE Compatible",https://item.taobao.com/item.htm?_u=o20bch12k13bf4&id=646929225114&spm=a1z09.2.0.0.60532e8ddrfDyH,BK黑色 / 大款,,,,,,31.0,30,11.59,15.99,17.5,7.5,variant_7,Yes
646929225114,FMA 蝎式软壳快拔旦夹套5.56/7.62\9mm旦匣包 军迷射击MOLLE包,"Scorpion Style Soft Shell Quick Release Magazine Pouch for 5.56/7.62/9mm Magazines, MOLLE Compatible",https://item.taobao.com/item.htm?_u=o20bch12k13bf4&id=646929225114&spm=a1z09.2.0.0.60532e8ddrfDyH,BK黑色 / 小款,,,,,,28.0,30,11.02,15.99,21.1,11.1,variant_8,Yes
646929225114,FMA 蝎式软壳快拔旦夹套5.56/7.62\9mm旦匣包 军迷射击MOLLE包,"Scorpion Style Soft Shell Quick Release Magazine Pouch for 5.56/7.62/9mm Magazines, MOLLE Compatible",https://item.taobao.com/item.htm?_u=o20bch12k13bf4&id=646929225114&spm=a1z09.2.0.0.60532e8ddrfDyH,BK黑色 / 短款,,,,,,28.0,30,11.02,15.99,21.1,11.1,variant_9,Yes
646929225114,FMA 蝎式软壳快拔旦夹套5.56/7.62\9mm旦匣包 军迷射击MOLLE包,"Scorpion Style Soft Shell Quick Release Magazine Pouch for 5.56/7.62/9mm Magazines, MOLLE Compatible",https://item.taobao.com/item.htm?_u=o20bch12k13bf4&id=646929225114&spm=a1z09.2.0.0.60532e8ddrfDyH,FG游骑兵绿 / 大款,,,,,,31.0,30,11.59,15.99,17.5,7.5,variant_10,Yes
646929225114,FMA 蝎式软壳快拔旦夹套5.56/7.62\9mm旦匣包 军迷射击MOLLE包,"Scorpion Style Soft Shell Quick Release Magazine Pouch for 5.56/7.62/9mm Magazines, MOLLE Compatible",https://item.taobao.com/item.htm?_u=o20bch12k13bf4&id=646929225114&spm=a1z09.2.0.0.60532e8ddrfDyH,FG游骑兵绿 / 小款,,,,,,28.0,30,11.02,15.99,21.1,11.1,variant_11,Yes
646929225114,FMA 蝎式软壳快拔旦夹套5.56/7.62\9mm旦匣包 军迷射击MOLLE包,"Scorpion Style Soft Shell Quick Release Magazine Pouch for 5.56/7.62/9mm Magazines, MOLLE Compatible",https://item.taobao.com/item.htm?_u=o20bch12k13bf4&id=646929225114&spm=a1z09.2.0.0.60532e8ddrfDyH,FG游骑兵绿 / 短款,,,,,,28.0,30,11.02,15.99,21.1,11.1,variant_12,Yes
646929225114,FMA 蝎式软壳快拔旦夹套5.56/7.62\9mm旦匣包 军迷射击MOLLE包,"Scorpion Style Soft Shell Quick Release Magazine Pouch for 5.56/7.62/9mm Magazines, MOLLE Compatible",https://item.taobao.com/item.htm?_u=o20bch12k13bf4&id=646929225114&spm=a1z09.2.0.0.60532e8ddrfDyH,BKT黑泥 / 大款,,,,,,31.0,30,11.59,15.99,17.5,7.5,variant_13,Yes
646929225114,FMA 蝎式软壳快拔旦夹套5.56/7.62\9mm旦匣包 军迷射击MOLLE包,"Scorpion Style Soft Shell Quick Release Magazine Pouch for 5.56/7.62/9mm Magazines, MOLLE Compatible",https://item.taobao.com/item.htm?_u=o20bch12k13bf4&id=646929225114&spm=a1z09.2.0.0.60532e8ddrfDyH,BKT黑泥 / 小款,,,,,,28.0,30,11.02,15.99,21.1,11.1,variant_14,Yes
646929225114,FMA 蝎式软壳快拔旦夹套5.56/7.62\9mm旦匣包 军迷射击MOLLE包,"Scorpion Style Soft Shell Quick Release Magazine Pouch for 5.56/7.62/9mm Magazines, MOLLE Compatible",https://item.taobao.com/item.htm?_u=o20bch12k13bf4&id=646929225114&spm=a1z09.2.0.0.60532e8ddrfDyH,BKT黑泥 / 短款,,,,,,28.0,30,11.02,15.99,21.1,11.1,variant_15,Yes
646929225114,FMA 蝎式软壳快拔旦夹套5.56/7.62\9mm旦匣包 军迷射击MOLLE包,"Scorpion Style Soft Shell Quick Release Magazine Pouch for 5.56/7.62/9mm Magazines, MOLLE Compatible",https://item.taobao.com/item.htm?_u=o20bch12k13bf4&id=646929225114&spm=a1z09.2.0.0.60532e8ddrfDyH,BKR黑红 / 大款,,,,,,31.0,30,11.59,15.99,17.5,7.5,variant_16,Yes
646929225114,FMA 蝎式软壳快拔旦夹套5.56/7.62\9mm旦匣包 军迷射击MOLLE包,"Scorpion Style Soft Shell Quick Release Magazine Pouch for 5.56/7.62/9mm Magazines, MOLLE Compatible",https://item.taobao.com/item.htm?_u=o20bch12k13bf4&id=646929225114&spm=a1z09.2.0.0.60532e8ddrfDyH,BKR黑红 / 小款,,,,,,28.0,30,11.02,15.99,21.1,11.1,variant_17,Yes
646929225114,FMA 蝎式软壳快拔旦夹套5.56/7.62\9mm旦匣包 军迷射击MOLLE包,"Scorpion Style Soft Shell Quick Release Magazine Pouch for 5.56/7.62/9mm Magazines, MOLLE Compatible",https://item.taobao.com/item.htm?_u=o20bch12k13bf4&id=646929225114&spm=a1z09.2.0.0.60532e8ddrfDyH,BKR黑红 / 短款,,,,,,28.0,30,11.02,15.99,21.1,11.1,variant_18,Yes
646929225114,FMA 蝎式软壳快拔旦夹套5.56/7.62\9mm旦匣包 军迷射击MOLLE包,"Scorpion Style Soft Shell Quick Release Magazine Pouch for 5.56/7.62/9mm Magazines, MOLLE Compatible",https://item.taobao.com/item.htm?_u=o20bch12k13bf4&id=646929225114&spm=a1z09.2.0.0.60532e8ddrfDyH,BKOD黑绿 / 大款,,,,,,31.0,30,11.59,15.99,17.5,7.5,variant_19,Yes
646929225114,FMA 蝎式软壳快拔旦夹套5.56/7.62\9mm旦匣包 军迷射击MOLLE包,"Scorpion Style Soft Shell Quick Release Magazine Pouch for 5.56/7.62/9mm Magazines, MOLLE Compatible",https://item.taobao.com/item.htm?_u=o20bch12k13bf4&id=646929225114&spm=a1z09.2.0.0.60532e8ddrfDyH,BKOD黑绿 / 小款,,,,,,28.0,30,11.02,15.99,21.1,11.1,variant_20,Yes
646929225114,FMA 蝎式软壳快拔旦夹套5.56/7.62\9mm旦匣包 军迷射击MOLLE包,"Scorpion Style Soft Shell Quick Release Magazine Pouch for 5.56/7.62/9mm Magazines, MOLLE Compatible",https://item.taobao.com/item.htm?_u=o20bch12k13bf4&id=646929225114&spm=a1z09.2.0.0.60532e8ddrfDyH,BKOD黑绿 / 短款,,,,,,28.0,30,11.02,15.99,21.1,11.1,variant_21,Yes
646929225114,FMA 蝎式软壳快拔旦夹套5.56/7.62\9mm旦匣包 军迷射击MOLLE包,"Scorpion Style Soft Shell Quick Release Magazine Pouch for 5.56/7.62/9mm Magazines, MOLLE Compatible",https://item.taobao.com/item.htm?_u=o20bch12k13bf4&id=646929225114&spm=a1z09.2.0.0.60532e8ddrfDyH,并联夹子-通用不分大小 / 小款,,,,,,6.0,30,6.84,9.99,21.5,11.5,variant_22,Yes
646929225114,FMA 蝎式软壳快拔旦夹套5.56/7.62\9mm旦匣包 军迷射击MOLLE包,"Scorpion Style Soft Shell Quick Release Magazine Pouch for 5.56/7.62/9mm Magazines, MOLLE Compatible",https://item.taobao.com/item.htm?_u=o20bch12k13bf4&id=646929225114&spm=a1z09.2.0.0.60532e8ddrfDyH,并联夹子-通用不分大小 / 短款,,,,,,6.0,30,6.84,9.99,21.5,11.5,variant_23,Yes
846296600859,蝮蛇2011 hi capa快速拉柄模型G17 TTiG34蛋夹底盖握把井制退器,"Viper 2011 Hi-Capa Speed Cocking Handle Model, G17 TTiG34 Magazine Base Plate, Magwell, Muzzle Brake",https://item.taobao.com/item.htm?_u=o20bch12k19b89&id=846296600859&spm=a1z09.2.0.0.60532e8ddrfDyH,银柄 / Japan Marui hi–capa,Silver Grip / Japan Marui Hi-Capa,Color,银柄,Size,Japan Marui hi–capa,100.0,30,24.7,35.99,21.4,11.4,variant_1,Yes
846296600859,蝮蛇2011 hi capa快速拉柄模型G17 TTiG34蛋夹底盖握把井制退器,"Viper 2011 Hi-Capa Speed Cocking Handle Model, G17 TTiG34 Magazine Base Plate, Magwell, Muzzle Brake",https://item.taobao.com/item.htm?_u=o20bch12k19b89&id=846296600859&spm=a1z09.2.0.0.60532e8ddrfDyH,银柄 / 番茄蝮蛇2011,Silver Grip / Viper 2011,Color,银柄,Size,番茄蝮蛇2011,36.88,30,12.71,17.99,19.4,9.4,variant_2,Yes
846296600859,蝮蛇2011 hi capa快速拉柄模型G17 TTiG34蛋夹底盖握把井制退器,"Viper 2011 Hi-Capa Speed Cocking Handle Model, G17 TTiG34 Magazine Base Plate, Magwell, Muzzle Brake",https://item.taobao.com/item.htm?_u=o20bch12k19b89&id=846296600859&spm=a1z09.2.0.0.60532e8ddrfDyH,银柄 / JMT蝮蛇2011,Silver Grip / JMT Viper 2011,Color,银柄,Size,JMT蝮蛇2011,36.88,30,12.71,17.99,19.4,9.4,variant_3,Yes
846296600859,蝮蛇2011 hi capa快速拉柄模型G17 TTiG34蛋夹底盖握把井制退器,"Viper 2011 Hi-Capa Speed Cocking Handle Model, G17 TTiG34 Magazine Base Plate, Magwell, Muzzle Brake",https://item.taobao.com/item.htm?_u=o20bch12k19b89&id=846296600859&spm=a1z09.2.0.0.60532e8ddrfDyH,银柄 / 路西法2011,Silver Grip / Lucifer 2011,Color,银柄,Size,路西法2011,36.88,30,12.71,17.99,19.4,9.4,variant_4,Yes
846296600859,蝮蛇2011 hi capa快速拉柄模型G17 TTiG34蛋夹底盖握把井制退器,"Viper 2011 Hi-Capa Speed Cocking Handle Model, G17 TTiG34 Magazine Base Plate, Magwell, Muzzle Brake",https://item.taobao.com/item.htm?_u=o20bch12k19b89&id=846296600859&spm=a1z09.2.0.0.60532e8ddrfDyH,银柄 / 蓝鲸WK蝮蛇2011,Silver Grip / WK Viper 2011,Color,银柄,Size,蓝鲸WK蝮蛇2011,100.0,30,24.7,35.99,21.4,11.4,variant_5,Yes
846296600859,蝮蛇2011 hi capa快速拉柄模型G17 TTiG34蛋夹底盖握把井制退器,"Viper 2011 Hi-Capa Speed Cocking Handle Model, G17 TTiG34 Magazine Base Plate, Magwell, Muzzle Brake",https://item.taobao.com/item.htm?_u=o20bch12k19b89&id=846296600859&spm=a1z09.2.0.0.60532e8ddrfDyH,银柄 / 黑鹰2011蝮蛇(AQK手拉款模型通用),Silver Grip / 2011 Viper (Compatible with AQK Manual Pull Models),Color,银柄,Size,黑鹰2011蝮蛇(AQK手拉款模型通用),36.88,30,12.71,17.99,19.4,9.4,variant_6,Yes
846296600859,蝮蛇2011 hi capa快速拉柄模型G17 TTiG34蛋夹底盖握把井制退器,"Viper 2011 Hi-Capa Speed Cocking Handle Model, G17 TTiG34 Magazine Base Plate, Magwell, Muzzle Brake",https://item.taobao.com/item.htm?_u=o20bch12k19b89&id=846296600859&spm=a1z09.2.0.0.60532e8ddrfDyH,黑柄 / Japan Marui hi–capa,Black Grip / Japan Marui Hi-Capa,Color,黑柄,Size,Japan Marui hi–capa,36.88,30,12.71,17.99,19.4,9.4,variant_7,Yes
846296600859,蝮蛇2011 hi capa快速拉柄模型G17 TTiG34蛋夹底盖握把井制退器,"Viper 2011 Hi-Capa Speed Cocking Handle Model, G17 TTiG34 Magazine Base Plate, Magwell, Muzzle Brake",https://item.taobao.com/item.htm?_u=o20bch12k19b89&id=846296600859&spm=a1z09.2.0.0.60532e8ddrfDyH,黑柄 / 番茄蝮蛇2011,Black Handle / Tomato Viper 2011,Color,黑柄,Size,番茄蝮蛇2011,36.88,30,12.71,17.99,19.4,9.4,variant_8,Yes
846296600859,蝮蛇2011 hi capa快速拉柄模型G17 TTiG34蛋夹底盖握把井制退器,"Viper 2011 Hi-Capa Speed Cocking Handle Model, G17 TTiG34 Magazine Base Plate, Magwell, Muzzle Brake",https://item.taobao.com/item.htm?_u=o20bch12k19b89&id=846296600859&spm=a1z09.2.0.0.60532e8ddrfDyH,黑柄 / JMT蝮蛇2011,Black Handle / JMT Viper 2011,Color,黑柄,Size,JMT蝮蛇2011,36.88,30,12.71,17.99,19.4,9.4,variant_9,Yes
846296600859,蝮蛇2011 hi capa快速拉柄模型G17 TTiG34蛋夹底盖握把井制退器,"Viper 2011 Hi-Capa Speed Cocking Handle Model, G17 TTiG34 Magazine Base Plate, Magwell, Muzzle Brake",https://item.taobao.com/item.htm?_u=o20bch12k19b89&id=846296600859&spm=a1z09.2.0.0.60532e8ddrfDyH,黑柄 / 路西法2011,Black Handle / Lucifer 2011,Color,黑柄,Size,路西法2011,36.88,30,12.71,17.99,19.4,9.4,variant_10,Yes
846296600859,蝮蛇2011 hi capa快速拉柄模型G17 TTiG34蛋夹底盖握把井制退器,"Viper 2011 Hi-Capa Speed Cocking Handle Model, G17 TTiG34 Magazine Base Plate, Magwell, Muzzle Brake",https://item.taobao.com/item.htm?_u=o20bch12k19b89&id=846296600859&spm=a1z09.2.0.0.60532e8ddrfDyH,黑柄 / 蓝鲸WK蝮蛇2011,Black Handle / Blue Whale WK Viper 2011,Color,黑柄,Size,蓝鲸WK蝮蛇2011,36.88,30,12.71,17.99,19.4,9.4,variant_11,Yes
846296600859,蝮蛇2011 hi capa快速拉柄模型G17 TTiG34蛋夹底盖握把井制退器,"Viper 2011 Hi-Capa Speed Cocking Handle Model, G17 TTiG34 Magazine Base Plate, Magwell, Muzzle Brake",https://item.taobao.com/item.htm?_u=o20bch12k19b89&id=846296600859&spm=a1z09.2.0.0.60532e8ddrfDyH,黑柄 / 黑鹰2011蝮蛇(AQK手拉款模型通用),Black Handle / Black Hawk 2011 Viper (AQK Manual Slide Model Compatible),Color,黑柄,Size,黑鹰2011蝮蛇(AQK手拉款模型通用),36.88,30,12.71,17.99,19.4,9.4,variant_12,Yes
846296600859,蝮蛇2011 hi capa快速拉柄模型G17 TTiG34蛋夹底盖握把井制退器,"Viper 2011 Hi-Capa Speed Cocking Handle Model, G17 TTiG34 Magazine Base Plate, Magwell, Muzzle Brake",https://item.taobao.com/item.htm?_u=o20bch12k19b89&id=846296600859&spm=a1z09.2.0.0.60532e8ddrfDyH,钛灰柄 / Japan Marui hi–capa,Titanium Grey Handle / Japan Marui hi–capa,Color,钛灰柄,Size,Japan Marui hi–capa,100.0,30,24.7,35.99,21.4,11.4,variant_13,Yes
846296600859,蝮蛇2011 hi capa快速拉柄模型G17 TTiG34蛋夹底盖握把井制退器,"Viper 2011 Hi-Capa Speed Cocking Handle Model, G17 TTiG34 Magazine Base Plate, Magwell, Muzzle Brake",https://item.taobao.com/item.htm?_u=o20bch12k19b89&id=846296600859&spm=a1z09.2.0.0.60532e8ddrfDyH,钛灰柄 / 番茄蝮蛇2011,Titanium Grey Handle / Tomato Viper 2011,Color,钛灰柄,Size,番茄蝮蛇2011,36.88,30,12.71,17.99,19.4,9.4,variant_14,Yes
846296600859,蝮蛇2011 hi capa快速拉柄模型G17 TTiG34蛋夹底盖握把井制退器,"Viper 2011 Hi-Capa Speed Cocking Handle Model, G17 TTiG34 Magazine Base Plate, Magwell, Muzzle Brake",https://item.taobao.com/item.htm?_u=o20bch12k19b89&id=846296600859&spm=a1z09.2.0.0.60532e8ddrfDyH,钛灰柄 / JMT蝮蛇2011,Titanium Grey Handle / JMT Viper 2011,Color,钛灰柄,Size,JMT蝮蛇2011,36.88,30,12.71,17.99,19.4,9.4,variant_15,Yes
846296600859,蝮蛇2011 hi capa快速拉柄模型G17 TTiG34蛋夹底盖握把井制退器,"Viper 2011 Hi-Capa Speed Cocking Handle Model, G17 TTiG34 Magazine Base Plate, Magwell, Muzzle Brake",https://item.taobao.com/item.htm?_u=o20bch12k19b89&id=846296600859&spm=a1z09.2.0.0.60532e8ddrfDyH,钛灰柄 / 路西法2011,Titanium Grey Handle / Lucifer 2011,Color,钛灰柄,Size,路西法2011,36.88,30,12.71,17.99,19.4,9.4,variant_16,Yes
846296600859,蝮蛇2011 hi capa快速拉柄模型G17 TTiG34蛋夹底盖握把井制退器,"Viper 2011 Hi-Capa Speed Cocking Handle Model, G17 TTiG34 Magazine Base Plate, Magwell, Muzzle Brake",https://item.taobao.com/item.htm?_u=o20bch12k19b89&id=846296600859&spm=a1z09.2.0.0.60532e8ddrfDyH,钛灰柄 / 蓝鲸WK蝮蛇2011,Titanium Grey Handle / Blue Whale WK Viper 2011,Color,钛灰柄,Size,蓝鲸WK蝮蛇2011,36.88,30,12.71,17.99,19.4,9.4,variant_17,Yes
846296600859,蝮蛇2011 hi capa快速拉柄模型G17 TTiG34蛋夹底盖握把井制退器,"Viper 2011 Hi-Capa Speed Cocking Handle Model, G17 TTiG34 Magazine Base Plate, Magwell, Muzzle Brake",https://item.taobao.com/item.htm?_u=o20bch12k19b89&id=846296600859&spm=a1z09.2.0.0.60532e8ddrfDyH,钛灰柄 / 黑鹰2011蝮蛇(AQK手拉款模型通用),Titanium Grey Handle / Black Hawk 2011 Viper (AQK Manual Slide Model Compatible),Color,钛灰柄,Size,黑鹰2011蝮蛇(AQK手拉款模型通用),36.88,30,12.71,17.99,19.4,9.4,variant_18,Yes
846296600859,蝮蛇2011 hi capa快速拉柄模型G17 TTiG34蛋夹底盖握把井制退器,"Viper 2011 Hi-Capa Speed Cocking Handle Model, G17 TTiG34 Magazine Base Plate, Magwell, Muzzle Brake",https://item.taobao.com/item.htm?_u=o20bch12k19b89&id=846296600859&spm=a1z09.2.0.0.60532e8ddrfDyH,红柄 / Japan Marui hi–capa,Red Handle / Japan Marui hi–capa,Color,红柄,Size,Japan Marui hi–capa,36.88,30,12.71,17.99,19.4,9.4,variant_19,Yes
846296600859,蝮蛇2011 hi capa快速拉柄模型G17 TTiG34蛋夹底盖握把井制退器,"Viper 2011 Hi-Capa Speed Cocking Handle Model, G17 TTiG34 Magazine Base Plate, Magwell, Muzzle Brake",https://item.taobao.com/item.htm?_u=o20bch12k19b89&id=846296600859&spm=a1z09.2.0.0.60532e8ddrfDyH,红柄 / 番茄蝮蛇2011,Red Handle / Tomato Viper 2011,Color,红柄,Size,番茄蝮蛇2011,36.88,30,12.71,17.99,19.4,9.4,variant_20,Yes
846296600859,蝮蛇2011 hi capa快速拉柄模型G17 TTiG34蛋夹底盖握把井制退器,"Viper 2011 Hi-Capa Speed Cocking Handle Model, G17 TTiG34 Magazine Base Plate, Magwell, Muzzle Brake",https://item.taobao.com/item.htm?_u=o20bch12k19b89&id=846296600859&spm=a1z09.2.0.0.60532e8ddrfDyH,红柄 / JMT蝮蛇2011,Red Handle / JMT Viper 2011,Color,红柄,Size,JMT蝮蛇2011,100.0,30,24.7,35.99,21.4,11.4,variant_21,Yes
846296600859,蝮蛇2011 hi capa快速拉柄模型G17 TTiG34蛋夹底盖握把井制退器,"Viper 2011 Hi-Capa Speed Cocking Handle Model, G17 TTiG34 Magazine Base Plate, Magwell, Muzzle Brake",https://item.taobao.com/item.htm?_u=o20bch12k19b89&id=846296600859&spm=a1z09.2.0.0.60532e8ddrfDyH,红柄 / 路西法2011,Red Handle / Lucifer 2011,Color,红柄,Size,路西法2011,36.88,30,12.71,17.99,19.4,9.4,variant_22,Yes
846296600859,蝮蛇2011 hi capa快速拉柄模型G17 TTiG34蛋夹底盖握把井制退器,"Viper 2011 Hi-Capa Speed Cocking Handle Model, G17 TTiG34 Magazine Base Plate, Magwell, Muzzle Brake",https://item.taobao.com/item.htm?_u=o20bch12k19b89&id=846296600859&spm=a1z09.2.0.0.60532e8ddrfDyH,红柄 / 蓝鲸WK蝮蛇2011,Red Handle / Blue Whale WK Viper 2011,Color,红柄,Size,蓝鲸WK蝮蛇2011,36.88,30,12.71,17.99,19.4,9.4,variant_23,Yes
846296600859,蝮蛇2011 hi capa快速拉柄模型G17 TTiG34蛋夹底盖握把井制退器,"Viper 2011 Hi-Capa Speed Cocking Handle Model, G17 TTiG34 Magazine Base Plate, Magwell, Muzzle Brake",https://item.taobao.com/item.htm?_u=o20bch12k19b89&id=846296600859&spm=a1z09.2.0.0.60532e8ddrfDyH,红柄 / 黑鹰2011蝮蛇(AQK手拉款模型通用),Red Handle / Black Hawk 2011 Viper (AQK Manual Slide Model Compatible),Color,红柄,Size,黑鹰2011蝮蛇(AQK手拉款模型通用),36.88,30,12.71,17.99,19.4,9.4,variant_24,Yes
846296600859,蝮蛇2011 hi capa快速拉柄模型G17 TTiG34蛋夹底盖握把井制退器,"Viper 2011 Hi-Capa Speed Cocking Handle Model, G17 TTiG34 Magazine Base Plate, Magwell, Muzzle Brake",https://item.taobao.com/item.htm?_u=o20bch12k19b89&id=846296600859&spm=a1z09.2.0.0.60532e8ddrfDyH,金柄 / Japan Marui hi–capa,Gold Handle / Japan Marui hi–capa,Color,金柄,Size,Japan Marui hi–capa,36.88,30,12.71,17.99,19.4,9.4,variant_25,Yes
846296600859,蝮蛇2011 hi capa快速拉柄模型G17 TTiG34蛋夹底盖握把井制退器,"Viper 2011 Hi-Capa Speed Cocking Handle Model, G17 TTiG34 Magazine Base Plate, Magwell, Muzzle Brake",https://item.taobao.com/item.htm?_u=o20bch12k19b89&id=846296600859&spm=a1z09.2.0.0.60532e8ddrfDyH,金柄 / 番茄蝮蛇2011,Gold Handle / Tomato Viper 2011,Color,金柄,Size,番茄蝮蛇2011,100.0,30,24.7,35.99,21.4,11.4,variant_26,Yes
846296600859,蝮蛇2011 hi capa快速拉柄模型G17 TTiG34蛋夹底盖握把井制退器,"Viper 2011 Hi-Capa Speed Cocking Handle Model, G17 TTiG34 Magazine Base Plate, Magwell, Muzzle Brake",https://item.taobao.com/item.htm?_u=o20bch12k19b89&id=846296600859&spm=a1z09.2.0.0.60532e8ddrfDyH,金柄 / JMT蝮蛇2011,Gold Handle / JMT Viper 2011,Color,金柄,Size,JMT蝮蛇2011,36.88,30,12.71,17.99,19.4,9.4,variant_27,Yes
846296600859,蝮蛇2011 hi capa快速拉柄模型G17 TTiG34蛋夹底盖握把井制退器,"Viper 2011 Hi-Capa Speed Cocking Handle Model, G17 TTiG34 Magazine Base Plate, Magwell, Muzzle Brake",https://item.taobao.com/item.htm?_u=o20bch12k19b89&id=846296600859&spm=a1z09.2.0.0.60532e8ddrfDyH,金柄 / 路西法2011,Gold Handle / Lucifer 2011,Color,金柄,Size,路西法2011,36.88,30,12.71,17.99,19.4,9.4,variant_28,Yes
846296600859,蝮蛇2011 hi capa快速拉柄模型G17 TTiG34蛋夹底盖握把井制退器,"Viper 2011 Hi-Capa Speed Cocking Handle Model, G17 TTiG34 Magazine Base Plate, Magwell, Muzzle Brake",https://item.taobao.com/item.htm?_u=o20bch12k19b89&id=846296600859&spm=a1z09.2.0.0.60532e8ddrfDyH,金柄 / 蓝鲸WK蝮蛇2011,Gold Handle / Blue Whale WK Viper 2011,Color,金柄,Size,蓝鲸WK蝮蛇2011,36.88,30,12.71,17.99,19.4,9.4,variant_29,Yes
846296600859,蝮蛇2011 hi capa快速拉柄模型G17 TTiG34蛋夹底盖握把井制退器,"Viper 2011 Hi-Capa Speed Cocking Handle Model, G17 TTiG34 Magazine Base Plate, Magwell, Muzzle Brake",https://item.taobao.com/item.htm?_u=o20bch12k19b89&id=846296600859&spm=a1z09.2.0.0.60532e8ddrfDyH,金柄 / 黑鹰2011蝮蛇(AQK手拉款模型通用),Golden Grip / Blackhawk 2011 Viper (AQK Spring-Powered Model Compatible),Color,金柄,Size,黑鹰2011蝮蛇(AQK手拉款模型通用),36.88,30,12.71,17.99,19.4,9.4,variant_30,Yes
890198613762,ARSON MACHINE电筒PEQ鼠尾开关金属卡槽导轨固定器线夹铝制导线,Flashlight PEQ Pressure Switch Metal Slot Rail Mount Wire Clip Aluminum Cable,https://item.taobao.com/item.htm?_u=o20bch12k10156&id=890198613762&spm=a1z09.2.0.0.60532e8ddrfDyH,20MM导轨理线器【绿色3个】,,,,,,600.0,30,119.7,170.99,20.0,10.0,variant_1,Yes
890198613762,ARSON MACHINE电筒PEQ鼠尾开关金属卡槽导轨固定器线夹铝制导线,Flashlight PEQ Pressure Switch Metal Slot Rail Mount Wire Clip Aluminum Cable,https://item.taobao.com/item.htm?_u=o20bch12k10156&id=890198613762&spm=a1z09.2.0.0.60532e8ddrfDyH,20MM导轨理线器【沙色一个】,,,,,,600.0,30,119.7,170.99,20.0,10.0,variant_3,Yes
890198613762,ARSON MACHINE电筒PEQ鼠尾开关金属卡槽导轨固定器线夹铝制导线,Flashlight PEQ Pressure Switch Metal Slot Rail Mount Wire Clip Aluminum Cable,https://item.taobao.com/item.htm?_u=o20bch12k10156&id=890198613762&spm=a1z09.2.0.0.60532e8ddrfDyH,20MM导轨理线器【蓝色一个】,,,,,,600.0,30,119.7,170.99,20.0,10.0,variant_5,Yes
890198613762,ARSON MACHINE电筒PEQ鼠尾开关金属卡槽导轨固定器线夹铝制导线,Flashlight PEQ Pressure Switch Metal Slot Rail Mount Wire Clip Aluminum Cable,https://item.taobao.com/item.htm?_u=o20bch12k10156&id=890198613762&spm=a1z09.2.0.0.60532e8ddrfDyH,20MM导轨理线器【黑色三个】,,,,,,600.0,30,119.7,170.99,20.0,10.0,variant_7,Yes
890198613762,ARSON MACHINE电筒PEQ鼠尾开关金属卡槽导轨固定器线夹铝制导线,Flashlight PEQ Pressure Switch Metal Slot Rail Mount Wire Clip Aluminum Cable,https://item.taobao.com/item.htm?_u=o20bch12k10156&id=890198613762&spm=a1z09.2.0.0.60532e8ddrfDyH,20MM导轨理线器【红色三个】,,,,,,600.0,30,119.7,170.99,20.0,10.0,variant_9,Yes
890198613762,ARSON MACHINE电筒PEQ鼠尾开关金属卡槽导轨固定器线夹铝制导线,Flashlight PEQ Pressure Switch Metal Slot Rail Mount Wire Clip Aluminum Cable,https://item.taobao.com/item.htm?_u=o20bch12k10156&id=890198613762&spm=a1z09.2.0.0.60532e8ddrfDyH,20MM导轨理线器【蓝色三个】,,,,,,600.0,30,119.7,170.99,20.0,10.0,variant_10,Yes
940910394002,MAG内置弹夹袋快拔固定板工具附件包战术背心5.56/7.62硬质内衬板,Internal Magazine Pouch Quick Release,https://item.taobao.com/item.htm?_u=o20bch12k17acc&id=940910394002&spm=a1z09.2.0.0.60532e8ddrfDyH,黑色 BK（普通款）,,,,,,100.0,30,24.7,35.99,21.4,11.4,variant_1,Yes
643256207245,户外多功能腋下通用尼龙战术配件背带快拆肩带挂绳单点式斜跨挂带,"Universal Nylon Tactical Underarm Multi-functional Accessory Strap, Quick-Release Shoulder Strap Lanyard, Single-Point Crossbody Sling",https://item.taobao.com/item.htm?_u=o20bch12k1157a&id=643256207245&spm=a1z09.2.0.0.60532e8ddrfDyH,均码 / 黑色,,,,,,15.99,30,8.74,11.99,17.1,7.1,variant_1,Yes
643256207245,户外多功能腋下通用尼龙战术配件背带快拆肩带挂绳单点式斜跨挂带,"Universal Nylon Tactical Underarm Multi-functional Accessory Strap, Quick-Release Shoulder Strap Lanyard, Single-Point Crossbody Sling",https://item.taobao.com/item.htm?_u=o20bch12k1157a&id=643256207245&spm=a1z09.2.0.0.60532e8ddrfDyH,均码 / 军绿,,,,,,15.99,30,8.74,11.99,17.1,7.1,variant_2,Yes
643256207245,户外多功能腋下通用尼龙战术配件背带快拆肩带挂绳单点式斜跨挂带,"Universal Nylon Tactical Underarm Multi-functional Accessory Strap, Quick-Release Shoulder Strap Lanyard, Single-Point Crossbody Sling",https://item.taobao.com/item.htm?_u=o20bch12k1157a&id=643256207245&spm=a1z09.2.0.0.60532e8ddrfDyH,均码 / 卡其,,,,,,15.99,30,8.74,11.99,17.1,7.1,variant_3,Yes
643256207245,户外多功能腋下通用尼龙战术配件背带快拆肩带挂绳单点式斜跨挂带,"Universal Nylon Tactical Underarm Multi-functional Accessory Strap, Quick-Release Shoulder Strap Lanyard, Single-Point Crossbody Sling",https://item.taobao.com/item.htm?_u=o20bch12k1157a&id=643256207245&spm=a1z09.2.0.0.60532e8ddrfDyH,均码 / 迷彩CP,,,,,,15.99,30,8.74,11.99,17.1,7.1,variant_4,Yes
643256207245,户外多功能腋下通用尼龙战术配件背带快拆肩带挂绳单点式斜跨挂带,"Universal Nylon Tactical Underarm Multi-functional Accessory Strap, Quick-Release Shoulder Strap Lanyard, Single-Point Crossbody Sling",https://item.taobao.com/item.htm?_u=o20bch12k1157a&id=643256207245&spm=a1z09.2.0.0.60532e8ddrfDyH,均码 / 废墟迷彩,,,,,,15.99,30,8.74,11.99,17.1,7.1,variant_5,Yes
643256207245,户外多功能腋下通用尼龙战术配件背带快拆肩带挂绳单点式斜跨挂带,"Universal Nylon Tactical Underarm Multi-functional Accessory Strap, Quick-Release Shoulder Strap Lanyard, Single-Point Crossbody Sling",https://item.taobao.com/item.htm?_u=o20bch12k1157a&id=643256207245&spm=a1z09.2.0.0.60532e8ddrfDyH,均码 / 黑色+肩带,,,,,,15.99,30,8.74,11.99,17.1,7.1,variant_6,Yes
643256207245,户外多功能腋下通用尼龙战术配件背带快拆肩带挂绳单点式斜跨挂带,"Universal Nylon Tactical Underarm Multi-functional Accessory Strap, Quick-Release Shoulder Strap Lanyard, Single-Point Crossbody Sling",https://item.taobao.com/item.htm?_u=o20bch12k1157a&id=643256207245&spm=a1z09.2.0.0.60532e8ddrfDyH,均码 / 军绿+肩带,,,,,,15.99,30,8.74,11.99,17.1,7.1,variant_7,Yes
643256207245,户外多功能腋下通用尼龙战术配件背带快拆肩带挂绳单点式斜跨挂带,"Universal Nylon Tactical Underarm Multi-functional Accessory Strap, Quick-Release Shoulder Strap Lanyard, Single-Point Crossbody Sling",https://item.taobao.com/item.htm?_u=o20bch12k1157a&id=643256207245&spm=a1z09.2.0.0.60532e8ddrfDyH,均码 / 卡其+肩带,,,,,,15.99,30,8.74,11.99,17.1,7.1,variant_8,Yes
643256207245,户外多功能腋下通用尼龙战术配件背带快拆肩带挂绳单点式斜跨挂带,"Universal Nylon Tactical Underarm Multi-functional Accessory Strap, Quick-Release Shoulder Strap Lanyard, Single-Point Crossbody Sling",https://item.taobao.com/item.htm?_u=o20bch12k1157a&id=643256207245&spm=a1z09.2.0.0.60532e8ddrfDyH,均码 / CP迷彩+肩带,,,,,,15.99,30,8.74,11.99,17.1,7.1,variant_9,Yes
643256207245,户外多功能腋下通用尼龙战术配件背带快拆肩带挂绳单点式斜跨挂带,"Universal Nylon Tactical Underarm Multi-functional Accessory Strap, Quick-Release Shoulder Strap Lanyard, Single-Point Crossbody Sling",https://item.taobao.com/item.htm?_u=o20bch12k1157a&id=643256207245&spm=a1z09.2.0.0.60532e8ddrfDyH,均码 / 废墟绿迷彩+肩带,,,,,,15.99,30,8.74,11.99,17.1,7.1,variant_10,Yes
678253192936,战术激光灯PEQ15红绿镭射指示器沃德森M300/M600手电双控鼠尾套装,"Tactical Laser Light PEQ15 Red/Green Laser Indicator, [Brand Name Removed] M300/M600 Flashlight Dual Control Tail Switch Set",https://item.taobao.com/item.htm?_u=o20bch12k131fe&id=678253192936&spm=a1z09.2.0.0.60532e8ddrfDyH,黑色-全功能红激光+M300A+点亮鼠尾 含电池+充电器,,,,,,1000.0,30,195.7,279.99,20.1,10.1,variant_1,Yes
678253192936,战术激光灯PEQ15红绿镭射指示器沃德森M300/M600手电双控鼠尾套装,"Tactical Laser Light PEQ15 Red/Green Laser Indicator, [Brand Name Removed] M300/M600 Flashlight Dual Control Tail Switch Set",https://item.taobao.com/item.htm?_u=o20bch12k131fe&id=678253192936&spm=a1z09.2.0.0.60532e8ddrfDyH,黑色-全功能红激光+M600C+点亮鼠尾 含电池+充电器,,,,,,1000.0,30,195.7,279.99,20.1,10.1,variant_3,Yes
678253192936,战术激光灯PEQ15红绿镭射指示器沃德森M300/M600手电双控鼠尾套装,"Tactical Laser Light PEQ15 Red/Green Laser Indicator, [Brand Name Removed] M300/M600 Flashlight Dual Control Tail Switch Set",https://item.taobao.com/item.htm?_u=o20bch12k131fe&id=678253192936&spm=a1z09.2.0.0.60532e8ddrfDyH,沙色-全功能红激光+M600C+点亮鼠尾 含电池+充电器,,,,,,1000.0,30,195.7,279.99,20.1,10.1,variant_4,Yes
678253192936,战术激光灯PEQ15红绿镭射指示器沃德森M300/M600手电双控鼠尾套装,"Tactical Laser Light PEQ15 Red/Green Laser Indicator, [Brand Name Removed] M300/M600 Flashlight Dual Control Tail Switch Set",https://item.taobao.com/item.htm?_u=o20bch12k131fe&id=678253192936&spm=a1z09.2.0.0.60532e8ddrfDyH,黑色-全功能绿激光+M300A+点亮鼠尾 含电池+充电器,,,,,,1000.0,30,195.7,279.99,20.1,10.1,variant_5,Yes
678253192936,战术激光灯PEQ15红绿镭射指示器沃德森M300/M600手电双控鼠尾套装,"Tactical Laser Light PEQ15 Red/Green Laser Indicator, [Brand Name Removed] M300/M600 Flashlight Dual Control Tail Switch Set",https://item.taobao.com/item.htm?_u=o20bch12k131fe&id=678253192936&spm=a1z09.2.0.0.60532e8ddrfDyH,沙色-全功能绿激光+M600C+点亮鼠尾 含电池+充电器,,,,,,1000.0,30,195.7,279.99,20.1,10.1,variant_8,Yes
678253192936,战术激光灯PEQ15红绿镭射指示器沃德森M300/M600手电双控鼠尾套装,"Tactical Laser Light PEQ15 Red/Green Laser Indicator, [Brand Name Removed] M300/M600 Flashlight Dual Control Tail Switch Set",https://item.taobao.com/item.htm?_u=o20bch12k131fe&id=678253192936&spm=a1z09.2.0.0.60532e8ddrfDyH,黑色-全功能红激光+M300A+长亮双控鼠尾 含电池+充电器,,,,,,1000.0,30,195.7,279.99,20.1,10.1,variant_9,Yes
678253192936,战术激光灯PEQ15红绿镭射指示器沃德森M300/M600手电双控鼠尾套装,"Tactical Laser Light PEQ15 Red/Green Laser Indicator, [Brand Name Removed] M300/M600 Flashlight Dual Control Tail Switch Set",https://item.taobao.com/item.htm?_u=o20bch12k131fe&id=678253192936&spm=a1z09.2.0.0.60532e8ddrfDyH,沙色-全功能红激光+M300A+长亮双控鼠尾 含电池+充电器,,,,,,1000.0,30,195.7,279.99,20.1,10.1,variant_10,Yes
815037864475,运动护臂蜂窝加长防撞防摔擦伤加厚防晒专业袖套手臂护具篮足排球,"Sports Arm Guards, Honeycomb Extended Anti-Collision, Anti-Drop, Anti-Abrasion, Thickened Sun Protection Professional Sleeves, Arm Protective Gear for Basketball, Football, Volleyball",https://item.taobao.com/item.htm?_u=o20bch12k1a6e1&id=815037864475&spm=a1z09.2.0.0.60532e8ddrfDyH,XXS 90-120斤（成人） / 2个蜂窝 加长 运动护臂白,"Size XXS (Adult, 99-132 lbs) / 2 Honeycomb Extended Sports Arm Sleeves, White",Color,XXS 90-120斤（成人）,Size,2个蜂窝 加长 运动护臂白,26.6,30,10.75,15.99,22.7,12.7,variant_3,Yes
815037864475,运动护臂蜂窝加长防撞防摔擦伤加厚防晒专业袖套手臂护具篮足排球,"Sports Arm Guards, Honeycomb Extended Anti-Collision, Anti-Drop, Anti-Abrasion, Thickened Sun Protection Professional Sleeves, Arm Protective Gear for Basketball, Football, Volleyball",https://item.taobao.com/item.htm?_u=o20bch12k1a6e1&id=815037864475&spm=a1z09.2.0.0.60532e8ddrfDyH,XS 121-150斤（成人） / 2个蜂窝 加长 运动护臂黑,"Size XS (Adult, 133-165 lbs) / 2 Honeycomb Extended Sports Arm Sleeves, Black",Color,XS 121-150斤（成人）,Size,2个蜂窝 加长 运动护臂黑,26.6,30,10.75,15.99,22.7,12.7,variant_5,Yes
815037864475,运动护臂蜂窝加长防撞防摔擦伤加厚防晒专业袖套手臂护具篮足排球,"Sports Arm Guards, Honeycomb Extended Anti-Collision, Anti-Drop, Anti-Abrasion, Thickened Sun Protection Professional Sleeves, Arm Protective Gear for Basketball, Football, Volleyball",https://item.taobao.com/item.htm?_u=o20bch12k1a6e1&id=815037864475&spm=a1z09.2.0.0.60532e8ddrfDyH,XS 121-150斤（成人） / 1只 蜂窝 加长 运动 护臂白,"Size XS (Adult, 133-165 lbs) / 1 Honeycomb Extended Sports Arm Sleeve, White",Color,XS 121-150斤（成人）,Size,1只 蜂窝 加长 运动 护臂白,26.6,30,10.75,15.99,22.7,12.7,variant_8,Yes
815037864475,运动护臂蜂窝加长防撞防摔擦伤加厚防晒专业袖套手臂护具篮足排球,"Sports Arm Guards, Honeycomb Extended Anti-Collision, Anti-Drop, Anti-Abrasion, Thickened Sun Protection Professional Sleeves, Arm Protective Gear for Basketball, Football, Volleyball",https://item.taobao.com/item.htm?_u=o20bch12k1a6e1&id=815037864475&spm=a1z09.2.0.0.60532e8ddrfDyH,S 151-170斤（成人） / 2个蜂窝 加长 运动护臂黑,"Size S (Adult, 166-187 lbs) / 2 Honeycomb Extended Sports Arm Sleeves, Black",Color,S 151-170斤（成人）,Size,2个蜂窝 加长 运动护臂黑,26.6,30,10.75,15.99,22.7,12.7,variant_9,Yes
815037864475,运动护臂蜂窝加长防撞防摔擦伤加厚防晒专业袖套手臂护具篮足排球,"Sports Arm Guards, Honeycomb Extended Anti-Collision, Anti-Drop, Anti-Abrasion, Thickened Sun Protection Professional Sleeves, Arm Protective Gear for Basketball, Football, Volleyball",https://item.taobao.com/item.htm?_u=o20bch12k1a6e1&id=815037864475&spm=a1z09.2.0.0.60532e8ddrfDyH,S 151-170斤（成人） / 2个蜂窝 加长 运动护臂白,"Size S (Adult, 166-187 lbs) / 2 Honeycomb Extended Sports Arm Sleeves, White",Color,S 151-170斤（成人）,Size,2个蜂窝 加长 运动护臂白,26.6,30,10.75,15.99,22.7,12.7,variant_11,Yes
815037864475,运动护臂蜂窝加长防撞防摔擦伤加厚防晒专业袖套手臂护具篮足排球,"Sports Arm Guards, Honeycomb Extended Anti-Collision, Anti-Drop, Anti-Abrasion, Thickened Sun Protection Professional Sleeves, Arm Protective Gear for Basketball, Football, Volleyball",https://item.taobao.com/item.htm?_u=o20bch12k1a6e1&id=815037864475&spm=a1z09.2.0.0.60532e8ddrfDyH,M 171-210斤（成人） / 2个蜂窝 加长 运动护臂黑,"Size M (Adult, 188-231 lbs) / 2 Honeycomb Extended Sports Arm Sleeves, Black",Color,M 171-210斤（成人）,Size,2个蜂窝 加长 运动护臂黑,26.6,30,10.75,15.99,22.7,12.7,variant_13,Yes
815037864475,运动护臂蜂窝加长防撞防摔擦伤加厚防晒专业袖套手臂护具篮足排球,"Sports Arm Guards, Honeycomb Extended Anti-Collision, Anti-Drop, Anti-Abrasion, Thickened Sun Protection Professional Sleeves, Arm Protective Gear for Basketball, Football, Volleyball",https://item.taobao.com/item.htm?_u=o20bch12k1a6e1&id=815037864475&spm=a1z09.2.0.0.60532e8ddrfDyH,M 171-210斤（成人） / 2个蜂窝 加长 运动护臂白,"M Adult (85.5-105 kg) / 2 pcs Honeycomb Extended Sports Arm Sleeve, White",Color,M 171-210斤（成人）,Size,2个蜂窝 加长 运动护臂白,26.6,30,10.75,15.99,22.7,12.7,variant_15,Yes
815037864475,运动护臂蜂窝加长防撞防摔擦伤加厚防晒专业袖套手臂护具篮足排球,"Sports Arm Guards, Honeycomb Extended Anti-Collision, Anti-Drop, Anti-Abrasion, Thickened Sun Protection Professional Sleeves, Arm Protective Gear for Basketball, Football, Volleyball",https://item.taobao.com/item.htm?_u=o20bch12k1a6e1&id=815037864475&spm=a1z09.2.0.0.60532e8ddrfDyH,L 211-250斤（成人） / 1只 蜂窝 加长 运动 护臂黑,"L Adult (105.5-125 kg) / 1 pc Honeycomb Extended Sports Arm Sleeve, Black",Color,L 211-250斤（成人）,Size,1只 蜂窝 加长 运动 护臂黑,26.6,30,10.75,15.99,22.7,12.7,variant_18,Yes
815037864475,运动护臂蜂窝加长防撞防摔擦伤加厚防晒专业袖套手臂护具篮足排球,"Sports Arm Guards, Honeycomb Extended Anti-Collision, Anti-Drop, Anti-Abrasion, Thickened Sun Protection Professional Sleeves, Arm Protective Gear for Basketball, Football, Volleyball",https://item.taobao.com/item.htm?_u=o20bch12k1a6e1&id=815037864475&spm=a1z09.2.0.0.60532e8ddrfDyH,L 211-250斤（成人） / 1只 蜂窝 加长 运动 护臂白,"L Adult (105.5-125 kg) / 1 pc Honeycomb Extended Sports Arm Sleeve, White",Color,L 211-250斤（成人）,Size,1只 蜂窝 加长 运动 护臂白,26.6,30,10.75,15.99,22.7,12.7,variant_20,Yes
586117181099,Speedqb护具套装成人滑板下场护膝护肘护掌SQB水弹酷峰CNSQB竞技,"SpeedQB Protective Gear Set, Adult Skateboard, Field Protective Knee Pads, Elbow Pads, Palm Guards, SQB Water Bullet, [Brand Name Removed] CNSQB Competition",https://item.taobao.com/item.htm?_u=o20bch12k15a90&id=586117181099&spm=a1z09.2.0.0.60532e8ddrfDyH,酷峰护膝护肘150-210,,,,,,700.0,30,138.7,197.99,19.9,9.9,variant_1,Yes
586117181099,Speedqb护具套装成人滑板下场护膝护肘护掌SQB水弹酷峰CNSQB竞技,"SpeedQB Protective Gear Set, Adult Skateboard, Field Protective Knee Pads, Elbow Pads, Palm Guards, SQB Water Bullet, [Brand Name Removed] CNSQB Competition",https://item.taobao.com/item.htm?_u=o20bch12k15a90&id=586117181099&spm=a1z09.2.0.0.60532e8ddrfDyH,无标110-160斤黑护膝,,,,,,700.0,30,138.7,197.99,19.9,9.9,variant_8,Yes
586117181099,Speedqb护具套装成人滑板下场护膝护肘护掌SQB水弹酷峰CNSQB竞技,"SpeedQB Protective Gear Set, Adult Skateboard, Field Protective Knee Pads, Elbow Pads, Palm Guards, SQB Water Bullet, [Brand Name Removed] CNSQB Competition",https://item.taobao.com/item.htm?_u=o20bch12k15a90&id=586117181099&spm=a1z09.2.0.0.60532e8ddrfDyH,灰黑色110-150斤护膝护肘护掌,,,,,,700.0,30,138.7,197.99,19.9,9.9,variant_10,Yes
723563903640,俄罗斯小绿人搭配防尘防雾战术防风骑行军迷户外头套卡其色绿色,"Russian Little Green Man with Dustproof, Anti-Fog, Tactical, Windproof Cycling Military Fan Outdoor Headwear, Khaki, Green",https://item.taobao.com/item.htm?_u=o20bch12k1bff3&id=723563903640,黑色,,,,,,1000.0,30,195.7,279.99,20.1,10.1,variant_1,Yes
723563903640,俄罗斯小绿人搭配防尘防雾战术防风骑行军迷户外头套卡其色绿色,"Russian Little Green Man with Dustproof, Anti-Fog, Tactical, Windproof Cycling Military Fan Outdoor Headwear, Khaki, Green",https://item.taobao.com/item.htm?_u=o20bch12k1bff3&id=723563903640,沙色,,,,,,1000.0,30,195.7,279.99,20.1,10.1,variant_2,Yes
859285997780,KUBLAI库拜来P1N23456789/ZY通用进出气阀扳手钥匙拆装工具不锈钢,"KUBLAI P1N23456789/ZY Universal Intake/Exhaust Valve Wrench Key Disassembly Tool, Stainless Steel",https://item.taobao.com/item.htm?_u=o20bch12k1a0f4&id=859285997780,扳手+O圈2套,Wrench + 2 Sets O-rings,Color,扳手+O圈2套,,,800.0,30,157.7,225.99,20.2,10.2,variant_2,Yes
728771048041,陌歌 户外M67手雷烟雾模型挂件 可拉环可拆卸 COS装扮 仿真道具,"Outdoor M67 Grenade Smoke Model Prop, Detachable with Functional Pull-Ring, Cosplay Replica Prop.",https://item.taobao.com/item.htm?spm=a1z0d.6639537/202410.item.d728771048041.bb3974849IjuHR&id=728771048041&from=cart&skuId=5223926462203&mi_id=0000pOk7hL4MthxY3VaigRyS1CmmVzfZ4Ve-mexzzbf0Hn0&upStreamPrice=2500,手雷单个挂件 【黑色】,,,,,,25.0,30,10.45,14.99,20.3,10.3,variant_1,Yes
728771048041,陌歌 户外M67手雷烟雾模型挂件 可拉环可拆卸 COS装扮 仿真道具,"Outdoor M67 Grenade Smoke Model Prop, Detachable with Functional Pull-Ring, Cosplay Replica Prop.",https://item.taobao.com/item.htm?spm=a1z0d.6639537/202410.item.d728771048041.bb3974849IjuHR&id=728771048041&from=cart&skuId=5223926462203&mi_id=0000pOk7hL4MthxY3VaigRyS1CmmVzfZ4Ve-mexzzbf0Hn0&upStreamPrice=2500,手雷单个挂件 【尼色】,,,,,,25.0,30,10.45,14.99,20.3,10.3,variant_2,Yes
728771048041,陌歌 户外M67手雷烟雾模型挂件 可拉环可拆卸 COS装扮 仿真道具,"Outdoor M67 Grenade Smoke Model Prop, Detachable with Functional Pull-Ring, Cosplay Replica Prop.",https://item.taobao.com/item.htm?spm=a1z0d.6639537/202410.item.d728771048041.bb3974849IjuHR&id=728771048041&from=cart&skuId=5223926462203&mi_id=0000pOk7hL4MthxY3VaigRyS1CmmVzfZ4Ve-mexzzbf0Hn0&upStreamPrice=2500,烟雾弹单个挂件【黑色】,,,,,,25.0,30,10.45,14.99,20.3,10.3,variant_3,Yes
728771048041,陌歌 户外M67手雷烟雾模型挂件 可拉环可拆卸 COS装扮 仿真道具,"Outdoor M67 Grenade Smoke Model Prop, Detachable with Functional Pull-Ring, Cosplay Replica Prop.",https://item.taobao.com/item.htm?spm=a1z0d.6639537/202410.item.d728771048041.bb3974849IjuHR&id=728771048041&from=cart&skuId=5223926462203&mi_id=0000pOk7hL4MthxY3VaigRyS1CmmVzfZ4Ve-mexzzbf0Hn0&upStreamPrice=2500,烟雾弹单个挂件【尼色】,,,,,,54.0,30,15.96,22.99,20.6,10.6,variant_4,Yes
728771048041,陌歌 户外M67手雷烟雾模型挂件 可拉环可拆卸 COS装扮 仿真道具,"Outdoor M67 Grenade Smoke Model Prop, Detachable with Functional Pull-Ring, Cosplay Replica Prop.",https://item.taobao.com/item.htm?spm=a1z0d.6639537/202410.item.d728771048041.bb3974849IjuHR&id=728771048041&from=cart&skuId=5223926462203&mi_id=0000pOk7hL4MthxY3VaigRyS1CmmVzfZ4Ve-mexzzbf0Hn0&upStreamPrice=2500,如有需要套装或模型 请联系客服或进店查看哦,,,,,,25.0,30,10.45,14.99,20.3,10.3,variant_5,Yes
898356105062,战术头盔夜视仪翻斗车支架加装运动相机连接支架头盔配件,"Tactical Helmet NVG Flip-Up Mount and Action Camera Adapter Mount, Helmet Accessory.",https://item.taobao.com/item.htm?from=cart&id=898356105062&mi_id=0000pezqgr1m5PmIjLH91XMFVxMGXEtJFD9SBkxvHC5hHz8&skuId=5919927911176&spm=a1z0d.6639537%2F202410.item.d898356105062.bb3974849IjuHR&upStreamPrice=2300,黑色,,,,,,23.0,30,10.07,13.99,18.0,8.0,variant_1,Yes
713575933395,战术背心通用型MOLLE系统手机导航面板包胸口PDA包户外多功能胸包,"Universal Plate Carrier MOLLE System Mobile Phone Navigation Panel Pouch, Chest PDA Pouch, Outdoor Multi-functional Chest Pouch.",https://item.taobao.com/item.htm?from=cart&id=713575933395&mi_id=0000Ioctrdmpsm2YWVx9qguSAWyBxZk7-bl7BaZP1cDmo7o&skuId=5165586446648&spm=a1z0d.6639537%2F202410.item.d713575933395.bb3974849IjuHR&upStreamPrice=5500,【考度拉】MC迷彩 CP迷彩，,,,,,,63.0,30,17.67,24.99,19.3,9.3,variant_1,Yes
713575933395,战术背心通用型MOLLE系统手机导航面板包胸口PDA包户外多功能胸包,"Universal Plate Carrier MOLLE System Mobile Phone Navigation Panel Pouch, Chest PDA Pouch, Outdoor Multi-functional Chest Pouch.",https://item.taobao.com/item.htm?from=cart&id=713575933395&mi_id=0000Ioctrdmpsm2YWVx9qguSAWyBxZk7-bl7BaZP1cDmo7o&skuId=5165586446648&spm=a1z0d.6639537%2F202410.item.d713575933395.bb3974849IjuHR&upStreamPrice=5500,【考度拉】暗夜迷彩 BCP,,,,,,63.0,30,17.67,24.99,19.3,9.3,variant_2,Yes
713575933395,战术背心通用型MOLLE系统手机导航面板包胸口PDA包户外多功能胸包,"Universal Plate Carrier MOLLE System Mobile Phone Navigation Panel Pouch, Chest PDA Pouch, Outdoor Multi-functional Chest Pouch.",https://item.taobao.com/item.htm?from=cart&id=713575933395&mi_id=0000Ioctrdmpsm2YWVx9qguSAWyBxZk7-bl7BaZP1cDmo7o&skuId=5165586446648&spm=a1z0d.6639537%2F202410.item.d713575933395.bb3974849IjuHR&upStreamPrice=5500,【考度拉】黑色 BK,,,,,,53.0,30,15.77,21.99,18.3,8.3,variant_3,Yes
713575933395,战术背心通用型MOLLE系统手机导航面板包胸口PDA包户外多功能胸包,"Universal Plate Carrier MOLLE System Mobile Phone Navigation Panel Pouch, Chest PDA Pouch, Outdoor Multi-functional Chest Pouch.",https://item.taobao.com/item.htm?from=cart&id=713575933395&mi_id=0000Ioctrdmpsm2YWVx9qguSAWyBxZk7-bl7BaZP1cDmo7o&skuId=5165586446648&spm=a1z0d.6639537%2F202410.item.d713575933395.bb3974849IjuHR&upStreamPrice=5500,【考度拉】狼灰色WG,,,,,,53.0,30,15.77,21.99,18.3,8.3,variant_4,Yes
713575933395,战术背心通用型MOLLE系统手机导航面板包胸口PDA包户外多功能胸包,"Universal Plate Carrier MOLLE System Mobile Phone Navigation Panel Pouch, Chest PDA Pouch, Outdoor Multi-functional Chest Pouch.",https://item.taobao.com/item.htm?from=cart&id=713575933395&mi_id=0000Ioctrdmpsm2YWVx9qguSAWyBxZk7-bl7BaZP1cDmo7o&skuId=5165586446648&spm=a1z0d.6639537%2F202410.item.d713575933395.bb3974849IjuHR&upStreamPrice=5500,【考度拉】游骑兵绿色RG,,,,,,53.0,30,15.77,21.99,18.3,8.3,variant_5,Yes
713575933395,战术背心通用型MOLLE系统手机导航面板包胸口PDA包户外多功能胸包,"Universal Plate Carrier MOLLE System Mobile Phone Navigation Panel Pouch, Chest PDA Pouch, Outdoor Multi-functional Chest Pouch.",https://item.taobao.com/item.htm?from=cart&id=713575933395&mi_id=0000Ioctrdmpsm2YWVx9qguSAWyBxZk7-bl7BaZP1cDmo7o&skuId=5165586446648&spm=a1z0d.6639537%2F202410.item.d713575933395.bb3974849IjuHR&upStreamPrice=5500,【考度拉】狼棕色CB,,,,,,53.0,30,15.77,21.99,18.3,8.3,variant_6,Yes
814126590282,WoSporT K系列头盔电池迷彩副包 兼容盔布PVS,"K Series Helmet Battery Camouflage Counterweight Pouch, Compatible with Helmet Covers and PVS (NVG setups).",https://item.taobao.com/item.htm?from=cart&id=814126590282&mi_id=0000CBdlZtYyOupJplHdOyzW6aDVL6nCFH1Cy7k-WZuyzb4&skuId=5676963518403&spm=a1z0d.6639537%2F202410.item.d814126590282.bb3974849IjuHR&upStreamPrice=4500,消光黑,,,,,,16.0,30,8.74,11.99,17.1,7.1,variant_1,Yes
814126590282,WoSporT K系列头盔电池迷彩副包 兼容盔布PVS,"K Series Helmet Battery Camouflage Counterweight Pouch, Compatible with Helmet Covers and PVS (NVG setups).",https://item.taobao.com/item.htm?from=cart&id=814126590282&mi_id=0000CBdlZtYyOupJplHdOyzW6aDVL6nCFH1Cy7k-WZuyzb4&skuId=5676963518403&spm=a1z0d.6639537%2F202410.item.d814126590282.bb3974849IjuHR&upStreamPrice=4500,狼棕色,,,,,,45.0,30,14.25,19.99,18.7,8.7,variant_2,Yes
814126590282,WoSporT K系列头盔电池迷彩副包 兼容盔布PVS,"K Series Helmet Battery Camouflage Counterweight Pouch, Compatible with Helmet Covers and PVS (NVG setups).",https://item.taobao.com/item.htm?from=cart&id=814126590282&mi_id=0000CBdlZtYyOupJplHdOyzW6aDVL6nCFH1Cy7k-WZuyzb4&skuId=5676963518403&spm=a1z0d.6639537%2F202410.item.d814126590282.bb3974849IjuHR&upStreamPrice=4500,狼灰色,,,,,,45.0,30,14.25,19.99,18.7,8.7,variant_3,Yes
814126590282,WoSporT K系列头盔电池迷彩副包 兼容盔布PVS,"K Series Helmet Battery Camouflage Counterweight Pouch, Compatible with Helmet Covers and PVS (NVG setups).",https://item.taobao.com/item.htm?from=cart&id=814126590282&mi_id=0000CBdlZtYyOupJplHdOyzW6aDVL6nCFH1Cy7k-WZuyzb4&skuId=5676963518403&spm=a1z0d.6639537%2F202410.item.d814126590282.bb3974849IjuHR&upStreamPrice=4500,游骑兵绿,,,,,,16.0,30,8.74,11.99,17.1,7.1,variant_4,Yes
814126590282,WoSporT K系列头盔电池迷彩副包 兼容盔布PVS,"K Series Helmet Battery Camouflage Counterweight Pouch, Compatible with Helmet Covers and PVS (NVG setups).",https://item.taobao.com/item.htm?from=cart&id=814126590282&mi_id=0000CBdlZtYyOupJplHdOyzW6aDVL6nCFH1Cy7k-WZuyzb4&skuId=5676963518403&spm=a1z0d.6639537%2F202410.item.d814126590282.bb3974849IjuHR&upStreamPrice=4500,CP,CP Camo,Color,CP Camo,,,16.0,30,8.74,11.99,17.1,7.1,variant_5,Yes
814126590282,WoSporT K系列头盔电池迷彩副包 兼容盔布PVS,"K Series Helmet Battery Camouflage Counterweight Pouch, Compatible with Helmet Covers and PVS (NVG setups).",https://item.taobao.com/item.htm?from=cart&id=814126590282&mi_id=0000CBdlZtYyOupJplHdOyzW6aDVL6nCFH1Cy7k-WZuyzb4&skuId=5676963518403&spm=a1z0d.6639537%2F202410.item.d814126590282.bb3974849IjuHR&upStreamPrice=4500,BCP,CP Camo,Color,CP Camo,,,16.0,30,8.74,11.99,17.1,7.1,variant_6,Yes
725254573496,Artex户外浪人战术腰带套装多功能组合巡逻腰封可拆卸调节腰带,"Outdoor Ronin Tactical Belt Set, Multi-functional Modular Patrol Belt with Detachable Adjustable Inner Belt.",https://item.taobao.com/item.htm?from=cart&id=725254573496&mi_id=00008_G9zU23OO5RO7biwKlybJoUGMav0M5RZxxqG0CZHTI&skuId=5718228164171&spm=a1z0d.6639537%2F202410.item.d725254573496.bb3974849IjuHR&upStreamPrice=16300,均码 / 黑色全套(85-125cm）,,,,,,233.0,30,49.97,71.99,20.6,10.6,variant_1,Yes
725254573496,Artex户外浪人战术腰带套装多功能组合巡逻腰封可拆卸调节腰带,"Outdoor Ronin Tactical Belt Set, Multi-functional Modular Patrol Belt with Detachable Adjustable Inner Belt.",https://item.taobao.com/item.htm?from=cart&id=725254573496&mi_id=00008_G9zU23OO5RO7biwKlybJoUGMav0M5RZxxqG0CZHTI&skuId=5718228164171&spm=a1z0d.6639537%2F202410.item.d725254573496.bb3974849IjuHR&upStreamPrice=16300,均码 / 军绿全套(85-125cm）,,,,,,233.0,30,49.97,71.99,20.6,10.6,variant_2,Yes
725254573496,Artex户外浪人战术腰带套装多功能组合巡逻腰封可拆卸调节腰带,"Outdoor Ronin Tactical Belt Set, Multi-functional Modular Patrol Belt with Detachable Adjustable Inner Belt.",https://item.taobao.com/item.htm?from=cart&id=725254573496&mi_id=00008_G9zU23OO5RO7biwKlybJoUGMav0M5RZxxqG0CZHTI&skuId=5718228164171&spm=a1z0d.6639537%2F202410.item.d725254573496.bb3974849IjuHR&upStreamPrice=16300,均码 / 卡其色全套(85-125cm）,,,,,,233.0,30,49.97,71.99,20.6,10.6,variant_3,Yes
725254573496,Artex户外浪人战术腰带套装多功能组合巡逻腰封可拆卸调节腰带,"Outdoor Ronin Tactical Belt Set, Multi-functional Modular Patrol Belt with Detachable Adjustable Inner Belt.",https://item.taobao.com/item.htm?from=cart&id=725254573496&mi_id=00008_G9zU23OO5RO7biwKlybJoUGMav0M5RZxxqG0CZHTI&skuId=5718228164171&spm=a1z0d.6639537%2F202410.item.d725254573496.bb3974849IjuHR&upStreamPrice=16300,均码 / MC迷彩全套85-125cm）,,,,,,233.0,30,49.97,71.99,20.6,10.6,variant_4,Yes
654310678238,TC战术耳机转接器民用PTT按键发射对讲机建伍接口支持Z,"TC Tactical Headset Adapter, Civilian PTT for Two-way Radios, Kenwood Interface, Supports Z-Tactical.",https://item.taobao.com/item.htm?from=cart&id=654310678238&mi_id=00004nese5LBflJgCkv9DZ1tUt3AsMV1Gq-Nvco1K0j5vE4&skuId=4721897821415&spm=a1z0d.6639537%2F202410.item.d654310678238.bb3974849IjuHR&upStreamPrice=4990,建伍KEN头 仅支持Z-Tactical,"Kenwood Connector, compatible only with Z-Tactical",Color,建伍KEN头 仅支持Z-Tactical,,,49.9,30,15.18,21.99,21.0,11.0,variant_1,Yes
654310678238,TC战术耳机转接器民用PTT按键发射对讲机建伍接口支持Z,"TC Tactical Headset Adapter, Civilian PTT for Two-way Radios, Kenwood Interface, Supports Z-Tactical.",https://item.taobao.com/item.htm?from=cart&id=654310678238&mi_id=00004nese5LBflJgCkv9DZ1tUt3AsMV1Gq-Nvco1K0j5vE4&skuId=4721897821415&spm=a1z0d.6639537%2F202410.item.d654310678238.bb3974849IjuHR&upStreamPrice=4990,摩托罗拉M1单插 仅支持Z-Tactical,,,,,,88.0,30,22.42,31.99,19.9,9.9,variant_2,Yes
654310678238,TC战术耳机转接器民用PTT按键发射对讲机建伍接口支持Z,"TC Tactical Headset Adapter, Civilian PTT for Two-way Radios, Kenwood Interface, Supports Z-Tactical.",https://item.taobao.com/item.htm?from=cart&id=654310678238&mi_id=00004nese5LBflJgCkv9DZ1tUt3AsMV1Gq-Nvco1K0j5vE4&skuId=4721897821415&spm=a1z0d.6639537%2F202410.item.d654310678238.bb3974849IjuHR&upStreamPrice=4990,摩托罗拉M2双插 仅支持Z-Tactical,,,,,,49.9,30,15.18,21.99,21.0,11.0,variant_3,Yes
654310678238,TC战术耳机转接器民用PTT按键发射对讲机建伍接口支持Z,"TC Tactical Headset Adapter, Civilian PTT for Two-way Radios, Kenwood Interface, Supports Z-Tactical.",https://item.taobao.com/item.htm?from=cart&id=654310678238&mi_id=00004nese5LBflJgCkv9DZ1tUt3AsMV1Gq-Nvco1K0j5vE4&skuId=4721897821415&spm=a1z0d.6639537%2F202410.item.d654310678238.bb3974849IjuHR&upStreamPrice=4990,八重洲YA单插 仅支持Z-Tactical,,,,,,88.0,30,22.42,31.99,19.9,9.9,variant_4,Yes
654310678238,TC战术耳机转接器民用PTT按键发射对讲机建伍接口支持Z,"TC Tactical Headset Adapter, Civilian PTT for Two-way Radios, Kenwood Interface, Supports Z-Tactical.",https://item.taobao.com/item.htm?from=cart&id=654310678238&mi_id=00004nese5LBflJgCkv9DZ1tUt3AsMV1Gq-Nvco1K0j5vE4&skuId=4721897821415&spm=a1z0d.6639537%2F202410.item.d654310678238.bb3974849IjuHR&upStreamPrice=4990,爱慕可IC双插 仅支持Z-Tactical,,,,,,88.0,30,22.42,31.99,19.9,9.9,variant_5,Yes
654310678238,TC战术耳机转接器民用PTT按键发射对讲机建伍接口支持Z,"TC Tactical Headset Adapter, Civilian PTT for Two-way Radios, Kenwood Interface, Supports Z-Tactical.",https://item.taobao.com/item.htm?from=cart&id=654310678238&mi_id=00004nese5LBflJgCkv9DZ1tUt3AsMV1Gq-Nvco1K0j5vE4&skuId=4721897821415&spm=a1z0d.6639537%2F202410.item.d654310678238.bb3974849IjuHR&upStreamPrice=4990,米德兰MIL双插 仅支持Z-Tactical,,,,,,49.9,30,15.18,21.99,21.0,11.0,variant_6,Yes
